timestamp,x1,y1,z1,x2,y2,z2,x3,y3,z3,x4,y4,z4,x1_calib,y1_calib,z1_calib,x2_calib,y2_calib,z2_calib,x3_calib,y3_calib,z3_calib,x4_calib,y4_calib,z4_calib
2025-07-31T15:23:36.507720,6.0,-36.0,-22.0,69.0,-22.0,6.0,21.0,3.0,-27.0,-31.0,43.0,4.0,18.84,-44.6,-6.25,44.870000000000005,-25.52,30.56,0.17999999999999972,13.13,-24.3,-64.25,61.34,-6.3100000000000005
2025-07-31T15:23:36.515859,-21.0,8.0,-38.0,44.0,11.0,-39.0,26.0,19.0,-18.0,-50.0,-12.0,-13.0,-8.16,-0.5999999999999996,-22.25,19.87,7.48,-14.440000000000001,5.18,29.130000000000003,-15.3,-83.25,6.34,-23.310000000000002
2025-07-31T15:23:36.520162,1.0,-68.0,-117.0,25.0,6.0,31.0,21.0,53.0,-1.0,44.0,-1.0,-41.0,13.84,-76.6,-101.25,0.870000000000001,2.48,55.56,0.17999999999999972,63.13,1.7000000000000002,10.75,17.34,-51.31
2025-07-31T15:23:36.528025,23.0,-73.0,-37.0,44.0,32.0,-13.0,4.0,-25.0,25.0,-31.0,-24.0,-20.0,35.84,-81.6,-21.25,19.87,28.48,11.559999999999999,-16.82,-14.87,27.7,-64.25,-5.66,-30.310000000000002
2025-07-31T15:23:36.532519,-25.0,13.0,20.0,-57.0,33.0,-22.0,15.0,-30.0,-28.0,-55.0,43.0,-75.0,-12.16,4.4,35.75,-81.13,29.48,2.5599999999999987,-5.82,-19.869999999999997,-25.3,-88.25,61.34,-85.31
2025-07-31T15:23:36.540553,-47.0,-44.0,13.0,11.0,-32.0,-36.0,52.0,-55.0,19.0,-6.0,2.0,-22.0,-34.16,-52.6,28.75,-13.129999999999999,-35.52,-11.440000000000001,31.18,-44.87,21.7,-39.25,20.34,-32.31
2025-07-31T15:23:36.544513,-61.0,2.0,39.0,109.0,-47.0,14.0,-5.0,33.0,-32.0,-32.0,-5.0,-55.0,-48.16,-6.6,54.75,84.87,-50.52,38.56,-25.82,43.13,-29.3,-65.25,13.34,-65.31
2025-07-31T15:23:36.552924,-74.0,39.0,-57.0,133.0,-22.0,-9.0,105.0,-30.0,-82.0,-64.0,44.0,-10.0,-61.16,30.4,-41.25,108.87,-25.52,15.559999999999999,84.18,-19.869999999999997,-79.3,-97.25,62.34,-20.310000000000002
2025-07-31T15:23:36.556921,-52.0,-24.0,-9.0,9.0,-34.0,-16.0,16.0,-40.0,-36.0,26.0,22.0,-36.0,-39.16,-32.6,6.75,-15.129999999999999,-37.52,8.559999999999999,-4.82,-29.869999999999997,-33.3,-7.25,40.34,-46.31
2025-07-31T15:23:36.565137,-3.0,7.0,-16.0,-11.0,28.0,-24.0,-24.0,27.0,-22.0,-11.0,41.0,-63.0,9.84,-1.5999999999999996,-0.25,-35.129999999999995,24.48,0.5599999999999987,-44.82,37.13,-19.3,-44.25,59.34,-73.31
2025-07-31T15:23:36.569160,49.0,-16.0,27.0,-35.0,-7.0,-38.0,66.0,-21.0,-19.0,-37.0,39.0,23.0,61.84,-24.6,42.75,-59.129999999999995,-10.52,-13.440000000000001,45.18,-10.87,-16.3,-70.25,57.34,12.69
2025-07-31T15:23:36.577349,-87.0,-45.0,10.0,14.0,59.0,3.0,-30.0,-28.0,-49.0,71.0,32.0,-22.0,-74.16,-53.6,25.75,-10.129999999999999,55.48,27.56,-50.82,-17.869999999999997,-46.3,37.75,50.34,-32.31
2025-07-31T15:23:36.581409,-85.0,28.0,13.0,25.0,-23.0,-25.0,-35.0,-77.0,23.0,-39.0,4.0,-43.0,-72.16,19.4,28.75,0.870000000000001,-26.52,-0.4400000000000013,-55.82,-66.87,25.7,-72.25,22.34,-53.31
2025-07-31T15:23:36.589600,-29.0,57.0,-54.0,18.0,16.0,-19.0,9.0,49.0,22.0,21.0,40.0,-14.0,-16.16,48.4,-38.25,-6.129999999999999,12.48,5.559999999999999,-11.82,59.13,24.7,-12.25,58.34,-24.310000000000002
2025-07-31T15:23:36.593755,53.0,13.0,-67.0,-45.0,7.0,23.0,13.0,20.0,35.0,-20.0,38.0,-51.0,65.84,4.4,-51.25,-69.13,3.48,47.56,-7.82,30.130000000000003,37.7,-53.25,56.34,-61.31
2025-07-31T15:23:36.601685,-78.0,74.0,-102.0,10.0,5.0,-1.0,23.0,-44.0,14.0,-70.0,0.0,21.0,-65.16,65.4,-86.25,-14.129999999999999,1.48,23.56,2.1799999999999997,-33.87,16.7,-103.25,18.34,10.69
2025-07-31T15:23:36.606086,-54.0,7.0,-42.0,33.0,-31.0,-7.0,-10.0,0.0,17.0,-19.0,9.0,18.0,-41.16,-1.5999999999999996,-26.25,8.870000000000001,-34.52,17.56,-30.82,10.13,19.7,-52.25,27.34,7.6899999999999995
2025-07-31T15:23:36.614138,29.0,50.0,-48.0,16.0,-31.0,41.0,17.0,15.0,22.0,49.0,32.0,-15.0,41.84,41.4,-32.25,-8.129999999999999,-34.52,65.56,-3.8200000000000003,25.130000000000003,24.7,15.75,50.34,-25.310000000000002
2025-07-31T15:23:36.618341,8.0,2.0,-120.0,31.0,29.0,-33.0,63.0,50.0,20.0,-35.0,33.0,-27.0,20.84,-6.6,-104.25,6.870000000000001,25.48,-8.440000000000001,42.18,60.13,22.7,-68.25,51.34,-37.31
2025-07-31T15:23:36.626360,17.0,-53.0,-32.0,21.0,111.0,-41.0,-41.0,-53.0,-49.0,12.0,15.0,-51.0,29.84,-61.6,-16.25,-3.129999999999999,107.48,-16.44,-61.82,-42.87,-46.3,-21.25,33.34,-61.31
2025-07-31T15:23:36.630536,101.0,42.0,65.0,-22.0,12.0,-38.0,59.0,-24.0,-17.0,-77.0,38.0,31.0,113.84,33.4,80.75,-46.129999999999995,8.48,-13.440000000000001,38.18,-13.87,-14.3,-110.25,56.34,20.689999999999998
2025-07-31T15:23:36.638641,-57.0,0.0,-30.0,11.0,-36.0,-35.0,55.0,-32.0,-31.0,-47.0,-2.0,-117.0,-44.16,-8.6,-14.25,-13.129999999999999,-39.52,-10.440000000000001,34.18,-21.869999999999997,-28.3,-80.25,16.34,-127.31
2025-07-31T15:23:36.642795,-115.0,46.0,-7.0,-9.0,9.0,4.0,21.0,8.0,-1.0,-50.0,20.0,-15.0,-102.16,37.4,8.75,-33.129999999999995,5.48,28.56,0.17999999999999972,18.130000000000003,1.7000000000000002,-83.25,38.34,-25.310000000000002
2025-07-31T15:23:36.650786,-71.0,14.0,-42.0,9.0,-14.0,45.0,52.0,42.0,-14.0,-64.0,29.0,-10.0,-58.16,5.4,-26.25,-15.129999999999999,-17.52,69.56,31.18,52.13,-11.3,-97.25,47.34,-20.310000000000002
2025-07-31T15:23:36.655199,-101.0,39.0,11.0,-16.0,63.0,-57.0,54.0,-55.0,12.0,-6.0,15.0,-11.0,-88.16,30.4,26.75,-40.129999999999995,59.48,-32.44,33.18,-44.87,14.7,-39.25,33.34,-21.310000000000002
2025-07-31T15:23:36.663251,46.0,1.0,-22.0,-10.0,-5.0,-17.0,-16.0,6.0,10.0,-10.0,76.0,23.0,58.84,-7.6,-6.25,-34.129999999999995,-8.52,7.559999999999999,-36.82,16.130000000000003,12.7,-43.25,94.34,12.69
2025-07-31T15:23:36.667448,-17.0,-38.0,-90.0,71.0,-4.0,-27.0,11.0,28.0,64.0,-35.0,18.0,-11.0,-4.16,-46.6,-74.25,46.870000000000005,-7.52,-2.4400000000000013,-9.82,38.13,66.7,-68.25,36.34,-21.310000000000002
2025-07-31T15:23:36.675416,13.0,-49.0,-17.0,28.0,-26.0,-51.0,-2.0,61.0,30.0,-61.0,76.0,-16.0,25.84,-57.6,-1.25,3.870000000000001,-29.52,-26.44,-22.82,71.13,32.7,-94.25,94.34,-26.310000000000002
2025-07-31T15:23:36.679765,21.0,-86.0,12.0,39.0,-48.0,41.0,-13.0,-72.0,25.0,-28.0,-25.0,-27.0,33.84,-94.6,27.75,14.870000000000001,-51.52,65.56,-33.82,-61.87,27.7,-61.25,-6.66,-37.31
2025-07-31T15:23:36.687933,-53.0,-28.0,-1.0,48.0,-44.0,21.0,44.0,-3.0,-59.0,-41.0,-20.0,19.0,-40.16,-36.6,14.75,23.87,-47.52,45.56,23.18,7.130000000000001,-56.3,-74.25,-1.6600000000000001,8.69
2025-07-31T15:23:36.692094,-75.0,39.0,27.0,-8.0,30.0,29.0,33.0,-8.0,45.0,-26.0,40.0,-86.0,-62.16,30.4,42.75,-32.129999999999995,26.48,53.56,12.18,2.130000000000001,47.7,-59.25,58.34,-96.31
2025-07-31T15:23:36.696480,-97.0,60.0,-27.0,-7.0,0.0,-2.0,-23.0,-22.0,-44.0,4.0,37.0,23.0,-84.16,51.4,-11.25,-31.13,-3.52,22.56,-43.82,-11.87,-41.3,-29.25,55.34,12.69
2025-07-31T15:23:36.704279,-70.0,26.0,31.0,84.0,21.0,-8.0,49.0,-18.0,-5.0,-57.0,-20.0,-12.0,-57.16,17.4,46.75,59.870000000000005,17.48,16.56,28.18,-7.869999999999999,-2.3,-90.25,-1.6600000000000001,-22.310000000000002
2025-07-31T15:23:36.708777,-104.0,21.0,-25.0,117.0,-7.0,-68.0,8.0,2.0,-29.0,-2.0,36.0,-38.0,-91.16,12.4,-9.25,92.87,-10.52,-43.44,-12.82,12.13,-26.3,-35.25,54.34,-48.31
2025-07-31T15:23:36.716604,-64.0,55.0,-85.0,7.0,8.0,54.0,35.0,-8.0,65.0,31.0,-26.0,1.0,-51.16,46.4,-69.25,-17.13,4.48,78.56,14.18,2.130000000000001,67.7,-2.25,-7.66,-9.31
2025-07-31T15:23:36.721189,-55.0,84.0,-57.0,44.0,21.0,-62.0,-28.0,35.0,70.0,-18.0,52.0,38.0,-42.16,75.4,-41.25,19.87,17.48,-37.44,-48.82,45.13,72.7,-51.25,70.34,27.689999999999998
2025-07-31T15:23:36.728759,-32.0,21.0,-67.0,49.0,-42.0,13.0,-28.0,74.0,-1.0,24.0,18.0,13.0,-19.16,12.4,-51.25,24.87,-45.52,37.56,-48.82,84.13,1.7000000000000002,-9.25,36.34,2.6899999999999995
2025-07-31T15:23:36.733550,-6.0,-55.0,-45.0,37.0,20.0,-6.0,-52.0,7.0,14.0,32.0,70.0,62.0,6.84,-63.6,-29.25,12.870000000000001,16.48,18.56,-72.82,17.130000000000003,16.7,-1.25,88.34,51.69
2025-07-31T15:23:36.741103,-16.0,26.0,-5.0,62.0,15.0,28.0,29.0,10.0,37.0,-19.0,-60.0,40.0,-3.16,17.4,10.75,37.870000000000005,11.48,52.56,8.18,20.130000000000003,39.7,-52.25,-41.66,29.689999999999998
2025-07-31T15:23:36.745780,50.0,-64.0,20.0,16.0,5.0,-33.0,-20.0,58.0,39.0,-49.0,-26.0,21.0,62.84,-72.6,35.75,-8.129999999999999,1.48,-8.440000000000001,-40.82,68.13,41.7,-82.25,-7.66,10.69
2025-07-31T15:23:36.753435,-107.0,-89.0,-27.0,-4.0,33.0,-65.0,-27.0,-29.0,-34.0,-54.0,-43.0,15.0,-94.16,-97.6,-11.25,-28.13,29.48,-40.44,-47.82,-18.869999999999997,-31.3,-87.25,-24.66,4.6899999999999995
2025-07-31T15:23:36.757721,-54.0,64.0,10.0,6.0,-51.0,-53.0,-8.0,-7.0,-44.0,-1.0,-3.0,51.0,-41.16,55.4,25.75,-18.13,-54.52,-28.44,-28.82,3.130000000000001,-41.3,-34.25,15.34,40.69
2025-07-31T15:23:36.765759,-50.0,23.0,68.0,20.0,-46.0,-27.0,-8.0,-47.0,-11.0,-30.0,-42.0,37.0,-37.16,14.4,83.75,-4.129999999999999,-49.52,-2.4400000000000013,-28.82,-36.87,-8.3,-63.25,-23.66,26.689999999999998
2025-07-31T15:23:36.769785,-94.0,42.0,-48.0,63.0,17.0,0.0,11.0,20.0,-8.0,66.0,-11.0,45.0,-81.16,33.4,-32.25,38.870000000000005,13.48,24.56,-9.82,30.130000000000003,-5.3,32.75,7.34,34.69
2025-07-31T15:23:36.777904,4.0,0.0,-55.0,37.0,41.0,35.0,86.0,48.0,40.0,66.0,-30.0,37.0,16.84,-8.6,-39.25,12.870000000000001,37.48,59.56,65.18,58.13,42.7,32.75,-11.66,26.689999999999998
2025-07-31T15:23:36.782245,31.0,-9.0,-70.0,-36.0,45.0,-46.0,4.0,-21.0,-34.0,-15.0,-44.0,93.0,43.84,-17.6,-54.25,-60.129999999999995,41.48,-21.44,-16.82,-10.87,-31.3,-48.25,-25.66,82.69
2025-07-31T15:23:36.790205,-10.0,31.0,-46.0,23.0,48.0,-54.0,-6.0,22.0,-17.0,-13.0,-39.0,130.0,2.84,22.4,-30.25,-1.129999999999999,44.48,-29.44,-26.82,32.13,-14.3,-46.25,-20.66,119.69
2025-07-31T15:23:36.794531,22.0,-76.0,-69.0,7.0,-11.0,-37.0,29.0,-5.0,-8.0,74.0,-78.0,38.0,34.84,-84.6,-53.25,-17.13,-14.52,-12.440000000000001,8.18,5.130000000000001,-5.3,40.75,-59.66,27.689999999999998
2025-07-31T15:23:36.802480,41.0,-5.0,-106.0,70.0,-21.0,-50.0,50.0,24.0,-22.0,62.0,15.0,54.0,53.84,-13.6,-90.25,45.870000000000005,-24.52,-25.44,29.18,34.13,-19.3,28.75,33.34,43.69
2025-07-31T15:23:36.806679,-9.0,-117.0,111.0,-18.0,-26.0,2.0,57.0,25.0,40.0,-4.0,-27.0,57.0,3.84,-125.6,126.75,-42.129999999999995,-29.52,26.56,36.18,35.13,42.7,-37.25,-8.66,46.69
2025-07-31T15:23:36.814702,-30.0,-7.0,76.0,51.0,-12.0,3.0,65.0,57.0,-40.0,53.0,-28.0,27.0,-17.16,-15.6,91.75,26.87,-15.52,27.56,44.18,67.13,-37.3,19.75,-9.66,16.689999999999998
2025-07-31T15:23:36.818810,-48.0,-46.0,18.0,24.0,-44.0,-3.0,9.0,67.0,-18.0,1.0,7.0,56.0,-35.16,-54.6,33.75,-0.129999999999999,-47.52,21.56,-11.82,77.13,-15.3,-32.25,25.34,45.69
2025-07-31T15:23:36.827195,-55.0,-41.0,7.0,20.0,6.0,20.0,42.0,-68.0,23.0,11.0,-48.0,34.0,-42.16,-49.6,22.75,-4.129999999999999,2.48,44.56,21.18,-57.87,25.7,-22.25,-29.66,23.689999999999998
2025-07-31T15:23:36.831281,-19.0,25.0,16.0,22.0,24.0,-33.0,93.0,-27.0,-26.0,27.0,-17.0,38.0,-6.16,16.4,31.75,-2.129999999999999,20.48,-8.440000000000001,72.18,-16.869999999999997,-23.3,-6.25,1.3399999999999999,27.689999999999998
2025-07-31T15:23:36.839281,-132.0,8.0,10.0,-12.0,95.0,13.0,-33.0,2.0,-49.0,50.0,-2.0,56.0,-119.16,-0.5999999999999996,25.75,-36.129999999999995,91.48,37.56,-53.82,12.13,-46.3,16.75,16.34,45.69
2025-07-31T15:23:36.843686,-21.0,59.0,-19.0,23.0,-24.0,-44.0,66.0,-33.0,-1.0,21.0,-62.0,10.0,-8.16,50.4,-3.25,-1.129999999999999,-27.52,-19.44,45.18,-22.869999999999997,1.7000000000000002,-12.25,-43.66,-0.3100000000000005
2025-07-31T15:23:36.851794,42.0,-21.0,-33.0,31.0,8.0,-28.0,78.0,-72.0,-32.0,75.0,-28.0,40.0,54.84,-29.6,-17.25,6.870000000000001,4.48,-3.4400000000000013,57.18,-61.87,-29.3,41.75,-9.66,29.689999999999998
2025-07-31T15:23:36.855741,-6.0,-2.0,16.0,35.0,-16.0,26.0,61.0,20.0,-64.0,-26.0,-29.0,79.0,6.84,-10.6,31.75,10.870000000000001,-19.52,50.56,40.18,30.130000000000003,-61.3,-59.25,-10.66,68.69
2025-07-31T15:23:36.863873,48.0,-43.0,27.0,-14.0,-77.0,-27.0,78.0,32.0,-71.0,-10.0,-6.0,86.0,60.84,-51.6,42.75,-38.129999999999995,-80.52,-2.4400000000000013,57.18,42.13,-68.3,-43.25,12.34,75.69
2025-07-31T15:23:36.868172,-92.0,-13.0,33.0,-25.0,-35.0,19.0,43.0,-20.0,-78.0,23.0,-79.0,9.0,-79.16,-21.6,48.75,-49.129999999999995,-38.52,43.56,22.18,-9.87,-75.3,-10.25,-60.66,-1.3100000000000005
2025-07-31T15:23:36.872422,-57.0,32.0,26.0,11.0,-24.0,-18.0,1.0,-12.0,-4.0,3.0,-51.0,77.0,-44.16,23.4,41.75,-13.129999999999999,-27.52,6.559999999999999,-19.82,-1.8699999999999992,-1.2999999999999998,-30.25,-32.66,66.69
2025-07-31T15:23:36.880355,-42.0,5.0,-27.0,-29.0,30.0,-39.0,28.0,0.0,32.0,27.0,-95.0,40.0,-29.16,-3.5999999999999996,-11.25,-53.129999999999995,26.48,-14.440000000000001,7.18,10.13,34.7,-6.25,-76.66,29.689999999999998
2025-07-31T15:23:36.884402,-15.0,4.0,-69.0,65.0,33.0,-4.0,12.0,-85.0,62.0,37.0,-70.0,13.0,-2.16,-4.6,-53.25,40.870000000000005,29.48,20.56,-8.82,-74.87,64.7,3.75,-51.66,2.6899999999999995
2025-07-31T15:23:36.892640,-166.0,36.0,-59.0,-27.0,65.0,-20.0,24.0,-3.0,-46.0,85.0,24.0,106.0,-153.16,27.4,-43.25,-51.129999999999995,61.48,4.559999999999999,3.1799999999999997,7.130000000000001,-43.3,51.75,42.34,95.69
2025-07-31T15:23:36.896746,27.0,-14.0,-7.0,74.0,-36.0,-20.0,-15.0,-92.0,-37.0,46.0,-18.0,73.0,39.84,-22.6,8.75,49.870000000000005,-39.52,4.559999999999999,-35.82,-81.87,-34.3,12.75,0.33999999999999986,62.69
2025-07-31T15:23:36.904842,-7.0,-6.0,-69.0,14.0,-31.0,19.0,66.0,-65.0,7.0,73.0,-33.0,17.0,5.84,-14.6,-53.25,-10.129999999999999,-34.52,43.56,45.18,-54.87,9.7,39.75,-14.66,6.6899999999999995
2025-07-31T15:23:36.909278,15.0,11.0,-80.0,4.0,-38.0,-44.0,63.0,-4.0,54.0,112.0,-32.0,-11.0,27.84,2.4000000000000004,-64.25,-20.13,-41.52,-19.44,42.18,6.130000000000001,56.7,78.75,-13.66,-21.310000000000002
2025-07-31T15:23:36.917178,22.0,-6.0,-5.0,17.0,-63.0,-32.0,60.0,-26.0,-57.0,10.0,7.0,79.0,34.84,-14.6,10.75,-7.129999999999999,-66.52,-7.440000000000001,39.18,-15.87,-54.3,-23.25,25.34,68.69
2025-07-31T15:23:36.921560,65.0,-53.0,7.0,-29.0,50.0,-4.0,70.0,123.0,63.0,17.0,-58.0,-5.0,77.84,-61.6,22.75,-53.129999999999995,46.48,20.56,49.18,133.13,65.7,-16.25,-39.66,-15.31
2025-07-31T15:23:36.929508,-10.0,-29.0,-4.0,-35.0,-7.0,-37.0,100.0,-8.0,52.0,87.0,5.0,72.0,2.84,-37.6,11.75,-59.129999999999995,-10.52,-12.440000000000001,79.18,2.130000000000001,54.7,53.75,23.34,61.69
2025-07-31T15:23:36.933886,44.0,-62.0,75.0,-18.0,25.0,24.0,21.0,59.0,51.0,25.0,-15.0,41.0,56.84,-70.6,90.75,-42.129999999999995,21.48,48.56,0.17999999999999972,69.13,53.7,-8.25,3.34,30.689999999999998
2025-07-31T15:23:36.941733,-53.0,-34.0,-6.0,4.0,76.0,24.0,47.0,-15.0,51.0,23.0,-61.0,51.0,-40.16,-42.6,9.75,-20.13,72.48,48.56,26.18,-4.869999999999999,53.7,-10.25,-42.66,40.69
2025-07-31T15:23:36.946022,-116.0,39.0,-36.0,31.0,14.0,-30.0,109.0,18.0,28.0,27.0,7.0,46.0,-103.16,30.4,-20.25,6.870000000000001,10.48,-5.440000000000001,88.18,28.130000000000003,30.7,-6.25,25.34,35.69
2025-07-31T15:23:36.954011,-59.0,99.0,-70.0,69.0,7.0,-68.0,0.0,-50.0,66.0,45.0,1.0,87.0,-46.16,90.4,-54.25,44.870000000000005,3.48,-43.44,-20.82,-39.87,68.7,11.75,19.34,76.69
2025-07-31T15:23:36.958395,-79.0,49.0,-107.0,14.0,-37.0,-64.0,-19.0,-20.0,91.0,29.0,-85.0,58.0,-66.16,40.4,-91.25,-10.129999999999999,-40.52,-39.44,-39.82,-9.87,93.7,-4.25,-66.66,47.69
2025-07-31T15:23:36.966232,29.0,55.0,-32.0,50.0,22.0,-61.0,64.0,53.0,16.0,36.0,-51.0,38.0,41.84,46.4,-16.25,25.87,18.48,-36.44,43.18,63.13,18.7,2.75,-32.66,27.689999999999998
2025-07-31T15:23:36.970695,-26.0,-39.0,-35.0,-3.0,-38.0,-9.0,0.0,10.0,-21.0,23.0,1.0,63.0,-13.16,-47.6,-19.25,-27.13,-41.52,15.559999999999999,-20.82,20.130000000000003,-18.3,-10.25,19.34,52.69
2025-07-31T15:23:36.978561,-17.0,6.0,-63.0,1.0,-52.0,35.0,5.0,-53.0,-20.0,34.0,-22.0,54.0,-4.16,-2.5999999999999996,-47.25,-23.13,-55.52,59.56,-15.82,-42.87,-17.3,0.75,-3.66,43.69
2025-07-31T15:23:36.982747,-55.0,15.0,-41.0,8.0,-27.0,3.0,14.0,23.0,13.0,31.0,-66.0,70.0,-42.16,6.4,-25.25,-16.13,-30.52,27.56,-6.82,33.13,15.7,-2.25,-47.66,59.69
2025-07-31T15:23:36.990834,17.0,-26.0,-48.0,33.0,-61.0,-33.0,5.0,-6.0,52.0,24.0,-13.0,39.0,29.84,-34.6,-32.25,8.870000000000001,-64.52,-8.440000000000001,-15.82,4.130000000000001,54.7,-9.25,5.34,28.689999999999998
2025-07-31T15:23:36.995086,-29.0,-60.0,19.0,16.0,24.0,-59.0,8.0,52.0,-37.0,44.0,-34.0,27.0,-16.16,-68.6,34.75,-8.129999999999999,20.48,-34.44,-12.82,62.13,-34.3,10.75,-15.66,16.689999999999998
2025-07-31T15:23:37.003154,-38.0,32.0,-25.0,-7.0,101.0,-125.0,-56.0,0.0,-11.0,-16.0,-48.0,76.0,-25.16,23.4,-9.25,-31.13,97.48,-100.44,-76.82,10.13,-8.3,-49.25,-29.66,65.69
2025-07-31T15:23:37.007237,-40.0,70.0,31.0,38.0,-4.0,-35.0,25.0,6.0,31.0,90.0,-30.0,49.0,-27.16,61.4,46.75,13.870000000000001,-7.52,-10.440000000000001,4.18,16.130000000000003,33.7,56.75,-11.66,38.69
2025-07-31T15:23:37.015425,-45.0,74.0,-27.0,29.0,-28.0,20.0,10.0,-25.0,-96.0,72.0,-11.0,-24.0,-32.16,65.4,-11.25,4.870000000000001,-31.52,44.56,-10.82,-14.87,-93.3,38.75,7.34,-34.31
2025-07-31T15:23:37.019647,-1.0,20.0,-17.0,23.0,-12.0,29.0,86.0,46.0,-2.0,33.0,-47.0,-10.0,11.84,11.4,-1.25,-1.129999999999999,-15.52,53.56,65.18,56.13,0.7000000000000002,-0.25,-28.66,-20.310000000000002
2025-07-31T15:23:37.027737,4.0,-34.0,-5.0,27.0,-46.0,-4.0,22.0,-23.0,-16.0,45.0,-17.0,58.0,16.84,-42.6,10.75,2.870000000000001,-49.52,20.56,1.1799999999999997,-12.87,-13.3,11.75,1.3399999999999999,47.69
2025-07-31T15:23:37.031776,-11.0,6.0,-10.0,11.0,6.0,-30.0,22.0,20.0,-57.0,57.0,-48.0,62.0,1.8399999999999999,-2.5999999999999996,5.75,-13.129999999999999,2.48,-5.440000000000001,1.1799999999999997,30.130000000000003,-54.3,23.75,-29.66,51.69
2025-07-31T15:23:37.035927,6.0,36.0,-18.0,-10.0,65.0,-6.0,-40.0,-19.0,25.0,0.0,-14.0,59.0,18.84,27.4,-2.25,-34.129999999999995,61.48,18.56,-60.82,-8.87,27.7,-33.25,4.34,48.69
2025-07-31T15:23:37.044161,-71.0,-29.0,-20.0,10.0,-15.0,-51.0,-14.0,-40.0,-14.0,45.0,-32.0,18.0,-58.16,-37.6,-4.25,-14.129999999999999,-18.52,-26.44,-34.82,-29.869999999999997,-11.3,11.75,-13.66,7.6899999999999995
2025-07-31T15:23:37.052236,-52.0,56.0,11.0,-37.0,-32.0,-43.0,47.0,46.0,-20.0,66.0,-12.0,53.0,-39.16,47.4,26.75,-61.129999999999995,-35.52,-18.44,26.18,56.13,-17.3,32.75,6.34,42.69
2025-07-31T15:23:37.056446,-18.0,6.0,-14.0,9.0,-31.0,5.0,39.0,-52.0,-59.0,42.0,-64.0,40.0,-5.16,-2.5999999999999996,1.75,-15.129999999999999,-34.52,29.56,18.18,-41.87,-56.3,8.75,-45.66,29.689999999999998
2025-07-31T15:23:37.064471,-49.0,73.0,21.0,-11.0,-4.0,-34.0,15.0,-54.0,45.0,26.0,-39.0,-27.0,-36.16,64.4,36.75,-35.129999999999995,-7.52,-9.440000000000001,-5.82,-43.87,47.7,-7.25,-20.66,-37.31
2025-07-31T15:23:37.068744,-66.0,109.0,-37.0,38.0,-12.0,26.0,21.0,-18.0,-3.0,45.0,-24.0,15.0,-53.16,100.4,-21.25,13.870000000000001,-15.52,50.56,0.17999999999999972,-7.869999999999999,-0.2999999999999998,11.75,-5.66,4.6899999999999995
2025-07-31T15:23:37.072982,-25.0,70.0,18.0,0.0,-45.0,-76.0,56.0,107.0,29.0,16.0,15.0,6.0,-12.16,61.4,33.75,-24.13,-48.52,-51.44,35.18,117.13,31.7,-17.25,33.34,-4.3100000000000005
2025-07-31T15:23:37.081108,-13.0,72.0,-50.0,1.0,10.0,-49.0,15.0,22.0,31.0,-29.0,-74.0,69.0,-0.16000000000000014,63.4,-34.25,-23.13,6.48,-24.44,-5.82,32.13,33.7,-62.25,-55.66,58.69
2025-07-31T15:23:37.085691,-15.0,39.0,-17.0,89.0,-28.0,-25.0,56.0,-72.0,5.0,30.0,-56.0,100.0,-2.16,30.4,-1.25,64.87,-31.52,-0.4400000000000013,35.18,-61.87,7.7,-3.25,-37.66,89.69
2025-07-31T15:23:37.093456,32.0,0.0,-22.0,88.0,15.0,-41.0,119.0,-41.0,-8.0,57.0,-42.0,35.0,44.84,-8.6,-6.25,63.870000000000005,11.48,-16.44,98.18,-30.869999999999997,-5.3,23.75,-23.66,24.689999999999998
2025-07-31T15:23:37.097970,21.0,-14.0,26.0,-14.0,4.0,16.0,-50.0,15.0,25.0,-33.0,-17.0,-37.0,33.84,-22.6,41.75,-38.129999999999995,0.48,40.56,-70.82,25.130000000000003,27.7,-66.25,1.3399999999999999,-47.31
2025-07-31T15:23:37.105565,-65.0,5.0,-24.0,54.0,56.0,-3.0,65.0,-53.0,-7.0,94.0,-29.0,9.0,-52.16,-3.5999999999999996,-8.25,29.87,52.48,21.56,44.18,-42.87,-4.3,60.75,-10.66,-1.3100000000000005
2025-07-31T15:23:37.110648,-57.0,-49.0,80.0,61.0,-4.0,2.0,-48.0,-12.0,17.0,18.0,-87.0,16.0,-44.16,-57.6,95.75,36.870000000000005,-7.52,26.56,-68.82,-1.8699999999999992,19.7,-15.25,-68.66,5.6899999999999995
2025-07-31T15:23:37.117753,3.0,-18.0,-4.0,-14.0,1.0,17.0,11.0,-20.0,33.0,4.0,-98.0,-31.0,15.84,-26.6,11.75,-38.129999999999995,-2.52,41.56,-9.82,-9.87,35.7,-29.25,-79.66,-41.31
2025-07-31T15:23:37.121991,-50.0,-69.0,40.0,24.0,39.0,-26.0,-17.0,-47.0,1.0,67.0,-65.0,53.0,-37.16,-77.6,55.75,-0.129999999999999,35.48,-1.4400000000000013,-37.82,-36.87,3.7,33.75,-46.66,42.69
2025-07-31T15:23:37.130110,-70.0,65.0,-4.0,-2.0,39.0,-53.0,5.0,60.0,15.0,32.0,23.0,59.0,-57.16,56.4,11.75,-26.13,35.48,-28.44,-15.82,70.13,17.7,-1.25,41.34,48.69
2025-07-31T15:23:37.134511,-57.0,103.0,43.0,46.0,-47.0,-32.0,-16.0,36.0,-25.0,23.0,-37.0,8.0,-44.16,94.4,58.75,21.87,-50.52,-7.440000000000001,-36.82,46.13,-22.3,-10.25,-18.66,-2.3100000000000005
2025-07-31T15:23:37.142461,-83.0,41.0,-6.0,138.0,16.0,-57.0,8.0,-32.0,-27.0,24.0,-4.0,87.0,-70.16,32.4,9.75,113.87,12.48,-32.44,-12.82,-21.869999999999997,-24.3,-9.25,14.34,76.69
2025-07-31T15:23:37.146709,-68.0,60.0,-16.0,-16.0,-55.0,25.0,-5.0,-7.0,68.0,19.0,-16.0,104.0,-55.16,51.4,-0.25,-40.129999999999995,-58.52,49.56,-25.82,3.130000000000001,70.7,-14.25,2.34,93.69
2025-07-31T15:23:37.154703,30.0,11.0,-1.0,54.0,37.0,-29.0,-21.0,35.0,21.0,30.0,-107.0,81.0,42.84,2.4000000000000004,14.75,29.87,33.48,-4.440000000000001,-41.82,45.13,23.7,-3.25,-88.66,70.69
2025-07-31T15:23:37.158984,-17.0,-38.0,-16.0,27.0,120.0,19.0,-4.0,-37.0,69.0,51.0,-102.0,24.0,-4.16,-46.6,-0.25,2.870000000000001,116.48,43.56,-24.82,-26.869999999999997,71.7,17.75,-83.66,13.69
2025-07-31T15:23:37.167404,0.0,-63.0,-15.0,25.0,10.0,-23.0,-65.0,21.0,-62.0,88.0,-29.0,41.0,12.84,-71.6,0.75,0.870000000000001,6.48,1.5599999999999987,-85.82,31.130000000000003,-59.3,54.75,-10.66,30.689999999999998
2025-07-31T15:23:37.171117,-128.0,-33.0,44.0,34.0,-39.0,6.0,16.0,58.0,-71.0,10.0,4.0,9.0,-115.16,-41.6,59.75,9.870000000000001,-42.52,30.56,-4.82,68.13,-68.3,-23.25,22.34,-1.3100000000000005
2025-07-31T15:23:37.179429,-18.0,-68.0,53.0,116.0,-81.0,-26.0,34.0,45.0,-10.0,36.0,-6.0,15.0,-5.16,-76.6,68.75,91.87,-84.52,-1.4400000000000013,13.18,55.13,-7.3,2.75,12.34,4.6899999999999995
2025-07-31T15:23:37.183432,-36.0,21.0,-16.0,66.0,34.0,26.0,-9.0,54.0,-35.0,54.0,-23.0,40.0,-23.16,12.4,-0.25,41.870000000000005,30.48,50.56,-29.82,64.13,-32.3,20.75,-4.66,29.689999999999998
2025-07-31T15:23:37.191803,-41.0,45.0,-90.0,3.0,-13.0,-14.0,3.0,-57.0,20.0,81.0,-25.0,85.0,-28.16,36.4,-74.25,-21.13,-16.52,10.559999999999999,-17.82,-46.87,22.7,47.75,-6.66,74.69
2025-07-31T15:23:37.195749,-37.0,-4.0,-87.0,23.0,81.0,-4.0,54.0,-3.0,-20.0,27.0,-12.0,19.0,-24.16,-12.6,-71.25,-1.129999999999999,77.48,20.56,33.18,7.130000000000001,-17.3,-6.25,6.34,8.69
2025-07-31T15:23:37.203825,-64.0,9.0,-70.0,25.0,44.0,-21.0,52.0,4.0,-29.0,45.0,-56.0,20.0,-51.16,0.40000000000000036,-54.25,0.870000000000001,40.48,3.5599999999999987,31.18,14.13,-26.3,11.75,-37.66,9.69
2025-07-31T15:23:37.208152,-74.0,76.0,-110.0,85.0,-1.0,-67.0,17.0,-9.0,14.0,91.0,-31.0,62.0,-61.16,67.4,-94.25,60.870000000000005,-4.52,-42.44,-3.8200000000000003,1.1300000000000008,16.7,57.75,-12.66,51.69
2025-07-31T15:23:37.216153,-46.0,49.0,-11.0,70.0,30.0,-48.0,36.0,-64.0,-42.0,62.0,-27.0,-11.0,-33.16,40.4,4.75,45.870000000000005,26.48,-23.44,15.18,-53.87,-39.3,28.75,-8.66,-21.310000000000002
2025-07-31T15:23:37.220455,-1.0,19.0,-36.0,30.0,-7.0,-58.0,58.0,-68.0,-2.0,84.0,5.0,55.0,11.84,10.4,-20.25,5.870000000000001,-10.52,-33.44,37.18,-57.87,0.7000000000000002,50.75,23.34,44.69
2025-07-31T15:23:37.228469,0.0,-13.0,-68.0,67.0,-66.0,-11.0,2.0,-44.0,13.0,31.0,-56.0,34.0,12.84,-21.6,-52.25,42.870000000000005,-69.52,13.559999999999999,-18.82,-33.87,15.7,-2.25,-37.66,23.689999999999998
2025-07-31T15:23:37.232666,-45.0,5.0,-69.0,42.0,-19.0,-39.0,45.0,-77.0,65.0,16.0,-7.0,79.0,-32.16,-3.5999999999999996,-53.25,17.87,-22.52,-14.440000000000001,24.18,-66.87,67.7,-17.25,11.34,68.69
2025-07-31T15:23:37.240716,27.0,3.0,-49.0,44.0,-10.0,-34.0,-17.0,-26.0,26.0,44.0,-61.0,41.0,39.84,-5.6,-33.25,19.87,-13.52,-9.440000000000001,-37.82,-15.87,28.7,10.75,-42.66,30.689999999999998
2025-07-31T15:23:37.244911,-72.0,-33.0,3.0,-50.0,63.0,-10.0,46.0,-71.0,12.0,55.0,-48.0,39.0,-59.16,-41.6,18.75,-74.13,59.48,14.559999999999999,25.18,-60.87,14.7,21.75,-29.66,28.689999999999998
2025-07-31T15:23:37.253091,-79.0,-16.0,-10.0,-62.0,50.0,-26.0,22.0,-2.0,38.0,39.0,-16.0,58.0,-66.16,-24.6,5.75,-86.13,46.48,-1.4400000000000013,1.1799999999999997,8.13,40.7,5.75,2.34,47.69
2025-07-31T15:23:37.257379,-94.0,42.0,56.0,28.0,61.0,-11.0,68.0,-27.0,-59.0,27.0,-8.0,14.0,-81.16,33.4,71.75,3.870000000000001,57.48,13.559999999999999,47.18,-16.869999999999997,-56.3,-6.25,10.34,3.6899999999999995
2025-07-31T15:23:37.265280,-80.0,56.0,-105.0,2.0,-110.0,-68.0,31.0,-15.0,4.0,60.0,-33.0,62.0,-67.16,47.4,-89.25,-22.13,-113.52,-43.44,10.18,-4.869999999999999,6.7,26.75,-14.66,51.69
2025-07-31T15:23:37.269644,-34.0,56.0,-43.0,40.0,-56.0,7.0,50.0,49.0,-41.0,48.0,-31.0,5.0,-21.16,47.4,-27.25,15.870000000000001,-59.52,31.56,29.18,59.13,-38.3,14.75,-12.66,-5.3100000000000005
2025-07-31T15:23:37.277542,-20.0,1.0,-84.0,48.0,-54.0,-17.0,66.0,24.0,14.0,14.0,-15.0,10.0,-7.16,-7.6,-68.25,23.87,-57.52,7.559999999999999,45.18,34.13,16.7,-19.25,3.34,-0.3100000000000005
2025-07-31T15:23:37.281770,27.0,2.0,-31.0,-25.0,33.0,18.0,62.0,-29.0,-37.0,47.0,11.0,10.0,39.84,-6.6,-15.25,-49.129999999999995,29.48,42.56,41.18,-18.869999999999997,-34.3,13.75,29.34,-0.3100000000000005
2025-07-31T15:23:37.289739,-39.0,-14.0,-37.0,28.0,10.0,-75.0,12.0,36.0,19.0,94.0,-33.0,28.0,-26.16,-22.6,-21.25,3.870000000000001,6.48,-50.44,-8.82,46.13,21.7,60.75,-14.66,17.689999999999998
2025-07-31T15:23:37.294223,-52.0,55.0,47.0,-10.0,41.0,-59.0,51.0,-1.0,-19.0,36.0,-75.0,49.0,-39.16,46.4,62.75,-34.129999999999995,37.48,-34.44,30.18,9.13,-16.3,2.75,-56.66,38.69
2025-07-31T15:23:37.302265,-111.0,29.0,-55.0,54.0,70.0,-30.0,61.0,29.0,-53.0,54.0,-49.0,8.0,-98.16,20.4,-39.25,29.87,66.48,-5.440000000000001,40.18,39.13,-50.3,20.75,-30.66,-2.3100000000000005
2025-07-31T15:23:37.306374,-82.0,60.0,-97.0,62.0,-1.0,52.0,50.0,-72.0,21.0,34.0,-37.0,24.0,-69.16,51.4,-81.25,37.870000000000005,-4.52,76.56,29.18,-61.87,23.7,0.75,-18.66,13.69
2025-07-31T15:23:37.314324,-4.0,-60.0,-97.0,30.0,-20.0,10.0,20.0,-13.0,50.0,47.0,-1.0,2.0,8.84,-68.6,-81.25,5.870000000000001,-23.52,34.56,-0.8200000000000003,-2.869999999999999,52.7,13.75,17.34,-8.31
2025-07-31T15:23:37.319294,-9.0,-13.0,-109.0,-7.0,4.0,-64.0,-30.0,-53.0,-20.0,51.0,-35.0,58.0,3.84,-21.6,-93.25,-31.13,0.48,-39.44,-50.82,-42.87,-17.3,17.75,-16.66,47.69
2025-07-31T15:23:37.322865,61.0,-60.0,-65.0,31.0,41.0,-84.0,6.0,-16.0,-9.0,54.0,-23.0,39.0,73.84,-68.6,-49.25,6.870000000000001,37.48,-59.44,-14.82,-5.869999999999999,-6.3,20.75,-4.66,28.689999999999998
2025-07-31T15:23:37.331532,-25.0,-48.0,-17.0,-68.0,25.0,-40.0,46.0,-50.0,33.0,51.0,-84.0,36.0,-12.16,-56.6,-1.25,-92.13,21.48,-15.440000000000001,25.18,-39.87,35.7,17.75,-65.66,25.689999999999998
2025-07-31T15:23:37.335118,14.0,-62.0,40.0,10.0,-13.0,-71.0,25.0,-16.0,14.0,39.0,-55.0,48.0,26.84,-70.6,55.75,-14.129999999999999,-16.52,-46.44,4.18,-5.869999999999999,16.7,5.75,-36.66,37.69
2025-07-31T15:23:37.343774,-15.0,16.0,-7.0,-48.0,51.0,-50.0,-4.0,-19.0,11.0,45.0,-31.0,29.0,-2.16,7.4,8.75,-72.13,47.48,-25.44,-24.82,-8.87,13.7,11.75,-12.66,18.689999999999998
2025-07-31T15:23:37.351450,-14.0,62.0,-15.0,-23.0,-15.0,-29.0,-1.0,-62.0,-52.0,60.0,-18.0,86.0,-1.1600000000000001,53.4,0.75,-47.129999999999995,-18.52,-4.440000000000001,-21.82,-51.87,-49.3,26.75,0.33999999999999986,75.69
2025-07-31T15:23:37.356072,-29.0,43.0,-52.0,-50.0,-16.0,86.0,0.0,-26.0,-11.0,59.0,-49.0,50.0,-16.16,34.4,-36.25,-74.13,-19.52,110.56,-20.82,-15.87,-8.3,25.75,-30.66,39.69
2025-07-31T15:23:37.360162,5.0,14.0,-76.0,39.0,-34.0,10.0,-61.0,-16.0,9.0,72.0,-85.0,73.0,17.84,5.4,-60.25,14.870000000000001,-37.52,34.56,-81.82,-5.869999999999999,11.7,38.75,-66.66,62.69
2025-07-31T15:23:37.368133,-19.0,66.0,-63.0,3.0,-1.0,-32.0,-3.0,-29.0,68.0,1.0,-34.0,36.0,-6.16,57.4,-47.25,-21.13,-4.52,-7.440000000000001,-23.82,-18.869999999999997,70.7,-32.25,-15.66,25.689999999999998
2025-07-31T15:23:37.372606,45.0,36.0,-84.0,34.0,-18.0,2.0,-19.0,-32.0,21.0,94.0,-56.0,43.0,57.84,27.4,-68.25,9.870000000000001,-21.52,26.56,-39.82,-21.869999999999997,23.7,60.75,-37.66,32.69
2025-07-31T15:23:37.380230,25.0,30.0,-89.0,109.0,37.0,44.0,17.0,-1.0,-25.0,85.0,-41.0,4.0,37.84,21.4,-73.25,84.87,33.48,68.56,-3.8200000000000003,9.13,-22.3,51.75,-22.66,-6.3100000000000005
2025-07-31T15:23:37.384889,38.0,-34.0,-23.0,-39.0,15.0,-19.0,13.0,7.0,-14.0,17.0,-46.0,0.0,50.84,-42.6,-7.25,-63.129999999999995,11.48,5.559999999999999,-7.82,17.130000000000003,-11.3,-16.25,-27.66,-10.31
2025-07-31T15:23:37.392383,-34.0,-41.0,-19.0,34.0,43.0,-71.0,-36.0,36.0,40.0,17.0,-24.0,-38.0,-21.16,-49.6,-3.25,9.870000000000001,39.48,-46.44,-56.82,46.13,42.7,-16.25,-5.66,-48.31
2025-07-31T15:23:37.396539,-82.0,67.0,31.0,99.0,-12.0,40.0,20.0,-76.0,-19.0,69.0,-110.0,-46.0,-69.16,58.4,46.75,74.87,-15.52,64.56,-0.8200000000000003,-65.87,-16.3,35.75,-91.66,-56.31
2025-07-31T15:23:37.404567,18.0,42.0,15.0,55.0,-36.0,-2.0,-50.0,26.0,-10.0,60.0,-38.0,15.0,30.84,33.4,30.75,30.87,-39.52,22.56,-70.82,36.13,-7.3,26.75,-19.66,4.6899999999999995
2025-07-31T15:23:37.409431,-22.0,59.0,-35.0,-36.0,9.0,22.0,39.0,24.0,-29.0,76.0,-74.0,7.0,-9.16,50.4,-19.25,-60.129999999999995,5.48,46.56,18.18,34.13,-26.3,42.75,-55.66,-3.3100000000000005
2025-07-31T15:23:37.416862,-82.0,62.0,-79.0,18.0,-44.0,13.0,46.0,18.0,-7.0,37.0,-92.0,18.0,-69.16,53.4,-63.25,-6.129999999999999,-47.52,37.56,25.18,28.130000000000003,-4.3,3.75,-73.66,7.6899999999999995
2025-07-31T15:23:37.421240,-26.0,77.0,-20.0,28.0,43.0,-63.0,111.0,-38.0,26.0,27.0,1.0,-36.0,-13.16,68.4,-4.25,3.870000000000001,39.48,-38.44,90.18,-27.869999999999997,28.7,-6.25,19.34,-46.31
2025-07-31T15:23:37.429289,-3.0,-67.0,25.0,65.0,0.0,-41.0,22.0,9.0,-13.0,49.0,-1.0,-30.0,9.84,-75.6,40.75,40.870000000000005,-3.52,-16.44,1.1799999999999997,19.130000000000003,-10.3,15.75,17.34,-40.31
2025-07-31T15:23:37.433380,-6.0,-77.0,14.0,-11.0,28.0,-65.0,48.0,21.0,-11.0,6.0,34.0,-3.0,6.84,-85.6,29.75,-35.129999999999995,24.48,-40.44,27.18,31.130000000000003,-8.3,-27.25,52.34,-13.31
2025-07-31T15:23:37.441391,12.0,-85.0,-16.0,38.0,5.0,-38.0,-9.0,70.0,90.0,-45.0,65.0,-64.0,24.84,-93.6,-0.25,13.870000000000001,1.48,-13.440000000000001,-29.82,80.13,92.7,-78.25,83.34,-74.31
2025-07-31T15:23:37.445546,59.0,-18.0,-2.0,42.0,25.0,-50.0,8.0,-22.0,-16.0,-8.0,37.0,-6.0,71.84,-26.6,13.75,17.87,21.48,-25.44,-12.82,-11.87,-13.3,-41.25,55.34,-16.310000000000002
2025-07-31T15:23:37.453681,13.0,22.0,-42.0,-45.0,-62.0,-49.0,19.0,2.0,18.0,16.0,-23.0,11.0,25.84,13.4,-26.25,-69.13,-65.52,-24.44,-1.8200000000000003,12.13,20.7,-17.25,-4.66,0.6899999999999995
2025-07-31T15:23:37.457903,0.0,-38.0,89.0,66.0,26.0,-37.0,57.0,23.0,42.0,-77.0,6.0,-26.0,12.84,-46.6,104.75,41.870000000000005,22.48,-12.440000000000001,36.18,33.13,44.7,-110.25,24.34,-36.31
2025-07-31T15:23:37.466123,-110.0,0.0,-10.0,21.0,-65.0,-18.0,-62.0,14.0,-52.0,-33.0,60.0,-36.0,-97.16,-8.6,5.75,-3.129999999999999,-68.52,6.559999999999999,-82.82,24.130000000000003,-49.3,-66.25,78.34,-46.31
2025-07-31T15:23:37.470281,-17.0,-9.0,77.0,-1.0,9.0,-16.0,-32.0,6.0,-46.0,-20.0,71.0,-12.0,-4.16,-17.6,92.75,-25.13,5.48,8.559999999999999,-52.82,16.130000000000003,-43.3,-53.25,89.34,-22.310000000000002
2025-07-31T15:23:37.478363,-43.0,61.0,65.0,-14.0,8.0,-41.0,20.0,67.0,-37.0,-8.0,8.0,-26.0,-30.16,52.4,80.75,-38.129999999999995,4.48,-16.44,-0.8200000000000003,77.13,-34.3,-41.25,26.34,-36.31
2025-07-31T15:23:37.482502,-63.0,25.0,-36.0,44.0,23.0,15.0,-18.0,-26.0,-15.0,8.0,-13.0,-52.0,-50.16,16.4,-20.25,19.87,19.48,39.56,-38.82,-15.87,-12.3,-25.25,5.34,-62.31
2025-07-31T15:23:37.490560,-27.0,62.0,-19.0,25.0,106.0,-12.0,-3.0,56.0,-18.0,-57.0,0.0,-53.0,-14.16,53.4,-3.25,0.870000000000001,102.48,12.559999999999999,-23.82,66.13,-15.3,-90.25,18.34,-63.31
2025-07-31T15:23:37.494905,55.0,42.0,7.0,31.0,60.0,-49.0,95.0,35.0,-56.0,-32.0,9.0,-42.0,67.84,33.4,22.75,6.870000000000001,56.48,-24.44,74.18,45.13,-53.3,-65.25,27.34,-52.31
2025-07-31T15:23:37.502804,-7.0,-18.0,-30.0,64.0,-30.0,-62.0,24.0,21.0,-24.0,15.0,-25.0,-7.0,5.84,-26.6,-14.25,39.870000000000005,-33.52,-37.44,3.1799999999999997,31.130000000000003,-21.3,-18.25,-6.66,-17.310000000000002
2025-07-31T15:23:37.507162,45.0,42.0,-11.0,59.0,7.0,-49.0,-4.0,21.0,44.0,2.0,-4.0,-53.0,57.84,33.4,4.75,34.870000000000005,3.48,-24.44,-24.82,31.130000000000003,46.7,-31.25,14.34,-63.31
2025-07-31T15:23:37.511024,-12.0,-56.0,63.0,8.0,-9.0,-30.0,11.0,18.0,-62.0,-36.0,-12.0,15.0,0.8399999999999999,-64.6,78.75,-16.13,-12.52,-5.440000000000001,-9.82,28.130000000000003,-59.3,-69.25,6.34,4.6899999999999995
2025-07-31T15:23:37.520080,40.0,54.0,-112.0,-3.0,-12.0,-21.0,102.0,-31.0,-34.0,-18.0,62.0,-27.0,52.84,45.4,-96.25,-27.13,-15.52,3.5599999999999987,81.18,-20.869999999999997,-31.3,-51.25,80.34,-37.31
2025-07-31T15:23:37.527384,25.0,16.0,-2.0,17.0,-16.0,-25.0,47.0,-12.0,-43.0,-24.0,76.0,-43.0,37.84,7.4,13.75,-7.129999999999999,-19.52,-0.4400000000000013,26.18,-1.8699999999999992,-40.3,-57.25,94.34,-53.31
2025-07-31T15:23:37.531623,-24.0,7.0,38.0,-31.0,24.0,-37.0,75.0,-28.0,-34.0,-15.0,14.0,-44.0,-11.16,-1.5999999999999996,53.75,-55.129999999999995,20.48,-12.440000000000001,54.18,-17.869999999999997,-31.3,-48.25,32.34,-54.31
2025-07-31T15:23:37.535624,-24.0,63.0,-9.0,27.0,11.0,-121.0,32.0,-43.0,43.0,-37.0,32.0,-2.0,-11.16,54.4,6.75,2.870000000000001,7.48,-96.44,11.18,-32.87,45.7,-70.25,50.34,-12.31
2025-07-31T15:23:37.543907,-53.0,37.0,-67.0,90.0,-11.0,-87.0,24.0,-99.0,31.0,14.0,14.0,-35.0,-40.16,28.4,-51.25,65.87,-14.52,-62.44,3.1799999999999997,-88.87,33.7,-19.25,32.34,-45.31
2025-07-31T15:23:37.547973,55.0,78.0,-10.0,43.0,-36.0,-43.0,95.0,-4.0,0.0,-22.0,64.0,12.0,67.84,69.4,5.75,18.87,-39.52,-18.44,74.18,6.130000000000001,2.7,-55.25,82.34,1.6899999999999995
2025-07-31T15:23:37.556325,40.0,-34.0,-12.0,124.0,17.0,-20.0,71.0,46.0,-24.0,-30.0,7.0,-27.0,52.84,-42.6,3.75,99.87,13.48,4.559999999999999,50.18,56.13,-21.3,-63.25,25.34,-37.31
2025-07-31T15:23:37.560249,32.0,-5.0,65.0,-8.0,-23.0,-57.0,-30.0,17.0,47.0,8.0,74.0,-31.0,44.84,-13.6,80.75,-32.129999999999995,-26.52,-32.44,-50.82,27.130000000000003,49.7,-25.25,92.34,-41.31
2025-07-31T15:23:37.568461,20.0,79.0,-27.0,17.0,7.0,-54.0,-4.0,-1.0,36.0,6.0,72.0,-37.0,32.84,70.4,-11.25,-7.129999999999999,3.48,-29.44,-24.82,9.13,38.7,-27.25,90.34,-47.31
2025-07-31T15:23:37.572537,4.0,42.0,22.0,14.0,-25.0,27.0,27.0,-37.0,-3.0,-2.0,36.0,-17.0,16.84,33.4,37.75,-10.129999999999999,-28.52,51.56,6.18,-26.869999999999997,-0.2999999999999998,-35.25,54.34,-27.310000000000002
2025-07-31T15:23:37.580774,-14.0,-69.0,38.0,28.0,13.0,-30.0,-4.0,-76.0,-18.0,-16.0,53.0,-23.0,-1.1600000000000001,-77.6,53.75,3.870000000000001,9.48,-5.440000000000001,-24.82,-65.87,-15.3,-49.25,71.34,-33.31
2025-07-31T15:23:37.585684,-90.0,0.0,-14.0,-24.0,10.0,2.0,98.0,25.0,18.0,-10.0,48.0,-6.0,-77.16,-8.6,1.75,-48.129999999999995,6.48,26.56,77.18,35.13,20.7,-43.25,66.34,-16.310000000000002
2025-07-31T15:23:37.592955,-33.0,-4.0,56.0,-29.0,50.0,-80.0,76.0,-7.0,18.0,-43.0,57.0,-15.0,-20.16,-12.6,71.75,-53.129999999999995,46.48,-55.44,55.18,3.130000000000001,20.7,-76.25,75.34,-25.310000000000002
2025-07-31T15:23:37.597351,-40.0,71.0,-1.0,44.0,50.0,-116.0,-18.0,9.0,23.0,21.0,76.0,6.0,-27.16,62.4,14.75,19.87,46.48,-91.44,-38.82,19.130000000000003,25.7,-12.25,94.34,-4.3100000000000005
2025-07-31T15:23:37.605280,-79.0,-32.0,-27.0,41.0,19.0,-34.0,41.0,-36.0,-16.0,-12.0,68.0,-64.0,-66.16,-40.6,-11.25,16.87,15.48,-9.440000000000001,20.18,-25.869999999999997,-13.3,-45.25,86.34,-74.31
2025-07-31T15:23:37.609636,-54.0,85.0,-21.0,152.0,-81.0,29.0,-14.0,-80.0,-16.0,-10.0,42.0,-50.0,-41.16,76.4,-5.25,127.87,-84.52,53.56,-34.82,-69.87,-13.3,-43.25,60.34,-60.31
2025-07-31T15:23:37.617634,-65.0,12.0,-63.0,5.0,-31.0,0.0,-16.0,-66.0,-9.0,-29.0,-48.0,-17.0,-52.16,3.4000000000000004,-47.25,-19.13,-34.52,24.56,-36.82,-55.87,-6.3,-62.25,-29.66,-27.310000000000002
2025-07-31T15:23:37.622133,-49.0,2.0,-78.0,-45.0,-9.0,-26.0,15.0,14.0,-84.0,7.0,-8.0,-64.0,-36.16,-6.6,-62.25,-69.13,-12.52,-1.4400000000000013,-5.82,24.130000000000003,-81.3,-26.25,10.34,-74.31
2025-07-31T15:23:37.629702,-33.0,93.0,-19.0,39.0,13.0,-13.0,31.0,3.0,-81.0,-27.0,53.0,-36.0,-20.16,84.4,-3.25,14.870000000000001,9.48,11.559999999999999,10.18,13.13,-78.3,-60.25,71.34,-46.31
2025-07-31T15:23:37.634233,2.0,96.0,-104.0,-30.0,-19.0,-43.0,15.0,91.0,-4.0,1.0,-6.0,-33.0,14.84,87.4,-88.25,-54.129999999999995,-22.52,-18.44,-5.82,101.13,-1.2999999999999998,-32.25,12.34,-43.31
2025-07-31T15:23:37.642018,12.0,38.0,-67.0,35.0,32.0,-87.0,-20.0,14.0,-26.0,8.0,50.0,-41.0,24.84,29.4,-51.25,10.870000000000001,28.48,-62.44,-40.82,24.130000000000003,-23.3,-25.25,68.34,-51.31
2025-07-31T15:23:37.646748,-9.0,-77.0,-59.0,7.0,68.0,-24.0,33.0,84.0,-20.0,-72.0,2.0,-85.0,3.84,-85.6,-43.25,-17.13,64.48,0.5599999999999987,12.18,94.13,-17.3,-105.25,20.34,-95.31
2025-07-31T15:23:37.654247,14.0,-77.0,-39.0,96.0,34.0,-10.0,-2.0,40.0,5.0,-7.0,49.0,4.0,26.84,-85.6,-23.25,71.87,30.48,14.559999999999999,-22.82,50.13,7.7,-40.25,67.34,-6.3100000000000005
2025-07-31T15:23:37.658743,-1.0,7.0,-23.0,37.0,16.0,4.0,-46.0,-21.0,-86.0,-22.0,84.0,19.0,11.84,-1.5999999999999996,-7.25,12.870000000000001,12.48,28.56,-66.82,-10.87,-83.3,-55.25,102.34,8.69
2025-07-31T15:23:37.666600,56.0,-30.0,-50.0,46.0,97.0,-111.0,14.0,15.0,-23.0,-29.0,64.0,-17.0,68.84,-38.6,-34.25,21.87,93.48,-86.44,-6.82,25.130000000000003,-20.3,-62.25,82.34,-27.310000000000002
2025-07-31T15:23:37.671306,-15.0,-3.0,-24.0,88.0,-5.0,62.0,24.0,-49.0,-40.0,-15.0,-18.0,9.0,-2.16,-11.6,-8.25,63.870000000000005,-8.52,86.56,3.1799999999999997,-38.87,-37.3,-48.25,0.33999999999999986,-1.3100000000000005
2025-07-31T15:23:37.678858,75.0,-11.0,20.0,131.0,14.0,-36.0,34.0,23.0,-8.0,-95.0,38.0,-22.0,87.84,-19.6,35.75,106.87,10.48,-11.440000000000001,13.18,33.13,-5.3,-128.25,56.34,-32.31
2025-07-31T15:23:37.683281,-10.0,-14.0,27.0,73.0,-63.0,-57.0,24.0,6.0,-9.0,73.0,29.0,-7.0,2.84,-22.6,42.75,48.870000000000005,-66.52,-32.44,3.1799999999999997,16.130000000000003,-6.3,39.75,47.34,-17.310000000000002
2025-07-31T15:23:37.687933,-83.0,6.0,-15.0,40.0,24.0,-17.0,54.0,-17.0,-15.0,3.0,15.0,2.0,-70.16,-2.5999999999999996,0.75,15.870000000000001,20.48,7.559999999999999,33.18,-6.869999999999999,-12.3,-30.25,33.34,-8.31
2025-07-31T15:23:37.696029,-99.0,-11.0,5.0,62.0,63.0,-17.0,4.0,-21.0,-92.0,19.0,-42.0,-50.0,-86.16,-19.6,20.75,37.870000000000005,59.48,7.559999999999999,-16.82,-10.87,-89.3,-14.25,-23.66,-60.31
2025-07-31T15:23:37.700210,-48.0,-36.0,2.0,23.0,27.0,-35.0,-9.0,-20.0,-53.0,-50.0,45.0,-30.0,-35.16,-44.6,17.75,-1.129999999999999,23.48,-10.440000000000001,-29.82,-9.87,-50.3,-83.25,63.34,-40.31
2025-07-31T15:23:37.707718,-63.0,33.0,-26.0,32.0,-12.0,-61.0,15.0,25.0,-58.0,-18.0,53.0,-29.0,-50.16,24.4,-10.25,7.870000000000001,-15.52,-36.44,-5.82,35.13,-55.3,-51.25,71.34,-39.31
2025-07-31T15:23:37.712553,-75.0,62.0,-70.0,-40.0,5.0,-66.0,-12.0,24.0,-4.0,45.0,28.0,-78.0,-62.16,53.4,-54.25,-64.13,1.48,-41.44,-32.82,34.13,-1.2999999999999998,11.75,46.34,-88.31
2025-07-31T15:23:37.720180,-18.0,39.0,-38.0,81.0,-68.0,-67.0,35.0,-46.0,-12.0,13.0,24.0,-64.0,-5.16,30.4,-22.25,56.870000000000005,-71.52,-42.44,14.18,-35.87,-9.3,-20.25,42.34,-74.31
2025-07-31T15:23:37.724988,-3.0,19.0,-62.0,90.0,-22.0,-7.0,-12.0,-101.0,9.0,29.0,-27.0,-46.0,9.84,10.4,-46.25,65.87,-25.52,17.56,-32.82,-90.87,11.7,-4.25,-8.66,-56.31
2025-07-31T15:23:37.732269,29.0,114.0,9.0,-40.0,-11.0,-65.0,88.0,-60.0,-84.0,-17.0,44.0,-43.0,41.84,105.4,24.75,-64.13,-14.52,-40.44,67.18,-49.87,-81.3,-50.25,62.34,-53.31
2025-07-31T15:23:37.737222,61.0,-29.0,-17.0,47.0,-2.0,-48.0,58.0,-9.0,-54.0,-85.0,31.0,-15.0,73.84,-37.6,-1.25,22.87,-5.52,-23.44,37.18,1.1300000000000008,-51.3,-118.25,49.34,-25.310000000000002
2025-07-31T15:23:37.744552,14.0,-17.0,19.0,16.0,-16.0,-94.0,40.0,-32.0,-45.0,-1.0,-1.0,-30.0,26.84,-25.6,34.75,-8.129999999999999,-19.52,-69.44,19.18,-21.869999999999997,-42.3,-34.25,17.34,-40.31
2025-07-31T15:23:37.748775,-5.0,6.0,-11.0,38.0,20.0,-86.0,22.0,-67.0,7.0,-18.0,26.0,51.0,7.84,-2.5999999999999996,4.75,13.870000000000001,16.48,-61.44,1.1799999999999997,-56.87,9.7,-51.25,44.34,40.69
2025-07-31T15:23:37.756760,-39.0,-14.0,-34.0,57.0,57.0,-29.0,120.0,-33.0,-61.0,1.0,47.0,5.0,-26.16,-22.6,-18.25,32.870000000000005,53.48,-4.440000000000001,99.18,-22.869999999999997,-58.3,-32.25,65.34,-5.3100000000000005
2025-07-31T15:23:37.761067,-81.0,-5.0,-32.0,-5.0,-34.0,-34.0,-7.0,-30.0,-18.0,-7.0,27.0,-81.0,-68.16,-13.6,-16.25,-29.13,-37.52,-9.440000000000001,-27.82,-19.869999999999997,-15.3,-40.25,45.34,-91.31
2025-07-31T15:23:37.769037,-43.0,-7.0,-37.0,-42.0,-23.0,-35.0,10.0,13.0,-57.0,-28.0,34.0,-52.0,-30.16,-15.6,-21.25,-66.13,-26.52,-10.440000000000001,-10.82,23.130000000000003,-54.3,-61.25,52.34,-62.31
2025-07-31T15:23:37.773270,-56.0,60.0,29.0,24.0,21.0,21.0,118.0,-32.0,-30.0,6.0,32.0,-43.0,-43.16,51.4,44.75,-0.129999999999999,17.48,45.56,97.18,-21.869999999999997,-27.3,-27.25,50.34,-53.31
2025-07-31T15:23:37.781338,-70.0,147.0,-93.0,4.0,16.0,-5.0,-21.0,-21.0,4.0,-5.0,-13.0,-24.0,-57.16,138.4,-77.25,-20.13,12.48,19.56,-41.82,-10.87,6.7,-38.25,5.34,-34.31
2025-07-31T15:23:37.785555,-77.0,7.0,-57.0,46.0,-72.0,-53.0,21.0,7.0,15.0,-16.0,16.0,1.0,-64.16,-1.5999999999999996,-41.25,21.87,-75.52,-28.44,0.17999999999999972,17.130000000000003,17.7,-49.25,34.34,-9.31
2025-07-31T15:23:37.793643,-5.0,33.0,-63.0,38.0,9.0,-85.0,34.0,-17.0,-29.0,-2.0,-23.0,-109.0,7.84,24.4,-47.25,13.870000000000001,5.48,-60.44,13.18,-6.869999999999999,-26.3,-35.25,-4.66,-119.31
2025-07-31T15:23:37.797859,-102.0,39.0,-33.0,68.0,-11.0,-19.0,-37.0,35.0,50.0,-50.0,1.0,-2.0,-89.16,30.4,-17.25,43.870000000000005,-14.52,5.559999999999999,-57.82,45.13,52.7,-83.25,19.34,-12.31
2025-07-31T15:23:37.806056,9.0,23.0,-95.0,88.0,37.0,-21.0,-6.0,-50.0,6.0,-1.0,31.0,-32.0,21.84,14.4,-79.25,63.870000000000005,33.48,3.5599999999999987,-26.82,-39.87,8.7,-34.25,49.34,-42.31
2025-07-31T15:23:37.810066,68.0,43.0,-71.0,1.0,72.0,-55.0,27.0,2.0,-7.0,-32.0,42.0,-10.0,80.84,34.4,-55.25,-23.13,68.48,-30.44,6.18,12.13,-4.3,-65.25,60.34,-20.310000000000002
2025-07-31T15:23:37.818231,4.0,127.0,-62.0,-1.0,-59.0,-114.0,-27.0,-83.0,5.0,5.0,-8.0,-7.0,16.84,118.4,-46.25,-25.13,-62.52,-89.44,-47.82,-72.87,7.7,-28.25,10.34,-17.310000000000002
2025-07-31T15:23:37.822365,-2.0,40.0,-82.0,53.0,-18.0,-55.0,-69.0,-39.0,-4.0,123.0,12.0,24.0,10.84,31.4,-66.25,28.87,-21.52,-30.44,-89.82,-28.869999999999997,-1.2999999999999998,89.75,30.34,13.69
2025-07-31T15:23:37.826401,24.0,29.0,-86.0,-27.0,-11.0,-8.0,-44.0,-1.0,11.0,19.0,-84.0,5.0,36.84,20.4,-70.25,-51.129999999999995,-14.52,16.56,-64.82,9.13,13.7,-14.25,-65.66,-5.3100000000000005
2025-07-31T15:23:37.834692,-31.0,-5.0,-15.0,70.0,67.0,-44.0,41.0,-17.0,49.0,23.0,-21.0,41.0,-18.16,-13.6,0.75,45.870000000000005,63.48,-19.44,20.18,-6.869999999999999,51.7,-10.25,-2.66,30.689999999999998
2025-07-31T15:23:37.839370,25.0,-23.0,18.0,6.0,66.0,-39.0,-13.0,6.0,-23.0,8.0,1.0,-3.0,37.84,-31.6,33.75,-18.13,62.48,-14.440000000000001,-33.82,16.130000000000003,-20.3,-25.25,19.34,-13.31
2025-07-31T15:23:37.846907,45.0,-73.0,-2.0,20.0,-56.0,-19.0,-16.0,29.0,-5.0,17.0,-25.0,19.0,57.84,-81.6,13.75,-4.129999999999999,-59.52,5.559999999999999,-36.82,39.13,-2.3,-16.25,-6.66,8.69
2025-07-31T15:23:37.851652,-42.0,-5.0,62.0,65.0,-71.0,-84.0,4.0,-33.0,-9.0,73.0,11.0,23.0,-29.16,-13.6,77.75,40.870000000000005,-74.52,-59.44,-16.82,-22.869999999999997,-6.3,39.75,29.34,12.69
2025-07-31T15:23:37.859195,-91.0,40.0,-4.0,-6.0,-47.0,-16.0,79.0,-31.0,-11.0,22.0,12.0,-11.0,-78.16,31.4,11.75,-30.13,-50.52,8.559999999999999,58.18,-20.869999999999997,-8.3,-11.25,30.34,-21.310000000000002
2025-07-31T15:23:37.863446,-50.0,90.0,45.0,-18.0,20.0,-64.0,19.0,24.0,-11.0,91.0,-69.0,4.0,-37.16,81.4,60.75,-42.129999999999995,16.48,-39.44,-1.8200000000000003,34.13,-8.3,57.75,-50.66,-6.3100000000000005
2025-07-31T15:23:37.871620,-33.0,87.0,-96.0,20.0,55.0,-55.0,-44.0,66.0,-29.0,80.0,-45.0,-7.0,-20.16,78.4,-80.25,-4.129999999999999,51.48,-30.44,-64.82,76.13,-26.3,46.75,-26.66,-17.310000000000002
2025-07-31T15:23:37.875731,-13.0,70.0,-9.0,43.0,-21.0,-61.0,-10.0,46.0,-28.0,31.0,-9.0,-3.0,-0.16000000000000014,61.4,6.75,18.87,-24.52,-36.44,-30.82,56.13,-25.3,-2.25,9.34,-13.31
2025-07-31T15:23:37.883654,20.0,45.0,-80.0,39.0,46.0,-43.0,23.0,-16.0,64.0,40.0,-12.0,28.0,32.84,36.4,-64.25,14.870000000000001,42.48,-18.44,2.1799999999999997,-5.869999999999999,66.7,6.75,6.34,17.689999999999998
2025-07-31T15:23:37.888038,33.0,-18.0,5.0,56.0,-57.0,-65.0,-32.0,24.0,38.0,95.0,-54.0,26.0,45.84,-26.6,20.75,31.87,-60.52,-40.44,-52.82,34.13,40.7,61.75,-35.66,15.69
2025-07-31T15:23:37.896013,76.0,32.0,31.0,25.0,17.0,21.0,23.0,-34.0,2.0,68.0,-8.0,31.0,88.84,23.4,46.75,0.870000000000001,13.48,45.56,2.1799999999999997,-23.869999999999997,4.7,34.75,10.34,20.689999999999998
2025-07-31T15:23:37.900359,-33.0,3.0,37.0,-20.0,-66.0,-18.0,17.0,14.0,-6.0,41.0,-12.0,59.0,-20.16,-5.6,52.75,-44.129999999999995,-69.52,6.559999999999999,-3.8200000000000003,24.130000000000003,-3.3,7.75,6.34,48.69
2025-07-31T15:23:37.908279,-39.0,154.0,-58.0,13.0,7.0,-65.0,77.0,19.0,-16.0,83.0,-15.0,8.0,-26.16,145.4,-42.25,-11.129999999999999,3.48,-40.44,56.18,29.130000000000003,-13.3,49.75,3.34,-2.3100000000000005
2025-07-31T15:23:37.912544,-13.0,65.0,-68.0,43.0,39.0,-27.0,48.0,44.0,20.0,36.0,11.0,51.0,-0.16000000000000014,56.4,-52.25,18.87,35.48,-2.4400000000000013,27.18,54.13,22.7,2.75,29.34,40.69
2025-07-31T15:23:37.920636,74.0,105.0,-38.0,101.0,70.0,-85.0,53.0,11.0,-32.0,76.0,-47.0,-17.0,86.84,96.4,-22.25,76.87,66.48,-60.44,32.18,21.130000000000003,-29.3,42.75,-28.66,-27.310000000000002
2025-07-31T15:23:37.924998,52.0,-32.0,-78.0,30.0,-8.0,-107.0,-34.0,-18.0,-64.0,72.0,-17.0,-13.0,64.84,-40.6,-62.25,5.870000000000001,-11.52,-82.44,-54.82,-7.869999999999999,-61.3,38.75,1.3399999999999999,-23.310000000000002
2025-07-31T15:23:37.932838,12.0,-27.0,13.0,-36.0,-97.0,-90.0,49.0,20.0,-39.0,63.0,-15.0,61.0,24.84,-35.6,28.75,-60.129999999999995,-100.52,-65.44,28.18,30.130000000000003,-36.3,29.75,3.34,50.69
2025-07-31T15:23:37.937116,-62.0,34.0,29.0,-11.0,11.0,9.0,19.0,35.0,-21.0,65.0,-62.0,37.0,-49.16,25.4,44.75,-35.129999999999995,7.48,33.56,-1.8200000000000003,45.13,-18.3,31.75,-43.66,26.689999999999998
2025-07-31T15:23:37.945170,-70.0,75.0,-30.0,38.0,40.0,-28.0,31.0,15.0,-54.0,8.0,-83.0,-21.0,-57.16,66.4,-14.25,13.870000000000001,36.48,-3.4400000000000013,10.18,25.130000000000003,-51.3,-25.25,-64.66,-31.310000000000002
2025-07-31T15:23:37.949717,-60.0,52.0,-7.0,-15.0,36.0,-89.0,25.0,110.0,-40.0,27.0,-9.0,-36.0,-47.16,43.4,8.75,-39.129999999999995,32.48,-64.44,4.18,120.13,-37.3,-6.25,9.34,-46.31
2025-07-31T15:23:37.957463,28.0,27.0,-49.0,-49.0,24.0,-51.0,-79.0,-22.0,-67.0,13.0,-16.0,-29.0,40.84,18.4,-33.25,-73.13,20.48,-26.44,-99.82,-11.87,-64.3,-20.25,2.34,-39.31
2025-07-31T15:23:37.961771,72.0,27.0,-32.0,4.0,-32.0,-34.0,28.0,-23.0,-20.0,34.0,-26.0,40.0,84.84,18.4,-16.25,-20.13,-35.52,-9.440000000000001,7.18,-12.87,-17.3,0.75,-7.66,29.689999999999998
2025-07-31T15:23:37.969691,-21.0,-44.0,-13.0,62.0,23.0,-98.0,30.0,-22.0,10.0,75.0,16.0,-13.0,-8.16,-52.6,2.75,37.870000000000005,19.48,-73.44,9.18,-11.87,12.7,41.75,34.34,-23.310000000000002
2025-07-31T15:23:37.974044,-69.0,-54.0,20.0,72.0,-49.0,-86.0,64.0,-28.0,-75.0,51.0,-16.0,25.0,-56.16,-62.6,35.75,47.870000000000005,-52.52,-61.44,43.18,-17.869999999999997,-72.3,17.75,2.34,14.69
2025-07-31T15:23:37.982057,-33.0,68.0,-14.0,40.0,-2.0,-37.0,21.0,-33.0,-11.0,18.0,-69.0,-38.0,-20.16,59.4,1.75,15.870000000000001,-5.52,-12.440000000000001,0.17999999999999972,-22.869999999999997,-8.3,-15.25,-50.66,-48.31
2025-07-31T15:23:37.986288,-7.0,120.0,-93.0,36.0,46.0,-40.0,-21.0,-29.0,14.0,91.0,21.0,40.0,5.84,111.4,-77.25,11.870000000000001,42.48,-15.440000000000001,-41.82,-18.869999999999997,16.7,57.75,39.34,29.689999999999998
2025-07-31T15:23:37.994290,-25.0,79.0,-54.0,50.0,26.0,-71.0,43.0,-97.0,-10.0,-4.0,15.0,-1.0,-12.16,70.4,-38.25,25.87,22.48,-46.44,22.18,-86.87,-7.3,-37.25,33.34,-11.31
2025-07-31T15:23:37.998595,3.0,12.0,-27.0,7.0,-36.0,-95.0,13.0,-45.0,-4.0,60.0,-79.0,39.0,15.84,3.4000000000000004,-11.25,-17.13,-39.52,-70.44,-7.82,-34.87,-1.2999999999999998,26.75,-60.66,28.689999999999998
2025-07-31T15:23:38.006619,-75.0,74.0,-59.0,47.0,26.0,-74.0,-2.0,-12.0,24.0,55.0,-21.0,-2.0,-62.16,65.4,-43.25,22.87,22.48,-49.44,-22.82,-1.8699999999999992,26.7,21.75,-2.66,-12.31
2025-07-31T15:23:38.010870,57.0,59.0,-95.0,50.0,18.0,-75.0,14.0,-27.0,-17.0,27.0,6.0,81.0,69.84,50.4,-79.25,25.87,14.48,-50.44,-6.82,-16.869999999999997,-14.3,-6.25,24.34,70.69
2025-07-31T15:23:38.018867,-1.0,39.0,-80.0,93.0,21.0,-31.0,-17.0,-22.0,-47.0,-16.0,-54.0,70.0,11.84,30.4,-64.25,68.87,17.48,-6.440000000000001,-37.82,-11.87,-44.3,-49.25,-35.66,59.69
2025-07-31T15:23:38.023085,-24.0,32.0,-68.0,-15.0,24.0,13.0,55.0,-8.0,-25.0,14.0,-82.0,-29.0,-11.16,23.4,-52.25,-39.129999999999995,20.48,37.56,34.18,2.130000000000001,-22.3,-19.25,-63.66,-39.31
2025-07-31T15:23:38.031102,42.0,18.0,-104.0,18.0,-10.0,-52.0,35.0,-11.0,-34.0,67.0,-85.0,84.0,54.84,9.4,-88.25,-6.129999999999999,-13.52,-27.44,14.18,-0.8699999999999992,-31.3,33.75,-66.66,73.69
2025-07-31T15:23:38.035605,36.0,27.0,37.0,-19.0,18.0,-36.0,-82.0,-39.0,-2.0,81.0,-32.0,26.0,48.84,18.4,52.75,-43.129999999999995,14.48,-11.440000000000001,-102.82,-28.869999999999997,0.7000000000000002,47.75,-13.66,15.69
2025-07-31T15:23:38.043565,-51.0,-41.0,-24.0,71.0,54.0,-31.0,24.0,9.0,-11.0,83.0,-45.0,27.0,-38.16,-49.6,-8.25,46.870000000000005,50.48,-6.440000000000001,3.1799999999999997,19.130000000000003,-8.3,49.75,-26.66,16.689999999999998
2025-07-31T15:23:38.047674,-104.0,87.0,-9.0,78.0,-24.0,-34.0,-9.0,24.0,-89.0,9.0,-37.0,38.0,-91.16,78.4,6.75,53.870000000000005,-27.52,-9.440000000000001,-29.82,34.13,-86.3,-24.25,-18.66,27.689999999999998
2025-07-31T15:23:38.055833,-86.0,77.0,-50.0,70.0,-38.0,-86.0,-51.0,45.0,-14.0,61.0,3.0,-18.0,-73.16,68.4,-34.25,45.870000000000005,-41.52,-61.44,-71.82,55.13,-11.3,27.75,21.34,-28.310000000000002
2025-07-31T15:23:38.060094,-3.0,121.0,-81.0,37.0,55.0,20.0,-11.0,-10.0,-70.0,101.0,-56.0,17.0,9.84,112.4,-65.25,12.870000000000001,51.48,44.56,-31.82,0.13000000000000078,-67.3,67.75,-37.66,6.6899999999999995
2025-07-31T15:23:38.068115,20.0,73.0,-68.0,-13.0,146.0,-115.0,97.0,-37.0,-54.0,32.0,-9.0,22.0,32.84,64.4,-52.25,-37.129999999999995,142.48,-90.44,76.18,-26.869999999999997,-51.3,-1.25,9.34,11.69
2025-07-31T15:23:38.072363,37.0,8.0,-57.0,44.0,85.0,-37.0,31.0,-106.0,-20.0,109.0,-1.0,2.0,49.84,-0.5999999999999996,-41.25,19.87,81.48,-12.440000000000001,10.18,-95.87,-17.3,75.75,17.34,-8.31
2025-07-31T15:23:38.076432,-74.0,-40.0,54.0,72.0,39.0,-60.0,3.0,-44.0,-6.0,40.0,-85.0,-49.0,-61.16,-48.6,69.75,47.870000000000005,35.48,-35.44,-17.82,-33.87,-3.3,6.75,-66.66,-59.31
2025-07-31T15:23:38.084442,-27.0,20.0,-32.0,114.0,-7.0,-29.0,-77.0,-43.0,-21.0,80.0,13.0,4.0,-14.16,11.4,-16.25,89.87,-10.52,-4.440000000000001,-97.82,-32.87,-18.3,46.75,31.34,-6.3100000000000005
2025-07-31T15:23:38.088687,-10.0,49.0,-19.0,58.0,-70.0,-47.0,27.0,-15.0,13.0,50.0,18.0,28.0,2.84,40.4,-3.25,33.870000000000005,-73.52,-22.44,6.18,-4.869999999999999,15.7,16.75,36.34,17.689999999999998
2025-07-31T15:23:38.097076,-72.0,13.0,-52.0,42.0,-2.0,-58.0,-24.0,3.0,-26.0,54.0,6.0,13.0,-59.16,4.4,-36.25,17.87,-5.52,-33.44,-44.82,13.13,-23.3,20.75,24.34,2.6899999999999995
2025-07-31T15:23:38.100930,-120.0,75.0,-32.0,6.0,24.0,-32.0,0.0,-13.0,0.0,102.0,-53.0,20.0,-107.16,66.4,-16.25,-18.13,20.48,-7.440000000000001,-20.82,-2.869999999999999,2.7,68.75,-34.66,9.69
2025-07-31T15:23:38.109299,16.0,138.0,-122.0,18.0,81.0,-86.0,-25.0,-27.0,-51.0,14.0,-3.0,17.0,28.84,129.4,-106.25,-6.129999999999999,77.48,-61.44,-45.82,-16.869999999999997,-48.3,-19.25,15.34,6.6899999999999995
2025-07-31T15:23:38.113154,-8.0,0.0,-53.0,85.0,24.0,-67.0,-2.0,2.0,-77.0,-47.0,27.0,-16.0,4.84,-8.6,-37.25,60.870000000000005,20.48,-42.44,-22.82,12.13,-74.3,-80.25,45.34,-26.310000000000002
2025-07-31T15:23:38.121304,-51.0,-21.0,-84.0,81.0,7.0,-12.0,1.0,-44.0,-58.0,89.0,-18.0,9.0,-38.16,-29.6,-68.25,56.870000000000005,3.48,12.559999999999999,-19.82,-33.87,-55.3,55.75,0.33999999999999986,-1.3100000000000005
2025-07-31T15:23:38.125476,40.0,-62.0,-86.0,3.0,34.0,-113.0,18.0,-57.0,-50.0,39.0,-98.0,24.0,52.84,-70.6,-70.25,-21.13,30.48,-88.44,-2.8200000000000003,-46.87,-47.3,5.75,-79.66,13.69
2025-07-31T15:23:38.133703,-28.0,-31.0,0.0,35.0,23.0,-20.0,-10.0,-29.0,-84.0,31.0,-36.0,50.0,-15.16,-39.6,15.75,10.870000000000001,19.48,4.559999999999999,-30.82,-18.869999999999997,-81.3,-2.25,-17.66,39.69
2025-07-31T15:23:38.137756,-72.0,9.0,21.0,19.0,-19.0,-73.0,-13.0,-15.0,-46.0,127.0,-34.0,-33.0,-59.16,0.40000000000000036,36.75,-5.129999999999999,-22.52,-48.44,-33.82,-4.869999999999999,-43.3,93.75,-15.66,-43.31
2025-07-31T15:23:38.146069,-67.0,55.0,3.0,-33.0,-91.0,-32.0,-13.0,15.0,-21.0,40.0,-20.0,14.0,-54.16,46.4,18.75,-57.129999999999995,-94.52,-7.440000000000001,-33.82,25.130000000000003,-18.3,6.75,-1.6600000000000001,3.6899999999999995
2025-07-31T15:23:38.150015,-5.0,87.0,-88.0,-47.0,18.0,-41.0,80.0,2.0,-64.0,40.0,-80.0,-39.0,7.84,78.4,-72.25,-71.13,14.48,-16.44,59.18,12.13,-61.3,6.75,-61.66,-49.31
2025-07-31T15:23:38.158181,-62.0,73.0,-96.0,60.0,18.0,-75.0,31.0,42.0,-20.0,61.0,-34.0,45.0,-49.16,64.4,-80.25,35.870000000000005,14.48,-50.44,10.18,52.13,-17.3,27.75,-15.66,34.69
2025-07-31T15:23:38.162458,70.0,56.0,-75.0,26.0,49.0,-62.0,12.0,-33.0,-40.0,-4.0,3.0,-14.0,82.84,47.4,-59.25,1.870000000000001,45.48,-37.44,-8.82,-22.869999999999997,-37.3,-37.25,21.34,-24.310000000000002
2025-07-31T15:23:38.170459,63.0,52.0,-86.0,-1.0,3.0,-42.0,-21.0,31.0,-48.0,66.0,12.0,-21.0,75.84,43.4,-70.25,-25.13,-0.52,-17.44,-41.82,41.13,-45.3,32.75,30.34,-31.310000000000002
2025-07-31T15:23:38.174735,-12.0,28.0,-70.0,11.0,-16.0,-66.0,39.0,38.0,-88.0,106.0,-31.0,20.0,0.8399999999999999,19.4,-54.25,-13.129999999999999,-19.52,-41.44,18.18,48.13,-85.3,72.75,-12.66,9.69
2025-07-31T15:23:38.182728,12.0,-54.0,9.0,58.0,-27.0,-85.0,7.0,-62.0,-76.0,80.0,-49.0,18.0,24.84,-62.6,24.75,33.870000000000005,-30.52,-60.44,-13.82,-51.87,-73.3,46.75,-30.66,7.6899999999999995
2025-07-31T15:23:38.187011,28.0,-38.0,-50.0,26.0,64.0,-38.0,74.0,3.0,-14.0,78.0,-50.0,24.0,40.84,-46.6,-34.25,1.870000000000001,60.48,-13.440000000000001,53.18,13.13,-11.3,44.75,-31.66,13.69
2025-07-31T15:23:38.195008,-9.0,19.0,-35.0,-66.0,-2.0,-31.0,18.0,-6.0,-24.0,41.0,31.0,9.0,3.84,10.4,-19.25,-90.13,-5.52,-6.440000000000001,-2.8200000000000003,4.130000000000001,-21.3,7.75,49.34,-1.3100000000000005
2025-07-31T15:23:38.199374,24.0,-32.0,-14.0,-2.0,82.0,-43.0,3.0,-33.0,-25.0,49.0,-2.0,8.0,36.84,-40.6,1.75,-26.13,78.48,-18.44,-17.82,-22.869999999999997,-22.3,15.75,16.34,-2.3100000000000005
2025-07-31T15:23:38.207241,6.0,1.0,-30.0,49.0,90.0,-74.0,53.0,3.0,40.0,1.0,-78.0,59.0,18.84,-7.6,-14.25,24.87,86.48,-49.44,32.18,13.13,42.7,-32.25,-59.66,48.69
2025-07-31T15:23:38.211615,39.0,-4.0,-3.0,90.0,5.0,-87.0,41.0,-32.0,-25.0,-3.0,-31.0,-22.0,51.84,-12.6,12.75,65.87,1.48,-62.44,20.18,-21.869999999999997,-22.3,-36.25,-12.66,-32.31
2025-07-31T15:23:38.219685,8.0,21.0,46.0,92.0,-10.0,-13.0,-18.0,-59.0,-10.0,67.0,17.0,-50.0,20.84,12.4,61.75,67.87,-13.52,11.559999999999999,-38.82,-48.87,-7.3,33.75,35.34,-60.31
2025-07-31T15:23:38.223776,-37.0,-32.0,-3.0,47.0,-8.0,-16.0,12.0,-29.0,12.0,35.0,-15.0,3.0,-24.16,-40.6,12.75,22.87,-11.52,8.559999999999999,-8.82,-18.869999999999997,14.7,1.75,3.34,-7.3100000000000005
2025-07-31T15:23:38.232022,-35.0,64.0,12.0,6.0,-32.0,-35.0,11.0,-29.0,-22.0,38.0,48.0,-46.0,-22.16,55.4,27.75,-18.13,-35.52,-10.440000000000001,-9.82,-18.869999999999997,-19.3,4.75,66.34,-56.31
2025-07-31T15:23:38.236253,11.0,33.0,-63.0,-29.0,-60.0,-47.0,-9.0,-35.0,-123.0,17.0,35.0,-58.0,23.84,24.4,-47.25,-53.129999999999995,-63.52,-22.44,-29.82,-24.869999999999997,-120.3,-16.25,53.34,-68.31
2025-07-31T15:23:38.244254,-3.0,8.0,-46.0,-27.0,21.0,-100.0,-22.0,-31.0,-25.0,47.0,9.0,-17.0,9.84,-0.5999999999999996,-30.25,-51.129999999999995,17.48,-75.44,-42.82,-20.869999999999997,-22.3,13.75,27.34,-27.310000000000002
2025-07-31T15:23:38.248518,29.0,34.0,-97.0,41.0,-24.0,-71.0,-31.0,-86.0,8.0,-25.0,3.0,-89.0,41.84,25.4,-81.25,16.87,-27.52,-46.44,-51.82,-75.87,10.7,-58.25,21.34,-99.31
2025-07-31T15:23:38.256419,-31.0,13.0,-76.0,51.0,-11.0,-74.0,-10.0,-15.0,10.0,38.0,47.0,-23.0,-18.16,4.4,-60.25,26.87,-14.52,-49.44,-30.82,-4.869999999999999,12.7,4.75,65.34,-33.31
2025-07-31T15:23:38.260809,3.0,13.0,-74.0,69.0,-40.0,-19.0,17.0,-66.0,20.0,84.0,3.0,-41.0,15.84,4.4,-58.25,44.870000000000005,-43.52,5.559999999999999,-3.8200000000000003,-55.87,22.7,50.75,21.34,-51.31
2025-07-31T15:23:38.268636,38.0,7.0,-85.0,131.0,-14.0,-19.0,1.0,-42.0,-20.0,24.0,-44.0,-65.0,50.84,-1.5999999999999996,-69.25,106.87,-17.52,5.559999999999999,-19.82,-31.869999999999997,-17.3,-9.25,-25.66,-75.31
2025-07-31T15:23:38.272836,49.0,-5.0,-29.0,17.0,-33.0,0.0,39.0,-14.0,-1.0,53.0,3.0,-101.0,61.84,-13.6,-13.25,-7.129999999999999,-36.52,24.56,18.18,-3.869999999999999,1.7000000000000002,19.75,21.34,-111.31
2025-07-31T15:23:38.277188,4.0,56.0,-54.0,-4.0,-17.0,-81.0,-15.0,-79.0,35.0,-77.0,94.0,-98.0,16.84,47.4,-38.25,-28.13,-20.52,-56.44,-35.82,-68.87,37.7,-110.25,112.34,-108.31
2025-07-31T15:23:38.285188,-4.0,18.0,-113.0,-24.0,70.0,-24.0,-4.0,7.0,-40.0,-7.0,32.0,-61.0,8.84,9.4,-97.25,-48.129999999999995,66.48,0.5599999999999987,-24.82,17.130000000000003,-37.3,-40.25,50.34,-71.31
2025-07-31T15:23:38.289311,32.0,26.0,3.0,24.0,85.0,-16.0,-22.0,-78.0,-4.0,8.0,15.0,-38.0,44.84,17.4,18.75,-0.129999999999999,81.48,8.559999999999999,-42.82,-67.87,-1.2999999999999998,-25.25,33.34,-48.31
2025-07-31T15:23:38.297509,-37.0,27.0,-139.0,25.0,-6.0,-105.0,-23.0,-23.0,-48.0,-55.0,100.0,-64.0,-24.16,18.4,-123.25,0.870000000000001,-9.52,-80.44,-43.82,-12.87,-45.3,-88.25,118.34,-74.31
2025-07-31T15:23:38.301594,9.0,-26.0,-41.0,100.0,5.0,-84.0,17.0,2.0,-31.0,8.0,61.0,-92.0,21.84,-34.6,-25.25,75.87,1.48,-59.44,-3.8200000000000003,12.13,-28.3,-25.25,79.34,-102.31
2025-07-31T15:23:38.309959,18.0,-12.0,-9.0,90.0,21.0,32.0,-11.0,-22.0,-46.0,33.0,27.0,-51.0,30.84,-20.6,6.75,65.87,17.48,56.56,-31.82,-11.87,-43.3,-0.25,45.34,-61.31
2025-07-31T15:23:38.313835,-50.0,-16.0,11.0,33.0,-41.0,-78.0,57.0,-23.0,-87.0,18.0,-8.0,-76.0,-37.16,-24.6,26.75,8.870000000000001,-44.52,-53.44,36.18,-12.87,-84.3,-15.25,10.34,-86.31
2025-07-31T15:23:38.322060,-46.0,11.0,-30.0,76.0,50.0,28.0,-10.0,-2.0,-69.0,-15.0,31.0,-57.0,-33.16,2.4000000000000004,-14.25,51.870000000000005,46.48,52.56,-30.82,8.13,-66.3,-48.25,49.34,-67.31
2025-07-31T15:23:38.326187,-19.0,18.0,-45.0,48.0,-48.0,-78.0,-3.0,-26.0,-111.0,40.0,31.0,-24.0,-6.16,9.4,-29.25,23.87,-51.52,-53.44,-23.82,-15.87,-108.3,6.75,49.34,-34.31
2025-07-31T15:23:38.334327,-8.0,22.0,-124.0,47.0,-39.0,-34.0,-7.0,30.0,3.0,-83.0,15.0,-116.0,4.84,13.4,-108.25,22.87,-42.52,-9.440000000000001,-27.82,40.13,5.7,-116.25,33.34,-126.31
2025-07-31T15:23:38.338661,-40.0,42.0,-41.0,8.0,-15.0,-44.0,36.0,17.0,-33.0,3.0,32.0,-3.0,-27.16,33.4,-25.25,-16.13,-18.52,-19.44,15.18,27.130000000000003,-30.3,-30.25,50.34,-13.31
2025-07-31T15:23:38.346719,37.0,12.0,28.0,52.0,20.0,-115.0,16.0,13.0,-99.0,-17.0,77.0,-78.0,49.84,3.4000000000000004,43.75,27.87,16.48,-90.44,-4.82,23.130000000000003,-96.3,-50.25,95.34,-88.31
2025-07-31T15:23:38.350904,-117.0,11.0,7.0,-37.0,-22.0,-103.0,37.0,-25.0,-101.0,-45.0,7.0,13.0,-104.16,2.4000000000000004,22.75,-61.129999999999995,-25.52,-78.44,16.18,-14.87,-98.3,-78.25,25.34,2.6899999999999995
2025-07-31T15:23:38.358948,-70.0,106.0,-26.0,47.0,9.0,-28.0,94.0,-22.0,-107.0,55.0,72.0,-24.0,-57.16,97.4,-10.25,22.87,5.48,-3.4400000000000013,73.18,-11.87,-104.3,21.75,90.34,-34.31
2025-07-31T15:23:38.363245,-37.0,65.0,-65.0,-18.0,10.0,-42.0,-20.0,-110.0,17.0,32.0,-11.0,-54.0,-24.16,56.4,-49.25,-42.129999999999995,6.48,-17.44,-40.82,-99.87,19.7,-1.25,7.34,-64.31
2025-07-31T15:23:38.371294,66.0,88.0,-86.0,16.0,9.0,-16.0,-21.0,-3.0,-54.0,35.0,12.0,-68.0,78.84,79.4,-70.25,-8.129999999999999,5.48,8.559999999999999,-41.82,7.130000000000001,-51.3,1.75,30.34,-78.31
2025-07-31T15:23:38.375458,40.0,90.0,-44.0,38.0,-42.0,-85.0,54.0,-36.0,-32.0,-34.0,31.0,-33.0,52.84,81.4,-28.25,13.870000000000001,-45.52,-60.44,33.18,-25.869999999999997,-29.3,-67.25,49.34,-43.31
2025-07-31T15:23:38.383455,-80.0,19.0,-42.0,54.0,25.0,-76.0,51.0,-26.0,-46.0,-47.0,14.0,-37.0,-67.16,10.4,-26.25,29.87,21.48,-51.44,30.18,-15.87,-43.3,-80.25,32.34,-47.31
2025-07-31T15:23:38.387743,-17.0,6.0,-27.0,55.0,-103.0,-115.0,-4.0,36.0,-61.0,-31.0,29.0,-28.0,-4.16,-2.5999999999999996,-11.25,30.87,-106.52,-90.44,-24.82,46.13,-58.3,-64.25,47.34,-38.31
2025-07-31T15:23:38.395722,-58.0,-58.0,-53.0,20.0,38.0,-2.0,61.0,29.0,-68.0,-39.0,21.0,-37.0,-45.16,-66.6,-37.25,-4.129999999999999,34.48,22.56,40.18,39.13,-65.3,-72.25,39.34,-47.31
2025-07-31T15:23:38.399919,-41.0,104.0,38.0,8.0,-76.0,-4.0,53.0,-20.0,-43.0,49.0,91.0,-61.0,-28.16,95.4,53.75,-16.13,-79.52,20.56,32.18,-9.87,-40.3,15.75,109.34,-71.31
2025-07-31T15:23:38.407943,-45.0,-11.0,-71.0,-62.0,27.0,29.0,119.0,-29.0,18.0,3.0,3.0,-96.0,-32.16,-19.6,-55.25,-86.13,23.48,53.56,98.18,-18.869999999999997,20.7,-30.25,21.34,-106.31
2025-07-31T15:23:38.412445,-66.0,76.0,-57.0,48.0,-63.0,-40.0,-22.0,-12.0,-62.0,-29.0,51.0,-66.0,-53.16,67.4,-41.25,23.87,-66.52,-15.440000000000001,-42.82,-1.8699999999999992,-59.3,-62.25,69.34,-76.31
2025-07-31T15:23:38.420416,-8.0,32.0,-57.0,81.0,20.0,-35.0,30.0,-25.0,2.0,7.0,47.0,-46.0,4.84,23.4,-41.25,56.870000000000005,16.48,-10.440000000000001,9.18,-14.87,4.7,-26.25,65.34,-56.31
2025-07-31T15:23:38.424566,-19.0,-3.0,-110.0,47.0,-30.0,-79.0,-9.0,-98.0,-42.0,0.0,-30.0,-85.0,-6.16,-11.6,-94.25,22.87,-33.52,-54.44,-29.82,-87.87,-39.3,-33.25,-11.66,-95.31
2025-07-31T15:23:38.432605,57.0,-1.0,-72.0,63.0,-13.0,-3.0,-30.0,-61.0,-50.0,13.0,42.0,-2.0,69.84,-9.6,-56.25,38.870000000000005,-16.52,21.56,-50.82,-50.87,-47.3,-20.25,60.34,-12.31
2025-07-31T15:23:38.436761,31.0,-37.0,-48.0,86.0,5.0,10.0,-22.0,-31.0,-41.0,-20.0,5.0,3.0,43.84,-45.6,-32.25,61.870000000000005,1.48,34.56,-42.82,-20.869999999999997,-38.3,-53.25,23.34,-7.3100000000000005
2025-07-31T15:23:38.444849,-37.0,-15.0,-50.0,-6.0,-83.0,14.0,-4.0,-7.0,-48.0,7.0,-11.0,-62.0,-24.16,-23.6,-34.25,-30.13,-86.52,38.56,-24.82,3.130000000000001,-45.3,-26.25,7.34,-72.31
2025-07-31T15:23:38.449202,-6.0,28.0,-67.0,-24.0,-25.0,-29.0,-4.0,-14.0,-9.0,4.0,-3.0,-48.0,6.84,19.4,-51.25,-48.129999999999995,-28.52,-4.440000000000001,-24.82,-3.869999999999999,-6.3,-29.25,15.34,-58.31
2025-07-31T15:23:38.454257,88.0,-36.0,-66.0,-2.0,-27.0,-47.0,-28.0,21.0,-39.0,17.0,3.0,36.0,100.84,-44.6,-50.25,-26.13,-30.52,-22.44,-48.82,31.130000000000003,-36.3,-16.25,21.34,25.689999999999998
2025-07-31T15:23:38.461455,75.0,-3.0,-51.0,40.0,-42.0,-59.0,23.0,-7.0,1.0,-41.0,45.0,27.0,87.84,-11.6,-35.25,15.870000000000001,-45.52,-34.44,2.1799999999999997,3.130000000000001,3.7,-74.25,63.34,16.689999999999998
2025-07-31T15:23:38.466201,-11.0,-29.0,-73.0,-46.0,30.0,-37.0,-6.0,-48.0,-7.0,-13.0,13.0,31.0,1.8399999999999999,-37.6,-57.25,-70.13,26.48,-12.440000000000001,-26.82,-37.87,-4.3,-46.25,31.34,20.689999999999998
2025-07-31T15:23:38.473722,60.0,32.0,-23.0,49.0,-29.0,-116.0,-13.0,10.0,-42.0,-36.0,30.0,-7.0,72.84,23.4,-7.25,24.87,-32.52,-91.44,-33.82,20.130000000000003,-39.3,-69.25,48.34,-17.310000000000002
2025-07-31T15:23:38.478537,-47.0,8.0,11.0,41.0,19.0,-109.0,23.0,-62.0,-51.0,-42.0,95.0,-8.0,-34.16,-0.5999999999999996,26.75,16.87,15.48,-84.44,2.1799999999999997,-51.87,-48.3,-75.25,113.34,-18.310000000000002
2025-07-31T15:23:38.485899,31.0,-42.0,-25.0,21.0,-10.0,-101.0,-44.0,-20.0,-5.0,-29.0,4.0,-24.0,43.84,-50.6,-9.25,-3.129999999999999,-13.52,-76.44,-64.82,-9.87,-2.3,-62.25,22.34,-34.31
2025-07-31T15:23:38.490820,6.0,21.0,12.0,4.0,-64.0,10.0,16.0,-40.0,20.0,-28.0,6.0,54.0,18.84,12.4,27.75,-20.13,-67.52,34.56,-4.82,-29.869999999999997,22.7,-61.25,24.34,43.69
2025-07-31T15:23:38.498240,-43.0,25.0,13.0,50.0,-17.0,-31.0,50.0,-47.0,9.0,47.0,66.0,25.0,-30.16,16.4,28.75,25.87,-20.52,-6.440000000000001,29.18,-36.87,11.7,13.75,84.34,14.69
2025-07-31T15:23:38.503043,-29.0,40.0,-9.0,-36.0,1.0,13.0,64.0,12.0,1.0,2.0,-24.0,-9.0,-16.16,31.4,6.75,-60.129999999999995,-2.52,37.56,43.18,22.130000000000003,3.7,-31.25,-5.66,-19.310000000000002
2025-07-31T15:23:38.510411,-22.0,46.0,15.0,62.0,30.0,-41.0,7.0,8.0,-54.0,16.0,-100.0,-14.0,-9.16,37.4,30.75,37.870000000000005,26.48,-16.44,-13.82,18.130000000000003,-51.3,-17.25,-81.66,-24.310000000000002
2025-07-31T15:23:38.514831,-72.0,107.0,-81.0,-18.0,12.0,-97.0,5.0,-47.0,-38.0,20.0,-32.0,44.0,-59.16,98.4,-65.25,-42.129999999999995,8.48,-72.44,-15.82,-36.87,-35.3,-13.25,-13.66,33.69
2025-07-31T15:23:38.522683,6.0,14.0,-100.0,2.0,36.0,-112.0,12.0,38.0,10.0,-16.0,-25.0,15.0,18.84,5.4,-84.25,-22.13,32.48,-87.44,-8.82,48.13,12.7,-49.25,-6.66,4.6899999999999995
2025-07-31T15:23:38.526932,17.0,20.0,-15.0,22.0,-29.0,-102.0,14.0,-68.0,-10.0,-3.0,12.0,7.0,29.84,11.4,0.75,-2.129999999999999,-32.52,-77.44,-6.82,-57.87,-7.3,-36.25,30.34,-3.3100000000000005
2025-07-31T15:23:38.535120,-15.0,64.0,-21.0,14.0,-6.0,-47.0,5.0,-43.0,13.0,-64.0,-22.0,-15.0,-2.16,55.4,-5.25,-10.129999999999999,-9.52,-22.44,-15.82,-32.87,15.7,-97.25,-3.66,-25.310000000000002
2025-07-31T15:23:38.539402,-38.0,-19.0,-16.0,-28.0,11.0,-26.0,11.0,-2.0,24.0,-7.0,-62.0,-12.0,-25.16,-27.6,-0.25,-52.129999999999995,7.48,-1.4400000000000013,-9.82,8.13,26.7,-40.25,-43.66,-22.310000000000002
2025-07-31T15:23:38.547288,-89.0,41.0,50.0,5.0,5.0,-81.0,-28.0,-118.0,6.0,-7.0,-33.0,-5.0,-76.16,32.4,65.75,-19.13,1.48,-56.44,-48.82,-107.87,8.7,-40.25,-14.66,-15.31
2025-07-31T15:23:38.551545,-57.0,55.0,3.0,23.0,52.0,-121.0,27.0,-69.0,-38.0,89.0,-33.0,39.0,-44.16,46.4,18.75,-1.129999999999999,48.48,-96.44,6.18,-58.87,-35.3,55.75,-14.66,28.689999999999998
2025-07-31T15:23:38.559625,-49.0,-8.0,-79.0,22.0,17.0,-40.0,33.0,-32.0,-41.0,23.0,14.0,12.0,-36.16,-16.6,-63.25,-2.129999999999999,13.48,-15.440000000000001,12.18,-21.869999999999997,-38.3,-10.25,32.34,1.6899999999999995
2025-07-31T15:23:38.563810,-21.0,-41.0,-84.0,70.0,-3.0,-32.0,-41.0,18.0,-1.0,46.0,-52.0,22.0,-8.16,-49.6,-68.25,45.870000000000005,-6.52,-7.440000000000001,-61.82,28.130000000000003,1.7000000000000002,12.75,-33.66,11.69
2025-07-31T15:23:38.571804,-42.0,-6.0,-86.0,8.0,16.0,-48.0,58.0,-99.0,-17.0,29.0,-4.0,30.0,-29.16,-14.6,-70.25,-16.13,12.48,-23.44,37.18,-88.87,-14.3,-4.25,14.34,19.689999999999998
2025-07-31T15:23:38.576119,68.0,119.0,-87.0,34.0,16.0,-77.0,-2.0,3.0,-29.0,68.0,-38.0,45.0,80.84,110.4,-71.25,9.870000000000001,12.48,-52.44,-22.82,13.13,-26.3,34.75,-19.66,34.69
2025-07-31T15:23:38.584160,-16.0,11.0,-12.0,-25.0,-23.0,-75.0,-27.0,-39.0,-38.0,-1.0,-38.0,24.0,-3.16,2.4000000000000004,3.75,-49.129999999999995,-26.52,-50.44,-47.82,-28.869999999999997,-35.3,-34.25,-19.66,13.69
2025-07-31T15:23:38.588417,46.0,-78.0,-52.0,13.0,-35.0,-62.0,36.0,-41.0,-15.0,61.0,-23.0,-10.0,58.84,-86.6,-36.25,-11.129999999999999,-38.52,-37.44,15.18,-30.869999999999997,-12.3,27.75,-4.66,-20.310000000000002
2025-07-31T15:23:38.596517,-41.0,22.0,-16.0,28.0,19.0,-38.0,-19.0,-42.0,-48.0,100.0,-13.0,39.0,-28.16,13.4,-0.25,3.870000000000001,15.48,-13.440000000000001,-39.82,-31.869999999999997,-45.3,66.75,5.34,28.689999999999998
2025-07-31T15:23:38.600675,22.0,132.0,13.0,2.0,87.0,-75.0,4.0,-14.0,6.0,100.0,-6.0,43.0,34.84,123.4,28.75,-22.13,83.48,-50.44,-16.82,-3.869999999999999,8.7,66.75,12.34,32.69
2025-07-31T15:23:38.608633,-40.0,22.0,7.0,35.0,84.0,-28.0,7.0,-39.0,10.0,22.0,6.0,-39.0,-27.16,13.4,22.75,10.870000000000001,80.48,-3.4400000000000013,-13.82,-28.869999999999997,12.7,-11.25,24.34,-49.31
2025-07-31T15:23:38.612917,-1.0,116.0,20.0,19.0,-16.0,-49.0,74.0,70.0,-10.0,28.0,-70.0,19.0,11.84,107.4,35.75,-5.129999999999999,-19.52,-24.44,53.18,80.13,-7.3,-5.25,-51.66,8.69
2025-07-31T15:23:38.620874,-85.0,-29.0,-51.0,88.0,-24.0,-72.0,-4.0,-8.0,-39.0,69.0,-3.0,28.0,-72.16,-37.6,-35.25,63.870000000000005,-27.52,-47.44,-24.82,2.130000000000001,-36.3,35.75,15.34,17.689999999999998
2025-07-31T15:23:38.625369,-87.0,78.0,-64.0,96.0,-53.0,-34.0,-12.0,32.0,-100.0,113.0,-31.0,-32.0,-74.16,69.4,-48.25,71.87,-56.52,-9.440000000000001,-32.82,42.13,-97.3,79.75,-12.66,-42.31
2025-07-31T15:23:38.633163,31.0,69.0,-46.0,58.0,-23.0,12.0,60.0,-26.0,-93.0,99.0,-69.0,-3.0,43.84,60.4,-30.25,33.870000000000005,-26.52,36.56,39.18,-15.87,-90.3,65.75,-50.66,-13.31
2025-07-31T15:23:38.637468,-10.0,-73.0,-123.0,24.0,0.0,-51.0,13.0,-40.0,-19.0,87.0,-41.0,-15.0,2.84,-81.6,-107.25,-0.129999999999999,-3.52,-26.44,-7.82,-29.869999999999997,-16.3,53.75,-22.66,-25.310000000000002
2025-07-31T15:23:38.645523,44.0,21.0,-53.0,28.0,-19.0,-41.0,13.0,5.0,-29.0,68.0,-27.0,34.0,56.84,12.4,-37.25,3.870000000000001,-22.52,-16.44,-7.82,15.13,-26.3,34.75,-8.66,23.689999999999998
2025-07-31T15:23:38.649771,-62.0,-8.0,-17.0,-12.0,13.0,-35.0,106.0,-41.0,-59.0,67.0,-1.0,19.0,-49.16,-16.6,-1.25,-36.129999999999995,9.48,-10.440000000000001,85.18,-30.869999999999997,-56.3,33.75,17.34,8.69
2025-07-31T15:23:38.653887,-49.0,23.0,6.0,72.0,-5.0,-64.0,-56.0,73.0,-15.0,21.0,28.0,-11.0,-36.16,14.4,21.75,47.870000000000005,-8.52,-39.44,-76.82,83.13,-12.3,-12.25,46.34,-21.310000000000002
2025-07-31T15:23:38.662112,-68.0,40.0,44.0,82.0,18.0,-11.0,-26.0,-11.0,-9.0,80.0,7.0,61.0,-55.16,31.4,59.75,57.870000000000005,14.48,13.559999999999999,-46.82,-0.8699999999999992,-6.3,46.75,25.34,50.69
2025-07-31T15:23:38.666132,-59.0,8.0,13.0,68.0,-18.0,-16.0,-21.0,-24.0,-35.0,71.0,-2.0,54.0,-46.16,-0.5999999999999996,28.75,43.870000000000005,-21.52,8.559999999999999,-41.82,-13.87,-32.3,37.75,16.34,43.69
2025-07-31T15:23:38.674351,-36.0,3.0,-45.0,16.0,45.0,-7.0,54.0,-42.0,9.0,121.0,-6.0,146.0,-23.16,-5.6,-29.25,-8.129999999999999,41.48,17.56,33.18,-31.869999999999997,11.7,87.75,12.34,135.69
2025-07-31T15:23:38.678462,-19.0,17.0,-66.0,28.0,65.0,-53.0,38.0,54.0,10.0,106.0,-28.0,129.0,-6.16,8.4,-50.25,3.870000000000001,61.48,-28.44,17.18,64.13,12.7,72.75,-9.66,118.69
2025-07-31T15:23:38.686656,14.0,69.0,-13.0,97.0,41.0,-52.0,81.0,15.0,-45.0,87.0,-2.0,58.0,26.84,60.4,2.75,72.87,37.48,-27.44,60.18,25.130000000000003,-42.3,53.75,16.34,47.69
2025-07-31T15:23:38.690730,45.0,-66.0,3.0,84.0,42.0,-70.0,-30.0,5.0,-19.0,59.0,25.0,106.0,57.84,-74.6,18.75,59.870000000000005,38.48,-45.44,-50.82,15.13,-16.3,25.75,43.34,95.69
2025-07-31T15:23:38.698783,19.0,25.0,42.0,103.0,-54.0,-52.0,66.0,26.0,26.0,145.0,0.0,93.0,31.84,16.4,57.75,78.87,-57.52,-27.44,45.18,36.13,28.7,111.75,18.34,82.69
2025-07-31T15:23:38.703263,-4.0,6.0,68.0,46.0,-13.0,29.0,43.0,-6.0,-8.0,173.0,-14.0,41.0,8.84,-2.5999999999999996,83.75,21.87,-16.52,53.56,22.18,4.130000000000001,-5.3,139.75,4.34,30.689999999999998
2025-07-31T15:23:38.711076,-18.0,23.0,29.0,48.0,-21.0,7.0,124.0,-73.0,-70.0,183.0,50.0,77.0,-5.16,14.4,44.75,23.87,-24.52,31.56,103.18,-62.87,-67.3,149.75,68.34,66.69
2025-07-31T15:23:38.715324,4.0,109.0,65.0,-10.0,44.0,-37.0,34.0,-21.0,-29.0,155.0,86.0,11.0,16.84,100.4,80.75,-34.129999999999995,40.48,-12.440000000000001,13.18,-10.87,-26.3,121.75,104.34,0.6899999999999995
2025-07-31T15:23:38.723488,49.0,99.0,-7.0,140.0,126.0,-25.0,58.0,132.0,-93.0,178.0,172.0,84.0,61.84,90.4,8.75,115.87,122.48,-0.4400000000000013,37.18,142.13,-90.3,144.75,190.34,73.69
2025-07-31T15:23:38.731554,98.0,227.0,90.0,168.0,59.0,-80.0,-11.0,32.0,-147.0,173.0,153.0,24.0,110.84,218.4,105.75,143.87,55.48,-55.44,-31.82,42.13,-144.3,139.75,171.34,13.69
2025-07-31T15:23:38.735816,63.0,156.0,98.0,101.0,180.0,-99.0,132.0,80.0,-180.0,109.0,216.0,20.0,75.84,147.4,113.75,76.87,176.48,-74.44,111.18,90.13,-177.3,75.75,234.34,9.69
2025-07-31T15:23:38.744016,46.0,258.0,61.0,163.0,135.0,-73.0,39.0,75.0,-147.0,101.0,273.0,32.0,58.84,249.4,76.75,138.87,131.48,-48.44,18.18,85.13,-144.3,67.75,291.34,21.689999999999998
2025-07-31T15:23:38.748227,56.0,243.0,18.0,230.0,128.0,-129.0,67.0,39.0,-228.0,91.0,323.0,-63.0,68.84,234.4,33.75,205.87,124.48,-104.44,46.18,49.13,-225.3,57.75,341.34,-73.31
2025-07-31T15:23:38.756231,143.0,256.0,45.0,220.0,179.0,-78.0,75.0,72.0,-236.0,119.0,374.0,-60.0,155.84,247.4,60.75,195.87,175.48,-53.44,54.18,82.13,-233.3,85.75,392.34,-70.31
2025-07-31T15:23:38.760441,76.0,271.0,121.0,173.0,178.0,-160.0,35.0,115.0,-304.0,174.0,351.0,-28.0,88.84,262.4,136.75,148.87,174.48,-135.44,14.18,125.13,-301.3,140.75,369.34,-38.31
2025-07-31T15:23:38.768487,120.0,344.0,2.0,290.0,205.0,-200.0,86.0,80.0,-369.0,179.0,295.0,42.0,132.84,335.4,17.75,265.87,201.48,-175.44,65.18,90.13,-366.3,145.75,313.34,31.689999999999998
2025-07-31T15:23:38.776526,205.0,245.0,78.0,318.0,121.0,-161.0,42.0,104.0,-249.0,108.0,395.0,36.0,217.84,236.4,93.75,293.87,117.48,-136.44,21.18,114.13,-246.3,74.75,413.34,25.689999999999998
2025-07-31T15:23:38.780954,29.0,336.0,119.0,288.0,195.0,-158.0,-1.0,180.0,-303.0,92.0,377.0,20.0,41.84,327.4,134.75,263.87,191.48,-133.44,-21.82,190.13,-300.3,58.75,395.34,9.69
2025-07-31T15:23:38.788936,104.0,413.0,40.0,353.0,124.0,-241.0,2.0,147.0,-379.0,129.0,447.0,-37.0,116.84,404.4,55.75,328.87,120.48,-216.44,-18.82,157.13,-376.3,95.75,465.34,-47.31
2025-07-31T15:23:38.793230,203.0,354.0,17.0,296.0,209.0,-204.0,19.0,181.0,-318.0,204.0,401.0,-51.0,215.84,345.4,32.75,271.87,205.48,-179.44,-1.8200000000000003,191.13,-315.3,170.75,419.34,-61.31
2025-07-31T15:23:38.801296,101.0,391.0,78.0,345.0,185.0,-255.0,33.0,159.0,-357.0,157.0,387.0,-18.0,113.84,382.4,93.75,320.87,181.48,-230.44,12.18,169.13,-354.3,123.75,405.34,-28.310000000000002
2025-07-31T15:23:38.809490,145.0,451.0,59.0,427.0,177.0,-263.0,23.0,190.0,-383.0,160.0,355.0,18.0,157.84,442.4,74.75,402.87,173.48,-238.44,2.1799999999999997,200.13,-380.3,126.75,373.34,7.6899999999999995
2025-07-31T15:23:38.813599,230.0,445.0,78.0,395.0,227.0,-264.0,-2.0,129.0,-345.0,137.0,387.0,16.0,242.84,436.4,93.75,370.87,223.48,-239.44,-22.82,139.13,-342.3,103.75,405.34,5.6899999999999995
2025-07-31T15:23:38.821865,173.0,408.0,55.0,421.0,184.0,-284.0,73.0,113.0,-315.0,144.0,514.0,-2.0,185.84,399.4,70.75,396.87,180.48,-259.44,52.18,123.13,-312.3,110.75,532.34,-12.31
2025-07-31T15:23:38.826051,117.0,462.0,21.0,355.0,178.0,-254.0,-2.0,154.0,-345.0,133.0,507.0,-54.0,129.84,453.4,36.75,330.87,174.48,-229.44,-22.82,164.13,-342.3,99.75,525.34,-64.31
2025-07-31T15:23:38.834043,214.0,346.0,8.0,351.0,243.0,-217.0,51.0,183.0,-416.0,144.0,460.0,-3.0,226.84,337.4,23.75,326.87,239.48,-192.44,30.18,193.13,-413.3,110.75,478.34,-13.31
2025-07-31T15:23:38.838404,187.0,440.0,72.0,420.0,189.0,-249.0,25.0,135.0,-405.0,234.0,400.0,-88.0,199.84,431.4,87.75,395.87,185.48,-224.44,4.18,145.13,-402.3,200.75,418.34,-98.31
2025-07-31T15:23:38.846537,126.0,399.0,54.0,260.0,195.0,-251.0,-44.0,159.0,-316.0,122.0,401.0,-20.0,138.84,390.4,69.75,235.87,191.48,-226.44,-64.82,169.13,-313.3,88.75,419.34,-30.310000000000002
2025-07-31T15:23:38.854431,224.0,330.0,54.0,383.0,223.0,-197.0,107.0,140.0,-321.0,105.0,437.0,-16.0,236.84,321.4,69.75,358.87,219.48,-172.44,86.18,150.13,-318.3,71.75,455.34,-26.310000000000002
2025-07-31T15:23:38.858736,186.0,283.0,131.0,339.0,132.0,-212.0,52.0,131.0,-352.0,76.0,484.0,-101.0,198.84,274.4,146.75,314.87,128.48,-187.44,31.18,141.13,-349.3,42.75,502.34,-111.31
2025-07-31T15:23:38.866716,184.0,507.0,0.0,387.0,149.0,-222.0,8.0,111.0,-365.0,210.0,428.0,-63.0,196.84,498.4,15.75,362.87,145.48,-197.44,-12.82,121.13,-362.3,176.75,446.34,-73.31
2025-07-31T15:23:38.871255,219.0,359.0,52.0,389.0,216.0,-283.0,17.0,165.0,-338.0,164.0,445.0,-19.0,231.84,350.4,67.75,364.87,212.48,-258.44,-3.8200000000000003,175.13,-335.3,130.75,463.34,-29.310000000000002
2025-07-31T15:23:38.879280,180.0,406.0,60.0,363.0,231.0,-196.0,57.0,148.0,-397.0,102.0,448.0,7.0,192.84,397.4,75.75,338.87,227.48,-171.44,36.18,158.13,-394.3,68.75,466.34,-3.3100000000000005
2025-07-31T15:23:38.887172,166.0,455.0,93.0,326.0,207.0,-274.0,33.0,92.0,-421.0,92.0,453.0,22.0,178.84,446.4,108.75,301.87,203.48,-249.44,12.18,102.13,-418.3,58.75,471.34,11.69
2025-07-31T15:23:38.891553,215.0,340.0,57.0,443.0,179.0,-263.0,21.0,163.0,-362.0,97.0,532.0,-88.0,227.84,331.4,72.75,418.87,175.48,-238.44,0.17999999999999972,173.13,-359.3,63.75,550.34,-98.31
2025-07-31T15:23:38.899564,132.0,392.0,78.0,347.0,181.0,-185.0,65.0,122.0,-369.0,209.0,454.0,-56.0,144.84,383.4,93.75,322.87,177.48,-160.44,44.18,132.13,-366.3,175.75,472.34,-66.31
2025-07-31T15:23:38.904004,180.0,432.0,45.0,363.0,165.0,-203.0,108.0,158.0,-419.0,160.0,413.0,-56.0,192.84,423.4,60.75,338.87,161.48,-178.44,87.18,168.13,-416.3,126.75,431.34,-66.31
2025-07-31T15:23:38.911904,286.0,381.0,81.0,338.0,309.0,-233.0,27.0,137.0,-364.0,159.0,411.0,-5.0,298.84,372.4,96.75,313.87,305.48,-208.44,6.18,147.13,-361.3,125.75,429.34,-15.31
2025-07-31T15:23:38.919946,219.0,484.0,-9.0,325.0,203.0,-166.0,86.0,161.0,-327.0,92.0,448.0,10.0,231.84,475.4,6.75,300.87,199.48,-141.44,65.18,171.13,-324.3,58.75,466.34,-0.3100000000000005
2025-07-31T15:23:38.924367,188.0,444.0,-20.0,416.0,244.0,-288.0,80.0,177.0,-387.0,107.0,496.0,11.0,200.84,435.4,-4.25,391.87,240.48,-263.44,59.18,187.13,-384.3,73.75,514.34,0.6899999999999995
2025-07-31T15:23:38.932325,283.0,398.0,47.0,357.0,141.0,-252.0,36.0,67.0,-397.0,63.0,559.0,-59.0,295.84,389.4,62.75,332.87,137.48,-227.44,15.18,77.13,-394.3,29.75,577.34,-69.31
2025-07-31T15:23:38.936733,205.0,483.0,122.0,393.0,265.0,-244.0,1.0,125.0,-415.0,137.0,458.0,-105.0,217.84,474.4,137.75,368.87,261.48,-219.44,-19.82,135.13,-412.3,103.75,476.34,-115.31
2025-07-31T15:23:38.944802,271.0,425.0,21.0,332.0,264.0,-306.0,68.0,146.0,-344.0,189.0,431.0,-2.0,283.84,416.4,36.75,307.87,260.48,-281.44,47.18,156.13,-341.3,155.75,449.34,-12.31
2025-07-31T15:23:38.948822,238.0,368.0,78.0,366.0,181.0,-209.0,66.0,159.0,-368.0,104.0,418.0,1.0,250.84,359.4,93.75,341.87,177.48,-184.44,45.18,169.13,-365.3,70.75,436.34,-9.31
2025-07-31T15:23:38.956966,209.0,478.0,-22.0,428.0,177.0,-256.0,55.0,106.0,-368.0,98.0,530.0,-5.0,221.84,469.4,-6.25,403.87,173.48,-231.44,34.18,116.13,-365.3,64.75,548.34,-15.31
2025-07-31T15:23:38.965101,227.0,478.0,28.0,366.0,335.0,-282.0,-3.0,152.0,-425.0,70.0,526.0,-4.0,239.84,469.4,43.75,341.87,331.48,-257.44,-23.82,162.13,-422.3,36.75,544.34,-14.31
2025-07-31T15:23:38.969298,226.0,402.0,96.0,365.0,252.0,-264.0,21.0,181.0,-416.0,162.0,419.0,-104.0,238.84,393.4,111.75,340.87,248.48,-239.44,0.17999999999999972,191.13,-413.3,128.75,437.34,-114.31
2025-07-31T15:23:38.977416,148.0,461.0,72.0,320.0,251.0,-200.0,19.0,172.0,-366.0,200.0,448.0,20.0,160.84,452.4,87.75,295.87,247.48,-175.44,-1.8200000000000003,182.13,-363.3,166.75,466.34,9.69
2025-07-31T15:23:38.981937,234.0,387.0,55.0,413.0,246.0,-205.0,98.0,103.0,-366.0,22.0,458.0,16.0,246.84,378.4,70.75,388.87,242.48,-180.44,77.18,113.13,-363.3,-11.25,476.34,5.6899999999999995
2025-07-31T15:23:38.989735,144.0,379.0,44.0,287.0,221.0,-274.0,67.0,166.0,-394.0,102.0,484.0,-21.0,156.84,370.4,59.75,262.87,217.48,-249.44,46.18,176.13,-391.3,68.75,502.34,-31.310000000000002
2025-07-31T15:23:38.997728,136.0,508.0,79.0,404.0,249.0,-295.0,50.0,110.0,-383.0,124.0,439.0,-52.0,148.84,499.4,94.75,379.87,245.48,-270.44,29.18,120.13,-380.3,90.75,457.34,-62.31
2025-07-31T15:23:39.002051,226.0,417.0,-28.0,420.0,195.0,-265.0,-25.0,186.0,-397.0,143.0,536.0,-93.0,238.84,408.4,-12.25,395.87,191.48,-240.44,-45.82,196.13,-394.3,109.75,554.34,-103.31
2025-07-31T15:23:39.010092,163.0,393.0,115.0,387.0,225.0,-246.0,7.0,107.0,-383.0,200.0,444.0,-34.0,175.84,384.4,130.75,362.87,221.48,-221.44,-13.82,117.13,-380.3,166.75,462.34,-44.31
2025-07-31T15:23:39.014449,97.0,469.0,36.0,390.0,229.0,-226.0,135.0,87.0,-430.0,211.0,449.0,-19.0,109.84,460.4,51.75,365.87,225.48,-201.44,114.18,97.13,-427.3,177.75,467.34,-29.310000000000002
2025-07-31T15:23:39.022482,220.0,425.0,-44.0,314.0,190.0,-244.0,-8.0,67.0,-374.0,160.0,413.0,16.0,232.84,416.4,-28.25,289.87,186.48,-219.44,-28.82,77.13,-371.3,126.75,431.34,5.6899999999999995
2025-07-31T15:23:39.030589,140.0,394.0,91.0,405.0,296.0,-258.0,28.0,115.0,-378.0,132.0,418.0,-16.0,152.84,385.4,106.75,380.87,292.48,-233.44,7.18,125.13,-375.3,98.75,436.34,-26.310000000000002
2025-07-31T15:23:39.034851,92.0,499.0,-19.0,387.0,269.0,-212.0,52.0,133.0,-405.0,63.0,528.0,-23.0,104.84,490.4,-3.25,362.87,265.48,-187.44,31.18,143.13,-402.3,29.75,546.34,-33.31
2025-07-31T15:23:39.043070,231.0,340.0,27.0,338.0,235.0,-178.0,68.0,114.0,-349.0,203.0,518.0,-47.0,243.84,331.4,42.75,313.87,231.48,-153.44,47.18,124.13,-346.3,169.75,536.34,-57.31
2025-07-31T15:23:39.047263,177.0,357.0,29.0,450.0,294.0,-284.0,59.0,105.0,-361.0,123.0,473.0,-53.0,189.84,348.4,44.75,425.87,290.48,-259.44,38.18,115.13,-358.3,89.75,491.34,-63.31
2025-07-31T15:23:39.055277,166.0,419.0,8.0,410.0,225.0,-232.0,53.0,162.0,-339.0,176.0,528.0,-5.0,178.84,410.4,23.75,385.87,221.48,-207.44,32.18,172.13,-336.3,142.75,546.34,-15.31
2025-07-31T15:23:39.059461,171.0,429.0,25.0,322.0,261.0,-217.0,92.0,141.0,-371.0,87.0,434.0,91.0,183.84,420.4,40.75,297.87,257.48,-192.44,71.18,151.13,-368.3,53.75,452.34,80.69
2025-07-31T15:23:39.067618,66.0,407.0,125.0,375.0,274.0,-238.0,37.0,133.0,-410.0,83.0,453.0,12.0,78.84,398.4,140.75,350.87,270.48,-213.44,16.18,143.13,-407.3,49.75,471.34,1.6899999999999995
2025-07-31T15:23:39.075617,81.0,482.0,9.0,347.0,159.0,-309.0,113.0,130.0,-432.0,61.0,420.0,-50.0,93.84,473.4,24.75,322.87,155.48,-284.44,92.18,140.13,-429.3,27.75,438.34,-60.31
2025-07-31T15:23:39.079887,167.0,430.0,-29.0,359.0,252.0,-235.0,56.0,140.0,-428.0,119.0,482.0,-94.0,179.84,421.4,-13.25,334.87,248.48,-210.44,35.18,150.13,-425.3,85.75,500.34,-104.31
2025-07-31T15:23:39.088060,125.0,407.0,67.0,428.0,235.0,-311.0,2.0,80.0,-384.0,124.0,459.0,-61.0,137.84,398.4,82.75,403.87,231.48,-286.44,-18.82,90.13,-381.3,90.75,477.34,-71.31
2025-07-31T15:23:39.092309,99.0,412.0,46.0,372.0,174.0,-227.0,58.0,145.0,-431.0,131.0,422.0,-43.0,111.84,403.4,61.75,347.87,170.48,-202.44,37.18,155.13,-428.3,97.75,440.34,-53.31
2025-07-31T15:23:39.100503,220.0,426.0,18.0,328.0,242.0,-266.0,9.0,223.0,-373.0,169.0,381.0,-56.0,232.84,417.4,33.75,303.87,238.48,-241.44,-11.82,233.13,-370.3,135.75,399.34,-66.31
2025-07-31T15:23:39.108339,141.0,392.0,100.0,421.0,267.0,-249.0,7.0,121.0,-407.0,77.0,489.0,8.0,153.84,383.4,115.75,396.87,263.48,-224.44,-13.82,131.13,-404.3,43.75,507.34,-2.3100000000000005
2025-07-31T15:23:39.112678,121.0,438.0,8.0,360.0,120.0,-246.0,42.0,200.0,-419.0,10.0,489.0,-54.0,133.84,429.4,23.75,335.87,116.48,-221.44,21.18,210.13,-416.3,-23.25,507.34,-64.31
2025-07-31T15:23:39.120713,166.0,404.0,-10.0,266.0,166.0,-202.0,31.0,161.0,-404.0,177.0,475.0,-55.0,178.84,395.4,5.75,241.87,162.48,-177.44,10.18,171.13,-401.3,143.75,493.34,-65.31
2025-07-31T15:23:39.124928,151.0,347.0,63.0,352.0,229.0,-271.0,39.0,112.0,-407.0,171.0,479.0,-101.0,163.84,338.4,78.75,327.87,225.48,-246.44,18.18,122.13,-404.3,137.75,497.34,-111.31
2025-07-31T15:23:39.133178,196.0,465.0,15.0,335.0,189.0,-235.0,-6.0,178.0,-485.0,158.0,415.0,-3.0,208.84,456.4,30.75,310.87,185.48,-210.44,-26.82,188.13,-482.3,124.75,433.34,-13.31
2025-07-31T15:23:39.137270,206.0,391.0,29.0,337.0,186.0,-187.0,10.0,86.0,-373.0,166.0,450.0,27.0,218.84,382.4,44.75,312.87,182.48,-162.44,-10.82,96.13,-370.3,132.75,468.34,16.689999999999998
2025-07-31T15:23:39.145510,133.0,413.0,76.0,444.0,243.0,-273.0,74.0,184.0,-414.0,136.0,511.0,37.0,145.84,404.4,91.75,419.87,239.48,-248.44,53.18,194.13,-411.3,102.75,529.34,26.689999999999998
2025-07-31T15:23:39.153493,143.0,420.0,65.0,312.0,228.0,-246.0,-45.0,153.0,-356.0,110.0,502.0,-101.0,155.84,411.4,80.75,287.87,224.48,-221.44,-65.82,163.13,-353.3,76.75,520.34,-111.31
2025-07-31T15:23:39.157774,241.0,374.0,107.0,434.0,264.0,-294.0,50.0,166.0,-414.0,125.0,446.0,-70.0,253.84,365.4,122.75,409.87,260.48,-269.44,29.18,176.13,-411.3,91.75,464.34,-80.31
2025-07-31T15:23:39.165829,147.0,455.0,61.0,384.0,167.0,-289.0,70.0,88.0,-385.0,149.0,413.0,2.0,159.84,446.4,76.75,359.87,163.48,-264.44,49.18,98.13,-382.3,115.75,431.34,-8.31
2025-07-31T15:23:39.170111,237.0,364.0,21.0,351.0,239.0,-238.0,-38.0,99.0,-376.0,115.0,475.0,-22.0,249.84,355.4,36.75,326.87,235.48,-213.44,-58.82,109.13,-373.3,81.75,493.34,-32.31
2025-07-31T15:23:39.178191,240.0,401.0,72.0,390.0,245.0,-233.0,22.0,239.0,-419.0,168.0,513.0,6.0,252.84,392.4,87.75,365.87,241.48,-208.44,1.1799999999999997,249.13,-416.3,134.75,531.34,-4.3100000000000005
2025-07-31T15:23:39.186411,163.0,456.0,52.0,381.0,174.0,-256.0,63.0,143.0,-390.0,149.0,495.0,-80.0,175.84,447.4,67.75,356.87,170.48,-231.44,42.18,153.13,-387.3,115.75,513.34,-90.31
2025-07-31T15:23:39.190589,222.0,374.0,15.0,377.0,274.0,-306.0,25.0,196.0,-342.0,96.0,438.0,-15.0,234.84,365.4,30.75,352.87,270.48,-281.44,4.18,206.13,-339.3,62.75,456.34,-25.310000000000002
2025-07-31T15:23:39.198562,114.0,356.0,75.0,374.0,207.0,-271.0,33.0,164.0,-391.0,98.0,445.0,5.0,126.84,347.4,90.75,349.87,203.48,-246.44,12.18,174.13,-388.3,64.75,463.34,-5.3100000000000005
2025-07-31T15:23:39.202891,154.0,412.0,8.0,369.0,264.0,-251.0,108.0,131.0,-476.0,178.0,419.0,-33.0,166.84,403.4,23.75,344.87,260.48,-226.44,87.18,141.13,-473.3,144.75,437.34,-43.31
2025-07-31T15:23:39.211128,214.0,392.0,59.0,303.0,123.0,-256.0,-44.0,119.0,-323.0,124.0,417.0,-11.0,226.84,383.4,74.75,278.87,119.48,-231.44,-64.82,129.13,-320.3,90.75,435.34,-21.310000000000002
2025-07-31T15:23:39.219110,166.0,372.0,76.0,386.0,151.0,-232.0,50.0,158.0,-394.0,135.0,511.0,33.0,178.84,363.4,91.75,361.87,147.48,-207.44,29.18,168.13,-391.3,101.75,529.34,22.689999999999998
2025-07-31T15:23:39.223280,170.0,446.0,118.0,237.0,273.0,-268.0,85.0,117.0,-401.0,90.0,474.0,-67.0,182.84,437.4,133.75,212.87,269.48,-243.44,64.18,127.13,-398.3,56.75,492.34,-77.31
2025-07-31T15:23:39.231346,144.0,381.0,-4.0,383.0,147.0,-225.0,38.0,140.0,-357.0,96.0,494.0,-41.0,156.84,372.4,11.75,358.87,143.48,-200.44,17.18,150.13,-354.3,62.75,512.34,-51.31
2025-07-31T15:23:39.235754,150.0,398.0,101.0,370.0,222.0,-204.0,53.0,167.0,-405.0,188.0,454.0,-49.0,162.84,389.4,116.75,345.87,218.48,-179.44,32.18,177.13,-402.3,154.75,472.34,-59.31
2025-07-31T15:23:39.243760,140.0,457.0,21.0,337.0,193.0,-234.0,86.0,79.0,-370.0,129.0,390.0,21.0,152.84,448.4,36.75,312.87,189.48,-209.44,65.18,89.13,-367.3,95.75,408.34,10.69
2025-07-31T15:23:39.251698,203.0,336.0,-4.0,390.0,203.0,-271.0,74.0,157.0,-368.0,104.0,393.0,-50.0,215.84,327.4,11.75,365.87,199.48,-246.44,53.18,167.13,-365.3,70.75,411.34,-60.31
2025-07-31T15:23:39.256136,167.0,361.0,74.0,353.0,223.0,-238.0,75.0,187.0,-385.0,67.0,493.0,33.0,179.84,352.4,89.75,328.87,219.48,-213.44,54.18,197.13,-382.3,33.75,511.34,22.689999999999998
2025-07-31T15:23:39.264039,109.0,410.0,-13.0,401.0,296.0,-291.0,21.0,105.0,-427.0,102.0,420.0,-81.0,121.84,401.4,2.75,376.87,292.48,-266.44,0.17999999999999972,115.13,-424.3,68.75,438.34,-91.31
2025-07-31T15:23:39.268335,222.0,403.0,29.0,401.0,215.0,-239.0,31.0,93.0,-414.0,182.0,491.0,-117.0,234.84,394.4,44.75,376.87,211.48,-214.44,10.18,103.13,-411.3,148.75,509.34,-127.31
2025-07-31T15:23:39.276648,209.0,371.0,137.0,353.0,269.0,-260.0,24.0,154.0,-396.0,182.0,431.0,-69.0,221.84,362.4,152.75,328.87,265.48,-235.44,3.1799999999999997,164.13,-393.3,148.75,449.34,-79.31
2025-07-31T15:23:39.284481,124.0,411.0,31.0,411.0,197.0,-213.0,46.0,102.0,-404.0,84.0,450.0,-61.0,136.84,402.4,46.75,386.87,193.48,-188.44,25.18,112.13,-401.3,50.75,468.34,-71.31
2025-07-31T15:23:39.288850,193.0,417.0,41.0,391.0,254.0,-254.0,58.0,118.0,-411.0,176.0,447.0,-39.0,205.84,408.4,56.75,366.87,250.48,-229.44,37.18,128.13,-408.3,142.75,465.34,-49.31
2025-07-31T15:23:39.296774,145.0,354.0,74.0,396.0,180.0,-304.0,77.0,106.0,-379.0,134.0,503.0,50.0,157.84,345.4,89.75,371.87,176.48,-279.44,56.18,116.13,-376.3,100.75,521.34,39.69
2025-07-31T15:23:39.301200,141.0,489.0,-69.0,391.0,203.0,-235.0,27.0,176.0,-431.0,82.0,477.0,-134.0,153.84,480.4,-53.25,366.87,199.48,-210.44,6.18,186.13,-428.3,48.75,495.34,-144.31
2025-07-31T15:23:39.309527,215.0,366.0,-4.0,353.0,254.0,-238.0,-2.0,220.0,-446.0,192.0,493.0,-15.0,227.84,357.4,11.75,328.87,250.48,-213.44,-22.82,230.13,-443.3,158.75,511.34,-25.310000000000002
2025-07-31T15:23:39.313612,100.0,390.0,89.0,333.0,281.0,-273.0,28.0,51.0,-415.0,177.0,477.0,-83.0,112.84,381.4,104.75,308.87,277.48,-248.44,7.18,61.13,-412.3,143.75,495.34,-93.31
2025-07-31T15:23:39.321566,141.0,447.0,20.0,357.0,142.0,-235.0,37.0,73.0,-378.0,227.0,440.0,-21.0,153.84,438.4,35.75,332.87,138.48,-210.44,16.18,83.13,-375.3,193.75,458.34,-31.310000000000002
2025-07-31T15:23:39.329602,240.0,436.0,0.0,309.0,214.0,-260.0,75.0,179.0,-465.0,185.0,389.0,-15.0,252.84,427.4,15.75,284.87,210.48,-235.44,54.18,189.13,-462.3,151.75,407.34,-25.310000000000002
2025-07-31T15:23:39.333819,157.0,393.0,83.0,418.0,149.0,-190.0,83.0,70.0,-435.0,75.0,501.0,19.0,169.84,384.4,98.75,393.87,145.48,-165.44,62.18,80.13,-432.3,41.75,519.34,8.69
2025-07-31T15:23:39.342054,101.0,498.0,49.0,366.0,150.0,-230.0,-2.0,76.0,-359.0,145.0,510.0,-76.0,113.84,489.4,64.75,341.87,146.48,-205.44,-22.82,86.13,-356.3,111.75,528.34,-86.31
2025-07-31T15:23:39.346141,218.0,412.0,-2.0,295.0,257.0,-281.0,-20.0,109.0,-350.0,147.0,529.0,12.0,230.84,403.4,13.75,270.87,253.48,-256.44,-40.82,119.13,-347.3,113.75,547.34,1.6899999999999995
2025-07-31T15:23:39.354253,147.0,348.0,18.0,427.0,151.0,-222.0,36.0,133.0,-421.0,135.0,414.0,-17.0,159.84,339.4,33.75,402.87,147.48,-197.44,15.18,143.13,-418.3,101.75,432.34,-27.310000000000002
2025-07-31T15:23:39.362243,138.0,394.0,22.0,382.0,226.0,-261.0,109.0,143.0,-425.0,180.0,415.0,-15.0,150.84,385.4,37.75,357.87,222.48,-236.44,88.18,153.13,-422.3,146.75,433.34,-25.310000000000002
2025-07-31T15:23:39.366585,220.0,398.0,26.0,376.0,207.0,-251.0,29.0,137.0,-369.0,93.0,493.0,-28.0,232.84,389.4,41.75,351.87,203.48,-226.44,8.18,147.13,-366.3,59.75,511.34,-38.31
2025-07-31T15:23:39.374663,117.0,402.0,79.0,379.0,211.0,-276.0,31.0,171.0,-419.0,135.0,480.0,-25.0,129.84,393.4,94.75,354.87,207.48,-251.44,10.18,181.13,-416.3,101.75,498.34,-35.31
2025-07-31T15:23:39.378913,162.0,424.0,82.0,361.0,131.0,-223.0,38.0,133.0,-392.0,110.0,520.0,-104.0,174.84,415.4,97.75,336.87,127.48,-198.44,17.18,143.13,-389.3,76.75,538.34,-114.31
2025-07-31T15:23:39.386969,243.0,378.0,55.0,379.0,200.0,-281.0,35.0,122.0,-374.0,139.0,465.0,-22.0,255.84,369.4,70.75,354.87,196.48,-256.44,14.18,132.13,-371.3,105.75,483.34,-32.31
2025-07-31T15:23:39.395065,153.0,441.0,101.0,369.0,174.0,-203.0,46.0,150.0,-410.0,121.0,406.0,-3.0,165.84,432.4,116.75,344.87,170.48,-178.44,25.18,160.13,-407.3,87.75,424.34,-13.31
2025-07-31T15:23:39.399366,175.0,425.0,47.0,319.0,214.0,-254.0,91.0,183.0,-406.0,53.0,462.0,-16.0,187.84,416.4,62.75,294.87,210.48,-229.44,70.18,193.13,-403.3,19.75,480.34,-26.310000000000002
2025-07-31T15:23:39.407445,238.0,376.0,128.0,331.0,175.0,-281.0,27.0,165.0,-319.0,180.0,499.0,-65.0,250.84,367.4,143.75,306.87,171.48,-256.44,6.18,175.13,-316.3,146.75,517.34,-75.31
2025-07-31T15:23:39.411849,132.0,444.0,19.0,321.0,211.0,-196.0,107.0,173.0,-377.0,151.0,364.0,-80.0,144.84,435.4,34.75,296.87,207.48,-171.44,86.18,183.13,-374.3,117.75,382.34,-90.31
2025-07-31T15:23:39.419752,287.0,429.0,116.0,389.0,240.0,-282.0,69.0,152.0,-365.0,137.0,420.0,-20.0,299.84,420.4,131.75,364.87,236.48,-257.44,48.18,162.13,-362.3,103.75,438.34,-30.310000000000002
2025-07-31T15:23:39.427891,216.0,478.0,-50.0,327.0,141.0,-225.0,64.0,125.0,-370.0,183.0,446.0,7.0,228.84,469.4,-34.25,302.87,137.48,-200.44,43.18,135.13,-367.3,149.75,464.34,-3.3100000000000005
2025-07-31T15:23:39.432234,200.0,436.0,37.0,320.0,189.0,-218.0,20.0,133.0,-435.0,97.0,470.0,-98.0,212.84,427.4,52.75,295.87,185.48,-193.44,-0.8200000000000003,143.13,-432.3,63.75,488.34,-108.31
2025-07-31T15:23:39.440205,130.0,317.0,131.0,375.0,233.0,-241.0,30.0,136.0,-393.0,148.0,476.0,-91.0,142.84,308.4,146.75,350.87,229.48,-216.44,9.18,146.13,-390.3,114.75,494.34,-101.31
2025-07-31T15:23:39.444418,175.0,381.0,62.0,402.0,192.0,-168.0,15.0,92.0,-430.0,141.0,432.0,-50.0,187.84,372.4,77.75,377.87,188.48,-143.44,-5.82,102.13,-427.3,107.75,450.34,-60.31
2025-07-31T15:23:39.452500,193.0,349.0,-23.0,315.0,285.0,-223.0,13.0,167.0,-395.0,67.0,393.0,-13.0,205.84,340.4,-7.25,290.87,281.48,-198.44,-7.82,177.13,-392.3,33.75,411.34,-23.310000000000002
2025-07-31T15:23:39.457463,177.0,409.0,85.0,407.0,268.0,-203.0,-19.0,135.0,-363.0,31.0,499.0,35.0,189.84,400.4,100.75,382.87,264.48,-178.44,-39.82,145.13,-360.3,-2.25,517.34,24.689999999999998
2025-07-31T15:23:39.464770,162.0,429.0,-22.0,360.0,180.0,-219.0,-21.0,101.0,-399.0,44.0,470.0,-75.0,174.84,420.4,-6.25,335.87,176.48,-194.44,-41.82,111.13,-396.3,10.75,488.34,-85.31
2025-07-31T15:23:39.472905,214.0,404.0,14.0,396.0,247.0,-200.0,33.0,73.0,-430.0,204.0,493.0,-77.0,226.84,395.4,29.75,371.87,243.48,-175.44,12.18,83.13,-427.3,170.75,511.34,-87.31
2025-07-31T15:23:39.477339,149.0,406.0,77.0,345.0,200.0,-309.0,-12.0,129.0,-346.0,252.0,466.0,-42.0,161.84,397.4,92.75,320.87,196.48,-284.44,-32.82,139.13,-343.3,218.75,484.34,-52.31
2025-07-31T15:23:39.485325,181.0,482.0,68.0,433.0,240.0,-166.0,55.0,202.0,-365.0,91.0,461.0,-57.0,193.84,473.4,83.75,408.87,236.48,-141.44,34.18,212.13,-362.3,57.75,479.34,-67.31
2025-07-31T15:23:39.489655,242.0,409.0,-2.0,328.0,212.0,-247.0,102.0,117.0,-423.0,166.0,439.0,-58.0,254.84,400.4,13.75,303.87,208.48,-222.44,81.18,127.13,-420.3,132.75,457.34,-68.31
2025-07-31T15:23:39.497678,176.0,383.0,-17.0,344.0,190.0,-259.0,-14.0,96.0,-297.0,104.0,475.0,-46.0,188.84,374.4,-1.25,319.87,186.48,-234.44,-34.82,106.13,-294.3,70.75,493.34,-56.31
2025-07-31T15:23:39.505751,117.0,404.0,-59.0,324.0,172.0,-213.0,78.0,109.0,-382.0,121.0,479.0,-124.0,129.84,395.4,-43.25,299.87,168.48,-188.44,57.18,119.13,-379.3,87.75,497.34,-134.31
2025-07-31T15:23:39.510366,298.0,306.0,47.0,319.0,209.0,-213.0,75.0,40.0,-396.0,151.0,362.0,-97.0,310.84,297.4,62.75,294.87,205.48,-188.44,54.18,50.13,-393.3,117.75,380.34,-107.31
2025-07-31T15:23:39.518012,162.0,318.0,50.0,335.0,192.0,-238.0,105.0,137.0,-362.0,161.0,395.0,-32.0,174.84,309.4,65.75,310.87,188.48,-213.44,84.18,147.13,-359.3,127.75,413.34,-42.31
2025-07-31T15:23:39.522336,134.0,375.0,40.0,231.0,111.0,-155.0,55.0,75.0,-299.0,84.0,459.0,-51.0,146.84,366.4,55.75,206.87,107.48,-130.44,34.18,85.13,-296.3,50.75,477.34,-61.31
2025-07-31T15:23:39.530398,206.0,273.0,18.0,269.0,134.0,-236.0,31.0,104.0,-330.0,90.0,335.0,-161.0,218.84,264.4,33.75,244.87,130.48,-211.44,10.18,114.13,-327.3,56.75,353.34,-171.31
2025-07-31T15:23:39.538500,45.0,358.0,91.0,271.0,116.0,-143.0,71.0,59.0,-329.0,175.0,328.0,-96.0,57.84,349.4,106.75,246.87,112.48,-118.44,50.18,69.13,-326.3,141.75,346.34,-106.31
2025-07-31T15:23:39.542742,140.0,293.0,20.0,190.0,190.0,-129.0,63.0,32.0,-338.0,55.0,379.0,-107.0,152.84,284.4,35.75,165.87,186.48,-104.44,42.18,42.13,-335.3,21.75,397.34,-117.31
2025-07-31T15:23:39.550815,153.0,274.0,42.0,254.0,191.0,-171.0,69.0,89.0,-214.0,135.0,266.0,-26.0,165.84,265.4,57.75,229.87,187.48,-146.44,48.18,99.13,-211.3,101.75,284.34,-36.31
2025-07-31T15:23:39.555069,106.0,237.0,54.0,221.0,94.0,-179.0,28.0,90.0,-217.0,54.0,275.0,-5.0,118.84,228.4,69.75,196.87,90.48,-154.44,7.18,100.13,-214.3,20.75,293.34,-15.31
2025-07-31T15:23:39.563138,40.0,244.0,0.0,177.0,152.0,-87.0,92.0,70.0,-191.0,108.0,310.0,34.0,52.84,235.4,15.75,152.87,148.48,-62.44,71.18,80.13,-188.3,74.75,328.34,23.689999999999998
2025-07-31T15:23:39.567467,62.0,167.0,-16.0,87.0,105.0,-159.0,53.0,-13.0,-234.0,74.0,242.0,-81.0,74.84,158.4,-0.25,62.870000000000005,101.48,-134.44,32.18,-2.869999999999999,-231.3,40.75,260.34,-91.31
2025-07-31T15:23:39.575354,171.0,90.0,7.0,167.0,24.0,-117.0,65.0,70.0,-202.0,106.0,211.0,-58.0,183.84,81.4,22.75,142.87,20.48,-92.44,44.18,80.13,-199.3,72.75,229.34,-68.31
2025-07-31T15:23:39.579523,-28.0,139.0,78.0,96.0,71.0,-92.0,66.0,4.0,-173.0,101.0,118.0,-51.0,-15.16,130.4,93.75,71.87,67.48,-67.44,45.18,14.13,-170.3,67.75,136.34,-61.31
2025-07-31T15:23:39.587716,74.0,117.0,27.0,73.0,40.0,-71.0,30.0,48.0,-146.0,97.0,116.0,-52.0,86.84,108.4,42.75,48.870000000000005,36.48,-46.44,9.18,58.13,-143.3,63.75,134.34,-62.31
2025-07-31T15:23:39.595829,-24.0,145.0,-85.0,133.0,104.0,-40.0,70.0,79.0,-172.0,109.0,104.0,-3.0,-11.16,136.4,-69.25,108.87,100.48,-15.440000000000001,49.18,89.13,-169.3,75.75,122.34,-13.31
2025-07-31T15:23:39.600040,34.0,24.0,31.0,69.0,-6.0,-68.0,41.0,16.0,-91.0,107.0,95.0,20.0,46.84,15.4,46.75,44.870000000000005,-9.52,-43.44,20.18,26.130000000000003,-88.3,73.75,113.34,9.69
2025-07-31T15:23:39.604141,-75.0,-12.0,55.0,154.0,3.0,-50.0,27.0,39.0,-134.0,89.0,98.0,23.0,-62.16,-20.6,70.75,129.87,-0.52,-25.44,6.18,49.13,-131.3,55.75,116.34,12.69
2025-07-31T15:23:39.612282,0.0,100.0,-16.0,113.0,-27.0,-54.0,49.0,38.0,-51.0,119.0,32.0,101.0,12.84,91.4,-0.25,88.87,-30.52,-29.44,28.18,48.13,-48.3,85.75,50.34,90.69
2025-07-31T15:23:39.616519,-58.0,112.0,-24.0,96.0,-24.0,11.0,74.0,-5.0,-84.0,69.0,4.0,-10.0,-45.16,103.4,-8.25,71.87,-27.52,35.56,53.18,5.130000000000001,-81.3,35.75,22.34,-20.310000000000002
2025-07-31T15:23:39.624550,-45.0,102.0,-66.0,26.0,-2.0,-21.0,14.0,39.0,-13.0,48.0,29.0,-36.0,-32.16,93.4,-50.25,1.870000000000001,-5.52,3.5599999999999987,-6.82,49.13,-10.3,14.75,47.34,-46.31
2025-07-31T15:23:39.628703,35.0,15.0,-40.0,48.0,57.0,-69.0,23.0,19.0,-65.0,36.0,23.0,45.0,47.84,6.4,-24.25,23.87,53.48,-44.44,2.1799999999999997,29.130000000000003,-62.3,2.75,41.34,34.69
2025-07-31T15:23:39.636734,-20.0,-23.0,53.0,77.0,71.0,-71.0,86.0,19.0,-62.0,60.0,5.0,-35.0,-7.16,-31.6,68.75,52.870000000000005,67.48,-46.44,65.18,29.130000000000003,-59.3,26.75,23.34,-45.31
2025-07-31T15:23:39.640951,-17.0,18.0,5.0,90.0,52.0,-49.0,-2.0,4.0,-68.0,79.0,22.0,11.0,-4.16,9.4,20.75,65.87,48.48,-24.44,-22.82,14.13,-65.3,45.75,40.34,0.6899999999999995
2025-07-31T15:23:39.649264,16.0,15.0,-34.0,36.0,-67.0,-80.0,54.0,2.0,0.0,79.0,1.0,-15.0,28.84,6.4,-18.25,11.870000000000001,-70.52,-55.44,33.18,12.13,2.7,45.75,19.34,-25.310000000000002
2025-07-31T15:23:39.653229,-17.0,9.0,13.0,84.0,-1.0,-36.0,139.0,12.0,-3.0,126.0,19.0,-33.0,-4.16,0.40000000000000036,28.75,59.870000000000005,-4.52,-11.440000000000001,118.18,22.130000000000003,-0.2999999999999998,92.75,37.34,-43.31
2025-07-31T15:23:39.661322,-32.0,24.0,32.0,54.0,24.0,-93.0,46.0,-32.0,-10.0,72.0,43.0,45.0,-19.16,15.4,47.75,29.87,20.48,-68.44,25.18,-21.869999999999997,-7.3,38.75,61.34,34.69
2025-07-31T15:23:39.665500,-42.0,67.0,-60.0,78.0,13.0,-5.0,4.0,-89.0,-17.0,-5.0,-60.0,10.0,-29.16,58.4,-44.25,53.870000000000005,9.48,19.56,-16.82,-78.87,-14.3,-38.25,-41.66,-0.3100000000000005
2025-07-31T15:23:39.673694,7.0,112.0,-70.0,-27.0,2.0,-96.0,-7.0,-26.0,-31.0,45.0,-55.0,91.0,19.84,103.4,-54.25,-51.129999999999995,-1.52,-71.44,-27.82,-15.87,-28.3,11.75,-36.66,80.69
2025-07-31T15:23:39.677799,-5.0,73.0,-77.0,33.0,-33.0,-58.0,-44.0,-43.0,-36.0,40.0,-12.0,-4.0,7.84,64.4,-61.25,8.870000000000001,-36.52,-33.44,-64.82,-32.87,-33.3,6.75,6.34,-14.31
2025-07-31T15:23:39.685883,-6.0,69.0,-48.0,71.0,-4.0,-79.0,27.0,-3.0,28.0,12.0,-18.0,-5.0,6.84,60.4,-32.25,46.870000000000005,-7.52,-54.44,6.18,7.130000000000001,30.7,-21.25,0.33999999999999986,-15.31
2025-07-31T15:23:39.690307,55.0,75.0,-82.0,83.0,23.0,-21.0,-54.0,-13.0,-51.0,42.0,-55.0,22.0,67.84,66.4,-66.25,58.870000000000005,19.48,3.5599999999999987,-74.82,-2.869999999999999,-48.3,8.75,-36.66,11.69
2025-07-31T15:23:39.698362,22.0,43.0,-55.0,76.0,-10.0,-65.0,-5.0,-19.0,-49.0,61.0,2.0,-10.0,34.84,34.4,-39.25,51.870000000000005,-13.52,-40.44,-25.82,-8.87,-46.3,27.75,20.34,-20.310000000000002
2025-07-31T15:23:39.702455,43.0,-35.0,-37.0,40.0,18.0,8.0,-35.0,-60.0,0.0,47.0,0.0,7.0,55.84,-43.6,-21.25,15.870000000000001,14.48,32.56,-55.82,-49.87,2.7,13.75,18.34,-3.3100000000000005
2025-07-31T15:23:39.710387,-10.0,-6.0,-98.0,76.0,13.0,-11.0,10.0,-4.0,-45.0,54.0,-7.0,68.0,2.84,-14.6,-82.25,51.870000000000005,9.48,13.559999999999999,-10.82,6.130000000000001,-42.3,20.75,11.34,57.69
2025-07-31T15:23:39.714723,-1.0,38.0,-56.0,57.0,-10.0,30.0,24.0,-64.0,-56.0,86.0,38.0,-12.0,11.84,29.4,-40.25,32.870000000000005,-13.52,54.56,3.1799999999999997,-53.87,-53.3,52.75,56.34,-22.310000000000002
2025-07-31T15:23:39.722788,-5.0,15.0,-62.0,79.0,-41.0,-31.0,40.0,25.0,1.0,69.0,-17.0,20.0,7.84,6.4,-46.25,54.870000000000005,-44.52,-6.440000000000001,19.18,35.13,3.7,35.75,1.3399999999999999,9.69
2025-07-31T15:23:39.727027,33.0,55.0,-4.0,17.0,73.0,-65.0,17.0,-7.0,-50.0,52.0,-22.0,52.0,45.84,46.4,11.75,-7.129999999999999,69.48,-40.44,-3.8200000000000003,3.130000000000001,-47.3,18.75,-3.66,41.69
2025-07-31T15:23:39.735040,-11.0,-2.0,20.0,-13.0,22.0,-71.0,26.0,-38.0,-88.0,37.0,-7.0,13.0,1.8399999999999999,-10.6,35.75,-37.129999999999995,18.48,-46.44,5.18,-27.869999999999997,-85.3,3.75,11.34,2.6899999999999995
2025-07-31T15:23:39.739430,32.0,42.0,0.0,-38.0,-6.0,-44.0,15.0,40.0,-31.0,47.0,-11.0,22.0,44.84,33.4,15.75,-62.129999999999995,-9.52,-19.44,-5.82,50.13,-28.3,13.75,7.34,11.69
2025-07-31T15:23:39.743506,-32.0,9.0,66.0,74.0,-28.0,-81.0,0.0,-10.0,-4.0,63.0,-43.0,82.0,-19.16,0.40000000000000036,81.75,49.870000000000005,-31.52,-56.44,-20.82,0.13000000000000078,-1.2999999999999998,29.75,-24.66,71.69
2025-07-31T15:23:39.751592,6.0,0.0,9.0,14.0,-67.0,-60.0,-37.0,-28.0,-43.0,69.0,-45.0,-34.0,18.84,-8.6,24.75,-10.129999999999999,-70.52,-35.44,-57.82,-17.869999999999997,-40.3,35.75,-26.66,-44.31
2025-07-31T15:23:39.756716,-61.0,36.0,16.0,41.0,-29.0,-12.0,62.0,62.0,42.0,14.0,-59.0,1.0,-48.16,27.4,31.75,16.87,-32.52,12.559999999999999,41.18,72.13,44.7,-19.25,-40.66,-9.31
2025-07-31T15:23:39.763736,-50.0,56.0,-21.0,49.0,19.0,-2.0,43.0,5.0,-50.0,52.0,16.0,0.0,-37.16,47.4,-5.25,24.87,15.48,22.56,22.18,15.13,-47.3,18.75,34.34,-10.31
2025-07-31T15:23:39.768926,-43.0,75.0,-64.0,-19.0,19.0,-23.0,62.0,3.0,-42.0,65.0,-19.0,9.0,-30.16,66.4,-48.25,-43.129999999999995,15.48,1.5599999999999987,41.18,13.13,-39.3,31.75,-0.6600000000000001,-1.3100000000000005
2025-07-31T15:23:39.776282,-22.0,84.0,-15.0,31.0,-40.0,-42.0,0.0,0.0,-22.0,51.0,-69.0,-8.0,-9.16,75.4,0.75,6.870000000000001,-43.52,-17.44,-20.82,10.13,-19.3,17.75,-50.66,-18.310000000000002
2025-07-31T15:23:39.781346,-16.0,54.0,-40.0,36.0,27.0,-74.0,14.0,17.0,-71.0,66.0,-81.0,45.0,-3.16,45.4,-24.25,11.870000000000001,23.48,-49.44,-6.82,27.130000000000003,-68.3,32.75,-62.66,34.69
2025-07-31T15:23:39.788416,77.0,-14.0,-106.0,24.0,32.0,-82.0,17.0,55.0,-4.0,90.0,-58.0,8.0,89.84,-22.6,-90.25,-0.129999999999999,28.48,-57.44,-3.8200000000000003,65.13,-1.2999999999999998,56.75,-39.66,-2.3100000000000005
2025-07-31T15:23:39.793322,-6.0,-2.0,15.0,51.0,-23.0,-50.0,50.0,-7.0,-24.0,80.0,17.0,13.0,6.84,-10.6,30.75,26.87,-26.52,-25.44,29.18,3.130000000000001,-21.3,46.75,35.34,2.6899999999999995
2025-07-31T15:23:39.800628,-94.0,-9.0,48.0,61.0,-44.0,-2.0,15.0,-41.0,-9.0,68.0,5.0,-19.0,-81.16,-17.6,63.75,36.870000000000005,-47.52,22.56,-5.82,-30.869999999999997,-6.3,34.75,23.34,-29.310000000000002
2025-07-31T15:23:39.804796,-38.0,-3.0,-7.0,2.0,4.0,-21.0,66.0,-4.0,-64.0,54.0,35.0,10.0,-25.16,-11.6,8.75,-22.13,0.48,3.5599999999999987,45.18,6.130000000000001,-61.3,20.75,53.34,-0.3100000000000005
2025-07-31T15:23:39.813069,-33.0,8.0,-47.0,91.0,-28.0,-61.0,13.0,-42.0,-25.0,7.0,18.0,-59.0,-20.16,-0.5999999999999996,-31.25,66.87,-31.52,-36.44,-7.82,-31.869999999999997,-22.3,-26.25,36.34,-69.31
2025-07-31T15:23:39.817308,-51.0,10.0,22.0,19.0,-22.0,-117.0,-10.0,27.0,-10.0,63.0,2.0,-70.0,-38.16,1.4000000000000004,37.75,-5.129999999999999,-25.52,-92.44,-30.82,37.13,-7.3,29.75,20.34,-80.31
2025-07-31T15:23:39.825333,-81.0,79.0,-20.0,28.0,36.0,-21.0,25.0,-2.0,-21.0,35.0,18.0,-41.0,-68.16,70.4,-4.25,3.870000000000001,32.48,3.5599999999999987,4.18,8.13,-18.3,1.75,36.34,-51.31
2025-07-31T15:23:39.829497,-23.0,95.0,-78.0,-77.0,-4.0,-65.0,-34.0,55.0,-48.0,41.0,21.0,-50.0,-10.16,86.4,-62.25,-101.13,-7.52,-40.44,-54.82,65.13,-45.3,7.75,39.34,-60.31
2025-07-31T15:23:39.837512,12.0,32.0,-66.0,73.0,39.0,-52.0,78.0,40.0,-52.0,75.0,-102.0,-65.0,24.84,23.4,-50.25,48.870000000000005,35.48,-27.44,57.18,50.13,-49.3,41.75,-83.66,-75.31
2025-07-31T15:23:39.841793,-7.0,-22.0,-2.0,74.0,-14.0,-28.0,34.0,14.0,-69.0,1.0,-25.0,-53.0,5.84,-30.6,13.75,49.870000000000005,-17.52,-3.4400000000000013,13.18,24.130000000000003,-66.3,-32.25,-6.66,-63.31
2025-07-31T15:23:39.849754,37.0,76.0,-55.0,39.0,27.0,-30.0,60.0,15.0,-33.0,40.0,31.0,-110.0,49.84,67.4,-39.25,14.870000000000001,23.48,-5.440000000000001,39.18,25.130000000000003,-30.3,6.75,49.34,-120.31
2025-07-31T15:23:39.854026,-76.0,0.0,-32.0,4.0,10.0,-35.0,-6.0,45.0,-57.0,7.0,32.0,-63.0,-63.16,-8.6,-16.25,-20.13,6.48,-10.440000000000001,-26.82,55.13,-54.3,-26.25,50.34,-73.31
2025-07-31T15:23:39.862157,33.0,16.0,7.0,54.0,-21.0,-35.0,57.0,-111.0,11.0,30.0,53.0,23.0,45.84,7.4,22.75,29.87,-24.52,-10.440000000000001,36.18,-100.87,13.7,-3.25,71.34,12.69
2025-07-31T15:23:39.866337,-17.0,-28.0,-56.0,-41.0,-53.0,-98.0,59.0,25.0,-18.0,15.0,67.0,-82.0,-4.16,-36.6,-40.25,-65.13,-56.52,-73.44,38.18,35.13,-15.3,-18.25,85.34,-92.31
2025-07-31T15:23:39.874507,-35.0,91.0,31.0,46.0,29.0,-39.0,-5.0,-38.0,-18.0,-60.0,49.0,-10.0,-22.16,82.4,46.75,21.87,25.48,-14.440000000000001,-25.82,-27.869999999999997,-15.3,-93.25,67.34,-20.310000000000002
2025-07-31T15:23:39.878604,-82.0,82.0,-35.0,78.0,16.0,-113.0,66.0,-6.0,-44.0,-34.0,44.0,-10.0,-69.16,73.4,-19.25,53.870000000000005,12.48,-88.44,45.18,4.130000000000001,-41.3,-67.25,62.34,-20.310000000000002
2025-07-31T15:23:39.886648,14.0,42.0,-41.0,43.0,41.0,-42.0,-8.0,28.0,-59.0,1.0,62.0,-101.0,26.84,33.4,-25.25,18.87,37.48,-17.44,-28.82,38.13,-56.3,-32.25,80.34,-111.31
2025-07-31T15:23:39.890863,47.0,-66.0,-24.0,68.0,86.0,-100.0,27.0,66.0,-75.0,81.0,-24.0,-76.0,59.84,-74.6,-8.25,43.870000000000005,82.48,-75.44,6.18,76.13,-72.3,47.75,-5.66,-86.31
2025-07-31T15:23:39.898972,107.0,-14.0,24.0,44.0,-12.0,-31.0,15.0,-24.0,-47.0,-16.0,-21.0,-9.0,119.84,-22.6,39.75,19.87,-15.52,-6.440000000000001,-5.82,-13.87,-44.3,-49.25,-2.66,-19.310000000000002
2025-07-31T15:23:39.903270,-37.0,4.0,27.0,-36.0,-79.0,-19.0,-59.0,-4.0,-24.0,3.0,3.0,-42.0,-24.16,-4.6,42.75,-60.129999999999995,-82.52,5.559999999999999,-79.82,6.130000000000001,-21.3,-30.25,21.34,-52.31
2025-07-31T15:23:39.911223,24.0,-52.0,-38.0,-13.0,89.0,5.0,2.0,-40.0,-46.0,-48.0,32.0,-62.0,36.84,-60.6,-22.25,-37.129999999999995,85.48,29.56,-18.82,-29.869999999999997,-43.3,-81.25,50.34,-72.31
2025-07-31T15:23:39.915462,-38.0,-44.0,17.0,75.0,24.0,-31.0,-19.0,60.0,-128.0,-21.0,7.0,-73.0,-25.16,-52.6,32.75,50.870000000000005,20.48,-6.440000000000001,-39.82,70.13,-125.3,-54.25,25.34,-83.31
2025-07-31T15:23:39.923533,-101.0,83.0,-15.0,23.0,-1.0,-34.0,63.0,-36.0,-20.0,-20.0,41.0,-34.0,-88.16,74.4,0.75,-1.129999999999999,-4.52,-9.440000000000001,42.18,-25.869999999999997,-17.3,-53.25,59.34,-44.31
2025-07-31T15:23:39.927875,15.0,61.0,-67.0,41.0,-14.0,-27.0,12.0,36.0,-78.0,-6.0,-26.0,-20.0,27.84,52.4,-51.25,16.87,-17.52,-2.4400000000000013,-8.82,46.13,-75.3,-39.25,-7.66,-30.310000000000002
2025-07-31T15:23:39.935816,-8.0,119.0,-32.0,36.0,28.0,-69.0,3.0,50.0,-59.0,-23.0,46.0,-76.0,4.84,110.4,-16.25,11.870000000000001,24.48,-44.44,-17.82,60.13,-56.3,-56.25,64.34,-86.31
2025-07-31T15:23:39.940190,6.0,-4.0,-51.0,55.0,-67.0,-73.0,94.0,-15.0,-97.0,5.0,-13.0,-38.0,18.84,-12.6,-35.25,30.87,-70.52,-48.44,73.18,-4.869999999999999,-94.3,-28.25,5.34,-48.31
2025-07-31T15:23:39.948021,-22.0,22.0,-48.0,34.0,31.0,-99.0,75.0,16.0,-60.0,-7.0,101.0,-54.0,-9.16,13.4,-32.25,9.870000000000001,27.48,-74.44,54.18,26.130000000000003,-57.3,-40.25,119.34,-64.31
2025-07-31T15:23:39.952290,22.0,52.0,29.0,46.0,-5.0,-56.0,-37.0,-33.0,-59.0,43.0,84.0,-66.0,34.84,43.4,44.75,21.87,-8.52,-31.44,-57.82,-22.869999999999997,-56.3,9.75,102.34,-76.31
2025-07-31T15:23:39.957410,-44.0,46.0,31.0,-5.0,38.0,-89.0,66.0,25.0,-18.0,6.0,38.0,-3.0,-31.16,37.4,46.75,-29.13,34.48,-64.44,45.18,35.13,-15.3,-27.25,56.34,-13.31
2025-07-31T15:23:39.964528,-55.0,13.0,-28.0,-45.0,-5.0,-73.0,68.0,44.0,-26.0,16.0,34.0,-26.0,-42.16,4.4,-12.25,-69.13,-8.52,-48.44,47.18,54.13,-23.3,-17.25,52.34,-36.31
2025-07-31T15:23:39.969773,-13.0,24.0,-25.0,54.0,5.0,-37.0,-2.0,30.0,-110.0,-35.0,49.0,-56.0,-0.16000000000000014,15.4,-9.25,29.87,1.48,-12.440000000000001,-22.82,40.13,-107.3,-68.25,67.34,-66.31
2025-07-31T15:23:39.976813,-101.0,-36.0,-74.0,38.0,68.0,-1.0,53.0,2.0,-77.0,-23.0,34.0,-27.0,-88.16,-44.6,-58.25,13.870000000000001,64.48,23.56,32.18,12.13,-74.3,-56.25,52.34,-37.31
2025-07-31T15:23:39.981775,38.0,53.0,-134.0,-9.0,-72.0,-59.0,55.0,-29.0,-38.0,-34.0,59.0,-86.0,50.84,44.4,-118.25,-33.129999999999995,-75.52,-34.44,34.18,-18.869999999999997,-35.3,-67.25,77.34,-96.31
2025-07-31T15:23:39.989168,10.0,4.0,-97.0,-7.0,-39.0,-12.0,82.0,-78.0,-46.0,53.0,13.0,-52.0,22.84,-4.6,-81.25,-31.13,-42.52,12.559999999999999,61.18,-67.87,-43.3,19.75,31.34,-62.31
2025-07-31T15:23:39.993444,13.0,-31.0,-93.0,85.0,64.0,16.0,47.0,-8.0,-61.0,-11.0,61.0,-8.0,25.84,-39.6,-77.25,60.870000000000005,60.48,40.56,26.18,2.130000000000001,-58.3,-44.25,79.34,-18.310000000000002
2025-07-31T15:23:40.001410,-13.0,-30.0,-46.0,24.0,9.0,-15.0,-33.0,27.0,-33.0,-90.0,53.0,-3.0,-0.16000000000000014,-38.6,-30.25,-0.129999999999999,5.48,9.559999999999999,-53.82,37.13,-30.3,-123.25,71.34,-13.31
2025-07-31T15:23:40.005495,-9.0,-5.0,65.0,52.0,-98.0,-61.0,46.0,-41.0,-38.0,7.0,7.0,-45.0,3.84,-13.6,80.75,27.87,-101.52,-36.44,25.18,-30.869999999999997,-35.3,-26.25,25.34,-55.31
2025-07-31T15:23:40.013590,-51.0,-35.0,-6.0,100.0,68.0,-33.0,30.0,20.0,24.0,-29.0,23.0,-58.0,-38.16,-43.6,9.75,75.87,64.48,-8.440000000000001,9.18,30.130000000000003,26.7,-62.25,41.34,-68.31
2025-07-31T15:23:40.017786,-30.0,-44.0,-9.0,139.0,21.0,-69.0,50.0,4.0,-12.0,-3.0,-1.0,30.0,-17.16,-52.6,6.75,114.87,17.48,-44.44,29.18,14.13,-9.3,-36.25,17.34,19.689999999999998
2025-07-31T15:23:40.025755,-96.0,8.0,-20.0,62.0,47.0,4.0,5.0,-10.0,-62.0,36.0,79.0,-85.0,-83.16,-0.5999999999999996,-4.25,37.870000000000005,43.48,28.56,-15.82,0.13000000000000078,-59.3,2.75,97.34,-95.31
2025-07-31T15:23:40.030128,-89.0,-10.0,-31.0,-21.0,48.0,-58.0,14.0,48.0,-77.0,-31.0,-28.0,-48.0,-76.16,-18.6,-15.25,-45.129999999999995,44.48,-33.44,-6.82,58.13,-74.3,-64.25,-9.66,-58.31
2025-07-31T15:23:40.038181,-68.0,68.0,10.0,70.0,54.0,-136.0,-26.0,14.0,-7.0,-25.0,-31.0,4.0,-55.16,59.4,25.75,45.870000000000005,50.48,-111.44,-46.82,24.130000000000003,-4.3,-58.25,-12.66,-6.3100000000000005
2025-07-31T15:23:40.042368,-55.0,7.0,-125.0,53.0,5.0,25.0,33.0,-30.0,-11.0,31.0,-8.0,-31.0,-42.16,-1.5999999999999996,-109.25,28.87,1.48,49.56,12.18,-19.869999999999997,-8.3,-2.25,10.34,-41.31
2025-07-31T15:23:40.050402,-61.0,90.0,-31.0,95.0,-39.0,-61.0,43.0,-37.0,-20.0,8.0,112.0,-14.0,-48.16,81.4,-15.25,70.87,-42.52,-36.44,22.18,-26.869999999999997,-17.3,-25.25,130.34,-24.310000000000002
2025-07-31T15:23:40.054831,-34.0,57.0,-56.0,4.0,10.0,-59.0,42.0,-86.0,-26.0,1.0,26.0,-59.0,-21.16,48.4,-40.25,-20.13,6.48,-34.44,21.18,-75.87,-23.3,-32.25,44.34,-69.31
2025-07-31T15:23:40.062776,-17.0,21.0,-14.0,-38.0,41.0,-115.0,48.0,-85.0,-23.0,9.0,13.0,-32.0,-4.16,12.4,1.75,-62.129999999999995,37.48,-90.44,27.18,-74.87,-20.3,-24.25,31.34,-42.31
2025-07-31T15:23:40.067015,53.0,-15.0,11.0,59.0,61.0,-64.0,66.0,-50.0,6.0,-1.0,-30.0,-86.0,65.84,-23.6,26.75,34.870000000000005,57.48,-39.44,45.18,-39.87,8.7,-34.25,-11.66,-96.31
2025-07-31T15:23:40.075059,14.0,47.0,18.0,76.0,19.0,-75.0,33.0,-8.0,-17.0,4.0,8.0,-58.0,26.84,38.4,33.75,51.870000000000005,15.48,-50.44,12.18,2.130000000000001,-14.3,-29.25,26.34,-68.31
2025-07-31T15:23:40.079256,-33.0,6.0,29.0,10.0,16.0,-93.0,41.0,-34.0,-71.0,21.0,7.0,-48.0,-20.16,-2.5999999999999996,44.75,-14.129999999999999,12.48,-68.44,20.18,-23.869999999999997,-68.3,-12.25,25.34,-58.31
2025-07-31T15:23:40.087326,92.0,9.0,-11.0,80.0,8.0,-107.0,23.0,-72.0,-42.0,32.0,99.0,-36.0,104.84,0.40000000000000036,4.75,55.870000000000005,4.48,-82.44,2.1799999999999997,-61.87,-39.3,-1.25,117.34,-46.31
2025-07-31T15:23:40.092182,-66.0,-46.0,-23.0,41.0,69.0,-68.0,-32.0,7.0,-37.0,-52.0,41.0,-48.0,-53.16,-54.6,-7.25,16.87,65.48,-43.44,-52.82,17.130000000000003,-34.3,-85.25,59.34,-58.31
2025-07-31T15:23:40.099547,-102.0,27.0,55.0,36.0,34.0,46.0,11.0,-7.0,9.0,-12.0,-17.0,-50.0,-89.16,18.4,70.75,11.870000000000001,30.48,70.56,-9.82,3.130000000000001,11.7,-45.25,1.3399999999999999,-60.31
2025-07-31T15:23:40.103770,-42.0,43.0,-47.0,7.0,-1.0,-79.0,52.0,-21.0,-10.0,41.0,57.0,-7.0,-29.16,34.4,-31.25,-17.13,-4.52,-54.44,31.18,-10.87,-7.3,7.75,75.34,-17.310000000000002
2025-07-31T15:23:40.111877,-45.0,64.0,-75.0,3.0,58.0,-101.0,-16.0,-49.0,4.0,51.0,-24.0,-20.0,-32.16,55.4,-59.25,-21.13,54.48,-76.44,-36.82,-38.87,6.7,17.75,-5.66,-30.310000000000002
2025-07-31T15:23:40.116145,-1.0,96.0,-57.0,73.0,14.0,-79.0,33.0,-24.0,10.0,-29.0,32.0,-48.0,11.84,87.4,-41.25,48.870000000000005,10.48,-54.44,12.18,-13.87,12.7,-62.25,50.34,-58.31
2025-07-31T15:23:40.124051,-12.0,-21.0,-96.0,59.0,16.0,-71.0,-48.0,-8.0,-20.0,47.0,54.0,-35.0,0.8399999999999999,-29.6,-80.25,34.870000000000005,12.48,-46.44,-68.82,2.130000000000001,-17.3,13.75,72.34,-45.31
2025-07-31T15:23:40.128335,47.0,16.0,-41.0,67.0,-62.0,13.0,60.0,35.0,-47.0,36.0,42.0,-31.0,59.84,7.4,-25.25,42.870000000000005,-65.52,37.56,39.18,45.13,-44.3,2.75,60.34,-41.31
2025-07-31T15:23:40.133107,14.0,63.0,6.0,11.0,-13.0,-48.0,-4.0,-20.0,-91.0,27.0,-1.0,-17.0,26.84,54.4,21.75,-13.129999999999999,-16.52,-23.44,-24.82,-9.87,-88.3,-6.25,17.34,-27.310000000000002
2025-07-31T15:23:40.140719,-70.0,-5.0,28.0,34.0,-46.0,-45.0,81.0,-36.0,-14.0,-27.0,2.0,-40.0,-57.16,-13.6,43.75,9.870000000000001,-49.52,-20.44,60.18,-25.869999999999997,-11.3,-60.25,20.34,-50.31
2025-07-31T15:23:40.145472,-18.0,11.0,-10.0,15.0,35.0,-5.0,-2.0,58.0,-35.0,-26.0,10.0,-78.0,-5.16,2.4000000000000004,5.75,-9.129999999999999,31.48,19.56,-22.82,68.13,-32.3,-59.25,28.34,-88.31
2025-07-31T15:23:40.153037,-65.0,74.0,18.0,42.0,-3.0,-53.0,4.0,-19.0,-61.0,-67.0,47.0,-43.0,-52.16,65.4,33.75,17.87,-6.52,-28.44,-16.82,-8.87,-58.3,-100.25,65.34,-53.31
2025-07-31T15:23:40.157740,-47.0,69.0,-1.0,113.0,25.0,-58.0,11.0,-21.0,-81.0,-54.0,7.0,-81.0,-34.16,60.4,14.75,88.87,21.48,-33.44,-9.82,-10.87,-78.3,-87.25,25.34,-91.31
2025-07-31T15:23:40.165303,-107.0,56.0,-91.0,50.0,-7.0,-30.0,43.0,23.0,-73.0,-47.0,65.0,2.0,-94.16,47.4,-75.25,25.87,-10.52,-5.440000000000001,22.18,33.13,-70.3,-80.25,83.34,-8.31
2025-07-31T15:23:40.169557,48.0,21.0,-90.0,110.0,-2.0,-76.0,37.0,81.0,-32.0,6.0,16.0,-25.0,60.84,12.4,-74.25,85.87,-5.52,-51.44,16.18,91.13,-29.3,-27.25,34.34,-35.31
2025-07-31T15:23:40.177608,65.0,-19.0,-68.0,57.0,-60.0,11.0,-90.0,50.0,-26.0,-35.0,-10.0,-40.0,77.84,-27.6,-52.25,32.870000000000005,-63.52,35.56,-110.82,60.13,-23.3,-68.25,8.34,-50.31
2025-07-31T15:23:40.182702,55.0,-3.0,-10.0,12.0,17.0,-76.0,49.0,-32.0,-37.0,29.0,50.0,-16.0,67.84,-11.6,5.75,-12.129999999999999,13.48,-51.44,28.18,-21.869999999999997,-34.3,-4.25,68.34,-26.310000000000002
2025-07-31T15:23:40.189665,-22.0,33.0,18.0,-36.0,96.0,-43.0,19.0,-23.0,10.0,-22.0,35.0,14.0,-9.16,24.4,33.75,-60.129999999999995,92.48,-18.44,-1.8200000000000003,-12.87,12.7,-55.25,53.34,3.6899999999999995
2025-07-31T15:23:40.194869,-99.0,88.0,-26.0,78.0,34.0,-56.0,1.0,-55.0,-33.0,-52.0,45.0,-42.0,-86.16,79.4,-10.25,53.870000000000005,30.48,-31.44,-19.82,-44.87,-30.3,-85.25,63.34,-52.31
2025-07-31T15:23:40.202137,-76.0,46.0,13.0,105.0,-23.0,-42.0,22.0,11.0,-10.0,28.0,85.0,-95.0,-63.16,37.4,28.75,80.87,-26.52,-17.44,1.1799999999999997,21.130000000000003,-7.3,-5.25,103.34,-105.31
2025-07-31T15:23:40.207288,-53.0,86.0,-51.0,22.0,-22.0,-14.0,12.0,30.0,-33.0,-46.0,65.0,-19.0,-40.16,77.4,-35.25,-2.129999999999999,-25.52,10.559999999999999,-8.82,40.13,-30.3,-79.25,83.34,-29.310000000000002
2025-07-31T15:23:40.214387,-54.0,39.0,-79.0,99.0,12.0,-37.0,64.0,0.0,-57.0,14.0,56.0,-69.0,-41.16,30.4,-63.25,74.87,8.48,-12.440000000000001,43.18,10.13,-54.3,-19.25,74.34,-79.31
2025-07-31T15:23:40.218633,-10.0,-23.0,-124.0,26.0,60.0,-89.0,52.0,-19.0,-39.0,45.0,32.0,-62.0,2.84,-31.6,-108.25,1.870000000000001,56.48,-64.44,31.18,-8.87,-36.3,11.75,50.34,-72.31
2025-07-31T15:23:40.226560,-1.0,-62.0,-8.0,18.0,43.0,-57.0,19.0,36.0,-68.0,44.0,4.0,9.0,11.84,-70.6,7.75,-6.129999999999999,39.48,-32.44,-1.8200000000000003,46.13,-65.3,10.75,22.34,-1.3100000000000005
2025-07-31T15:23:40.230845,-2.0,50.0,-57.0,-33.0,25.0,-95.0,41.0,-38.0,24.0,-3.0,32.0,-13.0,10.84,41.4,-41.25,-57.129999999999995,21.48,-70.44,20.18,-27.869999999999997,26.7,-36.25,50.34,-23.310000000000002
2025-07-31T15:23:40.238808,-45.0,28.0,17.0,65.0,41.0,-102.0,-43.0,-20.0,-50.0,2.0,88.0,-4.0,-32.16,19.4,32.75,40.870000000000005,37.48,-77.44,-63.82,-9.87,-47.3,-31.25,106.34,-14.31
2025-07-31T15:23:40.243117,-72.0,-35.0,-18.0,103.0,-46.0,-44.0,111.0,-15.0,-26.0,-16.0,24.0,23.0,-59.16,-43.6,-2.25,78.87,-49.52,-19.44,90.18,-4.869999999999999,-23.3,-49.25,42.34,12.69
2025-07-31T15:23:40.251151,-34.0,32.0,-38.0,-30.0,-86.0,0.0,10.0,51.0,-47.0,-8.0,44.0,-23.0,-21.16,23.4,-22.25,-54.129999999999995,-89.52,24.56,-10.82,61.13,-44.3,-41.25,62.34,-33.31
2025-07-31T15:23:40.255446,-98.0,32.0,-111.0,14.0,8.0,-46.0,0.0,-9.0,14.0,5.0,50.0,-31.0,-85.16,23.4,-95.25,-10.129999999999999,4.48,-21.44,-20.82,1.1300000000000008,16.7,-28.25,68.34,-41.31
2025-07-31T15:23:40.263470,-27.0,88.0,-96.0,34.0,-36.0,-63.0,-8.0,28.0,-29.0,-7.0,49.0,-110.0,-14.16,79.4,-80.25,9.870000000000001,-39.52,-38.44,-28.82,38.13,-26.3,-40.25,67.34,-120.31
2025-07-31T15:23:40.267775,26.0,33.0,-86.0,34.0,-32.0,-56.0,-12.0,10.0,-58.0,-5.0,25.0,-7.0,38.84,24.4,-70.25,9.870000000000001,-35.52,-31.44,-32.82,20.130000000000003,-55.3,-38.25,43.34,-17.310000000000002
2025-07-31T15:23:40.275677,64.0,-1.0,-76.0,0.0,13.0,-85.0,13.0,50.0,-14.0,20.0,25.0,-78.0,76.84,-9.6,-60.25,-24.13,9.48,-60.44,-7.82,60.13,-11.3,-13.25,43.34,-88.31
2025-07-31T15:23:40.280828,22.0,78.0,-59.0,119.0,-14.0,-71.0,-7.0,36.0,-50.0,5.0,-6.0,-35.0,34.84,69.4,-43.25,94.87,-17.52,-46.44,-27.82,46.13,-47.3,-28.25,12.34,-45.31
2025-07-31T15:23:40.287928,27.0,2.0,-24.0,104.0,11.0,-96.0,8.0,27.0,-11.0,-9.0,8.0,-13.0,39.84,-6.6,-8.25,79.87,7.48,-71.44,-12.82,37.13,-8.3,-42.25,26.34,-23.310000000000002
2025-07-31T15:23:40.292263,-2.0,52.0,-57.0,2.0,18.0,-60.0,8.0,9.0,-59.0,16.0,43.0,-78.0,10.84,43.4,-41.25,-22.13,14.48,-35.44,-12.82,19.130000000000003,-56.3,-17.25,61.34,-88.31
2025-07-31T15:23:40.300193,65.0,64.0,-70.0,47.0,-62.0,-52.0,3.0,-19.0,-31.0,33.0,-8.0,-24.0,77.84,55.4,-54.25,22.87,-65.52,-27.44,-17.82,-8.87,-28.3,-0.25,10.34,-34.31
2025-07-31T15:23:40.304429,41.0,45.0,-56.0,51.0,-63.0,-70.0,-23.0,-8.0,-74.0,64.0,36.0,-91.0,53.84,36.4,-40.25,26.87,-66.52,-45.44,-43.82,2.130000000000001,-71.3,30.75,54.34,-101.31
2025-07-31T15:23:40.312613,30.0,-35.0,-115.0,-10.0,-2.0,-44.0,-63.0,-14.0,-2.0,-28.0,47.0,-95.0,42.84,-43.6,-99.25,-34.129999999999995,-5.52,-19.44,-83.82,-3.869999999999999,0.7000000000000002,-61.25,65.34,-105.31
2025-07-31T15:23:40.316787,-28.0,-18.0,12.0,30.0,2.0,-60.0,-36.0,28.0,-74.0,-76.0,68.0,-32.0,-15.16,-26.6,27.75,5.870000000000001,-1.52,-35.44,-56.82,38.13,-71.3,-109.25,86.34,-42.31
2025-07-31T15:23:40.324871,-97.0,-2.0,-76.0,38.0,-19.0,-79.0,-54.0,-7.0,18.0,-12.0,61.0,-58.0,-84.16,-10.6,-60.25,13.870000000000001,-22.52,-54.44,-74.82,3.130000000000001,20.7,-45.25,79.34,-68.31
2025-07-31T15:23:40.329118,-59.0,19.0,6.0,59.0,-22.0,-59.0,41.0,-55.0,-51.0,19.0,31.0,-79.0,-46.16,10.4,21.75,34.870000000000005,-25.52,-34.44,20.18,-44.87,-48.3,-14.25,49.34,-89.31
2025-07-31T15:23:40.333349,5.0,25.0,29.0,-22.0,-52.0,-19.0,73.0,-52.0,-52.0,15.0,56.0,-53.0,17.84,16.4,44.75,-46.129999999999995,-55.52,5.559999999999999,52.18,-41.87,-49.3,-18.25,74.34,-63.31
2025-07-31T15:23:40.341337,-99.0,64.0,-64.0,34.0,-30.0,-27.0,159.0,-63.0,-59.0,-2.0,2.0,-86.0,-86.16,55.4,-48.25,9.870000000000001,-33.52,-2.4400000000000013,138.18,-52.87,-56.3,-35.25,20.34,-96.31
2025-07-31T15:23:40.349285,-36.0,47.0,-25.0,27.0,-38.0,-44.0,-10.0,-15.0,-31.0,-18.0,18.0,-59.0,-23.16,38.4,-9.25,2.870000000000001,-41.52,-19.44,-30.82,-4.869999999999999,-28.3,-51.25,36.34,-69.31
2025-07-31T15:23:40.353759,7.0,19.0,-116.0,77.0,-1.0,-67.0,44.0,-23.0,-32.0,60.0,12.0,-48.0,19.84,10.4,-100.25,52.870000000000005,-4.52,-42.44,23.18,-12.87,-29.3,26.75,30.34,-58.31
2025-07-31T15:23:40.358364,35.0,-46.0,10.0,7.0,20.0,-8.0,35.0,37.0,-53.0,11.0,37.0,22.0,47.84,-54.6,25.75,-17.13,16.48,16.56,14.18,47.13,-50.3,-22.25,55.34,11.69
2025-07-31T15:23:40.365808,-58.0,-9.0,-17.0,60.0,70.0,-87.0,12.0,-8.0,-44.0,55.0,60.0,-27.0,-45.16,-17.6,-1.25,35.870000000000005,66.48,-62.44,-8.82,2.130000000000001,-41.3,21.75,78.34,-37.31
2025-07-31T15:23:40.370656,-74.0,32.0,11.0,38.0,-52.0,-75.0,3.0,13.0,48.0,-7.0,55.0,-68.0,-61.16,23.4,26.75,13.870000000000001,-55.52,-50.44,-17.82,23.130000000000003,50.7,-40.25,73.34,-78.31
2025-07-31T15:23:40.378235,-85.0,-26.0,-29.0,93.0,-86.0,15.0,26.0,-40.0,-57.0,-11.0,85.0,-52.0,-72.16,-34.6,-13.25,68.87,-89.52,39.56,5.18,-29.869999999999997,-54.3,-44.25,103.34,-62.31
2025-07-31T15:23:40.383008,-62.0,49.0,-78.0,5.0,-1.0,-61.0,41.0,10.0,17.0,22.0,39.0,-60.0,-49.16,40.4,-62.25,-19.13,-4.52,-36.44,20.18,20.130000000000003,19.7,-11.25,57.34,-70.31
2025-07-31T15:23:40.390710,-12.0,104.0,13.0,39.0,-25.0,-64.0,32.0,-32.0,-6.0,-11.0,42.0,-26.0,0.8399999999999999,95.4,28.75,14.870000000000001,-28.52,-39.44,11.18,-21.869999999999997,-3.3,-44.25,60.34,-36.31
2025-07-31T15:23:40.394902,16.0,38.0,-72.0,54.0,27.0,-61.0,70.0,-2.0,-46.0,-63.0,-28.0,-33.0,28.84,29.4,-56.25,29.87,23.48,-36.44,49.18,8.13,-43.3,-96.25,-9.66,-43.31
2025-07-31T15:23:40.402741,-23.0,21.0,-79.0,2.0,12.0,-48.0,74.0,-62.0,-7.0,6.0,59.0,-12.0,-10.16,12.4,-63.25,-22.13,8.48,-23.44,53.18,-51.87,-4.3,-27.25,77.34,-22.310000000000002
2025-07-31T15:23:40.406902,17.0,48.0,-107.0,51.0,103.0,-40.0,61.0,-8.0,4.0,-23.0,-13.0,-60.0,29.84,39.4,-91.25,26.87,99.48,-15.440000000000001,40.18,2.130000000000001,6.7,-56.25,5.34,-70.31
2025-07-31T15:23:40.415127,71.0,-28.0,-63.0,55.0,20.0,-128.0,37.0,-45.0,-25.0,-20.0,60.0,-84.0,83.84,-36.6,-47.25,30.87,16.48,-103.44,16.18,-34.87,-22.3,-53.25,78.34,-94.31
2025-07-31T15:23:40.419315,-1.0,-32.0,36.0,98.0,-71.0,-59.0,21.0,-3.0,-25.0,-51.0,26.0,-16.0,11.84,-40.6,51.75,73.87,-74.52,-34.44,0.17999999999999972,7.130000000000001,-22.3,-84.25,44.34,-26.310000000000002
2025-07-31T15:23:40.427286,-46.0,25.0,-1.0,137.0,21.0,-56.0,32.0,-57.0,-45.0,-96.0,-4.0,-61.0,-33.16,16.4,14.75,112.87,17.48,-31.44,11.18,-46.87,-42.3,-129.25,14.34,-71.31
2025-07-31T15:23:40.431542,-4.0,117.0,-32.0,28.0,2.0,-33.0,6.0,56.0,13.0,-10.0,-7.0,-41.0,8.84,108.4,-16.25,3.870000000000001,-1.52,-8.440000000000001,-14.82,66.13,15.7,-43.25,11.34,-51.31
2025-07-31T15:23:40.439679,-45.0,50.0,-47.0,28.0,-12.0,-5.0,75.0,15.0,-43.0,-10.0,1.0,-58.0,-32.16,41.4,-31.25,3.870000000000001,-15.52,19.56,54.18,25.130000000000003,-40.3,-43.25,19.34,-68.31
2025-07-31T15:23:40.443963,-19.0,96.0,-29.0,16.0,24.0,-68.0,46.0,-67.0,-11.0,-19.0,72.0,-63.0,-6.16,87.4,-13.25,-8.129999999999999,20.48,-43.44,25.18,-56.87,-8.3,-52.25,90.34,-73.31
2025-07-31T15:23:40.451876,-12.0,44.0,-76.0,85.0,45.0,-61.0,63.0,-68.0,14.0,-70.0,35.0,-54.0,0.8399999999999999,35.4,-60.25,60.870000000000005,41.48,-36.44,42.18,-57.87,16.7,-103.25,53.34,-64.31
2025-07-31T15:23:40.456191,-10.0,-61.0,-63.0,-13.0,16.0,-64.0,-50.0,7.0,15.0,-7.0,40.0,-61.0,2.84,-69.6,-47.25,-37.129999999999995,12.48,-39.44,-70.82,17.130000000000003,17.7,-40.25,58.34,-71.31
2025-07-31T15:23:40.464190,30.0,-35.0,-63.0,-6.0,-38.0,-43.0,-48.0,18.0,13.0,-8.0,11.0,-49.0,42.84,-43.6,-47.25,-30.13,-41.52,-18.44,-68.82,28.130000000000003,15.7,-41.25,29.34,-59.31
2025-07-31T15:23:40.468369,-63.0,53.0,-46.0,27.0,-36.0,-63.0,18.0,-14.0,24.0,-36.0,56.0,12.0,-50.16,44.4,-30.25,2.870000000000001,-39.52,-38.44,-2.8200000000000003,-3.869999999999999,26.7,-69.25,74.34,1.6899999999999995
2025-07-31T15:23:40.476416,38.0,-40.0,49.0,13.0,-35.0,-32.0,53.0,-78.0,45.0,-6.0,22.0,-29.0,50.84,-48.6,64.75,-11.129999999999999,-38.52,-7.440000000000001,32.18,-67.87,47.7,-39.25,40.34,-39.31
2025-07-31T15:23:40.480787,-16.0,14.0,22.0,-14.0,52.0,-61.0,9.0,38.0,6.0,-9.0,4.0,-3.0,-3.16,5.4,37.75,-38.129999999999995,48.48,-36.44,-11.82,48.13,8.7,-42.25,22.34,-13.31
2025-07-31T15:23:40.488837,-30.0,-30.0,-11.0,83.0,19.0,-57.0,-13.0,-37.0,-20.0,-8.0,86.0,-38.0,-17.16,-38.6,4.75,58.870000000000005,15.48,-32.44,-33.82,-26.869999999999997,-17.3,-41.25,104.34,-48.31
2025-07-31T15:23:40.492952,-32.0,55.0,10.0,32.0,40.0,-78.0,10.0,-30.0,28.0,-32.0,7.0,85.0,-19.16,46.4,25.75,7.870000000000001,36.48,-53.44,-10.82,-19.869999999999997,30.7,-65.25,25.34,74.69
2025-07-31T15:23:40.501132,-35.0,61.0,-36.0,32.0,-2.0,-17.0,42.0,4.0,-60.0,-20.0,40.0,57.0,-22.16,52.4,-20.25,7.870000000000001,-5.52,7.559999999999999,21.18,14.13,-57.3,-53.25,58.34,46.69
2025-07-31T15:23:40.505189,-46.0,93.0,-6.0,57.0,-68.0,-32.0,18.0,-6.0,-7.0,9.0,-4.0,51.0,-33.16,84.4,9.75,32.870000000000005,-71.52,-7.440000000000001,-2.8200000000000003,4.130000000000001,-4.3,-24.25,14.34,40.69
2025-07-31T15:23:40.509940,-84.0,28.0,-37.0,114.0,-7.0,3.0,6.0,24.0,-16.0,28.0,-8.0,51.0,-71.16,19.4,-21.25,89.87,-10.52,27.56,-14.82,34.13,-13.3,-5.25,10.34,40.69
2025-07-31T15:23:40.517512,5.0,121.0,-53.0,55.0,-40.0,-29.0,-33.0,25.0,-43.0,39.0,-67.0,-28.0,17.84,112.4,-37.25,30.87,-43.52,-4.440000000000001,-53.82,35.13,-40.3,5.75,-48.66,-38.31
2025-07-31T15:23:40.521804,66.0,78.0,-26.0,15.0,30.0,-18.0,37.0,28.0,13.0,66.0,-23.0,61.0,78.84,69.4,-10.25,-9.129999999999999,26.48,6.559999999999999,16.18,38.13,15.7,32.75,-4.66,50.69
2025-07-31T15:23:40.529772,40.0,-77.0,-91.0,-6.0,16.0,0.0,-64.0,46.0,-17.0,17.0,-38.0,51.0,52.84,-85.6,-75.25,-30.13,12.48,24.56,-84.82,56.13,-14.3,-16.25,-19.66,40.69
2025-07-31T15:23:40.534015,-10.0,-43.0,-37.0,42.0,28.0,-59.0,23.0,-11.0,-77.0,26.0,-28.0,7.0,2.84,-51.6,-21.25,17.87,24.48,-34.44,2.1799999999999997,-0.8699999999999992,-74.3,-7.25,-9.66,-3.3100000000000005
2025-07-31T15:23:40.541896,-20.0,-34.0,-42.0,58.0,47.0,-43.0,60.0,36.0,-39.0,49.0,-12.0,15.0,-7.16,-42.6,-26.25,33.870000000000005,43.48,-18.44,39.18,46.13,-36.3,15.75,6.34,4.6899999999999995
2025-07-31T15:23:40.550288,-54.0,-23.0,-4.0,-12.0,-84.0,-47.0,9.0,-22.0,-43.0,34.0,-79.0,29.0,-41.16,-31.6,11.75,-36.129999999999995,-87.52,-22.44,-11.82,-11.87,-40.3,0.75,-60.66,18.689999999999998
2025-07-31T15:23:40.554343,-33.0,59.0,49.0,-7.0,-56.0,-56.0,-35.0,-5.0,-5.0,81.0,5.0,8.0,-20.16,50.4,64.75,-31.13,-59.52,-31.44,-55.82,5.130000000000001,-2.3,47.75,23.34,-2.3100000000000005
2025-07-31T15:23:40.558612,-32.0,50.0,3.0,5.0,-14.0,-40.0,40.0,34.0,1.0,43.0,-46.0,46.0,-19.16,41.4,18.75,-19.13,-17.52,-15.440000000000001,19.18,44.13,3.7,9.75,-27.66,35.69
2025-07-31T15:23:40.566685,-96.0,84.0,-25.0,-11.0,21.0,-19.0,74.0,-4.0,-65.0,26.0,-21.0,8.0,-83.16,75.4,-9.25,-35.129999999999995,17.48,5.559999999999999,53.18,6.130000000000001,-62.3,-7.25,-2.66,-2.3100000000000005
2025-07-31T15:23:40.570805,-4.0,59.0,27.0,39.0,11.0,-79.0,72.0,5.0,-54.0,67.0,-24.0,24.0,8.84,50.4,42.75,14.870000000000001,7.48,-54.44,51.18,15.13,-51.3,33.75,-5.66,13.69
2025-07-31T15:23:40.578817,-33.0,13.0,13.0,50.0,80.0,-78.0,40.0,-29.0,34.0,98.0,-11.0,61.0,-20.16,4.4,28.75,25.87,76.48,-53.44,19.18,-18.869999999999997,36.7,64.75,7.34,50.69
2025-07-31T15:23:40.583089,-34.0,89.0,-41.0,-49.0,-41.0,-46.0,80.0,5.0,10.0,19.0,19.0,56.0,-21.16,80.4,-25.25,-73.13,-44.52,-21.44,59.18,15.13,12.7,-14.25,37.34,45.69
2025-07-31T15:23:40.591079,-24.0,87.0,-107.0,6.0,-10.0,5.0,9.0,40.0,-93.0,66.0,-19.0,17.0,-11.16,78.4,-91.25,-18.13,-13.52,29.56,-11.82,50.13,-90.3,32.75,-0.6600000000000001,6.6899999999999995
2025-07-31T15:23:40.595359,8.0,101.0,-33.0,1.0,-77.0,-64.0,83.0,67.0,-9.0,33.0,-36.0,34.0,20.84,92.4,-17.25,-23.13,-80.52,-39.44,62.18,77.13,-6.3,-0.25,-17.66,23.689999999999998
2025-07-31T15:23:40.603455,-14.0,-3.0,-63.0,45.0,26.0,-35.0,32.0,18.0,-71.0,70.0,-27.0,28.0,-1.1600000000000001,-11.6,-47.25,20.87,22.48,-10.440000000000001,11.18,28.130000000000003,-68.3,36.75,-8.66,17.689999999999998
2025-07-31T15:23:40.607711,28.0,52.0,-70.0,13.0,-16.0,-9.0,71.0,-76.0,-11.0,42.0,-64.0,16.0,40.84,43.4,-54.25,-11.129999999999999,-19.52,15.559999999999999,50.18,-65.87,-8.3,8.75,-45.66,5.6899999999999995
2025-07-31T15:23:40.615779,5.0,-7.0,-91.0,37.0,58.0,-48.0,34.0,43.0,-35.0,54.0,-37.0,-29.0,17.84,-15.6,-75.25,12.870000000000001,54.48,-23.44,13.18,53.13,-32.3,20.75,-18.66,-39.31
2025-07-31T15:23:40.619920,33.0,-17.0,-20.0,23.0,66.0,-40.0,53.0,69.0,-41.0,111.0,2.0,46.0,45.84,-25.6,-4.25,-1.129999999999999,62.48,-15.440000000000001,32.18,79.13,-38.3,77.75,20.34,35.69
2025-07-31T15:23:40.628085,21.0,-22.0,9.0,17.0,-21.0,-66.0,27.0,-97.0,-61.0,75.0,-42.0,30.0,33.84,-30.6,24.75,-7.129999999999999,-24.52,-41.44,6.18,-86.87,-58.3,41.75,-23.66,19.689999999999998
2025-07-31T15:23:40.632340,-13.0,37.0,25.0,40.0,17.0,-23.0,20.0,-103.0,56.0,45.0,-32.0,14.0,-0.16000000000000014,28.4,40.75,15.870000000000001,13.48,1.5599999999999987,-0.8200000000000003,-92.87,58.7,11.75,-13.66,3.6899999999999995
2025-07-31T15:23:40.640309,-32.0,64.0,20.0,15.0,10.0,-28.0,-2.0,-28.0,-44.0,8.0,-33.0,-10.0,-19.16,55.4,35.75,-9.129999999999999,6.48,-3.4400000000000013,-22.82,-17.869999999999997,-41.3,-25.25,-14.66,-20.310000000000002
2025-07-31T15:23:40.644950,-57.0,58.0,-70.0,4.0,43.0,25.0,27.0,19.0,11.0,117.0,-11.0,-2.0,-44.16,49.4,-54.25,-20.13,39.48,49.56,6.18,29.130000000000003,13.7,83.75,7.34,-12.31
2025-07-31T15:23:40.652537,-35.0,45.0,-65.0,34.0,64.0,-49.0,38.0,-45.0,-50.0,84.0,-24.0,29.0,-22.16,36.4,-49.25,9.870000000000001,60.48,-24.44,17.18,-34.87,-47.3,50.75,-5.66,18.689999999999998
2025-07-31T15:23:40.656860,-42.0,10.0,-51.0,16.0,-42.0,-133.0,65.0,-44.0,1.0,13.0,-27.0,8.0,-29.16,1.4000000000000004,-35.25,-8.129999999999999,-45.52,-108.44,44.18,-33.87,3.7,-20.25,-8.66,-2.3100000000000005
2025-07-31T15:23:40.664786,18.0,-61.0,-2.0,58.0,27.0,-85.0,67.0,-52.0,48.0,-7.0,-83.0,21.0,30.84,-69.6,13.75,33.870000000000005,23.48,-60.44,46.18,-41.87,50.7,-40.25,-64.66,10.69
2025-07-31T15:23:40.669315,-18.0,2.0,-36.0,103.0,56.0,-31.0,33.0,-43.0,-3.0,1.0,8.0,28.0,-5.16,-6.6,-20.25,78.87,52.48,-6.440000000000001,12.18,-32.87,-0.2999999999999998,-32.25,26.34,17.689999999999998
2025-07-31T15:23:40.677086,-57.0,-31.0,-1.0,91.0,-35.0,-6.0,-10.0,-51.0,47.0,28.0,5.0,54.0,-44.16,-39.6,14.75,66.87,-38.52,18.56,-30.82,-40.87,49.7,-5.25,23.34,43.69
2025-07-31T15:23:40.681638,-17.0,32.0,24.0,77.0,11.0,-11.0,13.0,38.0,42.0,98.0,-46.0,59.0,-4.16,23.4,39.75,52.870000000000005,7.48,13.559999999999999,-7.82,48.13,44.7,64.75,-27.66,48.69
2025-07-31T15:23:40.689470,-72.0,-22.0,-16.0,9.0,48.0,-65.0,-17.0,-37.0,8.0,82.0,-19.0,3.0,-59.16,-30.6,-0.25,-15.129999999999999,44.48,-40.44,-37.82,-26.869999999999997,10.7,48.75,-0.6600000000000001,-7.3100000000000005
2025-07-31T15:23:40.693774,-68.0,20.0,-25.0,-1.0,55.0,-6.0,91.0,-28.0,4.0,29.0,-50.0,34.0,-55.16,11.4,-9.25,-25.13,51.48,18.56,70.18,-17.869999999999997,6.7,-4.25,-31.66,23.689999999999998
2025-07-31T15:23:40.701642,-60.0,55.0,38.0,18.0,-3.0,-14.0,3.0,-44.0,-25.0,74.0,-93.0,14.0,-47.16,46.4,53.75,-6.129999999999999,-6.52,10.559999999999999,-17.82,-33.87,-22.3,40.75,-74.66,3.6899999999999995
2025-07-31T15:23:40.706195,-46.0,67.0,-47.0,12.0,-17.0,-108.0,-36.0,-7.0,-28.0,52.0,4.0,33.0,-33.16,58.4,-31.25,-12.129999999999999,-20.52,-83.44,-56.82,3.130000000000001,-25.3,18.75,22.34,22.689999999999998
2025-07-31T15:23:40.710043,-3.0,29.0,-59.0,2.0,-32.0,-39.0,-3.0,19.0,-53.0,40.0,-40.0,50.0,9.84,20.4,-43.25,-22.13,-35.52,-14.440000000000001,-23.82,29.130000000000003,-50.3,6.75,-21.66,39.69
2025-07-31T15:23:40.718261,35.0,50.0,-24.0,23.0,19.0,-36.0,14.0,-35.0,-3.0,74.0,11.0,32.0,47.84,41.4,-8.25,-1.129999999999999,15.48,-11.440000000000001,-6.82,-24.869999999999997,-0.2999999999999998,40.75,29.34,21.689999999999998
2025-07-31T15:23:40.726153,-34.0,-36.0,-95.0,-22.0,36.0,-21.0,-19.0,-48.0,-15.0,73.0,-19.0,11.0,-21.16,-44.6,-79.25,-46.129999999999995,32.48,3.5599999999999987,-39.82,-37.87,-12.3,39.75,-0.6600000000000001,0.6899999999999995
2025-07-31T15:23:40.730462,14.0,-6.0,-66.0,-12.0,43.0,-78.0,55.0,-116.0,29.0,1.0,-53.0,34.0,26.84,-14.6,-50.25,-36.129999999999995,39.48,-53.44,34.18,-105.87,31.7,-32.25,-34.66,23.689999999999998
2025-07-31T15:23:40.734682,-77.0,-21.0,31.0,55.0,-15.0,-118.0,32.0,5.0,14.0,72.0,24.0,24.0,-64.16,-29.6,46.75,30.87,-18.52,-93.44,11.18,15.13,16.7,38.75,42.34,13.69
2025-07-31T15:23:40.742777,-29.0,10.0,9.0,58.0,-2.0,-88.0,-23.0,-57.0,6.0,-34.0,-6.0,45.0,-16.16,1.4000000000000004,24.75,33.870000000000005,-5.52,-63.44,-43.82,-46.87,8.7,-67.25,12.34,34.69
2025-07-31T15:23:40.746841,-95.0,72.0,-43.0,147.0,-38.0,21.0,17.0,-59.0,13.0,8.0,-58.0,47.0,-82.16,63.4,-27.25,122.87,-41.52,45.56,-3.8200000000000003,-48.87,15.7,-25.25,-39.66,36.69
2025-07-31T15:23:40.754969,-50.0,53.0,-56.0,0.0,0.0,-62.0,-42.0,2.0,30.0,35.0,-17.0,35.0,-37.16,44.4,-40.25,-24.13,-3.52,-37.44,-62.82,12.13,32.7,1.75,1.3399999999999999,24.689999999999998
2025-07-31T15:23:40.759211,-62.0,75.0,10.0,0.0,-4.0,-21.0,-81.0,52.0,10.0,8.0,-60.0,49.0,-49.16,66.4,25.75,-24.13,-7.52,3.5599999999999987,-101.82,62.13,12.7,-25.25,-41.66,38.69
2025-07-31T15:23:40.767339,-48.0,63.0,-19.0,-38.0,-59.0,-54.0,53.0,-43.0,-72.0,75.0,-65.0,-54.0,-35.16,54.4,-3.25,-62.129999999999995,-62.52,-29.44,32.18,-32.87,-69.3,41.75,-46.66,-64.31
2025-07-31T15:23:40.771628,-6.0,88.0,-93.0,-22.0,56.0,-14.0,25.0,-28.0,28.0,113.0,-28.0,23.0,6.84,79.4,-77.25,-46.129999999999995,52.48,10.559999999999999,4.18,-17.869999999999997,30.7,79.75,-9.66,12.69
2025-07-31T15:23:40.779646,10.0,-55.0,-38.0,3.0,-22.0,-42.0,-34.0,19.0,4.0,91.0,-7.0,78.0,22.84,-63.6,-22.25,-21.13,-25.52,-17.44,-54.82,29.130000000000003,6.7,57.75,11.34,67.69
2025-07-31T15:23:40.783818,70.0,-1.0,-33.0,-83.0,74.0,-58.0,49.0,107.0,30.0,36.0,25.0,-6.0,82.84,-9.6,-17.25,-107.13,70.48,-33.44,28.18,117.13,32.7,2.75,43.34,-16.310000000000002
2025-07-31T15:23:40.791705,-7.0,-28.0,-2.0,60.0,24.0,2.0,53.0,18.0,-43.0,8.0,9.0,-5.0,5.84,-36.6,13.75,35.870000000000005,20.48,26.56,32.18,28.130000000000003,-40.3,-25.25,27.34,-15.31
2025-07-31T15:23:40.796082,-31.0,-8.0,27.0,51.0,-8.0,-88.0,-11.0,70.0,-31.0,74.0,-68.0,-24.0,-18.16,-16.6,42.75,26.87,-11.52,-63.44,-31.82,80.13,-28.3,40.75,-49.66,-34.31
2025-07-31T15:23:40.804102,-29.0,-40.0,-40.0,25.0,-61.0,-48.0,-13.0,-15.0,-29.0,80.0,-33.0,-20.0,-16.16,-48.6,-24.25,0.870000000000001,-64.52,-23.44,-33.82,-4.869999999999999,-26.3,46.75,-14.66,-30.310000000000002
2025-07-31T15:23:40.808334,-80.0,20.0,-26.0,9.0,45.0,46.0,-17.0,23.0,-32.0,6.0,-56.0,11.0,-67.16,11.4,-10.25,-15.129999999999999,41.48,70.56,-37.82,33.13,-29.3,-27.25,-37.66,0.6899999999999995
2025-07-31T15:23:40.816439,-32.0,63.0,14.0,-17.0,10.0,-4.0,0.0,-34.0,-38.0,26.0,-17.0,38.0,-19.16,54.4,29.75,-41.129999999999995,6.48,20.56,-20.82,-23.869999999999997,-35.3,-7.25,1.3399999999999999,27.689999999999998
2025-07-31T15:23:40.820738,-58.0,62.0,-82.0,20.0,66.0,-6.0,24.0,32.0,33.0,69.0,-48.0,-3.0,-45.16,53.4,-66.25,-4.129999999999999,62.48,18.56,3.1799999999999997,42.13,35.7,35.75,-29.66,-13.31
2025-07-31T15:23:40.828703,-29.0,-15.0,-98.0,50.0,47.0,-58.0,35.0,-7.0,-32.0,24.0,36.0,-51.0,-16.16,-23.6,-82.25,25.87,43.48,-33.44,14.18,3.130000000000001,-29.3,-9.25,54.34,-61.31
2025-07-31T15:23:40.832958,8.0,29.0,-25.0,91.0,3.0,24.0,37.0,16.0,-17.0,81.0,66.0,-24.0,20.84,20.4,-9.25,66.87,-0.52,48.56,16.18,26.130000000000003,-14.3,47.75,84.34,-34.31
2025-07-31T15:23:40.841021,21.0,-53.0,-27.0,16.0,-18.0,-64.0,61.0,-43.0,17.0,46.0,-1.0,-21.0,33.84,-61.6,-11.25,-8.129999999999999,-21.52,-39.44,40.18,-32.87,19.7,12.75,17.34,-31.310000000000002
2025-07-31T15:23:40.845321,-13.0,23.0,59.0,68.0,33.0,17.0,78.0,3.0,-25.0,57.0,28.0,-24.0,-0.16000000000000014,14.4,74.75,43.870000000000005,29.48,41.56,57.18,13.13,-22.3,23.75,46.34,-34.31
2025-07-31T15:23:40.853256,-3.0,3.0,-37.0,7.0,-29.0,-35.0,70.0,42.0,-6.0,31.0,-5.0,-15.0,9.84,-5.6,-21.25,-17.13,-32.52,-10.440000000000001,49.18,52.13,-3.3,-2.25,13.34,-25.310000000000002
2025-07-31T15:23:40.857749,-82.0,-18.0,0.0,-27.0,63.0,-8.0,56.0,-21.0,-31.0,-38.0,8.0,-41.0,-69.16,-26.6,15.75,-51.129999999999995,59.48,16.56,35.18,-10.87,-28.3,-71.25,26.34,-51.31
2025-07-31T15:23:40.865521,-57.0,74.0,20.0,-13.0,-2.0,-27.0,108.0,-29.0,-42.0,-49.0,6.0,5.0,-44.16,65.4,35.75,-37.129999999999995,-5.52,-2.4400000000000013,87.18,-18.869999999999997,-39.3,-82.25,24.34,-5.3100000000000005
2025-07-31T15:23:40.869735,3.0,73.0,-19.0,41.0,41.0,14.0,-19.0,-57.0,32.0,-21.0,84.0,-48.0,15.84,64.4,-3.25,16.87,37.48,38.56,-39.82,-46.87,34.7,-54.25,102.34,-58.31
2025-07-31T15:23:40.877757,22.0,32.0,-39.0,34.0,69.0,-18.0,-17.0,35.0,-13.0,-22.0,91.0,26.0,34.84,23.4,-23.25,9.870000000000001,65.48,6.559999999999999,-37.82,45.13,-10.3,-55.25,109.34,15.69
2025-07-31T15:23:40.882271,39.0,-29.0,-53.0,20.0,-20.0,-88.0,82.0,-64.0,-29.0,-14.0,37.0,-123.0,51.84,-37.6,-37.25,-4.129999999999999,-23.52,-63.44,61.18,-53.87,-26.3,-47.25,55.34,-133.31
2025-07-31T15:23:40.890227,75.0,-61.0,-2.0,32.0,-6.0,-17.0,16.0,-29.0,13.0,45.0,26.0,-5.0,87.84,-69.6,13.75,7.870000000000001,-9.52,7.559999999999999,-4.82,-18.869999999999997,15.7,11.75,44.34,-15.31
2025-07-31T15:23:40.894350,-34.0,-49.0,1.0,-14.0,-67.0,-70.0,55.0,-29.0,17.0,12.0,-10.0,-6.0,-21.16,-57.6,16.75,-38.129999999999995,-70.52,-45.44,34.18,-18.869999999999997,19.7,-21.25,8.34,-16.310000000000002
2025-07-31T15:23:40.902298,9.0,10.0,48.0,26.0,-22.0,17.0,62.0,-14.0,27.0,-19.0,27.0,-53.0,21.84,1.4000000000000004,63.75,1.870000000000001,-25.52,41.56,41.18,-3.869999999999999,29.7,-52.25,45.34,-63.31
2025-07-31T15:23:40.907420,-18.0,-11.0,14.0,11.0,84.0,-48.0,53.0,54.0,41.0,-49.0,-43.0,32.0,-5.16,-19.6,29.75,-13.129999999999999,80.48,-23.44,32.18,64.13,43.7,-82.25,-24.66,21.689999999999998
2025-07-31T15:23:40.914635,-23.0,21.0,25.0,36.0,47.0,-62.0,46.0,-31.0,-29.0,7.0,0.0,-37.0,-10.16,12.4,40.75,11.870000000000001,43.48,-37.44,25.18,-20.869999999999997,-26.3,-26.25,18.34,-47.31
2025-07-31T15:23:40.919538,-59.0,-29.0,20.0,35.0,9.0,-93.0,32.0,-52.0,22.0,-52.0,35.0,-44.0,-46.16,-37.6,35.75,10.870000000000001,5.48,-68.44,11.18,-41.87,24.7,-85.25,53.34,-54.31
2025-07-31T15:23:40.923039,-85.0,9.0,17.0,51.0,-20.0,-53.0,0.0,-67.0,-7.0,19.0,13.0,10.0,-72.16,0.40000000000000036,32.75,26.87,-23.52,-28.44,-20.82,-56.87,-4.3,-14.25,31.34,-0.3100000000000005
2025-07-31T15:23:40.931388,-107.0,78.0,-22.0,27.0,-9.0,13.0,-9.0,13.0,11.0,-15.0,-2.0,-56.0,-94.16,69.4,-6.25,2.870000000000001,-12.52,37.56,-29.82,23.130000000000003,13.7,-48.25,16.34,-66.31
2025-07-31T15:23:40.935273,11.0,112.0,34.0,14.0,0.0,54.0,66.0,-48.0,-63.0,9.0,-45.0,-16.0,23.84,103.4,49.75,-10.129999999999999,-3.52,78.56,45.18,-37.87,-60.3,-24.25,-26.66,-26.310000000000002
2025-07-31T15:23:40.943445,-67.0,68.0,-16.0,-18.0,7.0,-46.0,36.0,-43.0,17.0,-46.0,18.0,0.0,-54.16,59.4,-0.25,-42.129999999999995,3.48,-21.44,15.18,-32.87,19.7,-79.25,36.34,-10.31
2025-07-31T15:23:40.947480,2.0,-28.0,-21.0,34.0,-2.0,9.0,-32.0,10.0,-52.0,-19.0,17.0,-2.0,14.84,-36.6,-5.25,9.870000000000001,-5.52,33.56,-52.82,20.130000000000003,-49.3,-52.25,35.34,-12.31
2025-07-31T15:23:40.955804,-5.0,-10.0,-27.0,18.0,11.0,-95.0,-25.0,0.0,3.0,-36.0,16.0,-44.0,7.84,-18.6,-11.25,-6.129999999999999,7.48,-70.44,-45.82,10.13,5.7,-69.25,34.34,-54.31
2025-07-31T15:23:40.959866,50.0,15.0,-43.0,61.0,-22.0,15.0,1.0,-102.0,-10.0,15.0,11.0,-35.0,62.84,6.4,-27.25,36.870000000000005,-25.52,39.56,-19.82,-91.87,-7.3,-18.25,29.34,-45.31
2025-07-31T15:23:40.968209,26.0,-19.0,-15.0,76.0,-22.0,-33.0,36.0,67.0,-44.0,-17.0,-27.0,-39.0,38.84,-27.6,0.75,51.870000000000005,-25.52,-8.440000000000001,15.18,77.13,-41.3,-50.25,-8.66,-49.31
2025-07-31T15:23:40.972247,-96.0,18.0,19.0,104.0,-36.0,-6.0,-2.0,6.0,1.0,28.0,-10.0,44.0,-83.16,9.4,34.75,79.87,-39.52,18.56,-22.82,16.130000000000003,3.7,-5.25,8.34,33.69
2025-07-31T15:23:40.980221,-62.0,-25.0,-13.0,8.0,73.0,35.0,46.0,-16.0,11.0,-57.0,77.0,-27.0,-49.16,-33.6,2.75,-16.13,69.48,59.56,25.18,-5.869999999999999,13.7,-90.25,95.34,-37.31
2025-07-31T15:23:40.984555,-72.0,40.0,17.0,45.0,27.0,-32.0,18.0,50.0,-38.0,-27.0,38.0,-8.0,-59.16,31.4,32.75,20.87,23.48,-7.440000000000001,-2.8200000000000003,60.13,-35.3,-60.25,56.34,-18.310000000000002
2025-07-31T15:23:40.992618,-42.0,68.0,-20.0,18.0,-10.0,-65.0,-28.0,14.0,-62.0,11.0,67.0,-11.0,-29.16,59.4,-4.25,-6.129999999999999,-13.52,-40.44,-48.82,24.130000000000003,-59.3,-22.25,85.34,-21.310000000000002
2025-07-31T15:23:40.997045,-20.0,102.0,-52.0,66.0,-1.0,-82.0,64.0,-50.0,-119.0,75.0,43.0,-25.0,-7.16,93.4,-36.25,41.870000000000005,-4.52,-57.44,43.18,-39.87,-116.3,41.75,61.34,-35.31
2025-07-31T15:23:41.004797,0.0,11.0,-67.0,-13.0,23.0,46.0,-22.0,-27.0,14.0,33.0,-32.0,-32.0,12.84,2.4000000000000004,-51.25,-37.129999999999995,19.48,70.56,-42.82,-16.869999999999997,16.7,-0.25,-13.66,-42.31
2025-07-31T15:23:41.009395,-46.0,6.0,5.0,-10.0,-23.0,49.0,-25.0,-109.0,32.0,7.0,57.0,-59.0,-33.16,-2.5999999999999996,20.75,-34.129999999999995,-26.52,73.56,-45.82,-98.87,34.7,-26.25,75.34,-69.31
2025-07-31T15:23:41.017097,-121.0,-29.0,21.0,61.0,-48.0,-67.0,78.0,-67.0,-39.0,15.0,35.0,13.0,-108.16,-37.6,36.75,36.870000000000005,-51.52,-42.44,57.18,-56.87,-36.3,-18.25,53.34,2.6899999999999995
2025-07-31T15:23:41.021935,-139.0,90.0,11.0,17.0,46.0,24.0,-12.0,-41.0,19.0,-40.0,12.0,-49.0,-126.16,81.4,26.75,-7.129999999999999,42.48,48.56,-32.82,-30.869999999999997,21.7,-73.25,30.34,-59.31
2025-07-31T15:23:41.029435,-48.0,18.0,-54.0,10.0,-47.0,-45.0,7.0,-2.0,-5.0,-11.0,16.0,22.0,-35.16,9.4,-38.25,-14.129999999999999,-50.52,-20.44,-13.82,8.13,-2.3,-44.25,34.34,11.69
2025-07-31T15:23:41.033562,-58.0,68.0,-63.0,30.0,40.0,-4.0,-5.0,0.0,7.0,4.0,-19.0,22.0,-45.16,59.4,-47.25,5.870000000000001,36.48,20.56,-25.82,10.13,9.7,-29.25,-0.6600000000000001,11.69
2025-07-31T15:23:41.041785,-51.0,51.0,-98.0,-24.0,54.0,-75.0,49.0,-105.0,21.0,-50.0,15.0,11.0,-38.16,42.4,-82.25,-48.129999999999995,50.48,-50.44,28.18,-94.87,23.7,-83.25,33.34,0.6899999999999995
2025-07-31T15:23:41.045829,33.0,66.0,-58.0,56.0,11.0,-46.0,44.0,9.0,8.0,-41.0,32.0,35.0,45.84,57.4,-42.25,31.87,7.48,-21.44,23.18,19.130000000000003,10.7,-74.25,50.34,24.689999999999998
2025-07-31T15:23:41.053904,18.0,-27.0,-1.0,29.0,-51.0,9.0,37.0,7.0,-41.0,39.0,0.0,30.0,30.84,-35.6,14.75,4.870000000000001,-54.52,33.56,16.18,17.130000000000003,-38.3,5.75,18.34,19.689999999999998
2025-07-31T15:23:41.058193,-5.0,-6.0,-18.0,52.0,44.0,15.0,25.0,59.0,-21.0,-33.0,43.0,48.0,7.84,-14.6,-2.25,27.87,40.48,39.56,4.18,69.13,-18.3,-66.25,61.34,37.69
2025-07-31T15:23:41.066279,20.0,-18.0,37.0,-25.0,-16.0,36.0,4.0,3.0,-2.0,-14.0,-80.0,89.0,32.84,-26.6,52.75,-49.129999999999995,-19.52,60.56,-16.82,13.13,0.7000000000000002,-47.25,-61.66,78.69
2025-07-31T15:23:41.070436,-38.0,18.0,-2.0,7.0,44.0,18.0,13.0,-2.0,47.0,6.0,-19.0,31.0,-25.16,9.4,13.75,-17.13,40.48,42.56,-7.82,8.13,49.7,-27.25,-0.6600000000000001,20.689999999999998
2025-07-31T15:23:41.078497,8.0,16.0,89.0,46.0,-34.0,-11.0,43.0,57.0,-53.0,51.0,-39.0,90.0,20.84,7.4,104.75,21.87,-37.52,13.559999999999999,22.18,67.13,-50.3,17.75,-20.66,79.69
2025-07-31T15:23:41.082797,-10.0,-44.0,29.0,-26.0,57.0,-42.0,-16.0,-29.0,25.0,69.0,-31.0,55.0,2.84,-52.6,44.75,-50.129999999999995,53.48,-17.44,-36.82,-18.869999999999997,27.7,35.75,-12.66,44.69
2025-07-31T15:23:41.090761,-18.0,-71.0,74.0,-16.0,43.0,-49.0,46.0,17.0,2.0,51.0,-55.0,20.0,-5.16,-79.6,89.75,-40.129999999999995,39.48,-24.44,25.18,27.130000000000003,4.7,17.75,-36.66,9.69
2025-07-31T15:23:41.095076,-58.0,51.0,41.0,56.0,20.0,-58.0,12.0,-28.0,-63.0,21.0,-113.0,-16.0,-45.16,42.4,56.75,31.87,16.48,-33.44,-8.82,-17.869999999999997,-60.3,-12.25,-94.66,-26.310000000000002
2025-07-31T15:23:41.103075,6.0,67.0,-35.0,8.0,-34.0,0.0,13.0,-57.0,-61.0,89.0,-25.0,31.0,18.84,58.4,-19.25,-16.13,-37.52,24.56,-7.82,-46.87,-58.3,55.75,-6.66,20.689999999999998
2025-07-31T15:23:41.107504,-87.0,100.0,-33.0,50.0,-79.0,-61.0,22.0,21.0,5.0,29.0,-60.0,31.0,-74.16,91.4,-17.25,25.87,-82.52,-36.44,1.1799999999999997,31.130000000000003,7.7,-4.25,-41.66,20.689999999999998
2025-07-31T15:23:41.115442,35.0,90.0,-2.0,38.0,-61.0,-23.0,35.0,-12.0,-25.0,-10.0,-56.0,-36.0,47.84,81.4,13.75,13.870000000000001,-64.52,1.5599999999999987,14.18,-1.8699999999999992,-22.3,-43.25,-37.66,-46.31
2025-07-31T15:23:41.119877,61.0,-14.0,-90.0,12.0,-46.0,-84.0,40.0,3.0,-23.0,-16.0,-34.0,45.0,73.84,-22.6,-74.25,-12.129999999999999,-49.52,-59.44,19.18,13.13,-20.3,-49.25,-15.66,34.69
2025-07-31T15:23:41.127585,-3.0,26.0,63.0,-94.0,77.0,77.0,2.0,-38.0,32.0,20.0,-32.0,33.0,9.84,17.4,78.75,-118.13,73.48,101.56,-18.82,-27.869999999999997,34.7,-13.25,-13.66,22.689999999999998
2025-07-31T15:23:41.132216,21.0,-83.0,2.0,19.0,16.0,-65.0,46.0,13.0,32.0,100.0,18.0,5.0,33.84,-91.6,17.75,-5.129999999999999,12.48,-40.44,25.18,23.130000000000003,34.7,66.75,36.34,-5.3100000000000005
2025-07-31T15:23:41.139908,-3.0,-17.0,-5.0,-22.0,-14.0,-104.0,22.0,-48.0,-18.0,79.0,-59.0,65.0,9.84,-25.6,10.75,-46.129999999999995,-17.52,-79.44,1.1799999999999997,-37.87,-15.3,45.75,-40.66,54.69
2025-07-31T15:23:41.144765,-6.0,-21.0,-2.0,-21.0,11.0,-1.0,9.0,25.0,-22.0,103.0,-91.0,17.0,6.84,-29.6,13.75,-45.129999999999995,7.48,23.56,-11.82,35.13,-19.3,69.75,-72.66,6.6899999999999995
2025-07-31T15:23:41.149320,-14.0,28.0,74.0,-37.0,-19.0,-4.0,57.0,-6.0,-11.0,14.0,-5.0,55.0,-1.1600000000000001,19.4,89.75,-61.129999999999995,-22.52,20.56,36.18,4.130000000000001,-8.3,-19.25,13.34,44.69
2025-07-31T15:23:41.156461,-33.0,50.0,2.0,28.0,-32.0,-16.0,105.0,10.0,8.0,33.0,-40.0,47.0,-20.16,41.4,17.75,3.870000000000001,-35.52,8.559999999999999,84.18,20.130000000000003,10.7,-0.25,-21.66,36.69
2025-07-31T15:23:41.160477,-75.0,72.0,16.0,26.0,15.0,19.0,68.0,-6.0,-48.0,12.0,-44.0,78.0,-62.16,63.4,31.75,1.870000000000001,11.48,43.56,47.18,4.130000000000001,-45.3,-21.25,-25.66,67.69
2025-07-31T15:23:41.168859,-100.0,68.0,5.0,57.0,-21.0,9.0,57.0,0.0,39.0,17.0,-36.0,81.0,-87.16,59.4,20.75,32.870000000000005,-24.52,33.56,36.18,10.13,41.7,-16.25,-17.66,70.69
2025-07-31T15:23:41.172977,-73.0,12.0,-82.0,51.0,64.0,-35.0,99.0,-61.0,-48.0,31.0,-64.0,45.0,-60.16,3.4000000000000004,-66.25,26.87,60.48,-10.440000000000001,78.18,-50.87,-45.3,-2.25,-45.66,34.69
2025-07-31T15:23:41.181326,3.0,-3.0,-30.0,-38.0,-13.0,-73.0,20.0,31.0,-45.0,4.0,-35.0,35.0,15.84,-11.6,-14.25,-62.129999999999995,-16.52,-48.44,-0.8200000000000003,41.13,-42.3,-29.25,-16.66,24.689999999999998
2025-07-31T15:23:41.185586,-1.0,20.0,-31.0,39.0,22.0,-50.0,49.0,-44.0,-16.0,64.0,-87.0,0.0,11.84,11.4,-15.25,14.870000000000001,18.48,-25.44,28.18,-33.87,-13.3,30.75,-68.66,-10.31
2025-07-31T15:23:41.193383,10.0,1.0,-38.0,31.0,-43.0,-16.0,114.0,-37.0,11.0,56.0,-8.0,84.0,22.84,-7.6,-22.25,6.870000000000001,-46.52,8.559999999999999,93.18,-26.869999999999997,13.7,22.75,10.34,73.69
2025-07-31T15:23:41.197630,44.0,-34.0,20.0,-28.0,17.0,-45.0,7.0,15.0,44.0,38.0,-126.0,33.0,56.84,-42.6,35.75,-52.129999999999995,13.48,-20.44,-13.82,25.130000000000003,46.7,4.75,-107.66,22.689999999999998
2025-07-31T15:23:41.205547,-97.0,-31.0,29.0,31.0,104.0,-41.0,-29.0,47.0,56.0,21.0,31.0,2.0,-84.16,-39.6,44.75,6.870000000000001,100.48,-16.44,-49.82,57.13,58.7,-12.25,49.34,-8.31
2025-07-31T15:23:41.210036,-108.0,66.0,1.0,-35.0,-105.0,0.0,30.0,5.0,13.0,21.0,-55.0,8.0,-95.16,57.4,16.75,-59.129999999999995,-108.52,24.56,9.18,15.13,15.7,-12.25,-36.66,-2.3100000000000005
2025-07-31T15:23:41.218102,-66.0,46.0,-30.0,-58.0,59.0,-17.0,45.0,-35.0,-11.0,50.0,-15.0,66.0,-53.16,37.4,-14.25,-82.13,55.48,7.559999999999999,24.18,-24.869999999999997,-8.3,16.75,3.34,55.69
2025-07-31T15:23:41.221989,-13.0,50.0,-36.0,12.0,50.0,-55.0,-7.0,-7.0,-53.0,41.0,9.0,70.0,-0.16000000000000014,41.4,-20.25,-12.129999999999999,46.48,-30.44,-27.82,3.130000000000001,-50.3,7.75,27.34,59.69
2025-07-31T15:23:41.230050,46.0,7.0,-23.0,-52.0,79.0,-2.0,8.0,-35.0,35.0,14.0,-4.0,33.0,58.84,-1.5999999999999996,-7.25,-76.13,75.48,22.56,-12.82,-24.869999999999997,37.7,-19.25,14.34,22.689999999999998
2025-07-31T15:23:41.234390,17.0,68.0,-81.0,69.0,32.0,-52.0,44.0,1.0,37.0,90.0,-92.0,75.0,29.84,59.4,-65.25,44.870000000000005,28.48,-27.44,23.18,11.13,39.7,56.75,-73.66,64.69
2025-07-31T15:23:41.242403,19.0,14.0,-59.0,47.0,-32.0,15.0,-8.0,-53.0,-3.0,41.0,-95.0,26.0,31.84,5.4,-43.25,22.87,-35.52,39.56,-28.82,-42.87,-0.2999999999999998,7.75,-76.66,15.69
2025-07-31T15:23:41.246604,23.0,-35.0,-92.0,76.0,18.0,-58.0,-23.0,-25.0,14.0,71.0,-65.0,42.0,35.84,-43.6,-76.25,51.870000000000005,14.48,-33.44,-43.82,-14.87,16.7,37.75,-46.66,31.689999999999998
2025-07-31T15:23:41.254797,43.0,-63.0,51.0,-10.0,17.0,44.0,83.0,-42.0,49.0,80.0,-16.0,17.0,55.84,-71.6,66.75,-34.129999999999995,13.48,68.56,62.18,-31.869999999999997,51.7,46.75,2.34,6.6899999999999995
2025-07-31T15:23:41.258874,-36.0,-17.0,-17.0,-31.0,-5.0,-13.0,24.0,-41.0,25.0,13.0,-54.0,23.0,-23.16,-25.6,-1.25,-55.129999999999995,-8.52,11.559999999999999,3.1799999999999997,-30.869999999999997,27.7,-20.25,-35.66,12.69
2025-07-31T15:23:41.267004,-44.0,59.0,42.0,14.0,-4.0,-44.0,28.0,-15.0,-5.0,-8.0,12.0,72.0,-31.16,50.4,57.75,-10.129999999999999,-7.52,-19.44,7.18,-4.869999999999999,-2.3,-41.25,30.34,61.69
2025-07-31T15:23:41.271161,-50.0,-5.0,-3.0,-21.0,24.0,-8.0,-7.0,32.0,55.0,61.0,-24.0,70.0,-37.16,-13.6,12.75,-45.129999999999995,20.48,16.56,-27.82,42.13,57.7,27.75,-5.66,59.69
2025-07-31T15:23:41.279292,-117.0,5.0,-3.0,31.0,67.0,-22.0,16.0,43.0,-17.0,75.0,-68.0,52.0,-104.16,-3.5999999999999996,12.75,6.870000000000001,63.48,2.5599999999999987,-4.82,53.13,-14.3,41.75,-49.66,41.69
2025-07-31T15:23:41.283603,-57.0,51.0,-96.0,-26.0,65.0,-63.0,59.0,-51.0,57.0,60.0,-55.0,69.0,-44.16,42.4,-80.25,-50.129999999999995,61.48,-38.44,38.18,-40.87,59.7,26.75,-36.66,58.69
2025-07-31T15:23:41.291434,28.0,89.0,-38.0,66.0,30.0,-1.0,94.0,-82.0,-7.0,-4.0,10.0,53.0,40.84,80.4,-22.25,41.870000000000005,26.48,23.56,73.18,-71.87,-4.3,-37.25,28.34,42.69
2025-07-31T15:23:41.295765,12.0,-113.0,-6.0,38.0,-4.0,-35.0,61.0,-19.0,34.0,29.0,-43.0,86.0,24.84,-121.6,9.75,13.870000000000001,-7.52,-10.440000000000001,40.18,-8.87,36.7,-4.25,-24.66,75.69
2025-07-31T15:23:41.303683,-14.0,19.0,-41.0,30.0,-89.0,-27.0,46.0,-7.0,-3.0,84.0,-28.0,0.0,-1.1600000000000001,10.4,-25.25,5.870000000000001,-92.52,-2.4400000000000013,25.18,3.130000000000001,-0.2999999999999998,50.75,-9.66,-10.31
2025-07-31T15:23:41.308163,-64.0,-46.0,12.0,-13.0,-42.0,0.0,8.0,-24.0,-6.0,53.0,1.0,66.0,-51.16,-54.6,27.75,-37.129999999999995,-45.52,24.56,-12.82,-13.87,-3.3,19.75,19.34,55.69
2025-07-31T15:23:41.316114,9.0,-64.0,67.0,-6.0,-12.0,-22.0,-11.0,87.0,-3.0,67.0,-34.0,22.0,21.84,-72.6,82.75,-30.13,-15.52,2.5599999999999987,-31.82,97.13,-0.2999999999999998,33.75,-15.66,11.69
2025-07-31T15:23:41.320579,-24.0,-35.0,8.0,5.0,-10.0,-49.0,73.0,-48.0,-9.0,53.0,-13.0,60.0,-11.16,-43.6,23.75,-19.13,-13.52,-24.44,52.18,-37.87,-6.3,19.75,5.34,49.69
2025-07-31T15:23:41.324838,93.0,-62.0,34.0,-29.0,43.0,-23.0,17.0,29.0,15.0,21.0,-17.0,50.0,105.84,-70.6,49.75,-53.129999999999995,39.48,1.5599999999999987,-3.8200000000000003,39.13,17.7,-12.25,1.3399999999999999,39.69
2025-07-31T15:23:41.332692,-106.0,24.0,6.0,-11.0,27.0,-44.0,27.0,-25.0,-68.0,40.0,-10.0,66.0,-93.16,15.4,21.75,-35.129999999999995,23.48,-19.44,6.18,-14.87,-65.3,6.75,8.34,55.69
2025-07-31T15:23:41.336702,-18.0,-2.0,23.0,59.0,17.0,-18.0,-3.0,-57.0,0.0,61.0,-55.0,24.0,-5.16,-10.6,38.75,34.870000000000005,13.48,6.559999999999999,-23.82,-46.87,2.7,27.75,-36.66,13.69
2025-07-31T15:23:41.345161,-92.0,154.0,-22.0,26.0,-6.0,-81.0,48.0,70.0,44.0,48.0,-67.0,45.0,-79.16,145.4,-6.25,1.870000000000001,-9.52,-56.44,27.18,80.13,46.7,14.75,-48.66,34.69
2025-07-31T15:23:41.348893,-77.0,6.0,-25.0,38.0,-19.0,-7.0,49.0,7.0,19.0,47.0,-18.0,47.0,-64.16,-2.5999999999999996,-9.25,13.870000000000001,-22.52,17.56,28.18,17.130000000000003,21.7,13.75,0.33999999999999986,36.69
2025-07-31T15:23:41.357308,-33.0,63.0,-67.0,32.0,-58.0,37.0,70.0,-51.0,-8.0,50.0,-20.0,18.0,-20.16,54.4,-51.25,7.870000000000001,-61.52,61.56,49.18,-40.87,-5.3,16.75,-1.6600000000000001,7.6899999999999995
2025-07-31T15:23:41.361236,49.0,23.0,-95.0,52.0,9.0,28.0,125.0,19.0,-65.0,47.0,-92.0,13.0,61.84,14.4,-79.25,27.87,5.48,52.56,104.18,29.130000000000003,-62.3,13.75,-73.66,2.6899999999999995
2025-07-31T15:23:41.369547,24.0,-15.0,-49.0,28.0,45.0,-19.0,76.0,-20.0,21.0,33.0,-27.0,102.0,36.84,-23.6,-33.25,3.870000000000001,41.48,5.559999999999999,55.18,-9.87,23.7,-0.25,-8.66,91.69
2025-07-31T15:23:41.373577,-36.0,-9.0,8.0,-50.0,61.0,-41.0,0.0,-47.0,38.0,63.0,-57.0,85.0,-23.16,-17.6,23.75,-74.13,57.48,-16.44,-20.82,-36.87,40.7,29.75,-38.66,74.69
2025-07-31T15:23:41.381661,-6.0,-36.0,-24.0,103.0,4.0,-4.0,-23.0,18.0,6.0,55.0,-36.0,86.0,6.84,-44.6,-8.25,78.87,0.48,20.56,-43.82,28.130000000000003,8.7,21.75,-17.66,75.69
2025-07-31T15:23:41.385800,-7.0,-22.0,50.0,-38.0,16.0,-87.0,96.0,4.0,1.0,69.0,-106.0,95.0,5.84,-30.6,65.75,-62.129999999999995,12.48,-62.44,75.18,14.13,3.7,35.75,-87.66,84.69
2025-07-31T15:23:41.393902,88.0,-20.0,44.0,78.0,-52.0,-45.0,41.0,-60.0,17.0,70.0,-28.0,36.0,100.84,-28.6,59.75,53.870000000000005,-55.52,-20.44,20.18,-49.87,19.7,36.75,-9.66,25.689999999999998
2025-07-31T15:23:41.398320,-26.0,8.0,34.0,23.0,-14.0,13.0,-33.0,20.0,-18.0,31.0,-25.0,66.0,-13.16,-0.5999999999999996,49.75,-1.129999999999999,-17.52,37.56,-53.82,30.130000000000003,-15.3,-2.25,-6.66,55.69
2025-07-31T15:23:41.406262,-49.0,2.0,37.0,19.0,-82.0,-8.0,13.0,-40.0,37.0,74.0,14.0,44.0,-36.16,-6.6,52.75,-5.129999999999999,-85.52,16.56,-7.82,-29.869999999999997,39.7,40.75,32.34,33.69
2025-07-31T15:23:41.410608,-27.0,39.0,-119.0,-38.0,10.0,-8.0,27.0,-64.0,-20.0,28.0,-35.0,37.0,-14.16,30.4,-103.25,-62.129999999999995,6.48,16.56,6.18,-53.87,-17.3,-5.25,-16.66,26.689999999999998
2025-07-31T15:23:41.418651,64.0,61.0,-88.0,-21.0,-12.0,-67.0,5.0,-22.0,31.0,79.0,-48.0,34.0,76.84,52.4,-72.25,-45.129999999999995,-15.52,-42.44,-15.82,-11.87,33.7,45.75,-29.66,23.689999999999998
2025-07-31T15:23:41.422947,-10.0,-48.0,-101.0,60.0,-9.0,-52.0,12.0,-40.0,-36.0,0.0,-88.0,80.0,2.84,-56.6,-85.25,35.870000000000005,-12.52,-27.44,-8.82,-29.869999999999997,-33.3,-33.25,-69.66,69.69
2025-07-31T15:23:41.430751,-37.0,-9.0,-25.0,94.0,10.0,-61.0,19.0,-11.0,54.0,55.0,2.0,52.0,-24.16,-17.6,-9.25,69.87,6.48,-36.44,-1.8200000000000003,-0.8699999999999992,56.7,21.75,20.34,41.69
2025-07-31T15:23:41.435148,-14.0,-5.0,9.0,117.0,-23.0,-43.0,4.0,-14.0,15.0,21.0,-43.0,-17.0,-1.1600000000000001,-13.6,24.75,92.87,-26.52,-18.44,-16.82,-3.869999999999999,17.7,-12.25,-24.66,-27.310000000000002
2025-07-31T15:23:41.443195,-77.0,-32.0,32.0,110.0,25.0,-19.0,-4.0,-4.0,7.0,-11.0,-48.0,46.0,-64.16,-40.6,47.75,85.87,21.48,5.559999999999999,-24.82,6.130000000000001,9.7,-44.25,-29.66,35.69
2025-07-31T15:23:41.447269,14.0,22.0,-11.0,-19.0,-6.0,-20.0,-13.0,-33.0,46.0,96.0,-51.0,60.0,26.84,13.4,4.75,-43.129999999999995,-9.52,4.559999999999999,-33.82,-22.869999999999997,48.7,62.75,-32.66,49.69
2025-07-31T15:23:41.455445,-59.0,3.0,-8.0,-37.0,55.0,-30.0,6.0,10.0,65.0,84.0,-5.0,83.0,-46.16,-5.6,7.75,-61.129999999999995,51.48,-5.440000000000001,-14.82,20.130000000000003,67.7,50.75,13.34,72.69
2025-07-31T15:23:41.459696,-42.0,21.0,-63.0,28.0,-9.0,-22.0,74.0,-31.0,12.0,25.0,-60.0,-54.0,-29.16,12.4,-47.25,3.870000000000001,-12.52,2.5599999999999987,53.18,-20.869999999999997,14.7,-8.25,-41.66,-64.31
2025-07-31T15:23:41.467598,-18.0,33.0,-8.0,-2.0,66.0,-20.0,15.0,-45.0,6.0,45.0,-5.0,-33.0,-5.16,24.4,7.75,-26.13,62.48,4.559999999999999,-5.82,-34.87,8.7,11.75,13.34,-43.31
2025-07-31T15:23:41.471829,-12.0,86.0,5.0,71.0,83.0,-34.0,21.0,20.0,7.0,48.0,-30.0,-39.0,0.8399999999999999,77.4,20.75,46.870000000000005,79.48,-9.440000000000001,0.17999999999999972,30.130000000000003,9.7,14.75,-11.66,-49.31
2025-07-31T15:23:41.479935,-28.0,-59.0,-42.0,29.0,-82.0,-62.0,41.0,36.0,21.0,112.0,-62.0,27.0,-15.16,-67.6,-26.25,4.870000000000001,-85.52,-37.44,20.18,46.13,23.7,78.75,-43.66,16.689999999999998
2025-07-31T15:23:41.484361,9.0,1.0,17.0,52.0,14.0,-45.0,31.0,30.0,-10.0,62.0,-57.0,-69.0,21.84,-7.6,32.75,27.87,10.48,-20.44,10.18,40.13,-7.3,28.75,-38.66,-79.31
2025-07-31T15:23:41.492217,-30.0,0.0,9.0,78.0,-34.0,-48.0,102.0,27.0,18.0,51.0,-18.0,-54.0,-17.16,-8.6,24.75,53.870000000000005,-37.52,-23.44,81.18,37.13,20.7,17.75,0.33999999999999986,-64.31
2025-07-31T15:23:41.496733,-7.0,32.0,-8.0,-36.0,71.0,-38.0,66.0,-42.0,-76.0,84.0,-87.0,-47.0,5.84,23.4,7.75,-60.129999999999995,67.48,-13.440000000000001,45.18,-31.869999999999997,-73.3,50.75,-68.66,-57.31
2025-07-31T15:23:41.504434,-10.0,31.0,42.0,27.0,-11.0,-10.0,21.0,23.0,-43.0,92.0,-74.0,-23.0,2.84,22.4,57.75,2.870000000000001,-14.52,14.559999999999999,0.17999999999999972,33.13,-40.3,58.75,-55.66,-33.31
2025-07-31T15:23:41.508750,-33.0,17.0,49.0,42.0,57.0,-69.0,73.0,-84.0,31.0,104.0,-60.0,-29.0,-20.16,8.4,64.75,17.87,53.48,-44.44,52.18,-73.87,33.7,70.75,-41.66,-39.31
2025-07-31T15:23:41.516821,-19.0,29.0,-52.0,73.0,-29.0,-44.0,40.0,-35.0,-36.0,8.0,-59.0,-67.0,-6.16,20.4,-36.25,48.870000000000005,-32.52,-19.44,19.18,-24.869999999999997,-33.3,-25.25,-40.66,-77.31
2025-07-31T15:23:41.521313,33.0,80.0,-55.0,41.0,69.0,18.0,29.0,-71.0,-27.0,66.0,-84.0,-59.0,45.84,71.4,-39.25,16.87,65.48,42.56,8.18,-60.87,-24.3,32.75,-65.66,-69.31
2025-07-31T15:23:41.529185,-40.0,-22.0,-42.0,94.0,-18.0,-22.0,76.0,-65.0,72.0,-10.0,-86.0,-14.0,-27.16,-30.6,-26.25,69.87,-21.52,2.5599999999999987,55.18,-54.87,74.7,-43.25,-67.66,-24.310000000000002
2025-07-31T15:23:41.533521,27.0,-73.0,83.0,-3.0,-50.0,-65.0,51.0,-39.0,73.0,17.0,-112.0,19.0,39.84,-81.6,98.75,-27.13,-53.52,-40.44,30.18,-28.869999999999997,75.7,-16.25,-93.66,8.69
2025-07-31T15:23:41.541391,-71.0,-20.0,5.0,-47.0,-22.0,-45.0,-5.0,-3.0,36.0,59.0,-67.0,-28.0,-58.16,-28.6,20.75,-71.13,-25.52,-20.44,-25.82,7.130000000000001,38.7,25.75,-48.66,-38.31
2025-07-31T15:23:41.545729,-81.0,107.0,56.0,-19.0,-20.0,-68.0,6.0,-12.0,32.0,31.0,-71.0,43.0,-68.16,98.4,71.75,-43.129999999999995,-23.52,-43.44,-14.82,-1.8699999999999992,34.7,-2.25,-52.66,32.69
2025-07-31T15:23:41.553650,-18.0,20.0,-15.0,58.0,-39.0,-52.0,18.0,-21.0,15.0,9.0,-28.0,11.0,-5.16,11.4,0.75,33.870000000000005,-42.52,-27.44,-2.8200000000000003,-10.87,17.7,-24.25,-9.66,0.6899999999999995
2025-07-31T15:23:41.557872,-94.0,12.0,-27.0,27.0,12.0,-56.0,-39.0,34.0,-13.0,-6.0,17.0,-37.0,-81.16,3.4000000000000004,-11.25,2.870000000000001,8.48,-31.44,-59.82,44.13,-10.3,-39.25,35.34,-47.31
2025-07-31T15:23:41.566006,36.0,-19.0,-64.0,-46.0,-35.0,-13.0,45.0,5.0,26.0,34.0,-2.0,-61.0,48.84,-27.6,-48.25,-70.13,-38.52,11.559999999999999,24.18,15.13,28.7,0.75,16.34,-71.31
2025-07-31T15:23:41.570147,15.0,-7.0,-67.0,24.0,-17.0,13.0,24.0,-39.0,-24.0,51.0,63.0,-40.0,27.84,-15.6,-51.25,-0.129999999999999,-20.52,37.56,3.1799999999999997,-28.869999999999997,-21.3,17.75,81.34,-50.31
2025-07-31T15:23:41.578308,-23.0,-61.0,-8.0,-72.0,-29.0,-25.0,23.0,-16.0,-3.0,45.0,-41.0,-45.0,-10.16,-69.6,7.75,-96.13,-32.52,-0.4400000000000013,2.1799999999999997,-5.869999999999999,-0.2999999999999998,11.75,-22.66,-55.31
2025-07-31T15:23:41.582637,-33.0,-52.0,19.0,84.0,20.0,-88.0,-16.0,-72.0,-22.0,121.0,-17.0,-4.0,-20.16,-60.6,34.75,59.870000000000005,16.48,-63.44,-36.82,-61.87,-19.3,87.75,1.3399999999999999,-14.31
2025-07-31T15:23:41.586684,-76.0,53.0,1.0,-14.0,-43.0,-51.0,48.0,20.0,2.0,36.0,-20.0,5.0,-63.16,44.4,16.75,-38.129999999999995,-46.52,-26.44,27.18,30.130000000000003,4.7,2.75,-1.6600000000000001,-5.3100000000000005
2025-07-31T15:23:41.594669,-54.0,107.0,-10.0,30.0,-12.0,-46.0,9.0,-43.0,-22.0,20.0,8.0,6.0,-41.16,98.4,5.75,5.870000000000001,-15.52,-21.44,-11.82,-32.87,-19.3,-13.25,26.34,-4.3100000000000005
2025-07-31T15:23:41.598777,-55.0,48.0,-29.0,8.0,-70.0,-120.0,116.0,-3.0,-29.0,90.0,25.0,-21.0,-42.16,39.4,-13.25,-16.13,-73.52,-95.44,95.18,7.130000000000001,-26.3,56.75,43.34,-31.310000000000002
2025-07-31T15:23:41.606985,-27.0,23.0,-51.0,32.0,-7.0,32.0,-3.0,21.0,11.0,-1.0,12.0,-49.0,-14.16,14.4,-35.25,7.870000000000001,-10.52,56.56,-23.82,31.130000000000003,13.7,-34.25,30.34,-59.31
2025-07-31T15:23:41.611069,0.0,101.0,-80.0,43.0,41.0,-44.0,19.0,8.0,-35.0,45.0,15.0,-81.0,12.84,92.4,-64.25,18.87,37.48,-19.44,-1.8200000000000003,18.130000000000003,-32.3,11.75,33.34,-91.31
2025-07-31T15:23:41.619186,-7.0,83.0,-52.0,27.0,-20.0,-62.0,17.0,71.0,-35.0,54.0,2.0,-10.0,5.84,74.4,-36.25,2.870000000000001,-23.52,-37.44,-3.8200000000000003,81.13,-32.3,20.75,20.34,-20.310000000000002
2025-07-31T15:23:41.623466,-10.0,-25.0,-53.0,70.0,-73.0,-88.0,42.0,-8.0,11.0,75.0,57.0,-70.0,2.84,-33.6,-37.25,45.870000000000005,-76.52,-63.44,21.18,2.130000000000001,13.7,41.75,75.34,-80.31
2025-07-31T15:23:41.631502,22.0,-38.0,-32.0,9.0,-19.0,-26.0,-13.0,-9.0,8.0,-5.0,9.0,-44.0,34.84,-46.6,-16.25,-15.129999999999999,-22.52,-1.4400000000000013,-33.82,1.1300000000000008,10.7,-38.25,27.34,-54.31
2025-07-31T15:23:41.635782,44.0,-39.0,14.0,32.0,-43.0,15.0,-4.0,49.0,17.0,-54.0,-9.0,-5.0,56.84,-47.6,29.75,7.870000000000001,-46.52,39.56,-24.82,59.13,19.7,-87.25,9.34,-15.31
2025-07-31T15:23:41.643760,57.0,22.0,-46.0,3.0,17.0,-44.0,0.0,50.0,5.0,23.0,30.0,3.0,69.84,13.4,-30.25,-21.13,13.48,-19.44,-20.82,60.13,7.7,-10.25,48.34,-7.3100000000000005
2025-07-31T15:23:41.648417,-11.0,52.0,-50.0,-10.0,-64.0,-9.0,-15.0,-54.0,10.0,52.0,55.0,-4.0,1.8399999999999999,43.4,-34.25,-34.129999999999995,-67.52,15.559999999999999,-35.82,-43.87,12.7,18.75,73.34,-14.31
2025-07-31T15:23:41.656151,41.0,-35.0,41.0,13.0,-29.0,10.0,13.0,-36.0,58.0,-12.0,35.0,-52.0,53.84,-43.6,56.75,-11.129999999999999,-32.52,34.56,-7.82,-25.869999999999997,60.7,-45.25,53.34,-62.31
2025-07-31T15:23:41.661264,-42.0,-25.0,42.0,8.0,-72.0,0.0,17.0,-93.0,53.0,-18.0,10.0,-44.0,-29.16,-33.6,57.75,-16.13,-75.52,24.56,-3.8200000000000003,-82.87,55.7,-51.25,28.34,-54.31
2025-07-31T15:23:41.668217,-86.0,42.0,14.0,136.0,-11.0,1.0,41.0,33.0,-36.0,-4.0,48.0,-58.0,-73.16,33.4,29.75,111.87,-14.52,25.56,20.18,43.13,-33.3,-37.25,66.34,-68.31
2025-07-31T15:23:41.673611,-63.0,43.0,-11.0,55.0,-82.0,-51.0,-5.0,-73.0,-11.0,-3.0,14.0,-32.0,-50.16,34.4,4.75,30.87,-85.52,-26.44,-25.82,-62.87,-8.3,-36.25,32.34,-42.31
2025-07-31T15:23:41.680538,-32.0,21.0,-89.0,12.0,-28.0,50.0,70.0,26.0,5.0,27.0,42.0,-21.0,-19.16,12.4,-73.25,-12.129999999999999,-31.52,74.56,49.18,36.13,7.7,-6.25,60.34,-31.310000000000002
2025-07-31T15:23:41.685731,-46.0,25.0,-63.0,-9.0,-60.0,33.0,-3.0,-24.0,23.0,29.0,22.0,18.0,-33.16,16.4,-47.25,-33.129999999999995,-63.52,57.56,-23.82,-13.87,25.7,-4.25,40.34,7.6899999999999995
2025-07-31T15:23:41.692733,-29.0,71.0,29.0,12.0,39.0,-20.0,80.0,52.0,64.0,7.0,12.0,-6.0,-16.16,62.4,44.75,-12.129999999999999,35.48,4.559999999999999,59.18,62.13,66.7,-26.25,30.34,-16.310000000000002
2025-07-31T15:23:41.697932,42.0,83.0,-23.0,24.0,10.0,-92.0,87.0,34.0,-24.0,-5.0,35.0,-68.0,54.84,74.4,-7.25,-0.129999999999999,6.48,-67.44,66.18,44.13,-21.3,-38.25,53.34,-78.31
2025-07-31T15:23:41.705237,-29.0,27.0,-38.0,47.0,-14.0,43.0,27.0,-17.0,-45.0,-7.0,1.0,-55.0,-16.16,18.4,-22.25,22.87,-17.52,67.56,6.18,-6.869999999999999,-42.3,-40.25,19.34,-65.31
2025-07-31T15:23:41.710398,-30.0,0.0,-88.0,-27.0,58.0,-30.0,36.0,-8.0,-54.0,-36.0,-15.0,-28.0,-17.16,-8.6,-72.25,-51.129999999999995,54.48,-5.440000000000001,15.18,2.130000000000001,-51.3,-69.25,3.34,-38.31
2025-07-31T15:23:41.717383,11.0,32.0,-54.0,61.0,45.0,-43.0,-16.0,18.0,30.0,-22.0,-14.0,-28.0,23.84,23.4,-38.25,36.870000000000005,41.48,-18.44,-36.82,28.130000000000003,32.7,-55.25,4.34,-38.31
2025-07-31T15:23:41.722266,18.0,-30.0,-25.0,-7.0,-64.0,31.0,32.0,-11.0,36.0,2.0,3.0,-63.0,30.84,-38.6,-9.25,-31.13,-67.52,55.56,11.18,-0.8699999999999992,38.7,-31.25,21.34,-73.31
2025-07-31T15:23:41.729608,-5.0,3.0,7.0,13.0,-77.0,-3.0,30.0,-76.0,-4.0,-37.0,16.0,-14.0,7.84,-5.6,22.75,-11.129999999999999,-80.52,21.56,9.18,-65.87,-1.2999999999999998,-70.25,34.34,-24.310000000000002
2025-07-31T15:23:41.734597,7.0,-54.0,65.0,-18.0,23.0,-27.0,-12.0,-87.0,20.0,36.0,40.0,-30.0,19.84,-62.6,80.75,-42.129999999999995,19.48,-2.4400000000000013,-32.82,-76.87,22.7,2.75,58.34,-40.31
2025-07-31T15:23:41.742068,-35.0,19.0,60.0,-5.0,-37.0,-14.0,118.0,19.0,117.0,-57.0,11.0,-25.0,-22.16,10.4,75.75,-29.13,-40.52,10.559999999999999,97.18,29.130000000000003,119.7,-90.25,29.34,-35.31
2025-07-31T15:23:41.746243,-56.0,33.0,-6.0,-10.0,14.0,4.0,39.0,-102.0,-12.0,-54.0,23.0,15.0,-43.16,24.4,9.75,-34.129999999999995,10.48,28.56,18.18,-91.87,-9.3,-87.25,41.34,4.6899999999999995
2025-07-31T15:23:41.754377,-18.0,77.0,-66.0,8.0,-1.0,-13.0,-27.0,-79.0,62.0,-1.0,34.0,-29.0,-5.16,68.4,-50.25,-16.13,-4.52,11.559999999999999,-47.82,-68.87,64.7,-34.25,52.34,-39.31
2025-07-31T15:23:41.758694,-82.0,-17.0,-42.0,87.0,10.0,-47.0,42.0,-34.0,-42.0,-14.0,-25.0,30.0,-69.16,-25.6,-26.25,62.870000000000005,6.48,-22.44,21.18,-23.869999999999997,-39.3,-47.25,-6.66,19.689999999999998
2025-07-31T15:23:41.762675,-24.0,51.0,-6.0,43.0,-34.0,-94.0,0.0,3.0,27.0,-23.0,17.0,-4.0,-11.16,42.4,9.75,18.87,-37.52,-69.44,-20.82,13.13,29.7,-56.25,35.34,-14.31
2025-07-31T15:23:41.770722,-35.0,121.0,43.0,14.0,-33.0,-30.0,36.0,66.0,61.0,3.0,30.0,26.0,-22.16,112.4,58.75,-10.129999999999999,-36.52,-5.440000000000001,15.18,76.13,63.7,-30.25,48.34,15.69
2025-07-31T15:23:41.775790,15.0,-27.0,-35.0,19.0,-42.0,0.0,-20.0,5.0,-12.0,-31.0,-11.0,35.0,27.84,-35.6,-19.25,-5.129999999999999,-45.52,24.56,-40.82,15.13,-9.3,-64.25,7.34,24.689999999999998
2025-07-31T15:23:41.783162,-78.0,-12.0,-10.0,36.0,-63.0,-10.0,58.0,50.0,4.0,-23.0,-32.0,55.0,-65.16,-20.6,5.75,11.870000000000001,-66.52,14.559999999999999,37.18,60.13,6.7,-56.25,-13.66,44.69
2025-07-31T15:23:41.788030,-87.0,16.0,9.0,6.0,-8.0,-44.0,-37.0,26.0,-25.0,8.0,-32.0,62.0,-74.16,7.4,24.75,-18.13,-11.52,-19.44,-57.82,36.13,-22.3,-25.25,-13.66,51.69
2025-07-31T15:23:41.795300,-129.0,5.0,8.0,57.0,15.0,13.0,-65.0,-35.0,30.0,-31.0,-20.0,25.0,-116.16,-3.5999999999999996,23.75,32.870000000000005,11.48,37.56,-85.82,-24.869999999999997,32.7,-64.25,-1.6600000000000001,14.69
2025-07-31T15:23:41.800223,-72.0,58.0,2.0,-83.0,61.0,-51.0,3.0,32.0,-36.0,-29.0,-96.0,31.0,-59.16,49.4,17.75,-107.13,57.48,-26.44,-17.82,42.13,-33.3,-62.25,-77.66,20.689999999999998
2025-07-31T15:23:41.807759,-18.0,29.0,-2.0,6.0,18.0,-48.0,2.0,33.0,-40.0,-20.0,22.0,86.0,-5.16,20.4,13.75,-18.13,14.48,-23.44,-18.82,43.13,-37.3,-53.25,40.34,75.69
2025-07-31T15:23:41.811906,-95.0,46.0,-4.0,104.0,8.0,5.0,-48.0,-10.0,64.0,-11.0,-47.0,43.0,-82.16,37.4,11.75,79.87,4.48,29.56,-68.82,0.13000000000000078,66.7,-44.25,-28.66,32.69
2025-07-31T15:23:41.819838,-32.0,35.0,18.0,36.0,-42.0,-63.0,23.0,9.0,-37.0,71.0,3.0,73.0,-19.16,26.4,33.75,11.870000000000001,-45.52,-38.44,2.1799999999999997,19.130000000000003,-34.3,37.75,21.34,62.69
2025-07-31T15:23:41.824150,-130.0,19.0,-66.0,63.0,7.0,-24.0,-13.0,13.0,-35.0,43.0,-39.0,33.0,-117.16,10.4,-50.25,38.870000000000005,3.48,0.5599999999999987,-33.82,23.130000000000003,-32.3,9.75,-20.66,22.689999999999998
2025-07-31T15:23:41.832234,33.0,108.0,-40.0,37.0,-34.0,-41.0,46.0,39.0,46.0,84.0,8.0,63.0,45.84,99.4,-24.25,12.870000000000001,-37.52,-16.44,25.18,49.13,48.7,50.75,26.34,52.69
2025-07-31T15:23:41.836465,-9.0,25.0,-29.0,-10.0,-27.0,-55.0,33.0,11.0,-28.0,102.0,-67.0,-17.0,3.84,16.4,-13.25,-34.129999999999995,-30.52,-30.44,12.18,21.130000000000003,-25.3,68.75,-48.66,-27.310000000000002
2025-07-31T15:23:41.844422,0.0,-12.0,44.0,36.0,38.0,-54.0,81.0,14.0,-54.0,-9.0,-49.0,47.0,12.84,-20.6,59.75,11.870000000000001,34.48,-29.44,60.18,24.130000000000003,-51.3,-42.25,-30.66,36.69
2025-07-31T15:23:41.849771,-76.0,36.0,-24.0,9.0,11.0,-26.0,50.0,-50.0,8.0,122.0,-54.0,58.0,-63.16,27.4,-8.25,-15.129999999999999,7.48,-1.4400000000000013,29.18,-39.87,10.7,88.75,-35.66,47.69
2025-07-31T15:23:41.856706,-25.0,-33.0,109.0,72.0,23.0,-60.0,42.0,-29.0,-59.0,92.0,25.0,6.0,-12.16,-41.6,124.75,47.870000000000005,19.48,-35.44,21.18,-18.869999999999997,-56.3,58.75,43.34,-4.3100000000000005
2025-07-31T15:23:41.862085,-15.0,91.0,-104.0,57.0,-44.0,-12.0,29.0,-54.0,-9.0,69.0,-77.0,-21.0,-2.16,82.4,-88.25,32.870000000000005,-47.52,12.559999999999999,8.18,-43.87,-6.3,35.75,-58.66,-31.310000000000002
2025-07-31T15:23:41.868999,-33.0,43.0,-57.0,31.0,-24.0,-45.0,-2.0,-49.0,-38.0,88.0,-58.0,70.0,-20.16,34.4,-41.25,6.870000000000001,-27.52,-20.44,-22.82,-38.87,-35.3,54.75,-39.66,59.69
2025-07-31T15:23:41.873795,27.0,-40.0,-60.0,43.0,35.0,-15.0,-13.0,20.0,2.0,6.0,-53.0,36.0,39.84,-48.6,-44.25,18.87,31.48,9.559999999999999,-33.82,30.130000000000003,4.7,-27.25,-34.66,25.689999999999998
2025-07-31T15:23:41.881429,37.0,-49.0,36.0,34.0,26.0,-22.0,89.0,4.0,-31.0,62.0,-5.0,24.0,49.84,-57.6,51.75,9.870000000000001,22.48,2.5599999999999987,68.18,14.13,-28.3,28.75,13.34,13.69
2025-07-31T15:23:41.886052,-43.0,70.0,60.0,63.0,-16.0,-50.0,36.0,-41.0,-16.0,124.0,-56.0,92.0,-30.16,61.4,75.75,38.870000000000005,-19.52,-25.44,15.18,-30.869999999999997,-13.3,90.75,-37.66,81.69
2025-07-31T15:23:41.893651,-73.0,10.0,11.0,50.0,21.0,-15.0,5.0,-76.0,-6.0,128.0,-41.0,-15.0,-60.16,1.4000000000000004,26.75,25.87,17.48,9.559999999999999,-15.82,-65.87,-3.3,94.75,-22.66,-25.310000000000002
2025-07-31T15:23:41.897867,-107.0,26.0,-49.0,46.0,14.0,-55.0,-98.0,-38.0,-14.0,45.0,44.0,50.0,-94.16,17.4,-33.25,21.87,10.48,-30.44,-118.82,-27.869999999999997,-11.3,11.75,62.34,39.69
2025-07-31T15:23:41.905913,-25.0,62.0,-27.0,-9.0,-12.0,5.0,-74.0,-41.0,41.0,78.0,-65.0,63.0,-12.16,53.4,-11.25,-33.129999999999995,-15.52,29.56,-94.82,-30.869999999999997,43.7,44.75,-46.66,52.69
2025-07-31T15:23:41.910036,-45.0,21.0,3.0,-29.0,52.0,26.0,9.0,9.0,-58.0,68.0,-36.0,65.0,-32.16,12.4,18.75,-53.129999999999995,48.48,50.56,-11.82,19.130000000000003,-55.3,34.75,-17.66,54.69
2025-07-31T15:23:41.918159,66.0,47.0,-71.0,-31.0,44.0,-13.0,-44.0,-100.0,-39.0,-14.0,11.0,69.0,78.84,38.4,-55.25,-55.129999999999995,40.48,11.559999999999999,-64.82,-89.87,-36.3,-47.25,29.34,58.69
2025-07-31T15:23:41.922502,12.0,-35.0,-58.0,47.0,13.0,-98.0,-31.0,86.0,51.0,44.0,-60.0,35.0,24.84,-43.6,-42.25,22.87,9.48,-73.44,-51.82,96.13,53.7,10.75,-41.66,24.689999999999998
