timestamp,x1,y1,z1,x2,y2,z2,x3,y3,z3,x4,y4,z4,x1_calib,y1_calib,z1_calib,x2_calib,y2_calib,z2_calib,x3_calib,y3_calib,z3_calib,x4_calib,y4_calib,z4_calib
2025-08-11T16:54:04.560161,13.0,75.0,4.0,-33.0,34.0,3.0,-95.0,-3.0,-3.0,-39.0,27.0,-54.0,17.48,54.95,7.65,-47.37,26.06,-13.09,-110.93,-12.81,4.48,4.270000000000003,18.5,-54.42
2025-08-11T16:54:04.566171,6.0,64.0,-54.0,-36.0,69.0,17.0,-4.0,75.0,-36.0,-90.0,12.0,-15.0,10.48,43.95,-50.35,-50.37,61.06,0.9100000000000001,-19.93,65.19,-28.52,-46.73,3.5,-15.42
2025-08-11T16:54:04.570421,76.0,35.0,8.0,-17.0,-1.0,-16.0,-37.0,12.0,-59.0,-54.0,32.0,2.0,80.48,14.95,11.65,-31.369999999999997,-8.940000000000001,-32.09,-52.93,2.1899999999999995,-51.519999999999996,-10.729999999999997,23.5,1.58
2025-08-11T16:54:04.578425,42.0,-32.0,-36.0,1.0,-56.0,6.0,-31.0,9.0,-66.0,1.0,134.0,-21.0,46.480000000000004,-52.05,-32.35,-13.37,-63.94,-10.09,-46.93,-0.8100000000000005,-58.519999999999996,44.27,125.5,-21.42
2025-08-11T16:54:04.582482,65.0,32.0,-32.0,2.0,11.0,29.0,-75.0,41.0,-17.0,-18.0,46.0,-11.0,69.48,11.95,-28.35,-12.37,3.0599999999999996,12.91,-90.93,31.189999999999998,-9.52,25.270000000000003,37.5,-11.42
2025-08-11T16:54:04.590576,87.0,49.0,61.0,24.0,28.0,-12.0,8.0,-17.0,-14.0,-18.0,59.0,-33.0,91.48,28.95,64.65,9.63,20.06,-28.09,-7.93,-26.810000000000002,-6.52,25.270000000000003,50.5,-33.42
2025-08-11T16:54:04.594918,-3.0,-37.0,20.0,-12.0,34.0,86.0,9.0,35.0,42.0,-28.0,61.0,-37.0,1.4800000000000004,-57.05,23.65,-26.369999999999997,26.06,69.91,-6.93,25.189999999999998,49.480000000000004,15.270000000000003,52.5,-37.42
2025-08-11T16:54:04.602834,4.0,-4.0,54.0,-53.0,56.0,-30.0,13.0,-61.0,-2.0,-69.0,-12.0,9.0,8.48,-24.05,57.65,-67.37,48.06,-46.09,-2.9299999999999997,-70.81,5.48,-25.729999999999997,-20.5,8.58
2025-08-11T16:54:04.607254,32.0,-40.0,-27.0,7.0,31.0,-8.0,-43.0,42.0,-14.0,-51.0,-3.0,-21.0,36.480000000000004,-60.05,-23.35,-7.369999999999999,23.06,-24.09,-58.93,32.19,-6.52,-7.729999999999997,-11.5,-21.42
2025-08-11T16:54:04.612386,27.0,24.0,26.0,12.0,-3.0,13.0,8.0,-5.0,-31.0,-83.0,-5.0,-12.0,31.48,3.9499999999999993,29.65,-2.369999999999999,-10.940000000000001,-3.09,-7.93,-14.81,-23.52,-39.73,-13.5,-12.42
2025-08-11T16:54:04.619560,10.0,-11.0,-8.0,89.0,-49.0,40.0,-6.0,-17.0,-38.0,-20.0,12.0,-47.0,14.48,-31.05,-4.35,74.63,-56.94,23.91,-21.93,-26.810000000000002,-30.52,23.270000000000003,3.5,-47.42
2025-08-11T16:54:04.624552,-57.0,-19.0,46.0,22.0,23.0,9.0,-35.0,5.0,-28.0,-106.0,22.0,-18.0,-52.519999999999996,-39.05,49.65,7.630000000000001,15.059999999999999,-7.09,-50.93,-4.8100000000000005,-20.52,-62.73,13.5,-18.42
2025-08-11T16:54:04.631607,-10.0,57.0,42.0,0.0,-7.0,72.0,-8.0,2.0,-18.0,-89.0,28.0,-15.0,-5.52,36.95,45.65,-14.37,-14.940000000000001,55.91,-23.93,-7.8100000000000005,-10.52,-45.73,19.5,-15.42
2025-08-11T16:54:04.635747,-52.0,120.0,57.0,-19.0,9.0,6.0,4.0,-3.0,24.0,-61.0,8.0,69.0,-47.519999999999996,99.95,60.65,-33.37,1.0599999999999996,-10.09,-11.93,-12.81,31.48,-17.729999999999997,-0.5,68.58
2025-08-11T16:54:04.644035,-47.0,40.0,9.0,4.0,51.0,33.0,19.0,45.0,-65.0,15.0,-16.0,25.0,-42.519999999999996,19.95,12.65,-10.37,43.06,16.91,3.0700000000000003,35.19,-57.519999999999996,58.27,-24.5,24.58
2025-08-11T16:54:04.648195,-119.0,100.0,69.0,-2.0,19.0,-25.0,-25.0,58.0,-29.0,37.0,-5.0,37.0,-114.52,79.95,72.65,-16.369999999999997,11.059999999999999,-41.09,-40.93,48.19,-21.52,80.27000000000001,-13.5,36.58
2025-08-11T16:54:04.656188,-15.0,88.0,-26.0,-17.0,28.0,18.0,58.0,-18.0,22.0,14.0,-27.0,31.0,-10.52,67.95,-22.35,-31.369999999999997,20.06,1.9100000000000001,42.07,-27.810000000000002,29.48,57.27,-35.5,30.58
2025-08-11T16:54:04.660467,43.0,100.0,-125.0,6.0,45.0,2.0,-26.0,-63.0,7.0,0.0,-9.0,81.0,47.480000000000004,79.95,-121.35,-8.37,37.06,-14.09,-41.93,-72.81,14.48,43.27,-17.5,80.58
2025-08-11T16:54:04.668571,-43.0,43.0,-39.0,-37.0,44.0,-3.0,28.0,-13.0,60.0,-44.0,-63.0,54.0,-38.519999999999996,22.95,-35.35,-51.37,36.06,-19.09,12.07,-22.810000000000002,67.48,-0.7299999999999969,-71.5,53.58
2025-08-11T16:54:04.672762,38.0,-25.0,-60.0,44.0,40.0,-43.0,14.0,17.0,55.0,34.0,10.0,9.0,42.480000000000004,-45.05,-56.35,29.630000000000003,32.06,-59.09,-1.9299999999999997,7.1899999999999995,62.480000000000004,77.27000000000001,1.5,8.58
2025-08-11T16:54:04.680726,29.0,29.0,7.0,64.0,-45.0,-53.0,41.0,10.0,31.0,13.0,-9.0,42.0,33.480000000000004,8.95,10.65,49.63,-52.94,-69.09,25.07,0.1899999999999995,38.480000000000004,56.27,-17.5,41.58
2025-08-11T16:54:04.684978,-111.0,-3.0,-32.0,-4.0,94.0,30.0,1.0,-29.0,33.0,9.0,2.0,3.0,-106.52,-23.05,-28.35,-18.369999999999997,86.06,13.91,-14.93,-38.81,40.480000000000004,52.27,-6.5,2.58
2025-08-11T16:54:04.693139,-98.0,-41.0,25.0,58.0,-8.0,28.0,24.0,24.0,-3.0,38.0,-37.0,77.0,-93.52,-61.05,28.65,43.63,-15.940000000000001,11.91,8.07,14.19,4.48,81.27000000000001,-45.5,76.58
2025-08-11T16:54:04.697370,-67.0,19.0,41.0,20.0,35.0,24.0,39.0,43.0,36.0,-27.0,-50.0,0.0,-62.519999999999996,-1.0500000000000007,44.65,5.630000000000001,27.06,7.91,23.07,33.19,43.480000000000004,16.270000000000003,-58.5,-0.42
2025-08-11T16:54:04.705291,-25.0,77.0,19.0,-6.0,-6.0,1.0,0.0,-30.0,-43.0,-8.0,4.0,40.0,-20.52,56.95,22.65,-20.369999999999997,-13.940000000000001,-15.09,-15.93,-39.81,-35.519999999999996,35.27,-4.5,39.58
2025-08-11T16:54:04.709680,-52.0,70.0,4.0,1.0,66.0,21.0,-4.0,-38.0,19.0,25.0,-7.0,-21.0,-47.519999999999996,49.95,7.65,-13.37,58.06,4.91,-19.93,-47.81,26.48,68.27000000000001,-15.5,-21.42
2025-08-11T16:54:04.717491,51.0,53.0,36.0,-11.0,-52.0,40.0,36.0,-1.0,-54.0,-4.0,7.0,-58.0,55.480000000000004,32.95,39.65,-25.369999999999997,-59.94,23.91,20.07,-10.81,-46.519999999999996,39.27,-1.5,-58.42
2025-08-11T16:54:04.721840,-42.0,65.0,50.0,76.0,45.0,-6.0,-7.0,-39.0,60.0,-67.0,23.0,-7.0,-37.519999999999996,44.95,53.65,61.63,37.06,-22.09,-22.93,-48.81,67.48,-23.729999999999997,14.5,-7.42
2025-08-11T16:54:04.726087,-49.0,122.0,4.0,86.0,-29.0,17.0,1.0,-29.0,-37.0,16.0,-9.0,8.0,-44.519999999999996,101.95,7.65,71.63,-36.94,0.9100000000000001,-14.93,-38.81,-29.52,59.27,-17.5,7.58
2025-08-11T16:54:04.734132,-2.0,68.0,86.0,55.0,1.0,-33.0,90.0,24.0,55.0,48.0,40.0,21.0,2.4800000000000004,47.95,89.65,40.63,-6.94,-49.09,74.07,14.19,62.480000000000004,91.27000000000001,31.5,20.58
2025-08-11T16:54:04.738415,-27.0,80.0,57.0,74.0,42.0,80.0,44.0,-20.0,83.0,17.0,72.0,-19.0,-22.52,59.95,60.65,59.63,34.06,63.91,28.07,-29.810000000000002,90.48,60.27,63.5,-19.42
2025-08-11T16:54:04.746314,1.0,65.0,23.0,27.0,27.0,69.0,1.0,32.0,-25.0,-34.0,35.0,12.0,5.48,44.95,26.65,12.63,19.06,52.91,-14.93,22.189999999999998,-17.52,9.270000000000003,26.5,11.58
2025-08-11T16:54:04.750775,-54.0,54.0,-39.0,11.0,33.0,-2.0,35.0,22.0,13.0,-33.0,-36.0,-14.0,-49.519999999999996,33.95,-35.35,-3.369999999999999,25.06,-18.09,19.07,12.19,20.48,10.270000000000003,-44.5,-14.42
2025-08-11T16:54:04.758699,7.0,60.0,-10.0,-58.0,-23.0,12.0,19.0,0.0,52.0,-8.0,20.0,-2.0,11.48,39.95,-6.35,-72.37,-30.94,-4.09,3.0700000000000003,-9.81,59.480000000000004,35.27,11.5,-2.42
2025-08-11T16:54:04.763038,48.0,16.0,-43.0,-21.0,-73.0,23.0,6.0,87.0,-13.0,-57.0,28.0,44.0,52.480000000000004,-4.050000000000001,-39.35,-35.37,-80.94,6.91,-9.93,77.19,-5.52,-13.729999999999997,19.5,43.58
2025-08-11T16:54:04.771081,43.0,-47.0,-26.0,-8.0,50.0,82.0,27.0,27.0,-5.0,-50.0,-34.0,-31.0,47.480000000000004,-67.05,-22.35,-22.369999999999997,42.06,65.91,11.07,17.189999999999998,2.4800000000000004,-6.729999999999997,-42.5,-31.42
2025-08-11T16:54:04.775411,44.0,9.0,-33.0,-22.0,53.0,-10.0,18.0,-5.0,51.0,-38.0,34.0,-30.0,48.480000000000004,-11.05,-29.35,-36.37,45.06,-26.09,2.0700000000000003,-14.81,58.480000000000004,5.270000000000003,25.5,-30.42
2025-08-11T16:54:04.783141,50.0,-80.0,2.0,-49.0,104.0,-43.0,87.0,-18.0,28.0,-11.0,27.0,33.0,54.480000000000004,-100.05,5.65,-63.37,96.06,-59.09,71.07,-27.810000000000002,35.480000000000004,32.27,18.5,32.58
2025-08-11T16:54:04.787311,-55.0,-30.0,56.0,32.0,3.0,-25.0,5.0,-49.0,55.0,-110.0,27.0,-57.0,-50.519999999999996,-50.05,59.65,17.630000000000003,-4.94,-41.09,-10.93,-58.81,62.480000000000004,-66.72999999999999,18.5,-57.42
2025-08-11T16:54:04.795580,-53.0,50.0,18.0,-23.0,-35.0,5.0,2.0,67.0,25.0,-45.0,110.0,-10.0,-48.519999999999996,29.95,21.65,-37.37,-42.94,-11.09,-13.93,57.19,32.480000000000004,-1.7299999999999969,101.5,-10.42
2025-08-11T16:54:04.799578,-62.0,125.0,-29.0,-4.0,-39.0,47.0,57.0,82.0,0.0,-18.0,23.0,-23.0,-57.519999999999996,104.95,-25.35,-18.369999999999997,-46.94,30.91,41.07,72.19,7.48,25.270000000000003,14.5,-23.42
2025-08-11T16:54:04.807911,59.0,-54.0,-119.0,-19.0,21.0,41.0,-88.0,57.0,-24.0,-89.0,74.0,-43.0,63.480000000000004,-74.05,-115.35,-33.37,13.059999999999999,24.91,-103.93,47.19,-16.52,-45.73,65.5,-43.42
2025-08-11T16:54:04.811936,33.0,-34.0,-19.0,-3.0,33.0,-15.0,55.0,28.0,-13.0,-10.0,4.0,-28.0,37.480000000000004,-54.05,-15.35,-17.369999999999997,25.06,-31.09,39.07,18.189999999999998,-5.52,33.27,-4.5,-28.42
2025-08-11T16:54:04.820206,101.0,16.0,44.0,45.0,84.0,13.0,-25.0,73.0,-5.0,-138.0,73.0,-62.0,105.48,-4.050000000000001,47.65,30.630000000000003,76.06,-3.09,-40.93,63.19,2.4800000000000004,-94.72999999999999,64.5,-62.42
2025-08-11T16:54:04.824197,-10.0,-21.0,9.0,49.0,9.0,-8.0,-88.0,20.0,98.0,-37.0,13.0,-8.0,-5.52,-41.05,12.65,34.63,1.0599999999999996,-24.09,-103.93,10.19,105.48,6.270000000000003,4.5,-8.42
2025-08-11T16:54:04.832412,-52.0,-1.0,110.0,15.0,0.0,-26.0,14.0,69.0,-2.0,-58.0,29.0,98.0,-47.519999999999996,-21.05,113.65,0.6300000000000008,-7.94,-42.09,-1.9299999999999997,59.19,5.48,-14.729999999999997,20.5,97.58
2025-08-11T16:54:04.836727,-7.0,5.0,54.0,-20.0,-41.0,-4.0,28.0,45.0,-29.0,-70.0,-25.0,50.0,-2.5199999999999996,-15.05,57.65,-34.37,-48.94,-20.09,12.07,35.19,-21.52,-26.729999999999997,-33.5,49.58
2025-08-11T16:54:04.844706,-73.0,32.0,-4.0,33.0,8.0,72.0,12.0,23.0,-18.0,19.0,-84.0,-5.0,-68.52,11.95,-0.3500000000000001,18.630000000000003,0.05999999999999961,55.91,-3.9299999999999997,13.19,-10.52,62.27,-92.5,-5.42
2025-08-11T16:54:04.849025,-77.0,40.0,26.0,0.0,-68.0,-42.0,59.0,14.0,-30.0,31.0,-15.0,40.0,-72.52,19.95,29.65,-14.37,-75.94,-58.09,43.07,4.1899999999999995,-22.52,74.27000000000001,-23.5,39.58
2025-08-11T16:54:04.856905,-8.0,59.0,14.0,-17.0,-37.0,36.0,-8.0,17.0,-16.0,-36.0,-52.0,71.0,-3.5199999999999996,38.95,17.65,-31.369999999999997,-44.94,19.91,-23.93,7.1899999999999995,-8.52,7.270000000000003,-60.5,70.58
2025-08-11T16:54:04.861210,-25.0,57.0,-11.0,9.0,83.0,88.0,8.0,-11.0,-18.0,3.0,-39.0,7.0,-20.52,36.95,-7.35,-5.369999999999999,75.06,71.91,-7.93,-20.810000000000002,-10.52,46.27,-47.5,6.58
2025-08-11T16:54:04.869170,-59.0,73.0,-8.0,22.0,21.0,-1.0,59.0,17.0,9.0,-1.0,-6.0,-44.0,-54.519999999999996,52.95,-4.35,7.630000000000001,13.059999999999999,-17.09,43.07,7.1899999999999995,16.48,42.27,-14.5,-44.42
2025-08-11T16:54:04.873472,-41.0,52.0,-84.0,-9.0,7.0,129.0,33.0,62.0,-10.0,61.0,25.0,38.0,-36.519999999999996,31.95,-80.35,-23.369999999999997,-0.9400000000000004,112.91,17.07,52.19,-2.5199999999999996,104.27000000000001,16.5,37.58
2025-08-11T16:54:04.877697,-12.0,59.0,3.0,5.0,39.0,41.0,26.0,13.0,4.0,27.0,46.0,1.0,-7.52,38.95,6.65,-9.37,31.06,24.91,10.07,3.1899999999999995,11.48,70.27000000000001,37.5,0.5800000000000001
2025-08-11T16:54:04.885778,-57.0,-14.0,-3.0,-10.0,18.0,-53.0,-35.0,-52.0,0.0,-55.0,91.0,-35.0,-52.519999999999996,-34.05,0.6499999999999999,-24.369999999999997,10.059999999999999,-69.09,-50.93,-61.81,7.48,-11.729999999999997,82.5,-35.42
2025-08-11T16:54:04.890053,26.0,39.0,19.0,46.0,60.0,35.0,32.0,67.0,48.0,-25.0,65.0,2.0,30.48,18.95,22.65,31.630000000000003,52.06,18.91,16.07,57.19,55.480000000000004,18.270000000000003,56.5,1.58
2025-08-11T16:54:04.898024,14.0,-36.0,-35.0,111.0,0.0,-46.0,-17.0,50.0,28.0,-92.0,18.0,-46.0,18.48,-56.05,-31.35,96.63,-7.94,-62.09,-32.93,40.19,35.480000000000004,-48.73,9.5,-46.42
2025-08-11T16:54:04.906041,57.0,-36.0,38.0,86.0,54.0,64.0,16.0,-79.0,-37.0,-77.0,76.0,-22.0,61.480000000000004,-56.05,41.65,71.63,46.06,47.91,0.07000000000000028,-88.81,-29.52,-33.73,67.5,-22.42
2025-08-11T16:54:04.910440,-34.0,-27.0,18.0,50.0,-34.0,28.0,-17.0,30.0,-14.0,-29.0,64.0,-46.0,-29.52,-47.05,21.65,35.63,-41.94,11.91,-32.93,20.189999999999998,-6.52,14.270000000000003,55.5,-46.42
2025-08-11T16:54:04.914760,-75.0,26.0,51.0,-25.0,20.0,71.0,8.0,-24.0,10.0,-17.0,24.0,-1.0,-70.52,5.949999999999999,54.65,-39.37,12.059999999999999,54.91,-7.93,-33.81,17.48,26.270000000000003,15.5,-1.42
2025-08-11T16:54:04.922710,-53.0,92.0,62.0,20.0,52.0,47.0,-48.0,-13.0,-32.0,21.0,75.0,-39.0,-48.519999999999996,71.95,65.65,5.630000000000001,44.06,30.91,-63.93,-22.810000000000002,-24.52,64.27000000000001,66.5,-39.42
2025-08-11T16:54:04.926830,-39.0,64.0,-46.0,88.0,34.0,-12.0,36.0,70.0,32.0,-47.0,7.0,-59.0,-34.519999999999996,43.95,-42.35,73.63,26.06,-28.09,20.07,60.19,39.480000000000004,-3.729999999999997,-1.5,-59.42
2025-08-11T16:54:04.934717,-24.0,8.0,-17.0,20.0,-50.0,4.0,42.0,-30.0,38.0,32.0,79.0,-47.0,-19.52,-12.05,-13.35,5.630000000000001,-57.94,-12.09,26.07,-39.81,45.480000000000004,75.27000000000001,70.5,-47.42
2025-08-11T16:54:04.943021,-1.0,-30.0,-32.0,-9.0,10.0,25.0,-28.0,-31.0,55.0,-38.0,48.0,-40.0,3.4800000000000004,-50.05,-28.35,-23.369999999999997,2.0599999999999996,8.91,-43.93,-40.81,62.480000000000004,5.270000000000003,39.5,-40.42
2025-08-11T16:54:04.947265,19.0,4.0,-5.0,-37.0,-124.0,30.0,-21.0,26.0,54.0,-85.0,14.0,12.0,23.48,-16.05,-1.35,-51.37,-131.94,13.91,-36.93,16.189999999999998,61.480000000000004,-41.73,5.5,11.58
2025-08-11T16:54:04.951354,-94.0,-26.0,1.0,-41.0,0.0,11.0,-58.0,17.0,63.0,45.0,98.0,5.0,-89.52,-46.05,4.65,-55.37,-7.94,-5.09,-73.93,7.1899999999999995,70.48,88.27000000000001,89.5,4.58
2025-08-11T16:54:04.959294,-70.0,59.0,77.0,-4.0,-17.0,34.0,-29.0,45.0,22.0,-12.0,-33.0,-25.0,-65.52,38.95,80.65,-18.369999999999997,-24.94,17.91,-44.93,35.19,29.48,31.270000000000003,-41.5,-25.42
2025-08-11T16:54:04.963721,-3.0,13.0,10.0,-53.0,22.0,-4.0,7.0,-6.0,-28.0,-43.0,5.0,-32.0,1.4800000000000004,-7.050000000000001,13.65,-67.37,14.059999999999999,-20.09,-8.93,-15.81,-20.52,0.2700000000000031,-3.5,-32.42
2025-08-11T16:54:04.971704,-46.0,-10.0,19.0,14.0,26.0,21.0,-14.0,38.0,-4.0,-118.0,1.0,-40.0,-41.519999999999996,-30.05,22.65,-0.3699999999999992,18.06,4.91,-29.93,28.189999999999998,3.4800000000000004,-74.72999999999999,-7.5,-40.42
2025-08-11T16:54:04.975766,-56.0,84.0,3.0,0.0,16.0,-27.0,29.0,39.0,-46.0,-40.0,42.0,-102.0,-51.519999999999996,63.95,6.65,-14.37,8.059999999999999,-43.09,13.07,29.189999999999998,-38.519999999999996,3.270000000000003,33.5,-102.42
2025-08-11T16:54:04.983968,-32.0,43.0,-64.0,11.0,-2.0,-22.0,46.0,61.0,-10.0,-37.0,3.0,-68.0,-27.52,22.95,-60.35,-3.369999999999999,-9.940000000000001,-38.09,30.07,51.19,-2.5199999999999996,6.270000000000003,-5.5,-68.42
2025-08-11T16:54:04.988299,-90.0,-6.0,-24.0,62.0,-82.0,-15.0,-56.0,28.0,1.0,-54.0,24.0,-37.0,-85.52,-26.05,-20.35,47.63,-89.94,-31.09,-71.93,18.189999999999998,8.48,-10.729999999999997,15.5,-37.42
2025-08-11T16:54:04.996332,-3.0,71.0,-48.0,11.0,-40.0,53.0,-63.0,11.0,-69.0,-74.0,39.0,13.0,1.4800000000000004,50.95,-44.35,-3.369999999999999,-47.94,36.91,-78.93,1.1899999999999995,-61.519999999999996,-30.729999999999997,30.5,12.58
2025-08-11T16:54:05.000552,9.0,99.0,-110.0,-7.0,-19.0,44.0,31.0,-28.0,-41.0,-64.0,63.0,-4.0,13.48,78.95,-106.35,-21.369999999999997,-26.94,27.91,15.07,-37.81,-33.519999999999996,-20.729999999999997,54.5,-4.42
2025-08-11T16:54:05.008514,71.0,26.0,2.0,115.0,-14.0,34.0,-12.0,34.0,36.0,-90.0,73.0,-35.0,75.48,5.949999999999999,5.65,100.63,-21.94,17.91,-27.93,24.189999999999998,43.480000000000004,-46.73,64.5,-35.42
2025-08-11T16:54:05.012785,49.0,59.0,53.0,-76.0,3.0,0.0,56.0,22.0,6.0,-46.0,58.0,-49.0,53.480000000000004,38.95,56.65,-90.37,-4.94,-16.09,40.07,12.19,13.48,-2.729999999999997,49.5,-49.42
2025-08-11T16:54:05.020801,43.0,51.0,8.0,-76.0,55.0,53.0,22.0,14.0,-29.0,-102.0,55.0,3.0,47.480000000000004,30.95,11.65,-90.37,47.06,36.91,6.07,4.1899999999999995,-21.52,-58.73,46.5,2.58
2025-08-11T16:54:05.025107,-29.0,-4.0,67.0,31.0,40.0,45.0,-2.0,25.0,-23.0,-42.0,65.0,-22.0,-24.52,-24.05,70.65,16.630000000000003,32.06,28.91,-17.93,15.19,-15.52,1.2700000000000031,56.5,-22.42
2025-08-11T16:54:05.033019,-52.0,-2.0,-8.0,30.0,75.0,-17.0,-114.0,70.0,-54.0,10.0,77.0,-3.0,-47.519999999999996,-22.05,-4.35,15.63,67.06,-33.09,-129.93,60.19,-46.519999999999996,53.27,68.5,-3.42
2025-08-11T16:54:05.037405,-34.0,64.0,36.0,18.0,5.0,-27.0,1.0,-36.0,9.0,10.0,73.0,12.0,-29.52,43.95,39.65,3.630000000000001,-2.9400000000000004,-43.09,-14.93,-45.81,16.48,53.27,64.5,11.58
2025-08-11T16:54:05.045398,-33.0,27.0,67.0,22.0,66.0,19.0,-7.0,36.0,28.0,-68.0,110.0,-40.0,-28.52,6.949999999999999,70.65,7.630000000000001,58.06,2.91,-22.93,26.189999999999998,35.480000000000004,-24.729999999999997,101.5,-40.42
2025-08-11T16:54:05.049598,-20.0,47.0,-33.0,-51.0,-29.0,59.0,-40.0,24.0,27.0,-48.0,16.0,-16.0,-15.52,26.95,-29.35,-65.37,-36.94,42.91,-55.93,14.19,34.480000000000004,-4.729999999999997,7.5,-16.42
2025-08-11T16:54:05.057645,19.0,34.0,-30.0,8.0,43.0,41.0,1.0,2.0,-51.0,-65.0,-7.0,-43.0,23.48,13.95,-26.35,-6.369999999999999,35.06,24.91,-14.93,-7.8100000000000005,-43.519999999999996,-21.729999999999997,-15.5,-43.42
2025-08-11T16:54:05.061817,31.0,50.0,-50.0,6.0,86.0,34.0,-25.0,67.0,-40.0,-11.0,16.0,9.0,35.480000000000004,29.95,-46.35,-8.37,78.06,17.91,-40.93,57.19,-32.519999999999996,32.27,7.5,8.58
2025-08-11T16:54:05.069918,88.0,-18.0,-33.0,18.0,47.0,1.0,46.0,-13.0,24.0,-55.0,24.0,-39.0,92.48,-38.05,-29.35,3.630000000000001,39.06,-15.09,30.07,-22.810000000000002,31.48,-11.729999999999997,15.5,-39.42
2025-08-11T16:54:05.074263,-17.0,-2.0,-2.0,14.0,21.0,-5.0,27.0,10.0,5.0,-74.0,103.0,-37.0,-12.52,-22.05,1.65,-0.3699999999999992,13.059999999999999,-21.09,11.07,0.1899999999999995,12.48,-30.729999999999997,94.5,-37.42
2025-08-11T16:54:05.082157,10.0,-21.0,11.0,98.0,24.0,-4.0,52.0,34.0,11.0,-93.0,31.0,-48.0,14.48,-41.05,14.65,83.63,16.06,-20.09,36.07,24.189999999999998,18.48,-49.73,22.5,-48.42
2025-08-11T16:54:05.086392,-34.0,38.0,36.0,8.0,-15.0,41.0,48.0,66.0,42.0,-2.0,48.0,-19.0,-29.52,17.95,39.65,-6.369999999999999,-22.94,24.91,32.07,56.19,49.480000000000004,41.27,39.5,-19.42
2025-08-11T16:54:05.094419,-14.0,2.0,53.0,-14.0,19.0,25.0,30.0,27.0,31.0,-40.0,4.0,-18.0,-9.52,-18.05,56.65,-28.369999999999997,11.059999999999999,8.91,14.07,17.189999999999998,38.480000000000004,3.270000000000003,-4.5,-18.42
2025-08-11T16:54:05.098604,-73.0,56.0,-16.0,10.0,2.0,7.0,23.0,19.0,55.0,-68.0,95.0,46.0,-68.52,35.95,-12.35,-4.369999999999999,-5.94,-9.09,7.07,9.19,62.480000000000004,-24.729999999999997,86.5,45.58
2025-08-11T16:54:05.106668,-42.0,71.0,-20.0,-12.0,45.0,57.0,-45.0,60.0,-8.0,-31.0,40.0,-2.0,-37.519999999999996,50.95,-16.35,-26.369999999999997,37.06,40.91,-60.93,50.19,-0.5199999999999996,12.270000000000003,31.5,-2.42
2025-08-11T16:54:05.110969,19.0,24.0,-8.0,11.0,21.0,27.0,38.0,58.0,-33.0,-33.0,52.0,-10.0,23.48,3.9499999999999993,-4.35,-3.369999999999999,13.059999999999999,10.91,22.07,48.19,-25.52,10.270000000000003,43.5,-10.42
2025-08-11T16:54:05.118819,15.0,12.0,75.0,14.0,66.0,33.0,63.0,29.0,-16.0,-59.0,57.0,-30.0,19.48,-8.05,78.65,-0.3699999999999992,58.06,16.91,47.07,19.189999999999998,-8.52,-15.729999999999997,48.5,-30.42
2025-08-11T16:54:05.123071,-9.0,7.0,44.0,1.0,8.0,48.0,91.0,41.0,20.0,-62.0,2.0,-17.0,-4.52,-13.05,47.65,-13.37,0.05999999999999961,31.91,75.07,31.189999999999998,27.48,-18.729999999999997,-6.5,-17.42
2025-08-11T16:54:05.127559,18.0,-14.0,-29.0,45.0,3.0,55.0,-10.0,5.0,-3.0,-64.0,68.0,6.0,22.48,-34.05,-25.35,30.630000000000003,-4.94,38.91,-25.93,-4.8100000000000005,4.48,-20.729999999999997,59.5,5.58
2025-08-11T16:54:05.135502,-20.0,77.0,60.0,84.0,6.0,72.0,36.0,-9.0,-17.0,-92.0,48.0,-21.0,-15.52,56.95,63.65,69.63,-1.9400000000000004,55.91,20.07,-18.810000000000002,-9.52,-48.73,39.5,-21.42
2025-08-11T16:54:05.139793,-79.0,59.0,24.0,45.0,-35.0,35.0,-5.0,98.0,-4.0,-63.0,47.0,-37.0,-74.52,38.95,27.65,30.630000000000003,-42.94,18.91,-20.93,88.19,3.4800000000000004,-19.729999999999997,38.5,-37.42
2025-08-11T16:54:05.147863,-91.0,50.0,36.0,-9.0,-10.0,29.0,-10.0,23.0,51.0,-48.0,76.0,-40.0,-86.52,29.95,39.65,-23.369999999999997,-17.94,12.91,-25.93,13.19,58.480000000000004,-4.729999999999997,67.5,-40.42
2025-08-11T16:54:05.152114,34.0,49.0,-28.0,-22.0,24.0,55.0,-40.0,19.0,9.0,-37.0,35.0,10.0,38.480000000000004,28.95,-24.35,-36.37,16.06,38.91,-55.93,9.19,16.48,6.270000000000003,26.5,9.58
2025-08-11T16:54:05.159989,-11.0,94.0,9.0,0.0,-4.0,19.0,38.0,13.0,-75.0,-75.0,32.0,6.0,-6.52,73.95,12.65,-14.37,-11.940000000000001,2.91,22.07,3.1899999999999995,-67.52,-31.729999999999997,23.5,5.58
2025-08-11T16:54:05.164442,71.0,46.0,-69.0,16.0,93.0,-13.0,-12.0,66.0,-67.0,-26.0,30.0,69.0,75.48,25.95,-65.35,1.6300000000000008,85.06,-29.09,-27.93,56.19,-59.519999999999996,17.270000000000003,21.5,68.58
2025-08-11T16:54:05.172203,16.0,33.0,42.0,53.0,-12.0,-19.0,16.0,11.0,-37.0,-64.0,30.0,69.0,20.48,12.95,45.65,38.63,-19.94,-35.09,0.07000000000000028,1.1899999999999995,-29.52,-20.729999999999997,21.5,68.58
2025-08-11T16:54:05.176564,-42.0,16.0,75.0,62.0,-31.0,-11.0,60.0,25.0,-38.0,-15.0,13.0,32.0,-37.519999999999996,-4.050000000000001,78.65,47.63,-38.94,-27.09,44.07,15.19,-30.52,28.270000000000003,4.5,31.58
2025-08-11T16:54:05.184637,-32.0,-28.0,10.0,-12.0,-4.0,23.0,51.0,-10.0,-37.0,-84.0,41.0,42.0,-27.52,-48.05,13.65,-26.369999999999997,-11.940000000000001,6.91,35.07,-19.810000000000002,-29.52,-40.73,32.5,41.58
2025-08-11T16:54:05.188691,-59.0,65.0,-21.0,-61.0,73.0,28.0,-25.0,-14.0,19.0,-25.0,32.0,19.0,-54.519999999999996,44.95,-17.35,-75.37,65.06,11.91,-40.93,-23.810000000000002,26.48,18.270000000000003,23.5,18.58
2025-08-11T16:54:05.197080,4.0,6.0,-86.0,-58.0,66.0,77.0,-21.0,-16.0,21.0,-30.0,10.0,41.0,8.48,-14.05,-82.35,-72.37,58.06,60.91,-36.93,-25.810000000000002,28.48,13.270000000000003,1.5,40.58
2025-08-11T16:54:05.201246,-36.0,8.0,-73.0,-45.0,72.0,11.0,-30.0,17.0,-22.0,2.0,-33.0,52.0,-31.52,-12.05,-69.35,-59.37,64.06,-5.09,-45.93,7.1899999999999995,-14.52,45.27,-41.5,51.58
2025-08-11T16:54:05.209326,4.0,44.0,18.0,49.0,61.0,-2.0,3.0,26.0,5.0,-34.0,-5.0,42.0,8.48,23.95,21.65,34.63,53.06,-18.09,-12.93,16.189999999999998,12.48,9.270000000000003,-13.5,41.58
2025-08-11T16:54:05.213559,-65.0,28.0,-9.0,-21.0,-3.0,-17.0,-17.0,-70.0,61.0,-2.0,-31.0,59.0,-60.519999999999996,7.949999999999999,-5.35,-35.37,-10.940000000000001,-33.09,-32.93,-79.81,68.48,41.27,-39.5,58.58
2025-08-11T16:54:05.221496,-105.0,-7.0,22.0,-51.0,45.0,18.0,27.0,7.0,-7.0,-17.0,50.0,-17.0,-100.52,-27.05,25.65,-65.37,37.06,1.9100000000000001,11.07,-2.8100000000000005,0.4800000000000004,26.270000000000003,41.5,-17.42
2025-08-11T16:54:05.225679,46.0,121.0,0.0,53.0,-38.0,-4.0,-6.0,-16.0,62.0,24.0,-53.0,27.0,50.480000000000004,100.95,3.65,38.63,-45.94,-20.09,-21.93,-25.810000000000002,69.48,67.27000000000001,-61.5,26.58
2025-08-11T16:54:05.233636,13.0,96.0,-22.0,-21.0,-7.0,-26.0,-17.0,-47.0,27.0,16.0,1.0,10.0,17.48,75.95,-18.35,-35.37,-14.940000000000001,-42.09,-32.93,-56.81,34.480000000000004,59.27,-7.5,9.58
2025-08-11T16:54:05.238103,49.0,-7.0,-3.0,1.0,3.0,54.0,14.0,52.0,-14.0,61.0,-29.0,-32.0,53.480000000000004,-27.05,0.6499999999999999,-13.37,-4.94,37.91,-1.9299999999999997,42.19,-6.52,104.27000000000001,-37.5,-32.42
2025-08-11T16:54:05.246047,-1.0,47.0,-20.0,36.0,-16.0,18.0,46.0,17.0,0.0,-38.0,-65.0,-9.0,3.4800000000000004,26.95,-16.35,21.630000000000003,-23.94,1.9100000000000001,30.07,7.1899999999999995,7.48,5.270000000000003,-73.5,-9.42
2025-08-11T16:54:05.250234,1.0,-11.0,-2.0,7.0,37.0,41.0,13.0,-30.0,55.0,-67.0,-44.0,30.0,5.48,-31.05,1.65,-7.369999999999999,29.06,24.91,-2.9299999999999997,-39.81,62.480000000000004,-23.729999999999997,-52.5,29.58
2025-08-11T16:54:05.258274,27.0,42.0,-73.0,-53.0,4.0,40.0,19.0,48.0,-63.0,-18.0,-80.0,104.0,31.48,21.95,-69.35,-67.37,-3.9400000000000004,23.91,3.0700000000000003,38.19,-55.519999999999996,25.270000000000003,-88.5,103.58
2025-08-11T16:54:05.262612,14.0,-12.0,-7.0,37.0,17.0,24.0,26.0,0.0,-24.0,10.0,-30.0,-2.0,18.48,-32.05,-3.35,22.630000000000003,9.059999999999999,7.91,10.07,-9.81,-16.52,53.27,-38.5,-2.42
2025-08-11T16:54:05.270600,90.0,-51.0,-12.0,38.0,45.0,5.0,-16.0,94.0,-18.0,-5.0,-88.0,49.0,94.48,-71.05,-8.35,23.630000000000003,37.06,-11.09,-31.93,84.19,-10.52,38.27,-96.5,48.58
2025-08-11T16:54:05.274826,-58.0,-20.0,55.0,-2.0,-25.0,5.0,3.0,-9.0,55.0,-23.0,-32.0,1.0,-53.519999999999996,-40.05,58.65,-16.369999999999997,-32.94,-11.09,-12.93,-18.810000000000002,62.480000000000004,20.270000000000003,-40.5,0.5800000000000001
2025-08-11T16:54:05.282915,-41.0,-3.0,-13.0,-16.0,-1.0,-31.0,-28.0,-65.0,-41.0,68.0,-14.0,-5.0,-36.519999999999996,-23.05,-9.35,-30.369999999999997,-8.940000000000001,-47.09,-43.93,-74.81,-33.519999999999996,111.27000000000001,-22.5,-5.42
2025-08-11T16:54:05.287017,-76.0,40.0,14.0,12.0,47.0,26.0,80.0,29.0,32.0,29.0,-28.0,-3.0,-71.52,19.95,17.65,-2.369999999999999,39.06,9.91,64.07,19.189999999999998,39.480000000000004,72.27000000000001,-36.5,-3.42
2025-08-11T16:54:05.295228,51.0,81.0,-77.0,-36.0,-18.0,59.0,-75.0,17.0,-47.0,27.0,-29.0,37.0,55.480000000000004,60.95,-73.35,-50.37,-25.94,42.91,-90.93,7.1899999999999995,-39.519999999999996,70.27000000000001,-37.5,36.58
2025-08-11T16:54:05.299470,-31.0,21.0,-30.0,17.0,76.0,42.0,-27.0,-37.0,29.0,-71.0,-5.0,117.0,-26.52,0.9499999999999993,-26.35,2.630000000000001,68.06,25.91,-42.93,-46.81,36.480000000000004,-27.729999999999997,-13.5,116.58
2025-08-11T16:54:05.303424,38.0,-27.0,-2.0,-29.0,69.0,7.0,-15.0,-47.0,-32.0,16.0,-59.0,17.0,42.480000000000004,-47.05,1.65,-43.37,61.06,-9.09,-30.93,-56.81,-24.52,59.27,-67.5,16.58
2025-08-11T16:54:05.311546,14.0,21.0,-5.0,5.0,32.0,16.0,25.0,-16.0,14.0,23.0,68.0,82.0,18.48,0.9499999999999993,-1.35,-9.37,24.06,-0.08999999999999986,9.07,-25.810000000000002,21.48,66.27000000000001,59.5,81.58
2025-08-11T16:54:05.315628,61.0,-37.0,-14.0,5.0,62.0,20.0,-40.0,19.0,-49.0,36.0,-69.0,69.0,65.48,-57.05,-10.35,-9.37,54.06,3.91,-55.93,9.19,-41.519999999999996,79.27000000000001,-77.5,68.58
2025-08-11T16:54:05.323969,-70.0,8.0,77.0,6.0,19.0,-42.0,-22.0,-1.0,17.0,-35.0,-48.0,4.0,-65.52,-12.05,80.65,-8.37,11.059999999999999,-58.09,-37.93,-10.81,24.48,8.270000000000003,-56.5,3.58
2025-08-11T16:54:05.328005,-21.0,-18.0,62.0,-18.0,18.0,13.0,12.0,15.0,46.0,-59.0,-41.0,-52.0,-16.52,-38.05,65.65,-32.37,10.059999999999999,-3.09,-3.9299999999999997,5.1899999999999995,53.480000000000004,-15.729999999999997,-49.5,-52.42
2025-08-11T16:54:05.336189,-10.0,-25.0,-6.0,25.0,21.0,19.0,48.0,-64.0,-37.0,-4.0,-33.0,10.0,-5.52,-45.05,-2.35,10.63,13.059999999999999,2.91,32.07,-73.81,-29.52,39.27,-41.5,9.58
2025-08-11T16:54:05.340541,10.0,47.0,22.0,22.0,25.0,96.0,42.0,64.0,-49.0,14.0,4.0,-17.0,14.48,26.95,25.65,7.630000000000001,17.06,79.91,26.07,54.19,-41.519999999999996,57.27,-4.5,-17.42
2025-08-11T16:54:05.348504,-79.0,11.0,2.0,-14.0,-6.0,80.0,-7.0,26.0,25.0,-67.0,23.0,22.0,-74.52,-9.05,5.65,-28.369999999999997,-13.940000000000001,63.91,-22.93,16.189999999999998,32.480000000000004,-23.729999999999997,14.5,21.58
2025-08-11T16:54:05.352578,-33.0,9.0,-50.0,-9.0,42.0,39.0,7.0,24.0,39.0,16.0,25.0,-27.0,-28.52,-11.05,-46.35,-23.369999999999997,34.06,22.91,-8.93,14.19,46.480000000000004,59.27,16.5,-27.42
2025-08-11T16:54:05.360897,38.0,8.0,-26.0,31.0,25.0,-26.0,65.0,74.0,-4.0,-69.0,80.0,-60.0,42.480000000000004,-12.05,-22.35,16.630000000000003,17.06,-42.09,49.07,64.19,3.4800000000000004,-25.729999999999997,71.5,-60.42
2025-08-11T16:54:05.365160,42.0,-4.0,-17.0,-14.0,-32.0,36.0,59.0,-14.0,31.0,-57.0,27.0,-119.0,46.480000000000004,-24.05,-13.35,-28.369999999999997,-39.94,19.91,43.07,-23.810000000000002,38.480000000000004,-13.729999999999997,18.5,-119.42
2025-08-11T16:54:05.373108,15.0,-47.0,78.0,38.0,-75.0,22.0,-20.0,34.0,-21.0,-53.0,82.0,-23.0,19.48,-67.05,81.65,23.630000000000003,-82.94,5.91,-35.93,24.189999999999998,-13.52,-9.729999999999997,73.5,-23.42
2025-08-11T16:54:05.377396,-70.0,-2.0,12.0,59.0,-3.0,-23.0,13.0,24.0,-22.0,-38.0,84.0,-18.0,-65.52,-22.05,15.65,44.63,-10.940000000000001,-39.09,-2.9299999999999997,14.19,-14.52,5.270000000000003,75.5,-18.42
2025-08-11T16:54:05.385322,-104.0,75.0,99.0,39.0,-35.0,44.0,22.0,29.0,9.0,9.0,80.0,21.0,-99.52,54.95,102.65,24.630000000000003,-42.94,27.91,6.07,19.189999999999998,16.48,52.27,71.5,20.58
2025-08-11T16:54:05.390195,-77.0,33.0,17.0,-37.0,80.0,23.0,17.0,26.0,-30.0,-81.0,98.0,1.0,-72.52,12.95,20.65,-51.37,72.06,6.91,1.0700000000000003,16.189999999999998,-22.52,-37.73,89.5,0.5800000000000001
2025-08-11T16:54:05.397693,-26.0,94.0,-41.0,-30.0,29.0,17.0,14.0,-26.0,14.0,-82.0,-19.0,-3.0,-21.52,73.95,-37.35,-44.37,21.06,0.9100000000000001,-1.9299999999999997,-35.81,21.48,-38.73,-27.5,-3.42
2025-08-11T16:54:05.401822,-67.0,97.0,-30.0,35.0,-20.0,0.0,-21.0,4.0,3.0,-66.0,17.0,7.0,-62.519999999999996,76.95,-26.35,20.630000000000003,-27.94,-16.09,-36.93,-5.8100000000000005,10.48,-22.729999999999997,8.5,6.58
2025-08-11T16:54:05.409903,-1.0,6.0,-19.0,28.0,49.0,-25.0,-25.0,56.0,16.0,-82.0,37.0,-58.0,3.4800000000000004,-14.05,-15.35,13.63,41.06,-41.09,-40.93,46.19,23.48,-38.73,28.5,-58.42
2025-08-11T16:54:05.414284,-89.0,-18.0,-34.0,96.0,-11.0,2.0,-31.0,40.0,47.0,-83.0,65.0,-86.0,-84.52,-38.05,-30.35,81.63,-18.94,-14.09,-46.93,30.189999999999998,54.480000000000004,-39.73,56.5,-86.42
2025-08-11T16:54:05.422212,39.0,37.0,14.0,3.0,-23.0,16.0,4.0,1.0,-7.0,-17.0,24.0,-1.0,43.480000000000004,16.95,17.65,-11.37,-30.94,-0.08999999999999986,-11.93,-8.81,0.4800000000000004,26.270000000000003,15.5,-1.42
2025-08-11T16:54:05.426301,-46.0,-26.0,7.0,47.0,27.0,74.0,-5.0,44.0,14.0,-50.0,-6.0,8.0,-41.519999999999996,-46.05,10.65,32.63,19.06,57.91,-20.93,34.19,21.48,-6.729999999999997,-14.5,7.58
2025-08-11T16:54:05.434384,102.0,-56.0,14.0,55.0,-48.0,50.0,-29.0,27.0,35.0,-68.0,31.0,-42.0,106.48,-76.05,17.65,40.63,-55.94,33.91,-44.93,17.189999999999998,42.480000000000004,-24.729999999999997,22.5,-42.42
2025-08-11T16:54:05.438738,-46.0,4.0,17.0,14.0,13.0,110.0,-31.0,111.0,43.0,-17.0,93.0,58.0,-41.519999999999996,-16.05,20.65,-0.3699999999999992,5.06,93.91,-46.93,101.19,50.480000000000004,26.270000000000003,84.5,57.58
2025-08-11T16:54:05.446624,-69.0,84.0,38.0,-58.0,26.0,-1.0,-8.0,41.0,-16.0,-77.0,52.0,22.0,-64.52,63.95,41.65,-72.37,18.06,-17.09,-23.93,31.189999999999998,-8.52,-33.73,43.5,21.58
2025-08-11T16:54:05.450942,4.0,-48.0,-50.0,25.0,59.0,17.0,-22.0,37.0,-25.0,-6.0,47.0,31.0,8.48,-68.05,-46.35,10.63,51.06,0.9100000000000001,-37.93,27.189999999999998,-17.52,37.27,38.5,30.58
2025-08-11T16:54:05.454847,29.0,108.0,-47.0,74.0,39.0,3.0,48.0,115.0,19.0,-43.0,38.0,14.0,33.480000000000004,87.95,-43.35,59.63,31.06,-13.09,32.07,105.19,26.48,0.2700000000000031,29.5,13.58
2025-08-11T16:54:05.463157,0.0,59.0,-47.0,79.0,-85.0,47.0,45.0,-11.0,-13.0,-36.0,-21.0,44.0,4.48,38.95,-43.35,64.63,-92.94,30.91,29.07,-20.810000000000002,-5.52,7.270000000000003,-29.5,43.58
2025-08-11T16:54:05.471379,39.0,-30.0,33.0,29.0,28.0,21.0,22.0,-8.0,-38.0,-40.0,26.0,48.0,43.480000000000004,-50.05,36.65,14.63,20.06,4.91,6.07,-17.810000000000002,-30.52,3.270000000000003,17.5,47.58
2025-08-11T16:54:05.475584,-53.0,0.0,58.0,35.0,27.0,84.0,3.0,-16.0,-26.0,-32.0,52.0,62.0,-48.519999999999996,-20.05,61.65,20.630000000000003,19.06,67.91,-12.93,-25.810000000000002,-18.52,11.270000000000003,43.5,61.58
2025-08-11T16:54:05.479452,-64.0,4.0,34.0,1.0,-19.0,45.0,36.0,-46.0,59.0,-40.0,-16.0,42.0,-59.519999999999996,-16.05,37.65,-13.37,-26.94,28.91,20.07,-55.81,66.48,3.270000000000003,-24.5,41.58
2025-08-11T16:54:05.487708,-43.0,52.0,25.0,7.0,6.0,99.0,27.0,-9.0,-16.0,-48.0,-88.0,58.0,-38.519999999999996,31.95,28.65,-7.369999999999999,-1.9400000000000004,82.91,11.07,-18.810000000000002,-8.52,-4.729999999999997,-96.5,57.58
2025-08-11T16:54:05.492109,-72.0,82.0,50.0,-45.0,15.0,33.0,20.0,51.0,-22.0,57.0,-24.0,22.0,-67.52,61.95,53.65,-59.37,7.06,16.91,4.07,41.19,-14.52,100.27000000000001,-32.5,21.58
2025-08-11T16:54:05.499934,22.0,49.0,-77.0,28.0,37.0,3.0,21.0,-9.0,-40.0,15.0,55.0,-46.0,26.48,28.95,-73.35,13.63,29.06,-13.09,5.07,-18.810000000000002,-32.519999999999996,58.27,46.5,-46.42
2025-08-11T16:54:05.504400,-65.0,106.0,-9.0,20.0,54.0,-6.0,19.0,47.0,-18.0,40.0,-34.0,-10.0,-60.519999999999996,85.95,-5.35,5.630000000000001,46.06,-22.09,3.0700000000000003,37.19,-10.52,83.27000000000001,-42.5,-10.42
2025-08-11T16:54:05.512373,22.0,71.0,25.0,6.0,18.0,-20.0,-41.0,11.0,-28.0,27.0,-12.0,59.0,26.48,50.95,28.65,-8.37,10.059999999999999,-36.09,-56.93,1.1899999999999995,-20.52,70.27000000000001,-20.5,58.58
2025-08-11T16:54:05.516588,8.0,30.0,44.0,5.0,-45.0,-21.0,37.0,23.0,17.0,-18.0,-71.0,32.0,12.48,9.95,47.65,-9.37,-52.94,-37.09,21.07,13.19,24.48,25.270000000000003,-79.5,31.58
2025-08-11T16:54:05.524706,11.0,-26.0,-8.0,67.0,-25.0,16.0,57.0,-60.0,-42.0,11.0,-5.0,10.0,15.48,-46.05,-4.35,52.63,-32.94,-0.08999999999999986,41.07,-69.81,-34.519999999999996,54.27,-13.5,9.58
2025-08-11T16:54:05.528963,-16.0,-23.0,1.0,-54.0,-84.0,62.0,-21.0,8.0,-74.0,-20.0,13.0,73.0,-11.52,-43.05,4.65,-68.37,-91.94,45.91,-36.93,-1.8100000000000005,-66.52,23.270000000000003,4.5,72.58
2025-08-11T16:54:05.536823,-12.0,-12.0,19.0,-10.0,58.0,52.0,-29.0,-10.0,-60.0,50.0,-23.0,83.0,-7.52,-32.05,22.65,-24.369999999999997,50.06,35.91,-44.93,-19.810000000000002,-52.519999999999996,93.27000000000001,-31.5,82.58
2025-08-11T16:54:05.540991,25.0,146.0,36.0,-31.0,-27.0,-14.0,-4.0,58.0,19.0,-1.0,-12.0,19.0,29.48,125.95,39.65,-45.37,-34.94,-30.09,-19.93,48.19,26.48,42.27,-20.5,18.58
2025-08-11T16:54:05.549224,-79.0,91.0,1.0,2.0,-14.0,-56.0,24.0,12.0,-1.0,-24.0,-10.0,28.0,-74.52,70.95,4.65,-12.37,-21.94,-72.09,8.07,2.1899999999999995,6.48,19.270000000000003,-18.5,27.58
2025-08-11T16:54:05.553534,-19.0,24.0,-96.0,-10.0,-40.0,15.0,-8.0,-53.0,21.0,44.0,-43.0,45.0,-14.52,3.9499999999999993,-92.35,-24.369999999999997,-47.94,-1.0899999999999999,-23.93,-62.81,28.48,87.27000000000001,-51.5,44.58
2025-08-11T16:54:05.561406,8.0,-37.0,-63.0,10.0,-12.0,55.0,-15.0,18.0,20.0,68.0,25.0,2.0,12.48,-57.05,-59.35,-4.369999999999999,-19.94,38.91,-30.93,8.19,27.48,111.27000000000001,16.5,1.58
2025-08-11T16:54:05.565672,33.0,-15.0,-9.0,-27.0,1.0,14.0,-6.0,-20.0,-33.0,-36.0,-26.0,13.0,37.480000000000004,-35.05,-5.35,-41.37,-6.94,-2.09,-21.93,-29.810000000000002,-25.52,7.270000000000003,-34.5,12.58
2025-08-11T16:54:05.573672,4.0,-24.0,36.0,22.0,-11.0,12.0,-71.0,10.0,-46.0,-33.0,-4.0,-1.0,8.48,-44.05,39.65,7.630000000000001,-18.94,-4.09,-86.93,0.1899999999999995,-38.519999999999996,10.270000000000003,-12.5,-1.42
2025-08-11T16:54:05.577882,15.0,-9.0,16.0,41.0,53.0,-37.0,-3.0,-59.0,-19.0,17.0,-40.0,30.0,19.48,-29.05,19.65,26.630000000000003,45.06,-53.09,-18.93,-68.81,-11.52,60.27,-48.5,29.58
2025-08-11T16:54:05.586086,34.0,68.0,39.0,-24.0,25.0,-12.0,48.0,-20.0,0.0,-49.0,-37.0,66.0,38.480000000000004,47.95,42.65,-38.37,17.06,-28.09,32.07,-29.810000000000002,7.48,-5.729999999999997,-45.5,65.58
2025-08-11T16:54:05.590359,-10.0,42.0,12.0,-48.0,-43.0,33.0,34.0,-57.0,82.0,29.0,13.0,11.0,-5.52,21.95,15.65,-62.37,-50.94,16.91,18.07,-66.81,89.48,72.27000000000001,4.5,10.58
2025-08-11T16:54:05.598224,-35.0,106.0,67.0,-2.0,7.0,-37.0,15.0,-11.0,19.0,48.0,-27.0,38.0,-30.52,85.95,70.65,-16.369999999999997,-0.9400000000000004,-53.09,-0.9299999999999997,-20.810000000000002,26.48,91.27000000000001,-35.5,37.58
2025-08-11T16:54:05.602479,-13.0,46.0,-28.0,-13.0,10.0,82.0,-13.0,17.0,-46.0,-13.0,33.0,23.0,-8.52,25.95,-24.35,-27.369999999999997,2.0599999999999996,65.91,-28.93,7.1899999999999995,-38.519999999999996,30.270000000000003,24.5,22.58
2025-08-11T16:54:05.610467,-3.0,-11.0,5.0,-53.0,26.0,14.0,35.0,-25.0,18.0,61.0,-4.0,-46.0,1.4800000000000004,-31.05,8.65,-67.37,18.06,-2.09,19.07,-34.81,25.48,104.27000000000001,-12.5,-46.42
2025-08-11T16:54:05.614766,-57.0,45.0,10.0,-29.0,50.0,6.0,23.0,25.0,28.0,10.0,-79.0,37.0,-52.519999999999996,24.95,13.65,-43.37,42.06,-10.09,7.07,15.19,35.480000000000004,53.27,-87.5,36.58
2025-08-11T16:54:05.622751,-99.0,50.0,-36.0,-14.0,40.0,-3.0,-11.0,5.0,15.0,97.0,-9.0,26.0,-94.52,29.95,-32.35,-28.369999999999997,32.06,-19.09,-26.93,-4.8100000000000005,22.48,140.27,-17.5,25.58
2025-08-11T16:54:05.627063,-74.0,67.0,41.0,45.0,20.0,9.0,-97.0,22.0,21.0,17.0,-1.0,-12.0,-69.52,46.95,44.65,30.630000000000003,12.059999999999999,-7.09,-112.93,12.19,28.48,60.27,-9.5,-12.42
2025-08-11T16:54:05.635020,-63.0,55.0,-48.0,-24.0,-8.0,71.0,48.0,-16.0,-59.0,105.0,15.0,93.0,-58.519999999999996,34.95,-44.35,-38.37,-15.940000000000001,54.91,32.07,-25.810000000000002,-51.519999999999996,148.27,6.5,92.58
2025-08-11T16:54:05.639411,46.0,1.0,-6.0,-48.0,14.0,79.0,47.0,15.0,-13.0,38.0,-32.0,48.0,50.480000000000004,-19.05,-2.35,-62.37,6.06,62.91,31.07,5.1899999999999995,-5.52,81.27000000000001,-40.5,47.58
2025-08-11T16:54:05.647329,37.0,117.0,-49.0,-64.0,56.0,-13.0,18.0,37.0,62.0,-21.0,-41.0,41.0,41.480000000000004,96.95,-45.35,-78.37,48.06,-29.09,2.0700000000000003,27.189999999999998,69.48,22.270000000000003,-49.5,40.58
2025-08-11T16:54:05.651762,8.0,33.0,-58.0,-27.0,-31.0,-26.0,51.0,-17.0,18.0,17.0,34.0,35.0,12.48,12.95,-54.35,-41.37,-38.94,-42.09,35.07,-26.810000000000002,25.48,60.27,25.5,34.58
2025-08-11T16:54:05.659705,9.0,-14.0,35.0,49.0,12.0,-5.0,-33.0,-9.0,-10.0,73.0,32.0,59.0,13.48,-34.05,38.65,34.63,4.06,-21.09,-48.93,-18.810000000000002,-2.5199999999999996,116.27000000000001,23.5,58.58
2025-08-11T16:54:05.663849,-41.0,6.0,62.0,6.0,-82.0,53.0,-9.0,1.0,33.0,29.0,-28.0,17.0,-36.519999999999996,-14.05,65.65,-8.37,-89.94,36.91,-24.93,-8.81,40.480000000000004,72.27000000000001,-36.5,16.58
2025-08-11T16:54:05.668140,-35.0,34.0,80.0,59.0,-20.0,7.0,5.0,-51.0,1.0,80.0,23.0,-31.0,-30.52,13.95,83.65,44.63,-27.94,-9.09,-10.93,-60.81,8.48,123.27000000000001,14.5,-31.42
2025-08-11T16:54:05.676254,-23.0,-77.0,11.0,-23.0,-10.0,94.0,31.0,-10.0,41.0,-6.0,42.0,-43.0,-18.52,-97.05,14.65,-37.37,-17.94,77.91,15.07,-19.810000000000002,48.480000000000004,37.27,33.5,-43.42
2025-08-11T16:54:05.680484,-39.0,-46.0,-20.0,32.0,-9.0,70.0,9.0,27.0,95.0,10.0,59.0,-38.0,-34.519999999999996,-66.05,-16.35,17.630000000000003,-16.94,53.91,-6.93,17.189999999999998,102.48,53.27,50.5,-38.42
2025-08-11T16:54:05.688365,-62.0,11.0,10.0,33.0,-3.0,43.0,83.0,-18.0,4.0,-73.0,12.0,-32.0,-57.519999999999996,-9.05,13.65,18.630000000000003,-10.940000000000001,26.91,67.07,-27.810000000000002,11.48,-29.729999999999997,3.5,-32.42
2025-08-11T16:54:05.692812,15.0,53.0,4.0,-78.0,-11.0,109.0,-56.0,63.0,22.0,-65.0,9.0,-23.0,19.48,32.95,7.65,-92.37,-18.94,92.91,-71.93,53.19,29.48,-21.729999999999997,0.5,-23.42
2025-08-11T16:54:05.700707,-69.0,4.0,23.0,-49.0,19.0,27.0,-50.0,-16.0,19.0,-13.0,47.0,-59.0,-64.52,-16.05,26.65,-63.37,11.059999999999999,10.91,-65.93,-25.810000000000002,26.48,30.270000000000003,38.5,-59.42
2025-08-11T16:54:05.705290,-49.0,88.0,-134.0,25.0,-8.0,6.0,28.0,4.0,-70.0,-81.0,24.0,-1.0,-44.519999999999996,67.95,-130.35,10.63,-15.940000000000001,-10.09,12.07,-5.8100000000000005,-62.519999999999996,-37.73,15.5,-1.42
2025-08-11T16:54:05.712989,-6.0,50.0,-25.0,1.0,28.0,4.0,1.0,49.0,5.0,-91.0,72.0,62.0,-1.5199999999999996,29.95,-21.35,-13.37,20.06,-12.09,-14.93,39.19,12.48,-47.73,63.5,61.58
2025-08-11T16:54:05.717489,-65.0,78.0,-44.0,48.0,75.0,-13.0,-40.0,12.0,-17.0,-85.0,32.0,44.0,-60.519999999999996,57.95,-40.35,33.63,67.06,-29.09,-55.93,2.1899999999999995,-9.52,-41.73,23.5,43.58
2025-08-11T16:54:05.725177,50.0,132.0,-4.0,0.0,-34.0,10.0,-10.0,76.0,-14.0,-48.0,0.0,27.0,54.480000000000004,111.95,-0.3500000000000001,-14.37,-41.94,-6.09,-25.93,66.19,-6.52,-4.729999999999997,-8.5,26.58
2025-08-11T16:54:05.730452,-18.0,-14.0,-72.0,28.0,-15.0,60.0,-25.0,52.0,47.0,-103.0,38.0,21.0,-13.52,-34.05,-68.35,13.63,-22.94,43.91,-40.93,42.19,54.480000000000004,-59.73,29.5,20.58
2025-08-11T16:54:05.737487,35.0,-53.0,0.0,16.0,-22.0,10.0,11.0,-32.0,-8.0,-40.0,12.0,93.0,39.480000000000004,-73.05,3.65,1.6300000000000008,-29.94,-6.09,-4.93,-41.81,-0.5199999999999996,3.270000000000003,3.5,92.58
2025-08-11T16:54:05.742432,-4.0,-4.0,29.0,-42.0,8.0,53.0,25.0,13.0,6.0,4.0,7.0,24.0,0.4800000000000004,-24.05,32.65,-56.37,0.05999999999999961,36.91,9.07,3.1899999999999995,13.48,47.27,-1.5,23.58
2025-08-11T16:54:05.749737,47.0,-5.0,0.0,-58.0,30.0,37.0,-22.0,30.0,22.0,-10.0,46.0,45.0,51.480000000000004,-25.05,3.65,-72.37,22.06,20.91,-37.93,20.189999999999998,29.48,33.27,37.5,44.58
2025-08-11T16:54:05.754673,-60.0,28.0,-9.0,-46.0,61.0,-2.0,-18.0,3.0,-37.0,2.0,16.0,33.0,-55.519999999999996,7.949999999999999,-5.35,-60.37,53.06,-18.09,-33.93,-6.8100000000000005,-29.52,45.27,7.5,32.58
2025-08-11T16:54:05.762124,6.0,0.0,53.0,-33.0,96.0,17.0,-10.0,13.0,-43.0,-55.0,-10.0,-15.0,10.48,-20.05,56.65,-47.37,88.06,0.9100000000000001,-25.93,3.1899999999999995,-35.519999999999996,-11.729999999999997,-18.5,-15.42
2025-08-11T16:54:05.766419,-92.0,25.0,21.0,58.0,-4.0,18.0,-57.0,45.0,14.0,-30.0,-59.0,16.0,-87.52,4.949999999999999,24.65,43.63,-11.940000000000001,1.9100000000000001,-72.93,35.19,21.48,13.270000000000003,-67.5,15.58
2025-08-11T16:54:05.774486,18.0,123.0,-52.0,22.0,16.0,0.0,-25.0,67.0,-28.0,9.0,-13.0,84.0,22.48,102.95,-48.35,7.630000000000001,8.059999999999999,-16.09,-40.93,57.19,-20.52,52.27,-21.5,83.58
2025-08-11T16:54:05.778708,-56.0,6.0,-28.0,21.0,-26.0,16.0,-20.0,4.0,-17.0,-5.0,86.0,15.0,-51.519999999999996,-14.05,-24.35,6.630000000000001,-33.94,-0.08999999999999986,-35.93,-5.8100000000000005,-9.52,38.27,77.5,14.58
2025-08-11T16:54:05.786546,22.0,43.0,-54.0,-60.0,-7.0,-20.0,15.0,75.0,28.0,20.0,15.0,-1.0,26.48,22.95,-50.35,-74.37,-14.940000000000001,-36.09,-0.9299999999999997,65.19,35.480000000000004,63.27,6.5,-1.42
2025-08-11T16:54:05.790874,-16.0,6.0,-113.0,87.0,47.0,39.0,-37.0,32.0,2.0,-34.0,-56.0,84.0,-11.52,-14.05,-109.35,72.63,39.06,22.91,-52.93,22.189999999999998,9.48,9.270000000000003,-64.5,83.58
2025-08-11T16:54:05.798916,57.0,-43.0,40.0,-45.0,-23.0,-11.0,30.0,8.0,52.0,51.0,-34.0,21.0,61.480000000000004,-63.05,43.65,-59.37,-30.94,-27.09,14.07,-1.8100000000000005,59.480000000000004,94.27000000000001,-42.5,20.58
2025-08-11T16:54:05.803275,-52.0,-24.0,26.0,54.0,40.0,3.0,-25.0,24.0,-4.0,13.0,-9.0,38.0,-47.519999999999996,-44.05,29.65,39.63,32.06,-13.09,-40.93,14.19,3.4800000000000004,56.27,-17.5,37.58
2025-08-11T16:54:05.811249,-19.0,-6.0,67.0,-2.0,4.0,-29.0,-21.0,11.0,33.0,-3.0,-46.0,23.0,-14.52,-26.05,70.65,-16.369999999999997,-3.9400000000000004,-45.09,-36.93,1.1899999999999995,40.480000000000004,40.27,-54.5,22.58
2025-08-11T16:54:05.815471,-64.0,-58.0,42.0,33.0,-28.0,-53.0,-98.0,71.0,16.0,19.0,13.0,-48.0,-59.519999999999996,-78.05,45.65,18.630000000000003,-35.94,-69.09,-113.93,61.19,23.48,62.27,4.5,-48.42
2025-08-11T16:54:05.823372,-36.0,101.0,53.0,33.0,7.0,40.0,35.0,31.0,-17.0,18.0,-68.0,-37.0,-31.52,80.95,56.65,18.630000000000003,-0.9400000000000004,23.91,19.07,21.189999999999998,-9.52,61.27,-76.5,-37.42
2025-08-11T16:54:05.827629,-54.0,46.0,-41.0,85.0,-5.0,94.0,6.0,-28.0,-6.0,14.0,14.0,-40.0,-49.519999999999996,25.95,-37.35,70.63,-12.940000000000001,77.91,-9.93,-37.81,1.4800000000000004,57.27,5.5,-40.42
2025-08-11T16:54:05.831668,-48.0,29.0,-69.0,-47.0,8.0,30.0,37.0,53.0,17.0,46.0,99.0,-47.0,-43.519999999999996,8.95,-65.35,-61.37,0.05999999999999961,13.91,21.07,43.19,24.48,89.27000000000001,90.5,-47.42
2025-08-11T16:54:05.839972,-21.0,66.0,-46.0,-3.0,-11.0,19.0,55.0,16.0,11.0,56.0,59.0,2.0,-16.52,45.95,-42.35,-17.369999999999997,-18.94,2.91,39.07,6.1899999999999995,18.48,99.27000000000001,50.5,1.58
2025-08-11T16:54:05.843996,50.0,-5.0,9.0,27.0,-34.0,-20.0,-20.0,5.0,-86.0,51.0,51.0,-83.0,54.480000000000004,-25.05,12.65,12.63,-41.94,-36.09,-35.93,-4.8100000000000005,-78.52,94.27000000000001,42.5,-83.42
2025-08-11T16:54:05.852383,4.0,33.0,-86.0,-41.0,24.0,1.0,-2.0,-47.0,-12.0,-28.0,76.0,-54.0,8.48,12.95,-82.35,-55.37,16.06,-15.09,-17.93,-56.81,-4.52,15.270000000000003,67.5,-54.42
2025-08-11T16:54:05.856322,-21.0,-4.0,-94.0,40.0,7.0,-48.0,-3.0,3.0,-66.0,-111.0,17.0,-97.0,-16.52,-24.05,-90.35,25.630000000000003,-0.9400000000000004,-64.09,-18.93,-6.8100000000000005,-58.519999999999996,-67.72999999999999,8.5,-97.42
2025-08-11T16:54:05.864647,33.0,-54.0,-62.0,-80.0,62.0,-12.0,-16.0,57.0,-20.0,-17.0,33.0,-13.0,37.480000000000004,-74.05,-58.35,-94.37,54.06,-28.09,-31.93,47.19,-12.52,26.270000000000003,24.5,-13.42
2025-08-11T16:54:05.868880,-34.0,25.0,-32.0,29.0,19.0,24.0,67.0,-3.0,22.0,-39.0,33.0,-19.0,-29.52,4.949999999999999,-28.35,14.63,11.059999999999999,7.91,51.07,-12.81,29.48,4.270000000000003,24.5,-19.42
2025-08-11T16:54:05.876866,-5.0,91.0,7.0,84.0,73.0,10.0,-20.0,-62.0,1.0,-29.0,37.0,8.0,-0.5199999999999996,70.95,10.65,69.63,65.06,-6.09,-35.93,-71.81,8.48,14.270000000000003,28.5,7.58
2025-08-11T16:54:05.880993,10.0,-32.0,27.0,49.0,-105.0,-5.0,-22.0,-44.0,10.0,-2.0,61.0,-48.0,14.48,-52.05,30.65,34.63,-112.94,-21.09,-37.93,-53.81,17.48,41.27,52.5,-48.42
2025-08-11T16:54:05.889047,-33.0,49.0,-22.0,40.0,-9.0,22.0,8.0,44.0,-9.0,-18.0,99.0,-33.0,-28.52,28.95,-18.35,25.630000000000003,-16.94,5.91,-7.93,34.19,-1.5199999999999996,25.270000000000003,90.5,-33.42
2025-08-11T16:54:05.893456,-56.0,48.0,14.0,-7.0,-49.0,34.0,7.0,-8.0,9.0,-63.0,30.0,-80.0,-51.519999999999996,27.95,17.65,-21.369999999999997,-56.94,17.91,-8.93,-17.810000000000002,16.48,-19.729999999999997,21.5,-80.42
2025-08-11T16:54:05.901290,-5.0,63.0,17.0,-11.0,-66.0,40.0,80.0,35.0,11.0,-31.0,-18.0,3.0,-0.5199999999999996,42.95,20.65,-25.369999999999997,-73.94,23.91,64.07,25.189999999999998,18.48,12.270000000000003,-26.5,2.58
2025-08-11T16:54:05.905659,-96.0,99.0,-49.0,-67.0,38.0,8.0,20.0,-28.0,-3.0,-123.0,-12.0,-5.0,-91.52,78.95,-45.35,-81.37,30.06,-8.09,4.07,-37.81,4.48,-79.72999999999999,-20.5,-5.42
2025-08-11T16:54:05.913570,11.0,64.0,-106.0,-15.0,8.0,-21.0,-2.0,23.0,-15.0,-60.0,82.0,33.0,15.48,43.95,-102.35,-29.369999999999997,0.05999999999999961,-37.09,-17.93,13.19,-7.52,-16.729999999999997,73.5,32.58
2025-08-11T16:54:05.917863,49.0,-1.0,-31.0,4.0,51.0,16.0,33.0,-20.0,-55.0,22.0,28.0,4.0,53.480000000000004,-21.05,-27.35,-10.37,43.06,-0.08999999999999986,17.07,-29.810000000000002,-47.519999999999996,65.27000000000001,19.5,3.58
2025-08-11T16:54:05.926012,6.0,56.0,-26.0,35.0,-29.0,-56.0,78.0,-11.0,4.0,-30.0,-60.0,-86.0,10.48,35.95,-22.35,20.630000000000003,-36.94,-72.09,62.07,-20.810000000000002,11.48,13.270000000000003,-68.5,-86.42
2025-08-11T16:54:05.930269,22.0,-33.0,-42.0,-49.0,-2.0,-7.0,-38.0,31.0,3.0,-61.0,-90.0,-14.0,26.48,-53.05,-38.35,-63.37,-9.940000000000001,-23.09,-53.93,21.189999999999998,10.48,-17.729999999999997,-98.5,-14.42
2025-08-11T16:54:05.938156,56.0,45.0,-24.0,63.0,6.0,63.0,27.0,-51.0,15.0,-46.0,26.0,55.0,60.480000000000004,24.95,-20.35,48.63,-1.9400000000000004,46.91,11.07,-60.81,22.48,-2.729999999999997,17.5,54.58
2025-08-11T16:54:05.942481,-20.0,31.0,57.0,0.0,84.0,70.0,27.0,24.0,-1.0,-53.0,34.0,48.0,-15.52,10.95,60.65,-14.37,76.06,53.91,11.07,14.19,6.48,-9.729999999999997,25.5,47.58
2025-08-11T16:54:05.950398,50.0,61.0,12.0,-36.0,23.0,-15.0,36.0,-55.0,-52.0,18.0,-20.0,69.0,54.480000000000004,40.95,15.65,-50.37,15.059999999999999,-31.09,20.07,-64.81,-44.519999999999996,61.27,-28.5,68.58
2025-08-11T16:54:05.954733,-19.0,2.0,-23.0,-25.0,75.0,-13.0,46.0,-6.0,-5.0,39.0,-35.0,0.0,-14.52,-18.05,-19.35,-39.37,67.06,-29.09,30.07,-15.81,2.4800000000000004,82.27000000000001,-43.5,-0.42
2025-08-11T16:54:05.962835,-31.0,-17.0,24.0,-36.0,53.0,-54.0,62.0,-45.0,-34.0,41.0,-65.0,-21.0,-26.52,-37.05,27.65,-50.37,45.06,-70.09,46.07,-54.81,-26.52,84.27000000000001,-73.5,-21.42
2025-08-11T16:54:05.966937,-5.0,65.0,-12.0,44.0,24.0,-30.0,35.0,-79.0,14.0,7.0,4.0,36.0,-0.5199999999999996,44.95,-8.35,29.630000000000003,16.06,-46.09,19.07,-88.81,21.48,50.27,-4.5,35.58
2025-08-11T16:54:05.970995,-3.0,80.0,-19.0,110.0,50.0,-38.0,0.0,56.0,-43.0,23.0,57.0,7.0,1.4800000000000004,59.95,-15.35,95.63,42.06,-54.09,-15.93,46.19,-35.519999999999996,66.27000000000001,48.5,6.58
2025-08-11T16:54:05.979350,-79.0,107.0,-78.0,36.0,-42.0,37.0,-16.0,42.0,-35.0,-3.0,-92.0,-27.0,-74.52,86.95,-74.35,21.630000000000003,-49.94,20.91,-31.93,32.19,-27.52,40.27,-100.5,-27.42
2025-08-11T16:54:05.987408,54.0,42.0,-95.0,48.0,92.0,-23.0,-6.0,-31.0,-16.0,-15.0,-25.0,36.0,58.480000000000004,21.95,-91.35,33.63,84.06,-39.09,-21.93,-40.81,-8.52,28.270000000000003,-33.5,35.58
2025-08-11T16:54:05.991489,5.0,77.0,-38.0,-13.0,83.0,69.0,-15.0,-35.0,-51.0,-50.0,-27.0,50.0,9.48,56.95,-34.35,-27.369999999999997,75.06,52.91,-30.93,-44.81,-43.519999999999996,-6.729999999999997,-35.5,49.58
2025-08-11T16:54:05.995543,28.0,-11.0,-69.0,-24.0,10.0,-54.0,21.0,-3.0,-8.0,70.0,-41.0,69.0,32.480000000000004,-31.05,-65.35,-38.37,2.0599999999999996,-70.09,5.07,-12.81,-0.5199999999999996,113.27000000000001,-49.5,68.58
2025-08-11T16:54:06.003787,70.0,-12.0,-67.0,55.0,-11.0,27.0,-4.0,17.0,1.0,-11.0,28.0,93.0,74.48,-32.05,-63.35,40.63,-18.94,10.91,-19.93,7.1899999999999995,8.48,32.27,19.5,92.58
2025-08-11T16:54:06.007888,-13.0,-51.0,-124.0,17.0,39.0,-15.0,-49.0,49.0,12.0,51.0,-32.0,16.0,-8.52,-71.05,-120.35,2.630000000000001,31.06,-31.09,-64.93,39.19,19.48,94.27000000000001,-40.5,15.58
2025-08-11T16:54:06.016017,58.0,88.0,32.0,17.0,67.0,-8.0,-89.0,4.0,-16.0,-37.0,22.0,15.0,62.480000000000004,67.95,35.65,2.630000000000001,59.06,-24.09,-104.93,-5.8100000000000005,-8.52,6.270000000000003,13.5,14.58
2025-08-11T16:54:06.020096,-56.0,3.0,0.0,92.0,82.0,29.0,10.0,1.0,-11.0,-2.0,19.0,-3.0,-51.519999999999996,-17.05,3.65,77.63,74.06,12.91,-5.93,-8.81,-3.5199999999999996,41.27,10.5,-3.42
2025-08-11T16:54:06.028464,-11.0,38.0,23.0,26.0,-19.0,-15.0,-38.0,44.0,19.0,20.0,-53.0,9.0,-6.52,17.95,26.65,11.63,-26.94,-31.09,-53.93,34.19,26.48,63.27,-61.5,8.58
2025-08-11T16:54:06.032644,-59.0,34.0,31.0,-20.0,4.0,40.0,-25.0,25.0,19.0,-43.0,-39.0,21.0,-54.519999999999996,13.95,34.65,-34.37,-3.9400000000000004,23.91,-40.93,15.19,26.48,0.2700000000000031,-47.5,20.58
2025-08-11T16:54:06.040685,-29.0,80.0,-50.0,34.0,-6.0,-8.0,-8.0,35.0,-37.0,-87.0,5.0,44.0,-24.52,59.95,-46.35,19.630000000000003,-13.940000000000001,-24.09,-23.93,25.189999999999998,-29.52,-43.73,-3.5,43.58
2025-08-11T16:54:06.044840,20.0,37.0,-126.0,-6.0,49.0,52.0,-4.0,38.0,19.0,36.0,-54.0,-11.0,24.48,16.95,-122.35,-20.369999999999997,41.06,35.91,-19.93,28.189999999999998,26.48,79.27000000000001,-62.5,-11.42
2025-08-11T16:54:06.052861,-60.0,77.0,-30.0,52.0,-35.0,-4.0,22.0,37.0,0.0,34.0,29.0,-20.0,-55.519999999999996,56.95,-26.35,37.63,-42.94,-20.09,6.07,27.189999999999998,7.48,77.27000000000001,20.5,-20.42
2025-08-11T16:54:06.057158,5.0,35.0,-9.0,39.0,-33.0,-70.0,44.0,42.0,-1.0,26.0,41.0,25.0,9.48,14.95,-5.35,24.630000000000003,-40.94,-86.09,28.07,32.19,6.48,69.27000000000001,32.5,24.58
2025-08-11T16:54:06.065303,21.0,59.0,-99.0,57.0,-68.0,-13.0,12.0,42.0,-13.0,6.0,-27.0,26.0,25.48,38.95,-95.35,42.63,-75.94,-29.09,-3.9299999999999997,32.19,-5.52,49.27,-35.5,25.58
2025-08-11T16:54:06.069525,4.0,15.0,-65.0,43.0,1.0,36.0,7.0,34.0,-25.0,-2.0,-57.0,64.0,8.48,-5.050000000000001,-61.35,28.630000000000003,-6.94,19.91,-8.93,24.189999999999998,-17.52,41.27,-65.5,63.58
2025-08-11T16:54:06.077433,57.0,-11.0,-8.0,78.0,12.0,27.0,-16.0,1.0,-8.0,-28.0,-55.0,-68.0,61.480000000000004,-31.05,-4.35,63.63,4.06,10.91,-31.93,-8.81,-0.5199999999999996,15.270000000000003,-63.5,-68.42
2025-08-11T16:54:06.081653,8.0,22.0,-46.0,68.0,45.0,-25.0,17.0,107.0,-53.0,14.0,82.0,-76.0,12.48,1.9499999999999993,-42.35,53.63,37.06,-41.09,1.0700000000000003,97.19,-45.519999999999996,57.27,73.5,-76.42
2025-08-11T16:54:06.089659,21.0,36.0,-23.0,50.0,-107.0,-27.0,14.0,108.0,-1.0,34.0,14.0,-47.0,25.48,15.95,-19.35,35.63,-114.94,-43.09,-1.9299999999999997,98.19,6.48,77.27000000000001,5.5,-47.42
2025-08-11T16:54:06.094021,-75.0,39.0,-24.0,-54.0,87.0,0.0,-28.0,42.0,-119.0,-20.0,67.0,8.0,-70.52,18.95,-20.35,-68.37,79.06,-16.09,-43.93,32.19,-111.52,23.270000000000003,58.5,7.58
2025-08-11T16:54:06.102161,-24.0,38.0,6.0,2.0,15.0,-56.0,-18.0,25.0,15.0,-36.0,78.0,4.0,-19.52,17.95,9.65,-12.37,7.06,-72.09,-33.93,15.19,22.48,7.270000000000003,69.5,3.58
2025-08-11T16:54:06.106426,-84.0,87.0,33.0,94.0,-6.0,11.0,55.0,35.0,-32.0,65.0,18.0,-13.0,-79.52,66.95,36.65,79.63,-13.940000000000001,-5.09,39.07,25.189999999999998,-24.52,108.27000000000001,9.5,-13.42
2025-08-11T16:54:06.110543,1.0,52.0,-54.0,127.0,5.0,1.0,-13.0,39.0,1.0,-38.0,44.0,-9.0,5.48,31.95,-50.35,112.63,-2.9400000000000004,-15.09,-28.93,29.189999999999998,8.48,5.270000000000003,35.5,-9.42
2025-08-11T16:54:06.118552,-13.0,78.0,-48.0,8.0,-45.0,-8.0,-39.0,73.0,-58.0,-74.0,83.0,-25.0,-8.52,57.95,-44.35,-6.369999999999999,-52.94,-24.09,-54.93,63.19,-50.519999999999996,-30.729999999999997,74.5,-25.42
2025-08-11T16:54:06.126647,29.0,-7.0,-84.0,56.0,26.0,16.0,-1.0,22.0,-57.0,-56.0,51.0,-36.0,33.480000000000004,-27.05,-80.35,41.63,18.06,-0.08999999999999986,-16.93,12.19,-49.519999999999996,-12.729999999999997,42.5,-36.42
2025-08-11T16:54:06.130739,46.0,68.0,-82.0,37.0,2.0,-44.0,24.0,12.0,-79.0,-87.0,59.0,-37.0,50.480000000000004,47.95,-78.35,22.630000000000003,-5.94,-60.09,8.07,2.1899999999999995,-71.52,-43.73,50.5,-37.42
2025-08-11T16:54:06.138945,95.0,17.0,-21.0,19.0,47.0,-42.0,49.0,92.0,-27.0,-60.0,130.0,-22.0,99.48,-3.0500000000000007,-17.35,4.630000000000001,39.06,-58.09,33.07,82.19,-19.52,-16.729999999999997,121.5,-22.42
2025-08-11T16:54:06.143279,105.0,14.0,11.0,31.0,70.0,-35.0,18.0,0.0,-61.0,-51.0,79.0,-14.0,109.48,-6.050000000000001,14.65,16.630000000000003,62.06,-51.09,2.0700000000000003,-9.81,-53.519999999999996,-7.729999999999997,70.5,-14.42
2025-08-11T16:54:06.151116,23.0,-57.0,6.0,10.0,42.0,-79.0,-22.0,-18.0,-35.0,-87.0,63.0,-100.0,27.48,-77.05,9.65,-4.369999999999999,34.06,-95.09,-37.93,-27.810000000000002,-27.52,-43.73,54.5,-100.42
2025-08-11T16:54:06.155448,0.0,118.0,0.0,52.0,-35.0,23.0,-12.0,33.0,-22.0,-74.0,103.0,-18.0,4.48,97.95,3.65,37.63,-42.94,6.91,-27.93,23.189999999999998,-14.52,-30.729999999999997,94.5,-18.42
2025-08-11T16:54:06.163584,-40.0,77.0,-80.0,64.0,-74.0,-10.0,-40.0,26.0,-46.0,-45.0,66.0,-91.0,-35.519999999999996,56.95,-76.35,49.63,-81.94,-26.09,-55.93,16.189999999999998,-38.519999999999996,-1.7299999999999969,57.5,-91.42
2025-08-11T16:54:06.167675,26.0,59.0,-46.0,50.0,1.0,-17.0,21.0,-35.0,-48.0,-63.0,8.0,-37.0,30.48,38.95,-42.35,35.63,-6.94,-33.09,5.07,-44.81,-40.519999999999996,-19.729999999999997,-0.5,-37.42
2025-08-11T16:54:06.171969,78.0,-24.0,-10.0,40.0,7.0,-9.0,31.0,-25.0,-84.0,7.0,32.0,-49.0,82.48,-44.05,-6.35,25.630000000000003,-0.9400000000000004,-25.09,15.07,-34.81,-76.52,50.27,23.5,-49.42
2025-08-11T16:54:06.180061,-23.0,-6.0,-47.0,41.0,51.0,48.0,13.0,-43.0,-69.0,-47.0,57.0,-84.0,-18.52,-26.05,-43.35,26.630000000000003,43.06,31.91,-2.9299999999999997,-52.81,-61.519999999999996,-3.729999999999997,48.5,-84.42
2025-08-11T16:54:06.183970,19.0,32.0,20.0,44.0,87.0,-35.0,18.0,-50.0,-64.0,-83.0,43.0,-48.0,23.48,11.95,23.65,29.630000000000003,79.06,-51.09,2.0700000000000003,-59.81,-56.519999999999996,-39.73,34.5,-48.42
2025-08-11T16:54:06.192277,-69.0,10.0,-42.0,11.0,44.0,19.0,-3.0,57.0,20.0,-51.0,39.0,-49.0,-64.52,-10.05,-38.35,-3.369999999999999,36.06,2.91,-18.93,47.19,27.48,-7.729999999999997,30.5,-49.42
2025-08-11T16:54:06.196235,-30.0,82.0,-48.0,75.0,-40.0,7.0,-64.0,-23.0,-73.0,-107.0,43.0,-52.0,-25.52,61.95,-44.35,60.63,-47.94,-9.09,-79.93,-32.81,-65.52,-63.73,34.5,-52.42
2025-08-11T16:54:06.204365,-23.0,32.0,-4.0,-2.0,20.0,-14.0,-3.0,36.0,-22.0,-43.0,51.0,-16.0,-18.52,11.95,-0.3500000000000001,-16.369999999999997,12.059999999999999,-30.09,-18.93,26.189999999999998,-14.52,0.2700000000000031,42.5,-16.42
2025-08-11T16:54:06.208623,-77.0,70.0,-44.0,-28.0,-22.0,81.0,55.0,-4.0,-22.0,-49.0,-30.0,-72.0,-72.52,49.95,-40.35,-42.37,-29.94,64.91,39.07,-13.81,-14.52,-5.729999999999997,-38.5,-72.42
2025-08-11T16:54:06.216879,28.0,54.0,-125.0,-34.0,62.0,-24.0,-7.0,-42.0,-42.0,-2.0,-40.0,-84.0,32.480000000000004,33.95,-121.35,-48.37,54.06,-40.09,-22.93,-51.81,-34.519999999999996,41.27,-48.5,-84.42
2025-08-11T16:54:06.220819,-18.0,-38.0,-132.0,18.0,83.0,9.0,15.0,-30.0,-43.0,-1.0,61.0,-66.0,-13.52,-58.05,-128.35,3.630000000000001,75.06,-7.09,-0.9299999999999997,-39.81,-35.519999999999996,42.27,52.5,-66.42
2025-08-11T16:54:06.229072,112.0,-7.0,12.0,-30.0,2.0,-22.0,16.0,54.0,-30.0,-28.0,86.0,-43.0,116.48,-27.05,15.65,-44.37,-5.94,-38.09,0.07000000000000028,44.19,-22.52,15.270000000000003,77.5,-43.42
2025-08-11T16:54:06.233165,-21.0,56.0,-43.0,69.0,28.0,25.0,-7.0,52.0,-102.0,-49.0,28.0,-38.0,-16.52,35.95,-39.35,54.63,20.06,8.91,-22.93,42.19,-94.52,-5.729999999999997,19.5,-38.42
2025-08-11T16:54:06.241648,-4.0,40.0,11.0,43.0,-20.0,3.0,42.0,-17.0,-4.0,-73.0,81.0,-17.0,0.4800000000000004,19.95,14.65,28.630000000000003,-27.94,-13.09,26.07,-26.810000000000002,3.4800000000000004,-29.729999999999997,72.5,-17.42
2025-08-11T16:54:06.245480,-7.0,5.0,-63.0,21.0,9.0,-43.0,60.0,-56.0,-16.0,-9.0,39.0,-81.0,-2.5199999999999996,-15.05,-59.35,6.630000000000001,1.0599999999999996,-59.09,44.07,-65.81,-8.52,34.27,30.5,-81.42
2025-08-11T16:54:06.253594,-38.0,62.0,-27.0,23.0,-6.0,-11.0,-11.0,6.0,-60.0,2.0,45.0,14.0,-33.519999999999996,41.95,-23.35,8.63,-13.940000000000001,-27.09,-26.93,-3.8100000000000005,-52.519999999999996,45.27,36.5,13.58
2025-08-11T16:54:06.257772,-16.0,43.0,0.0,-30.0,-7.0,70.0,-15.0,-55.0,-70.0,-91.0,38.0,-12.0,-11.52,22.95,3.65,-44.37,-14.940000000000001,53.91,-30.93,-64.81,-62.519999999999996,-47.73,29.5,-12.42
2025-08-11T16:54:06.265882,-25.0,66.0,-76.0,-14.0,76.0,-27.0,114.0,-68.0,33.0,-48.0,65.0,-32.0,-20.52,45.95,-72.35,-28.369999999999997,68.06,-43.09,98.07,-77.81,40.480000000000004,-4.729999999999997,56.5,-32.42
2025-08-11T16:54:06.270156,62.0,36.0,-90.0,-27.0,31.0,0.0,0.0,9.0,-15.0,-75.0,26.0,-18.0,66.48,15.95,-86.35,-41.37,23.06,-16.09,-15.93,-0.8100000000000005,-7.52,-31.729999999999997,17.5,-18.42
2025-08-11T16:54:06.278199,19.0,20.0,-46.0,6.0,78.0,-30.0,-6.0,-52.0,-64.0,-8.0,18.0,30.0,23.48,-0.05000000000000071,-42.35,-8.37,70.06,-46.09,-21.93,-61.81,-56.519999999999996,35.27,9.5,29.58
2025-08-11T16:54:06.282462,75.0,45.0,-45.0,17.0,72.0,-4.0,16.0,53.0,-11.0,-16.0,0.0,-33.0,79.48,24.95,-41.35,2.630000000000001,64.06,-20.09,0.07000000000000028,43.19,-3.5199999999999996,27.270000000000003,-8.5,-33.42
2025-08-11T16:54:06.290439,101.0,34.0,-18.0,59.0,-22.0,10.0,61.0,18.0,-44.0,8.0,28.0,36.0,105.48,13.95,-14.35,44.63,-29.94,-6.09,45.07,8.19,-36.519999999999996,51.27,19.5,35.58
2025-08-11T16:54:06.294726,-19.0,34.0,-5.0,15.0,53.0,-37.0,-30.0,65.0,39.0,12.0,13.0,12.0,-14.52,13.95,-1.35,0.6300000000000008,45.06,-53.09,-45.93,55.19,46.480000000000004,55.27,4.5,11.58
2025-08-11T16:54:06.302621,12.0,8.0,-21.0,79.0,4.0,-6.0,19.0,22.0,51.0,10.0,-47.0,39.0,16.48,-12.05,-17.35,64.63,-3.9400000000000004,-22.09,3.0700000000000003,12.19,58.480000000000004,53.27,-55.5,38.58
2025-08-11T16:54:06.307058,-29.0,-7.0,-10.0,-6.0,-18.0,61.0,-7.0,-20.0,-16.0,17.0,19.0,-32.0,-24.52,-27.05,-6.35,-20.369999999999997,-25.94,44.91,-22.93,-29.810000000000002,-8.52,60.27,10.5,-32.42
2025-08-11T16:54:06.315067,12.0,51.0,-19.0,51.0,-9.0,-21.0,-47.0,21.0,-34.0,2.0,-13.0,49.0,16.48,30.95,-15.35,36.63,-16.94,-37.09,-62.93,11.19,-26.52,45.27,-21.5,48.58
2025-08-11T16:54:06.319275,31.0,10.0,-14.0,0.0,-14.0,-20.0,6.0,18.0,1.0,44.0,45.0,19.0,35.480000000000004,-10.05,-10.35,-14.37,-21.94,-36.09,-9.93,8.19,8.48,87.27000000000001,36.5,18.58
2025-08-11T16:54:06.327284,-67.0,57.0,-18.0,32.0,5.0,-139.0,-57.0,29.0,-18.0,68.0,-32.0,4.0,-62.519999999999996,36.95,-14.35,17.630000000000003,-2.9400000000000004,-155.09,-72.93,19.189999999999998,-10.52,111.27000000000001,-40.5,3.58
2025-08-11T16:54:06.331737,-34.0,24.0,-20.0,-4.0,28.0,9.0,-103.0,-28.0,-21.0,-20.0,-8.0,16.0,-29.52,3.9499999999999993,-16.35,-18.369999999999997,20.06,-7.09,-118.93,-37.81,-13.52,23.270000000000003,-16.5,15.58
2025-08-11T16:54:06.339601,21.0,59.0,-54.0,64.0,-51.0,17.0,32.0,-62.0,-18.0,59.0,-7.0,19.0,25.48,38.95,-50.35,49.63,-58.94,0.9100000000000001,16.07,-71.81,-10.52,102.27000000000001,-15.5,18.58
2025-08-11T16:54:06.343926,-14.0,-2.0,-98.0,27.0,-22.0,27.0,13.0,66.0,-12.0,-21.0,-19.0,25.0,-9.52,-22.05,-94.35,12.63,-29.94,10.91,-2.9299999999999997,56.19,-4.52,22.270000000000003,-27.5,24.58
2025-08-11T16:54:06.351895,4.0,2.0,-79.0,-49.0,-68.0,42.0,63.0,43.0,-19.0,37.0,-36.0,-20.0,8.48,-18.05,-75.35,-63.37,-75.94,25.91,47.07,33.19,-11.52,80.27000000000001,-44.5,-20.42
2025-08-11T16:54:06.356037,20.0,45.0,-91.0,10.0,45.0,42.0,17.0,6.0,2.0,38.0,-70.0,24.0,24.48,24.95,-87.35,-4.369999999999999,37.06,25.91,1.0700000000000003,-3.8100000000000005,9.48,81.27000000000001,-78.5,23.58
2025-08-11T16:54:06.360071,-26.0,43.0,-84.0,61.0,38.0,-18.0,-56.0,1.0,-56.0,-15.0,30.0,-25.0,-21.52,22.95,-80.35,46.63,30.06,-34.09,-71.93,-8.81,-48.519999999999996,28.270000000000003,21.5,-25.42
2025-08-11T16:54:06.368384,-37.0,56.0,-21.0,48.0,47.0,-41.0,-14.0,57.0,14.0,-13.0,-8.0,23.0,-32.519999999999996,35.95,-17.35,33.63,39.06,-57.09,-29.93,47.19,21.48,30.270000000000003,-16.5,22.58
2025-08-11T16:54:06.372356,-28.0,-1.0,-6.0,49.0,30.0,-26.0,5.0,-30.0,-34.0,52.0,-49.0,26.0,-23.52,-21.05,-2.35,34.63,22.06,-42.09,-10.93,-39.81,-26.52,95.27000000000001,-57.5,25.58
2025-08-11T16:54:06.380713,-58.0,113.0,56.0,99.0,-25.0,-24.0,-57.0,16.0,-25.0,12.0,22.0,37.0,-53.519999999999996,92.95,59.65,84.63,-32.94,-40.09,-72.93,6.1899999999999995,-17.52,55.27,13.5,36.58
2025-08-11T16:54:06.384587,1.0,93.0,-65.0,0.0,13.0,43.0,3.0,30.0,7.0,60.0,-39.0,4.0,5.48,72.95,-61.35,-14.37,5.06,26.91,-12.93,20.189999999999998,14.48,103.27000000000001,-47.5,3.58
2025-08-11T16:54:06.392893,-59.0,32.0,-44.0,1.0,23.0,72.0,-52.0,11.0,-35.0,49.0,9.0,-71.0,-54.519999999999996,11.95,-40.35,-13.37,15.059999999999999,55.91,-67.93,1.1899999999999995,-27.52,92.27000000000001,0.5,-71.42
2025-08-11T16:54:06.396947,-36.0,63.0,-45.0,28.0,-38.0,13.0,40.0,53.0,7.0,56.0,18.0,6.0,-31.52,42.95,-41.35,13.63,-45.94,-3.09,24.07,43.19,14.48,99.27000000000001,9.5,5.58
2025-08-11T16:54:06.405242,9.0,70.0,-64.0,-1.0,-40.0,-25.0,2.0,-35.0,-44.0,10.0,30.0,30.0,13.48,49.95,-60.35,-15.37,-47.94,-41.09,-13.93,-44.81,-36.519999999999996,53.27,21.5,29.58
2025-08-11T16:54:06.409518,29.0,45.0,-59.0,79.0,39.0,36.0,-45.0,11.0,-117.0,-16.0,19.0,-41.0,33.480000000000004,24.95,-55.35,64.63,31.06,19.91,-60.93,1.1899999999999995,-109.52,27.270000000000003,10.5,-41.42
2025-08-11T16:54:06.417439,17.0,-32.0,-28.0,37.0,45.0,-6.0,32.0,8.0,-32.0,-88.0,35.0,-61.0,21.48,-52.05,-24.35,22.630000000000003,37.06,-22.09,16.07,-1.8100000000000005,-24.52,-44.73,26.5,-61.42
2025-08-11T16:54:06.421739,26.0,13.0,-101.0,40.0,39.0,-58.0,30.0,34.0,-61.0,-64.0,34.0,-60.0,30.48,-7.050000000000001,-97.35,25.630000000000003,31.06,-74.09,14.07,24.189999999999998,-53.519999999999996,-20.729999999999997,25.5,-60.42
2025-08-11T16:54:06.429747,103.0,-17.0,-2.0,38.0,34.0,-24.0,-17.0,-130.0,-4.0,-12.0,12.0,-43.0,107.48,-37.05,1.65,23.630000000000003,26.06,-40.09,-32.93,-139.81,3.4800000000000004,31.270000000000003,3.5,-43.42
2025-08-11T16:54:06.434011,-31.0,7.0,3.0,21.0,-27.0,-9.0,-6.0,34.0,7.0,-50.0,39.0,-37.0,-26.52,-13.05,6.65,6.630000000000001,-34.94,-25.09,-21.93,24.189999999999998,14.48,-6.729999999999997,30.5,-37.42
2025-08-11T16:54:06.441928,-74.0,3.0,-2.0,36.0,-31.0,12.0,-25.0,2.0,-12.0,-62.0,-7.0,-110.0,-69.52,-17.05,1.65,21.630000000000003,-38.94,-4.09,-40.93,-7.8100000000000005,-4.52,-18.729999999999997,-15.5,-110.42
2025-08-11T16:54:06.446367,48.0,-1.0,-69.0,117.0,-41.0,-87.0,1.0,-9.0,-61.0,-51.0,29.0,-59.0,52.480000000000004,-21.05,-65.35,102.63,-48.94,-103.09,-14.93,-18.810000000000002,-53.519999999999996,-7.729999999999997,20.5,-59.42
2025-08-11T16:54:06.454207,17.0,42.0,-15.0,6.0,17.0,-1.0,28.0,-74.0,14.0,-5.0,75.0,-63.0,21.48,21.95,-11.35,-8.37,9.059999999999999,-17.09,12.07,-83.81,21.48,38.27,66.5,-63.42
2025-08-11T16:54:06.458577,-28.0,-23.0,14.0,43.0,-18.0,21.0,63.0,16.0,54.0,-102.0,27.0,-47.0,-23.52,-43.05,17.65,28.630000000000003,-25.94,4.91,47.07,6.1899999999999995,61.480000000000004,-58.73,18.5,-47.42
2025-08-11T16:54:06.466595,-53.0,25.0,-6.0,18.0,16.0,-16.0,-26.0,7.0,-4.0,-13.0,25.0,-63.0,-48.519999999999996,4.949999999999999,-2.35,3.630000000000001,8.059999999999999,-32.09,-41.93,-2.8100000000000005,3.4800000000000004,30.270000000000003,16.5,-63.42
2025-08-11T16:54:06.470815,40.0,123.0,28.0,-7.0,-39.0,-3.0,4.0,-7.0,-53.0,-34.0,74.0,-66.0,44.480000000000004,102.95,31.65,-21.369999999999997,-46.94,-19.09,-11.93,-16.810000000000002,-45.519999999999996,9.270000000000003,65.5,-66.42
2025-08-11T16:54:06.478919,-82.0,84.0,-17.0,-42.0,-36.0,33.0,3.0,38.0,-13.0,-9.0,62.0,-50.0,-77.52,63.95,-13.35,-56.37,-43.94,16.91,-12.93,28.189999999999998,-5.52,34.27,53.5,-50.42
2025-08-11T16:54:06.483135,-2.0,81.0,-32.0,7.0,46.0,-2.0,49.0,41.0,9.0,-38.0,56.0,-9.0,2.4800000000000004,60.95,-28.35,-7.369999999999999,38.06,-18.09,33.07,31.189999999999998,16.48,5.270000000000003,47.5,-9.42
2025-08-11T16:54:06.491241,19.0,94.0,-31.0,19.0,9.0,-8.0,-40.0,-26.0,4.0,-10.0,13.0,-48.0,23.48,73.95,-27.35,4.630000000000001,1.0599999999999996,-24.09,-55.93,-35.81,11.48,33.27,4.5,-48.42
2025-08-11T16:54:06.495368,-34.0,40.0,-118.0,43.0,-9.0,-37.0,23.0,45.0,7.0,-70.0,58.0,-65.0,-29.52,19.95,-114.35,28.630000000000003,-16.94,-53.09,7.07,35.19,14.48,-26.729999999999997,49.5,-65.42
2025-08-11T16:54:06.499312,-20.0,-10.0,-8.0,-6.0,94.0,-21.0,38.0,13.0,20.0,-26.0,42.0,18.0,-15.52,-30.05,-4.35,-20.369999999999997,86.06,-37.09,22.07,3.1899999999999995,27.48,17.270000000000003,33.5,17.58
2025-08-11T16:54:06.507641,40.0,10.0,-52.0,60.0,37.0,-73.0,-22.0,-22.0,61.0,-66.0,31.0,-12.0,44.480000000000004,-10.05,-48.35,45.63,29.06,-89.09,-37.93,-31.810000000000002,68.48,-22.729999999999997,22.5,-12.42
2025-08-11T16:54:06.511581,4.0,45.0,17.0,18.0,26.0,-40.0,-32.0,3.0,4.0,-34.0,45.0,-43.0,8.48,24.95,20.65,3.630000000000001,18.06,-56.09,-47.93,-6.8100000000000005,11.48,9.270000000000003,36.5,-43.42
2025-08-11T16:54:06.519838,42.0,16.0,-31.0,47.0,10.0,-13.0,-34.0,30.0,-25.0,-7.0,64.0,-77.0,46.480000000000004,-4.050000000000001,-27.35,32.63,2.0599999999999996,-29.09,-49.93,20.189999999999998,-17.52,36.27,55.5,-77.42
2025-08-11T16:54:06.523894,-46.0,-12.0,-57.0,-31.0,14.0,33.0,41.0,-12.0,22.0,-31.0,36.0,-38.0,-41.519999999999996,-32.05,-53.35,-45.37,6.06,16.91,25.07,-21.810000000000002,29.48,12.270000000000003,27.5,-38.42
2025-08-11T16:54:06.532131,-46.0,32.0,-32.0,-13.0,17.0,16.0,1.0,84.0,-27.0,-56.0,90.0,-41.0,-41.519999999999996,11.95,-28.35,-27.369999999999997,9.059999999999999,-0.08999999999999986,-14.93,74.19,-19.52,-12.729999999999997,81.5,-41.42
2025-08-11T16:54:06.536176,-48.0,72.0,-52.0,52.0,21.0,20.0,44.0,74.0,45.0,-87.0,70.0,-33.0,-43.519999999999996,51.95,-48.35,37.63,13.059999999999999,3.91,28.07,64.19,52.480000000000004,-43.73,61.5,-33.42
2025-08-11T16:54:06.544505,22.0,117.0,-39.0,86.0,-14.0,-54.0,-31.0,10.0,-80.0,-91.0,61.0,-94.0,26.48,96.95,-35.35,71.63,-21.94,-70.09,-46.93,0.1899999999999995,-72.52,-47.73,52.5,-94.42
2025-08-11T16:54:06.548798,42.0,-9.0,-24.0,75.0,-52.0,44.0,22.0,31.0,-75.0,-8.0,86.0,-49.0,46.480000000000004,-29.05,-20.35,60.63,-59.94,27.91,6.07,21.189999999999998,-67.52,35.27,77.5,-49.42
2025-08-11T16:54:06.556775,81.0,-32.0,-92.0,-21.0,40.0,-40.0,8.0,-33.0,-59.0,-65.0,27.0,-20.0,85.48,-52.05,-88.35,-35.37,32.06,-56.09,-7.93,-42.81,-51.519999999999996,-21.729999999999997,18.5,-20.42
2025-08-11T16:54:06.561381,41.0,-27.0,19.0,-22.0,23.0,-25.0,24.0,22.0,12.0,-52.0,97.0,-40.0,45.480000000000004,-47.05,22.65,-36.37,15.059999999999999,-41.09,8.07,12.19,19.48,-8.729999999999997,88.5,-40.42
2025-08-11T16:54:06.568930,-10.0,-14.0,21.0,6.0,3.0,11.0,25.0,-13.0,-24.0,-7.0,63.0,-70.0,-5.52,-34.05,24.65,-8.37,-4.94,-5.09,9.07,-22.810000000000002,-16.52,36.27,54.5,-70.42
2025-08-11T16:54:06.573139,-23.0,9.0,-29.0,-4.0,32.0,-26.0,34.0,10.0,-95.0,-31.0,18.0,-39.0,-18.52,-11.05,-25.35,-18.369999999999997,24.06,-42.09,18.07,0.1899999999999995,-87.52,12.270000000000003,9.5,-39.42
2025-08-11T16:54:06.581233,-112.0,-10.0,-41.0,28.0,21.0,-48.0,-15.0,40.0,8.0,-51.0,89.0,-5.0,-107.52,-30.05,-37.35,13.63,13.059999999999999,-64.09,-30.93,30.189999999999998,15.48,-7.729999999999997,80.5,-5.42
2025-08-11T16:54:06.585381,-8.0,31.0,-19.0,66.0,14.0,-34.0,-15.0,-48.0,-17.0,-40.0,37.0,1.0,-3.5199999999999996,10.95,-15.35,51.63,6.06,-50.09,-30.93,-57.81,-9.52,3.270000000000003,28.5,0.5800000000000001
2025-08-11T16:54:06.593460,4.0,157.0,-100.0,57.0,-4.0,13.0,24.0,11.0,-11.0,41.0,52.0,1.0,8.48,136.95,-96.35,42.63,-11.940000000000001,-3.09,8.07,1.1899999999999995,-3.5199999999999996,84.27000000000001,43.5,0.5800000000000001
2025-08-11T16:54:06.597786,-62.0,131.0,-41.0,-8.0,-46.0,3.0,45.0,12.0,-94.0,-19.0,51.0,-35.0,-57.519999999999996,110.95,-37.35,-22.369999999999997,-53.94,-13.09,29.07,2.1899999999999995,-86.52,24.270000000000003,42.5,-35.42
2025-08-11T16:54:06.605889,54.0,61.0,-54.0,-8.0,-19.0,90.0,12.0,-8.0,28.0,-47.0,-10.0,-59.0,58.480000000000004,40.95,-50.35,-22.369999999999997,-26.94,73.91,-3.9299999999999997,-17.810000000000002,35.480000000000004,-3.729999999999997,-18.5,-59.42
2025-08-11T16:54:06.610133,-17.0,56.0,-70.0,62.0,13.0,-19.0,-11.0,8.0,-7.0,-75.0,18.0,-54.0,-12.52,35.95,-66.35,47.63,5.06,-35.09,-26.93,-1.8100000000000005,0.4800000000000004,-31.729999999999997,9.5,-54.42
2025-08-11T16:54:06.618041,-4.0,40.0,-72.0,41.0,55.0,-50.0,23.0,-6.0,-35.0,-19.0,31.0,-36.0,0.4800000000000004,19.95,-68.35,26.630000000000003,47.06,-66.09,7.07,-15.81,-27.52,24.270000000000003,22.5,-36.42
2025-08-11T16:54:06.622532,37.0,50.0,-89.0,74.0,-29.0,61.0,23.0,-12.0,-10.0,0.0,20.0,11.0,41.480000000000004,29.95,-85.35,59.63,-36.94,44.91,7.07,-21.810000000000002,-2.5199999999999996,43.27,11.5,10.58
2025-08-11T16:54:06.630415,-11.0,39.0,-46.0,109.0,19.0,-25.0,-74.0,9.0,9.0,-51.0,24.0,-52.0,-6.52,18.95,-42.35,94.63,11.059999999999999,-41.09,-89.93,-0.8100000000000005,16.48,-7.729999999999997,15.5,-52.42
2025-08-11T16:54:06.634579,48.0,-32.0,-39.0,-7.0,-28.0,-12.0,65.0,9.0,-70.0,-111.0,0.0,-45.0,52.480000000000004,-52.05,-35.35,-21.369999999999997,-35.94,-28.09,49.07,-0.8100000000000005,-62.519999999999996,-67.72999999999999,-8.5,-45.42
2025-08-11T16:54:06.642659,37.0,11.0,-31.0,-27.0,41.0,15.0,7.0,0.0,15.0,-56.0,37.0,-107.0,41.480000000000004,-9.05,-27.35,-41.37,33.06,-1.0899999999999999,-8.93,-9.81,22.48,-12.729999999999997,28.5,-107.42
2025-08-11T16:54:06.646947,2.0,-53.0,21.0,17.0,9.0,-25.0,7.0,-2.0,-88.0,-32.0,74.0,-72.0,6.48,-73.05,24.65,2.630000000000001,1.0599999999999996,-41.09,-8.93,-11.81,-80.52,11.270000000000003,65.5,-72.42
2025-08-11T16:54:06.655037,77.0,-32.0,-11.0,-5.0,72.0,-3.0,-48.0,22.0,11.0,-13.0,85.0,-22.0,81.48,-52.05,-7.35,-19.369999999999997,64.06,-19.09,-63.93,12.19,18.48,30.270000000000003,76.5,-22.42
2025-08-11T16:54:06.659141,-33.0,-51.0,38.0,20.0,51.0,-37.0,6.0,-7.0,-13.0,-35.0,64.0,15.0,-28.52,-71.05,41.65,5.630000000000001,43.06,-53.09,-9.93,-16.810000000000002,-5.52,8.270000000000003,55.5,14.58
2025-08-11T16:54:06.667144,-61.0,103.0,-4.0,7.0,4.0,2.0,31.0,-19.0,-16.0,-30.0,55.0,-3.0,-56.519999999999996,82.95,-0.3500000000000001,-7.369999999999999,-3.9400000000000004,-14.09,15.07,-28.810000000000002,-8.52,13.270000000000003,46.5,-3.42
2025-08-11T16:54:06.671461,-50.0,90.0,37.0,-28.0,4.0,-58.0,-22.0,0.0,-77.0,-51.0,-37.0,18.0,-45.519999999999996,69.95,40.65,-42.37,-3.9400000000000004,-74.09,-37.93,-9.81,-69.52,-7.729999999999997,-45.5,17.58
2025-08-11T16:54:06.675677,23.0,72.0,18.0,6.0,20.0,16.0,37.0,52.0,4.0,-94.0,-34.0,-24.0,27.48,51.95,21.65,-8.37,12.059999999999999,-0.08999999999999986,21.07,42.19,11.48,-50.73,-42.5,-24.42
2025-08-11T16:54:06.684300,-62.0,-1.0,-83.0,-19.0,12.0,-30.0,14.0,-1.0,40.0,-75.0,-51.0,38.0,-57.519999999999996,-21.05,-79.35,-33.37,4.06,-46.09,-1.9299999999999997,-10.81,47.480000000000004,-31.729999999999997,-59.5,37.58
2025-08-11T16:54:06.688787,39.0,150.0,-113.0,50.0,2.0,13.0,14.0,-9.0,-2.0,-49.0,2.0,45.0,43.480000000000004,129.95,-109.35,35.63,-5.94,-3.09,-1.9299999999999997,-18.810000000000002,5.48,-5.729999999999997,-6.5,44.58
2025-08-11T16:54:06.696611,17.0,9.0,-33.0,-57.0,35.0,6.0,11.0,6.0,-4.0,-10.0,-18.0,18.0,21.48,-11.05,-29.35,-71.37,27.06,-10.09,-4.93,-3.8100000000000005,3.4800000000000004,33.27,-26.5,17.58
2025-08-11T16:54:06.700081,-34.0,65.0,-158.0,-6.0,-16.0,3.0,16.0,49.0,17.0,14.0,26.0,86.0,-29.52,44.95,-154.35,-20.369999999999997,-23.94,-13.09,0.07000000000000028,39.19,24.48,57.27,17.5,85.58
2025-08-11T16:54:06.708356,-67.0,156.0,-40.0,2.0,33.0,-38.0,33.0,26.0,-72.0,5.0,-1.0,50.0,-62.519999999999996,135.95,-36.35,-12.37,25.06,-54.09,17.07,16.189999999999998,-64.52,48.27,-9.5,49.58
2025-08-11T16:54:06.712305,-9.0,94.0,-73.0,24.0,21.0,-60.0,45.0,23.0,43.0,-7.0,9.0,7.0,-4.52,73.95,-69.35,9.63,13.059999999999999,-76.09,29.07,13.19,50.480000000000004,36.27,0.5,6.58
2025-08-11T16:54:06.720475,-70.0,13.0,-28.0,56.0,49.0,24.0,3.0,7.0,4.0,20.0,54.0,41.0,-65.52,-7.050000000000001,-24.35,41.63,41.06,7.91,-12.93,-2.8100000000000005,11.48,63.27,45.5,40.58
2025-08-11T16:54:06.724784,-14.0,77.0,-57.0,93.0,-29.0,10.0,4.0,10.0,-6.0,22.0,82.0,33.0,-9.52,56.95,-53.35,78.63,-36.94,-6.09,-11.93,0.1899999999999995,1.4800000000000004,65.27000000000001,73.5,32.58
2025-08-11T16:54:06.732720,88.0,26.0,1.0,68.0,-35.0,-14.0,57.0,1.0,51.0,89.0,-7.0,72.0,92.48,5.949999999999999,4.65,53.63,-42.94,-30.09,41.07,-8.81,58.480000000000004,132.27,-15.5,71.58
2025-08-11T16:54:06.737047,72.0,19.0,-18.0,24.0,-96.0,35.0,47.0,17.0,79.0,-4.0,87.0,69.0,76.48,-1.0500000000000007,-14.35,9.63,-103.94,18.91,31.07,7.1899999999999995,86.48,39.27,78.5,68.58
2025-08-11T16:54:06.745006,86.0,92.0,24.0,7.0,11.0,28.0,12.0,47.0,97.0,21.0,53.0,-24.0,90.48,71.95,27.65,-7.369999999999999,3.0599999999999996,11.91,-3.9299999999999997,37.19,104.48,64.27000000000001,44.5,-24.42
2025-08-11T16:54:06.749409,-15.0,67.0,-27.0,3.0,-15.0,62.0,3.0,10.0,21.0,48.0,45.0,51.0,-10.52,46.95,-23.35,-11.37,-22.94,45.91,-12.93,0.1899999999999995,28.48,91.27000000000001,36.5,50.58
2025-08-11T16:54:06.757400,67.0,8.0,-17.0,61.0,78.0,32.0,13.0,-18.0,27.0,-56.0,106.0,-61.0,71.48,-12.05,-13.35,46.63,70.06,15.91,-2.9299999999999997,-27.810000000000002,34.480000000000004,-12.729999999999997,97.5,-61.42
2025-08-11T16:54:06.761582,72.0,-8.0,-64.0,52.0,39.0,-37.0,65.0,36.0,-35.0,41.0,89.0,30.0,76.48,-28.05,-60.35,37.63,31.06,-53.09,49.07,26.189999999999998,-27.52,84.27000000000001,80.5,29.58
2025-08-11T16:54:06.769642,91.0,84.0,33.0,-15.0,15.0,-91.0,19.0,2.0,35.0,11.0,196.0,72.0,95.48,63.95,36.65,-29.369999999999997,7.06,-107.09,3.0700000000000003,-7.8100000000000005,42.480000000000004,54.27,187.5,71.58
2025-08-11T16:54:06.773987,37.0,79.0,41.0,58.0,-41.0,-21.0,23.0,84.0,-67.0,67.0,116.0,2.0,41.480000000000004,58.95,44.65,43.63,-48.94,-37.09,7.07,74.19,-59.519999999999996,110.27000000000001,107.5,1.58
2025-08-11T16:54:06.782070,114.0,113.0,57.0,140.0,-32.0,-11.0,64.0,17.0,-56.0,-5.0,204.0,-35.0,118.48,92.95,60.65,125.63,-39.94,-27.09,48.07,7.1899999999999995,-48.519999999999996,38.27,195.5,-35.42
2025-08-11T16:54:06.786099,129.0,122.0,-21.0,130.0,32.0,15.0,-80.0,80.0,-95.0,84.0,184.0,42.0,133.48,101.95,-17.35,115.63,24.06,-1.0899999999999999,-95.93,70.19,-87.52,127.27000000000001,175.5,41.58
2025-08-11T16:54:06.794239,110.0,238.0,-19.0,134.0,-5.0,-12.0,-59.0,158.0,-110.0,80.0,157.0,-15.0,114.48,217.95,-15.35,119.63,-12.940000000000001,-28.09,-74.93,148.19,-102.52,123.27000000000001,148.5,-15.42
2025-08-11T16:54:06.798532,131.0,127.0,16.0,146.0,54.0,-29.0,110.0,67.0,-66.0,102.0,274.0,60.0,135.48,106.95,19.65,131.63,46.06,-45.09,94.07,57.19,-58.519999999999996,145.27,265.5,59.58
2025-08-11T16:54:06.806659,127.0,215.0,88.0,172.0,10.0,-66.0,25.0,114.0,-214.0,115.0,217.0,60.0,131.48,194.95,91.65,157.63,2.0599999999999996,-82.09,9.07,104.19,-206.52,158.27,208.5,59.58
2025-08-11T16:54:06.810622,204.0,168.0,-13.0,182.0,124.0,-114.0,0.0,82.0,-190.0,90.0,325.0,45.0,208.48,147.95,-9.35,167.63,116.06,-130.09,-15.93,72.19,-182.52,133.27,316.5,44.58
2025-08-11T16:54:06.818967,208.0,214.0,38.0,199.0,89.0,-60.0,102.0,152.0,-185.0,6.0,314.0,-1.0,212.48,193.95,41.65,184.63,81.06,-76.09,86.07,142.19,-177.52,49.27,305.5,-1.42
2025-08-11T16:54:06.827075,159.0,195.0,124.0,239.0,84.0,-101.0,72.0,234.0,-200.0,66.0,373.0,-48.0,163.48,174.95,127.65,224.63,76.06,-117.09,56.07,224.19,-192.52,109.27000000000001,364.5,-48.42
2025-08-11T16:54:06.831299,147.0,182.0,95.0,274.0,136.0,-67.0,11.0,220.0,-250.0,134.0,333.0,5.0,151.48,161.95,98.65,259.63,128.06,-83.09,-4.93,210.19,-242.52,177.27,324.5,4.58
2025-08-11T16:54:06.839323,191.0,202.0,70.0,280.0,111.0,-133.0,109.0,208.0,-285.0,174.0,354.0,57.0,195.48,181.95,73.65,265.63,103.06,-149.09,93.07,198.19,-277.52,217.27,345.5,56.58
2025-08-11T16:54:06.843665,183.0,290.0,103.0,329.0,75.0,-66.0,31.0,174.0,-266.0,28.0,443.0,43.0,187.48,269.95,106.65,314.63,67.06,-82.09,15.07,164.19,-258.52,71.27000000000001,434.5,42.58
2025-08-11T16:54:06.851719,284.0,274.0,40.0,350.0,82.0,-111.0,38.0,94.0,-325.0,88.0,444.0,33.0,288.48,253.95,43.65,335.63,74.06,-127.09,22.07,84.19,-317.52,131.27,435.5,32.58
2025-08-11T16:54:06.859754,260.0,282.0,136.0,412.0,84.0,-96.0,89.0,197.0,-258.0,127.0,448.0,-64.0,264.48,261.95,139.65,397.63,76.06,-112.09,73.07,187.19,-250.52,170.27,439.5,-64.42
2025-08-11T16:54:06.864036,200.0,359.0,157.0,378.0,156.0,-60.0,76.0,106.0,-395.0,117.0,407.0,-8.0,204.48,338.95,160.65,363.63,148.06,-76.09,60.07,96.19,-387.52,160.27,398.5,-8.42
2025-08-11T16:54:06.872101,366.0,309.0,30.0,323.0,187.0,-60.0,95.0,169.0,-349.0,143.0,407.0,19.0,370.48,288.95,33.65,308.63,179.06,-76.09,79.07,159.19,-341.52,186.27,398.5,18.58
2025-08-11T16:54:06.876452,301.0,194.0,121.0,419.0,99.0,-62.0,87.0,147.0,-365.0,120.0,342.0,29.0,305.48,173.95,124.65,404.63,91.06,-78.09,71.07,137.19,-357.52,163.27,333.5,28.58
2025-08-11T16:54:06.884439,249.0,241.0,127.0,334.0,36.0,-19.0,49.0,99.0,-275.0,47.0,434.0,64.0,253.48,220.95,130.65,319.63,28.06,-35.09,33.07,89.19,-267.52,90.27000000000001,425.5,63.58
2025-08-11T16:54:06.888706,201.0,311.0,94.0,436.0,148.0,-4.0,42.0,130.0,-292.0,7.0,483.0,-58.0,205.48,290.95,97.65,421.63,140.06,-20.09,26.07,120.19,-284.52,50.27,474.5,-58.42
2025-08-11T16:54:06.896716,261.0,226.0,90.0,366.0,92.0,-51.0,41.0,145.0,-351.0,159.0,431.0,-40.0,265.48,205.95,93.65,351.63,84.06,-67.09,25.07,135.19,-343.52,202.27,422.5,-40.42
2025-08-11T16:54:06.900814,184.0,232.0,76.0,369.0,143.0,23.0,-34.0,177.0,-394.0,91.0,367.0,8.0,188.48,211.95,79.65,354.63,135.06,6.91,-49.93,167.19,-386.52,134.27,358.5,7.58
2025-08-11T16:54:06.909149,174.0,297.0,52.0,353.0,187.0,-128.0,110.0,146.0,-274.0,137.0,419.0,49.0,178.48,276.95,55.65,338.63,179.06,-144.09,94.07,136.19,-266.52,180.27,410.5,48.58
2025-08-11T16:54:06.917197,268.0,182.0,140.0,429.0,114.0,-50.0,12.0,131.0,-286.0,111.0,435.0,34.0,272.48,161.95,143.65,414.63,106.06,-66.09,-3.9299999999999997,121.19,-278.52,154.27,426.5,33.58
2025-08-11T16:54:06.921444,205.0,337.0,150.0,330.0,144.0,-112.0,18.0,178.0,-254.0,40.0,449.0,-26.0,209.48,316.95,153.65,315.63,136.06,-128.09,2.0700000000000003,168.19,-246.52,83.27000000000001,440.5,-26.42
2025-08-11T16:54:06.929542,219.0,260.0,3.0,379.0,103.0,-57.0,77.0,136.0,-321.0,180.0,424.0,-4.0,223.48,239.95,6.65,364.63,95.06,-73.09,61.07,126.19,-313.52,223.27,415.5,-4.42
2025-08-11T16:54:06.933801,238.0,262.0,109.0,366.0,120.0,-6.0,43.0,161.0,-310.0,149.0,422.0,-49.0,242.48,241.95,112.65,351.63,112.06,-22.09,27.07,151.19,-302.52,192.27,413.5,-49.42
2025-08-11T16:54:06.941739,211.0,351.0,81.0,380.0,70.0,-87.0,97.0,145.0,-303.0,183.0,442.0,17.0,215.48,330.95,84.65,365.63,62.06,-103.09,81.07,135.19,-295.52,226.27,433.5,16.58
2025-08-11T16:54:06.949840,293.0,270.0,33.0,415.0,45.0,-20.0,98.0,141.0,-309.0,5.0,390.0,-23.0,297.48,249.95,36.65,400.63,37.06,-36.09,82.07,131.19,-301.52,48.27,381.5,-23.42
2025-08-11T16:54:06.954214,267.0,247.0,153.0,301.0,69.0,-21.0,75.0,137.0,-360.0,81.0,413.0,-6.0,271.48,226.95,156.65,286.63,61.06,-37.09,59.07,127.19,-352.52,124.27000000000001,404.5,-6.42
2025-08-11T16:54:06.962250,132.0,316.0,96.0,383.0,167.0,-84.0,60.0,92.0,-345.0,61.0,465.0,-14.0,136.48,295.95,99.65,368.63,159.06,-100.09,44.07,82.19,-337.52,104.27000000000001,456.5,-14.42
2025-08-11T16:54:06.966557,215.0,266.0,27.0,336.0,88.0,-66.0,110.0,167.0,-309.0,139.0,424.0,-38.0,219.48,245.95,30.65,321.63,80.06,-82.09,94.07,157.19,-301.52,182.27,415.5,-38.42
2025-08-11T16:54:06.974469,221.0,206.0,88.0,381.0,141.0,-26.0,97.0,144.0,-354.0,146.0,394.0,-27.0,225.48,185.95,91.65,366.63,133.06,-42.09,81.07,134.19,-346.52,189.27,385.5,-27.42
2025-08-11T16:54:06.978837,244.0,271.0,142.0,401.0,184.0,-85.0,28.0,101.0,-365.0,141.0,420.0,-22.0,248.48,250.95,145.65,386.63,176.06,-101.09,12.07,91.19,-357.52,184.27,411.5,-22.42
2025-08-11T16:54:06.986704,233.0,294.0,24.0,296.0,155.0,-65.0,108.0,54.0,-286.0,73.0,424.0,59.0,237.48,273.95,27.65,281.63,147.06,-81.09,92.07,44.19,-278.52,116.27000000000001,415.5,58.58
2025-08-11T16:54:06.995005,195.0,266.0,88.0,392.0,90.0,9.0,105.0,86.0,-295.0,180.0,479.0,11.0,199.48,245.95,91.65,377.63,82.06,-7.09,89.07,76.19,-287.52,223.27,470.5,10.58
2025-08-11T16:54:06.999286,302.0,199.0,94.0,385.0,86.0,-57.0,-13.0,125.0,-329.0,41.0,420.0,-3.0,306.48,178.95,97.65,370.63,78.06,-73.09,-28.93,115.19,-321.52,84.27000000000001,411.5,-3.42
2025-08-11T16:54:07.007311,126.0,319.0,96.0,379.0,108.0,-39.0,46.0,165.0,-289.0,122.0,393.0,-1.0,130.48,298.95,99.65,364.63,100.06,-55.09,30.07,155.19,-281.52,165.27,384.5,-1.42
2025-08-11T16:54:07.011571,246.0,284.0,97.0,414.0,152.0,-66.0,55.0,193.0,-272.0,142.0,343.0,-69.0,250.48,263.95,100.65,399.63,144.06,-82.09,39.07,183.19,-264.52,185.27,334.5,-69.42
2025-08-11T16:54:07.019712,295.0,291.0,169.0,366.0,88.0,-86.0,121.0,222.0,-247.0,134.0,404.0,-16.0,299.48,270.95,172.65,351.63,80.06,-102.09,105.07,212.19,-239.52,177.27,395.5,-16.42
2025-08-11T16:54:07.023614,278.0,285.0,90.0,360.0,39.0,-54.0,-4.0,66.0,-289.0,157.0,378.0,-4.0,282.48,264.95,93.65,345.63,31.06,-70.09,-19.93,56.19,-281.52,200.27,369.5,-4.42
2025-08-11T16:54:07.031856,272.0,247.0,-24.0,332.0,114.0,-78.0,80.0,205.0,-210.0,82.0,466.0,15.0,276.48,226.95,-20.35,317.63,106.06,-94.09,64.07,195.19,-202.52,125.27000000000001,457.5,14.58
2025-08-11T16:54:07.039798,313.0,226.0,59.0,382.0,81.0,-114.0,96.0,125.0,-297.0,68.0,380.0,-82.0,317.48,205.95,62.65,367.63,73.06,-130.09,80.07,115.19,-289.52,111.27000000000001,371.5,-82.42
2025-08-11T16:54:07.044310,267.0,229.0,125.0,395.0,63.0,-39.0,150.0,84.0,-346.0,80.0,472.0,-22.0,271.48,208.95,128.65,380.63,55.06,-55.09,134.07,74.19,-338.52,123.27000000000001,463.5,-22.42
2025-08-11T16:54:07.052353,169.0,345.0,53.0,337.0,97.0,-7.0,96.0,99.0,-267.0,137.0,391.0,-65.0,173.48,324.95,56.65,322.63,89.06,-23.09,80.07,89.19,-259.52,180.27,382.5,-65.42
2025-08-11T16:54:07.056585,208.0,256.0,-14.0,384.0,135.0,-115.0,55.0,106.0,-309.0,163.0,424.0,17.0,212.48,235.95,-10.35,369.63,127.06,-131.09,39.07,96.19,-301.52,206.27,415.5,16.58
2025-08-11T16:54:07.064625,139.0,273.0,116.0,409.0,89.0,-45.0,83.0,150.0,-393.0,48.0,412.0,20.0,143.48,252.95,119.65,394.63,81.06,-61.09,67.07,140.19,-385.52,91.27000000000001,403.5,19.58
2025-08-11T16:54:07.068740,216.0,239.0,23.0,296.0,103.0,-88.0,129.0,154.0,-309.0,92.0,468.0,34.0,220.48,218.95,26.65,281.63,95.06,-104.09,113.07,144.19,-301.52,135.27,459.5,33.58
2025-08-11T16:54:07.076955,260.0,249.0,54.0,387.0,146.0,7.0,39.0,126.0,-335.0,86.0,503.0,-78.0,264.48,228.95,57.65,372.63,138.06,-9.09,23.07,116.19,-327.52,129.27,494.5,-78.42
2025-08-11T16:54:07.085041,239.0,243.0,91.0,385.0,74.0,-67.0,68.0,89.0,-312.0,159.0,483.0,-60.0,243.48,222.95,94.65,370.63,66.06,-83.09,52.07,79.19,-304.52,202.27,474.5,-60.42
2025-08-11T16:54:07.089298,243.0,291.0,112.0,318.0,111.0,-126.0,81.0,168.0,-331.0,145.0,398.0,-54.0,247.48,270.95,115.65,303.63,103.06,-142.09,65.07,158.19,-323.52,188.27,389.5,-54.42
2025-08-11T16:54:07.097374,254.0,271.0,69.0,388.0,158.0,-87.0,132.0,131.0,-339.0,167.0,410.0,11.0,258.48,250.95,72.65,373.63,150.06,-103.09,116.07,121.19,-331.52,210.27,401.5,10.58
2025-08-11T16:54:07.101724,258.0,178.0,120.0,392.0,114.0,-48.0,77.0,123.0,-272.0,117.0,389.0,-28.0,262.48,157.95,123.65,377.63,106.06,-64.09,61.07,113.19,-264.52,160.27,380.5,-28.42
2025-08-11T16:54:07.109611,210.0,269.0,120.0,298.0,162.0,-65.0,44.0,143.0,-294.0,16.0,467.0,45.0,214.48,248.95,123.65,283.63,154.06,-81.09,28.07,133.19,-286.52,59.27,458.5,44.58
2025-08-11T16:54:07.113730,219.0,259.0,67.0,335.0,72.0,-88.0,90.0,200.0,-312.0,66.0,481.0,11.0,223.48,238.95,70.65,320.63,64.06,-104.09,74.07,190.19,-304.52,109.27000000000001,472.5,10.58
2025-08-11T16:54:07.122111,220.0,290.0,119.0,382.0,86.0,-63.0,114.0,165.0,-346.0,139.0,414.0,-70.0,224.48,269.95,122.65,367.63,78.06,-79.09,98.07,155.19,-338.52,182.27,405.5,-70.42
2025-08-11T16:54:07.130201,153.0,252.0,119.0,360.0,132.0,-59.0,72.0,77.0,-255.0,135.0,439.0,-52.0,157.48,231.95,122.65,345.63,124.06,-75.09,56.07,67.19,-247.52,178.27,430.5,-52.42
2025-08-11T16:54:07.134461,303.0,277.0,26.0,304.0,70.0,-134.0,88.0,178.0,-336.0,172.0,424.0,-7.0,307.48,256.95,29.65,289.63,62.06,-150.09,72.07,168.19,-328.52,215.27,415.5,-7.42
2025-08-11T16:54:07.142400,245.0,253.0,104.0,310.0,96.0,-62.0,69.0,127.0,-356.0,59.0,436.0,6.0,249.48,232.95,107.65,295.63,88.06,-78.09,53.07,117.19,-348.52,102.27000000000001,427.5,5.58
2025-08-11T16:54:07.146793,243.0,306.0,68.0,319.0,98.0,-40.0,96.0,123.0,-335.0,77.0,468.0,-19.0,247.48,285.95,71.65,304.63,90.06,-56.09,80.07,113.19,-327.52,120.27000000000001,459.5,-19.42
2025-08-11T16:54:07.154726,222.0,241.0,45.0,383.0,41.0,-45.0,117.0,103.0,-285.0,52.0,441.0,-94.0,226.48,220.95,48.65,368.63,33.06,-61.09,101.07,93.19,-277.52,95.27000000000001,432.5,-94.42
2025-08-11T16:54:07.162644,311.0,224.0,2.0,321.0,112.0,-67.0,60.0,91.0,-311.0,133.0,439.0,-19.0,315.48,203.95,5.65,306.63,104.06,-83.09,44.07,81.19,-303.52,176.27,430.5,-19.42
2025-08-11T16:54:07.167132,210.0,201.0,93.0,430.0,110.0,-26.0,49.0,138.0,-314.0,159.0,450.0,-75.0,214.48,180.95,96.65,415.63,102.06,-42.09,33.07,128.19,-306.52,202.27,441.5,-75.42
2025-08-11T16:54:07.175071,208.0,277.0,83.0,414.0,86.0,-62.0,25.0,178.0,-335.0,108.0,343.0,16.0,212.48,256.95,86.65,399.63,78.06,-78.09,9.07,168.19,-327.52,151.27,334.5,15.58
2025-08-11T16:54:07.179459,219.0,278.0,31.0,319.0,2.0,-3.0,142.0,125.0,-303.0,95.0,405.0,-74.0,223.48,257.95,34.65,304.63,-5.94,-19.09,126.07,115.19,-295.52,138.27,396.5,-74.42
2025-08-11T16:54:07.187550,303.0,219.0,78.0,279.0,69.0,-92.0,66.0,49.0,-271.0,125.0,461.0,-17.0,307.48,198.95,81.65,264.63,61.06,-108.09,50.07,39.19,-263.52,168.27,452.5,-17.42
2025-08-11T16:54:07.191666,195.0,315.0,134.0,356.0,117.0,-85.0,95.0,141.0,-314.0,46.0,421.0,4.0,199.48,294.95,137.65,341.63,109.06,-101.09,79.07,131.19,-306.52,89.27000000000001,412.5,3.58
2025-08-11T16:54:07.199723,234.0,225.0,31.0,350.0,126.0,-36.0,41.0,156.0,-349.0,164.0,516.0,-59.0,238.48,204.95,34.65,335.63,118.06,-52.09,25.07,146.19,-341.52,207.27,507.5,-59.42
2025-08-11T16:54:07.207785,198.0,254.0,82.0,386.0,170.0,-1.0,62.0,148.0,-297.0,147.0,414.0,-65.0,202.48,233.95,85.65,371.63,162.06,-17.09,46.07,138.19,-289.52,190.27,405.5,-65.42
2025-08-11T16:54:07.212256,207.0,323.0,54.0,360.0,104.0,-49.0,156.0,74.0,-303.0,160.0,334.0,38.0,211.48,302.95,57.65,345.63,96.06,-65.09,140.07,64.19,-295.52,203.27,325.5,37.58
2025-08-11T16:54:07.220203,271.0,275.0,-52.0,387.0,1.0,-65.0,44.0,182.0,-291.0,102.0,344.0,15.0,275.48,254.95,-48.35,372.63,-6.94,-81.09,28.07,172.19,-283.52,145.27,335.5,14.58
2025-08-11T16:54:07.224514,257.0,184.0,31.0,262.0,107.0,-90.0,32.0,206.0,-355.0,113.0,462.0,-19.0,261.48,163.95,34.65,247.63,99.06,-106.09,16.07,196.19,-347.52,156.27,453.5,-19.42
2025-08-11T16:54:07.232585,222.0,305.0,98.0,349.0,69.0,-47.0,119.0,104.0,-345.0,93.0,451.0,-82.0,226.48,284.95,101.65,334.63,61.06,-63.09,103.07,94.19,-337.52,136.27,442.5,-82.42
2025-08-11T16:54:07.236714,259.0,296.0,2.0,351.0,109.0,-73.0,43.0,181.0,-343.0,171.0,413.0,-71.0,263.48,275.95,5.65,336.63,101.06,-89.09,27.07,171.19,-335.52,214.27,404.5,-71.42
2025-08-11T16:54:07.244939,258.0,241.0,93.0,391.0,104.0,-51.0,72.0,160.0,-291.0,140.0,405.0,-68.0,262.48,220.95,96.65,376.63,96.06,-67.09,56.07,150.19,-283.52,183.27,396.5,-68.42
2025-08-11T16:54:07.253024,196.0,326.0,89.0,362.0,148.0,-72.0,112.0,164.0,-400.0,151.0,341.0,-5.0,200.48,305.95,92.65,347.63,140.06,-88.09,96.07,154.19,-392.52,194.27,332.5,-5.42
2025-08-11T16:54:07.257192,244.0,296.0,-14.0,376.0,67.0,-24.0,69.0,156.0,-350.0,116.0,365.0,56.0,248.48,275.95,-10.35,361.63,59.06,-40.09,53.07,146.19,-342.52,159.27,356.5,55.58
2025-08-11T16:54:07.265249,284.0,222.0,90.0,291.0,100.0,-108.0,124.0,64.0,-305.0,34.0,485.0,-18.0,288.48,201.95,93.65,276.63,92.06,-124.09,108.07,54.19,-297.52,77.27000000000001,476.5,-18.42
2025-08-11T16:54:07.269615,236.0,321.0,108.0,396.0,29.0,-110.0,16.0,165.0,-334.0,59.0,437.0,-56.0,240.48,300.95,111.65,381.63,21.06,-126.09,0.07000000000000028,155.19,-326.52,102.27000000000001,428.5,-56.42
2025-08-11T16:54:07.277624,265.0,278.0,28.0,377.0,74.0,-79.0,44.0,172.0,-323.0,190.0,414.0,-35.0,269.48,257.95,31.65,362.63,66.06,-95.09,28.07,162.19,-315.52,233.27,405.5,-35.42
2025-08-11T16:54:07.281882,222.0,204.0,88.0,325.0,145.0,-83.0,141.0,150.0,-285.0,168.0,389.0,-50.0,226.48,183.95,91.65,310.63,137.06,-99.09,125.07,140.19,-277.52,211.27,380.5,-50.42
2025-08-11T16:54:07.289979,245.0,280.0,92.0,373.0,47.0,-52.0,69.0,111.0,-249.0,110.0,367.0,-52.0,249.48,259.95,95.65,358.63,39.06,-68.09,53.07,101.19,-241.52,153.27,358.5,-52.42
2025-08-11T16:54:07.298052,268.0,204.0,-24.0,384.0,144.0,-51.0,46.0,148.0,-349.0,82.0,335.0,22.0,272.48,183.95,-20.35,369.63,136.06,-67.09,30.07,138.19,-341.52,125.27000000000001,326.5,21.58
2025-08-11T16:54:07.302252,246.0,183.0,72.0,320.0,123.0,-52.0,71.0,131.0,-381.0,163.0,475.0,33.0,250.48,162.95,75.65,305.63,115.06,-68.09,55.07,121.19,-373.52,206.27,466.5,32.58
2025-08-11T16:54:07.310443,163.0,237.0,75.0,386.0,120.0,-49.0,111.0,143.0,-308.0,89.0,497.0,-36.0,167.48,216.95,78.65,371.63,112.06,-65.09,95.07,133.19,-300.52,132.27,488.5,-36.42
2025-08-11T16:54:07.314661,250.0,232.0,17.0,384.0,81.0,-87.0,-14.0,160.0,-345.0,148.0,434.0,-47.0,254.48,211.95,20.65,369.63,73.06,-103.09,-29.93,150.19,-337.52,191.27,425.5,-47.42
2025-08-11T16:54:07.322638,275.0,150.0,105.0,303.0,141.0,-9.0,51.0,147.0,-336.0,174.0,345.0,-56.0,279.48,129.95,108.65,288.63,133.06,-25.09,35.07,137.19,-328.52,217.27,336.5,-56.42
2025-08-11T16:54:07.326722,239.0,290.0,51.0,308.0,21.0,-47.0,72.0,95.0,-296.0,198.0,356.0,25.0,243.48,269.95,54.65,293.63,13.059999999999999,-63.09,56.07,85.19,-288.52,241.27,347.5,24.58
2025-08-11T16:54:07.334963,173.0,321.0,48.0,371.0,100.0,-14.0,36.0,119.0,-345.0,69.0,430.0,-8.0,177.48,300.95,51.65,356.63,92.06,-30.09,20.07,109.19,-337.52,112.27000000000001,421.5,-8.42
2025-08-11T16:54:07.343140,203.0,240.0,90.0,348.0,92.0,-80.0,2.0,146.0,-283.0,50.0,411.0,77.0,207.48,219.95,93.65,333.63,84.06,-96.09,-13.93,136.19,-275.52,93.27000000000001,402.5,76.58
2025-08-11T16:54:07.347474,274.0,229.0,60.0,314.0,101.0,-115.0,40.0,108.0,-316.0,111.0,450.0,-65.0,278.48,208.95,63.65,299.63,93.06,-131.09,24.07,98.19,-308.52,154.27,441.5,-65.42
2025-08-11T16:54:07.355472,276.0,275.0,125.0,286.0,83.0,-37.0,22.0,140.0,-306.0,180.0,446.0,-54.0,280.48,254.95,128.65,271.63,75.06,-53.09,6.07,130.19,-298.52,223.27,437.5,-54.42
2025-08-11T16:54:07.359662,238.0,189.0,76.0,326.0,105.0,-116.0,64.0,98.0,-258.0,164.0,445.0,3.0,242.48,168.95,79.65,311.63,97.06,-132.09,48.07,88.19,-250.52,207.27,436.5,2.58
2025-08-11T16:54:07.367612,324.0,182.0,143.0,364.0,62.0,-73.0,38.0,201.0,-305.0,102.0,410.0,-19.0,328.48,161.95,146.65,349.63,54.06,-89.09,22.07,191.19,-297.52,145.27,401.5,-19.42
2025-08-11T16:54:07.371761,202.0,238.0,114.0,356.0,59.0,-27.0,43.0,180.0,-333.0,9.0,385.0,57.0,206.48,217.95,117.65,341.63,51.06,-43.09,27.07,170.19,-325.52,52.27,376.5,56.58
2025-08-11T16:54:07.380170,219.0,287.0,70.0,405.0,73.0,-56.0,72.0,161.0,-375.0,81.0,418.0,7.0,223.48,266.95,73.65,390.63,65.06,-72.09,56.07,151.19,-367.52,124.27000000000001,409.5,6.58
2025-08-11T16:54:07.387950,208.0,276.0,64.0,380.0,-15.0,-92.0,113.0,162.0,-396.0,69.0,431.0,-36.0,212.48,255.95,67.65,365.63,-22.94,-108.09,97.07,152.19,-388.52,112.27000000000001,422.5,-36.42
2025-08-11T16:54:07.392484,242.0,177.0,101.0,343.0,56.0,-17.0,33.0,172.0,-291.0,139.0,448.0,-43.0,246.48,156.95,104.65,328.63,48.06,-33.09,17.07,162.19,-283.52,182.27,439.5,-43.42
2025-08-11T16:54:07.400503,151.0,248.0,52.0,373.0,122.0,-134.0,117.0,147.0,-317.0,148.0,394.0,-30.0,155.48,227.95,55.65,358.63,114.06,-150.09,101.07,137.19,-309.52,191.27,385.5,-30.42
2025-08-11T16:54:07.404568,291.0,229.0,110.0,385.0,46.0,-36.0,121.0,203.0,-315.0,139.0,403.0,-2.0,295.48,208.95,113.65,370.63,38.06,-52.09,105.07,193.19,-307.52,182.27,394.5,-2.42
2025-08-11T16:54:07.412750,244.0,217.0,108.0,361.0,86.0,-38.0,69.0,109.0,-295.0,79.0,346.0,17.0,248.48,196.95,111.65,346.63,78.06,-54.09,53.07,99.19,-287.52,122.27000000000001,337.5,16.58
2025-08-11T16:54:07.416843,243.0,306.0,45.0,372.0,94.0,-116.0,89.0,88.0,-317.0,9.0,447.0,23.0,247.48,285.95,48.65,357.63,86.06,-132.09,73.07,78.19,-309.52,52.27,438.5,22.58
2025-08-11T16:54:07.425079,291.0,207.0,76.0,393.0,66.0,-69.0,60.0,220.0,-337.0,78.0,444.0,-89.0,295.48,186.95,79.65,378.63,58.06,-85.09,44.07,210.19,-329.52,121.27000000000001,435.5,-89.42
2025-08-11T16:54:07.433150,260.0,273.0,100.0,285.0,141.0,-84.0,166.0,139.0,-330.0,162.0,438.0,-9.0,264.48,252.95,103.65,270.63,133.06,-100.09,150.07,129.19,-322.52,205.27,429.5,-9.42
2025-08-11T16:54:07.437602,338.0,232.0,61.0,399.0,183.0,-89.0,32.0,123.0,-298.0,127.0,377.0,-53.0,342.48,211.95,64.65,384.63,175.06,-105.09,16.07,113.19,-290.52,170.27,368.5,-53.42
2025-08-11T16:54:07.445583,274.0,207.0,46.0,401.0,109.0,-76.0,79.0,163.0,-319.0,232.0,387.0,-9.0,278.48,186.95,49.65,386.63,101.06,-92.09,63.07,153.19,-311.52,275.27,378.5,-9.42
2025-08-11T16:54:07.449827,161.0,288.0,125.0,301.0,108.0,-131.0,115.0,123.0,-334.0,82.0,369.0,-17.0,165.48,267.95,128.65,286.63,100.06,-147.09,99.07,113.19,-326.52,125.27000000000001,360.5,-17.42
2025-08-11T16:54:07.457886,267.0,251.0,47.0,318.0,137.0,-75.0,114.0,85.0,-310.0,43.0,448.0,-4.0,271.48,230.95,50.65,303.63,129.06,-91.09,98.07,75.19,-302.52,86.27000000000001,439.5,-4.42
2025-08-11T16:54:07.466018,284.0,167.0,63.0,389.0,122.0,-96.0,98.0,136.0,-321.0,136.0,459.0,-53.0,288.48,146.95,66.65,374.63,114.06,-112.09,82.07,126.19,-313.52,179.27,450.5,-53.42
2025-08-11T16:54:07.470307,189.0,286.0,125.0,324.0,98.0,-66.0,73.0,239.0,-318.0,100.0,458.0,-72.0,193.48,265.95,128.65,309.63,90.06,-82.09,57.07,229.19,-310.52,143.27,449.5,-72.42
2025-08-11T16:54:07.478222,262.0,210.0,24.0,378.0,115.0,-39.0,50.0,167.0,-348.0,135.0,354.0,19.0,266.48,189.95,27.65,363.63,107.06,-55.09,34.07,157.19,-340.52,178.27,345.5,18.58
2025-08-11T16:54:07.482474,245.0,218.0,60.0,379.0,93.0,10.0,96.0,58.0,-314.0,41.0,365.0,32.0,249.48,197.95,63.65,364.63,85.06,-6.09,80.07,48.19,-306.52,84.27000000000001,356.5,31.58
2025-08-11T16:54:07.490535,182.0,242.0,40.0,301.0,103.0,-70.0,150.0,168.0,-294.0,63.0,467.0,30.0,186.48,221.95,43.65,286.63,95.06,-86.09,134.07,158.19,-286.52,106.27000000000001,458.5,29.58
2025-08-11T16:54:07.494834,248.0,254.0,14.0,367.0,131.0,-75.0,105.0,131.0,-332.0,73.0,530.0,-49.0,252.48,233.95,17.65,352.63,123.06,-91.09,89.07,121.19,-324.52,116.27000000000001,521.5,-49.42
2025-08-11T16:54:07.502971,250.0,177.0,73.0,317.0,69.0,-83.0,69.0,175.0,-340.0,151.0,474.0,-40.0,254.48,156.95,76.65,302.63,61.06,-99.09,53.07,165.19,-332.52,194.27,465.5,-40.42
2025-08-11T16:54:07.510915,181.0,240.0,97.0,331.0,146.0,-9.0,102.0,164.0,-383.0,159.0,376.0,-75.0,185.48,219.95,100.65,316.63,138.06,-25.09,86.07,154.19,-375.52,202.27,367.5,-75.42
2025-08-11T16:54:07.515848,230.0,258.0,49.0,337.0,135.0,-68.0,115.0,131.0,-345.0,158.0,378.0,-17.0,234.48,237.95,52.65,322.63,127.06,-84.09,99.07,121.19,-337.52,201.27,369.5,-17.42
2025-08-11T16:54:07.523458,266.0,238.0,70.0,343.0,115.0,-108.0,106.0,205.0,-315.0,81.0,412.0,-39.0,270.48,217.95,73.65,328.63,107.06,-124.09,90.07,195.19,-307.52,124.27000000000001,403.5,-39.42
2025-08-11T16:54:07.527656,180.0,285.0,70.0,328.0,158.0,-74.0,120.0,109.0,-361.0,101.0,491.0,-1.0,184.48,264.95,73.65,313.63,150.06,-90.09,104.07,99.19,-353.52,144.27,482.5,-1.42
2025-08-11T16:54:07.535729,233.0,246.0,23.0,381.0,35.0,-69.0,85.0,114.0,-284.0,75.0,412.0,-41.0,237.48,225.95,26.65,366.63,27.06,-85.09,69.07,104.19,-276.52,118.27000000000001,403.5,-41.42
2025-08-11T16:54:07.543584,245.0,169.0,44.0,315.0,28.0,-57.0,103.0,153.0,-336.0,190.0,498.0,-14.0,249.48,148.95,47.65,300.63,20.06,-73.09,87.07,143.19,-328.52,233.27,489.5,-14.42
2025-08-11T16:54:07.548149,155.0,232.0,102.0,344.0,105.0,-23.0,79.0,91.0,-325.0,99.0,331.0,-60.0,159.48,211.95,105.65,329.63,97.06,-39.09,63.07,81.19,-317.52,142.27,322.5,-60.42
2025-08-11T16:54:07.556022,252.0,175.0,18.0,351.0,23.0,-85.0,129.0,133.0,-322.0,157.0,329.0,-8.0,256.48,154.95,21.65,336.63,15.059999999999999,-101.09,113.07,123.19,-314.52,200.27,320.5,-8.42
2025-08-11T16:54:07.560287,293.0,190.0,61.0,311.0,24.0,-50.0,75.0,203.0,-294.0,124.0,317.0,-28.0,297.48,169.95,64.65,296.63,16.06,-66.09,59.07,193.19,-286.52,167.27,308.5,-28.42
2025-08-11T16:54:07.568397,218.0,260.0,21.0,302.0,146.0,-95.0,95.0,191.0,-264.0,55.0,420.0,-53.0,222.48,239.95,24.65,287.63,138.06,-111.09,79.07,181.19,-256.52,98.27000000000001,411.5,-53.42
2025-08-11T16:54:07.572723,257.0,224.0,-22.0,267.0,63.0,-75.0,48.0,86.0,-340.0,66.0,385.0,-64.0,261.48,203.95,-18.35,252.63,55.06,-91.09,32.07,76.19,-332.52,109.27000000000001,376.5,-64.42
2025-08-11T16:54:07.580883,180.0,116.0,88.0,262.0,22.0,-26.0,124.0,113.0,-236.0,114.0,353.0,-91.0,184.48,95.95,91.65,247.63,14.059999999999999,-42.09,108.07,103.19,-228.52,157.27,344.5,-91.42
2025-08-11T16:54:07.588911,144.0,259.0,3.0,239.0,71.0,-53.0,-19.0,144.0,-153.0,41.0,336.0,-46.0,148.48,238.95,6.65,224.63,63.06,-69.09,-34.93,134.19,-145.52,84.27000000000001,327.5,-46.42
2025-08-11T16:54:07.592954,37.0,272.0,-40.0,201.0,51.0,-61.0,80.0,90.0,-247.0,118.0,292.0,61.0,41.480000000000004,251.95,-36.35,186.63,43.06,-77.09,64.07,80.19,-239.52,161.27,283.5,60.58
2025-08-11T16:54:07.601044,164.0,140.0,-48.0,232.0,72.0,-52.0,71.0,75.0,-208.0,58.0,246.0,68.0,168.48,119.95,-44.35,217.63,64.06,-68.09,55.07,65.19,-200.52,101.27000000000001,237.5,67.58
2025-08-11T16:54:07.605221,181.0,115.0,-4.0,151.0,112.0,-92.0,39.0,24.0,-132.0,18.0,218.0,13.0,185.48,94.95,-0.3500000000000001,136.63,104.06,-108.09,23.07,14.19,-124.52,61.27,209.5,12.58
2025-08-11T16:54:07.613514,96.0,192.0,41.0,175.0,117.0,-77.0,112.0,62.0,-128.0,-14.0,293.0,-12.0,100.48,171.95,44.65,160.63,109.06,-93.09,96.07,52.19,-120.52,29.270000000000003,284.5,-12.42
2025-08-11T16:54:07.617655,80.0,165.0,-81.0,225.0,52.0,-80.0,-13.0,36.0,-127.0,118.0,149.0,-75.0,84.48,144.95,-77.35,210.63,44.06,-96.09,-28.93,26.189999999999998,-119.52,161.27,140.5,-75.42
2025-08-11T16:54:07.625924,195.0,76.0,-68.0,74.0,28.0,13.0,14.0,160.0,-128.0,58.0,78.0,-50.0,199.48,55.95,-64.35,59.63,20.06,-3.09,-1.9299999999999997,150.19,-120.52,101.27000000000001,69.5,-50.42
2025-08-11T16:54:07.629894,121.0,60.0,82.0,116.0,71.0,-65.0,2.0,184.0,-74.0,67.0,146.0,-34.0,125.48,39.95,85.65,101.63,63.06,-81.09,-13.93,174.19,-66.52,110.27000000000001,137.5,-34.42
2025-08-11T16:54:07.637998,-15.0,-11.0,-37.0,86.0,35.0,-16.0,83.0,55.0,-101.0,27.0,60.0,-2.0,-10.52,-31.05,-33.35,71.63,27.06,-32.09,67.07,45.19,-93.52,70.27000000000001,51.5,-2.42
2025-08-11T16:54:07.642322,41.0,120.0,23.0,56.0,51.0,-20.0,-15.0,46.0,-119.0,-5.0,26.0,-18.0,45.480000000000004,99.95,26.65,41.63,43.06,-36.09,-30.93,36.19,-111.52,38.27,17.5,-18.42
2025-08-11T16:54:07.650105,49.0,153.0,-78.0,54.0,11.0,-31.0,12.0,18.0,-73.0,84.0,72.0,23.0,53.480000000000004,132.95,-74.35,39.63,3.0599999999999996,-47.09,-3.9299999999999997,8.19,-65.52,127.27000000000001,63.5,22.58
2025-08-11T16:54:07.654480,65.0,89.0,-67.0,26.0,40.0,37.0,8.0,61.0,-47.0,2.0,79.0,-28.0,69.48,68.95,-63.35,11.63,32.06,20.91,-7.93,51.19,-39.519999999999996,45.27,70.5,-28.42
2025-08-11T16:54:07.662656,8.0,64.0,-53.0,78.0,13.0,-26.0,19.0,-27.0,-10.0,49.0,135.0,-49.0,12.48,43.95,-49.35,63.63,5.06,-42.09,3.0700000000000003,-36.81,-2.5199999999999996,92.27000000000001,126.5,-49.42
2025-08-11T16:54:07.666808,38.0,33.0,-50.0,39.0,-2.0,-35.0,9.0,-6.0,-51.0,65.0,81.0,-56.0,42.480000000000004,12.95,-46.35,24.630000000000003,-9.940000000000001,-51.09,-6.93,-15.81,-43.519999999999996,108.27000000000001,72.5,-56.42
2025-08-11T16:54:07.674949,89.0,-17.0,-49.0,28.0,64.0,17.0,-36.0,10.0,-30.0,22.0,85.0,-32.0,93.48,-37.05,-45.35,13.63,56.06,0.9100000000000001,-51.93,0.1899999999999995,-22.52,65.27000000000001,76.5,-32.42
2025-08-11T16:54:07.679070,67.0,-18.0,27.0,47.0,65.0,-31.0,25.0,34.0,-36.0,32.0,46.0,-40.0,71.48,-38.05,30.65,32.63,57.06,-47.09,9.07,24.189999999999998,-28.52,75.27000000000001,37.5,-40.42
2025-08-11T16:54:07.687241,-20.0,0.0,55.0,66.0,54.0,-40.0,14.0,-51.0,-94.0,39.0,71.0,-48.0,-15.52,-20.05,58.65,51.63,46.06,-56.09,-1.9299999999999997,-60.81,-86.52,82.27000000000001,62.5,-48.42
2025-08-11T16:54:07.691495,-7.0,95.0,7.0,65.0,-4.0,28.0,54.0,-57.0,-19.0,-22.0,59.0,-45.0,-2.5199999999999996,74.95,10.65,50.63,-11.940000000000001,11.91,38.07,-66.81,-11.52,21.270000000000003,50.5,-45.42
2025-08-11T16:54:07.699486,-13.0,59.0,-30.0,67.0,-30.0,-44.0,25.0,44.0,-50.0,-39.0,91.0,-41.0,-8.52,38.95,-26.35,52.63,-37.94,-60.09,9.07,34.19,-42.519999999999996,4.270000000000003,82.5,-41.42
2025-08-11T16:54:07.703724,55.0,3.0,-30.0,44.0,-1.0,94.0,5.0,72.0,-63.0,19.0,44.0,-76.0,59.480000000000004,-17.05,-26.35,29.630000000000003,-8.940000000000001,77.91,-10.93,62.19,-55.519999999999996,62.27,35.5,-76.42
2025-08-11T16:54:07.711707,22.0,78.0,-117.0,-14.0,19.0,25.0,-33.0,17.0,-20.0,-48.0,19.0,-21.0,26.48,57.95,-113.35,-28.369999999999997,11.059999999999999,8.91,-48.93,7.1899999999999995,-12.52,-4.729999999999997,10.5,-21.42
2025-08-11T16:54:07.715975,164.0,25.0,-46.0,20.0,9.0,19.0,26.0,67.0,-103.0,-65.0,8.0,-15.0,168.48,4.949999999999999,-42.35,5.630000000000001,1.0599999999999996,2.91,10.07,57.19,-95.52,-21.729999999999997,-0.5,-15.42
2025-08-11T16:54:07.723849,10.0,-16.0,-4.0,45.0,-59.0,-50.0,-42.0,-57.0,5.0,-80.0,25.0,-55.0,14.48,-36.05,-0.3500000000000001,30.630000000000003,-66.94,-66.09,-57.93,-66.81,12.48,-36.73,16.5,-55.42
2025-08-11T16:54:07.728316,-22.0,19.0,0.0,68.0,45.0,-11.0,76.0,54.0,-28.0,-9.0,4.0,-57.0,-17.52,-1.0500000000000007,3.65,53.63,37.06,-27.09,60.07,44.19,-20.52,34.27,-4.5,-57.42
2025-08-11T16:54:07.736385,-16.0,48.0,23.0,117.0,20.0,12.0,25.0,10.0,-64.0,-81.0,49.0,-12.0,-11.52,27.95,26.65,102.63,12.059999999999999,-4.09,9.07,0.1899999999999995,-56.519999999999996,-37.73,40.5,-12.42
2025-08-11T16:54:07.740526,10.0,70.0,-18.0,133.0,52.0,45.0,-29.0,105.0,11.0,-99.0,55.0,-101.0,14.48,49.95,-14.35,118.63,44.06,28.91,-44.93,95.19,18.48,-55.73,46.5,-101.42
2025-08-11T16:54:07.748544,-10.0,79.0,-91.0,14.0,30.0,59.0,-39.0,-10.0,-42.0,22.0,94.0,34.0,-5.52,58.95,-87.35,-0.3699999999999992,22.06,42.91,-54.93,-19.810000000000002,-34.519999999999996,65.27000000000001,85.5,33.58
2025-08-11T16:54:07.752793,126.0,99.0,-28.0,35.0,94.0,-17.0,-33.0,-13.0,-4.0,-68.0,71.0,-26.0,130.48,78.95,-24.35,20.630000000000003,86.06,-33.09,-48.93,-22.810000000000002,3.4800000000000004,-24.729999999999997,62.5,-26.42
2025-08-11T16:54:07.761115,66.0,-1.0,-89.0,73.0,17.0,1.0,-81.0,63.0,-29.0,-13.0,130.0,23.0,70.48,-21.05,-85.35,58.63,9.059999999999999,-15.09,-96.93,53.19,-21.52,30.270000000000003,121.5,22.58
2025-08-11T16:54:07.765211,15.0,59.0,-65.0,104.0,13.0,35.0,-39.0,14.0,-4.0,-69.0,25.0,-66.0,19.48,38.95,-61.35,89.63,5.06,18.91,-54.93,4.1899999999999995,3.4800000000000004,-25.729999999999997,16.5,-66.42
2025-08-11T16:54:07.773167,36.0,-23.0,-48.0,101.0,-35.0,50.0,-11.0,-35.0,-22.0,-68.0,47.0,-66.0,40.480000000000004,-43.05,-44.35,86.63,-42.94,33.91,-26.93,-44.81,-14.52,-24.729999999999997,38.5,-66.42
2025-08-11T16:54:07.777514,-26.0,74.0,30.0,36.0,22.0,40.0,7.0,50.0,-58.0,-26.0,78.0,-101.0,-21.52,53.95,33.65,21.630000000000003,14.059999999999999,23.91,-8.93,40.19,-50.519999999999996,17.270000000000003,69.5,-101.42
2025-08-11T16:54:07.785382,-14.0,48.0,-13.0,-5.0,10.0,46.0,-22.0,43.0,-26.0,-43.0,44.0,-47.0,-9.52,27.95,-9.35,-19.369999999999997,2.0599999999999996,29.91,-37.93,33.19,-18.52,0.2700000000000031,35.5,-47.42
2025-08-11T16:54:07.789602,62.0,42.0,-94.0,2.0,59.0,-64.0,79.0,32.0,-56.0,-52.0,81.0,-71.0,66.48,21.95,-90.35,-12.37,51.06,-80.09,63.07,22.189999999999998,-48.519999999999996,-8.729999999999997,72.5,-71.42
2025-08-11T16:54:07.797668,58.0,5.0,-32.0,72.0,21.0,-37.0,93.0,67.0,-56.0,-93.0,75.0,-13.0,62.480000000000004,-15.05,-28.35,57.63,13.059999999999999,-53.09,77.07,57.19,-48.519999999999996,-49.73,66.5,-13.42
2025-08-11T16:54:07.801964,-14.0,-5.0,-20.0,105.0,65.0,-32.0,-31.0,69.0,-71.0,-2.0,56.0,-53.0,-9.52,-25.05,-16.35,90.63,57.06,-48.09,-46.93,59.19,-63.519999999999996,41.27,47.5,-53.42
2025-08-11T16:54:07.809929,-25.0,18.0,-8.0,39.0,52.0,7.0,-6.0,44.0,35.0,4.0,-11.0,-87.0,-20.52,-2.0500000000000007,-4.35,24.630000000000003,44.06,-9.09,-21.93,34.19,42.480000000000004,47.27,-19.5,-87.42
2025-08-11T16:54:07.814194,13.0,-22.0,-52.0,24.0,61.0,-25.0,53.0,35.0,-21.0,-28.0,78.0,9.0,17.48,-42.05,-48.35,9.63,53.06,-41.09,37.07,25.189999999999998,-13.52,15.270000000000003,69.5,8.58
2025-08-11T16:54:07.822326,-63.0,73.0,-21.0,11.0,-38.0,-54.0,-73.0,43.0,-2.0,-7.0,33.0,16.0,-58.519999999999996,52.95,-17.35,-3.369999999999999,-45.94,-70.09,-88.93,33.19,5.48,36.27,24.5,15.58
2025-08-11T16:54:07.826618,-23.0,95.0,-45.0,-21.0,53.0,-14.0,27.0,20.0,-12.0,-35.0,41.0,-23.0,-18.52,74.95,-41.35,-35.37,45.06,-30.09,11.07,10.19,-4.52,8.270000000000003,32.5,-23.42
2025-08-11T16:54:07.834650,71.0,65.0,-25.0,30.0,40.0,-66.0,-52.0,-16.0,-56.0,15.0,73.0,54.0,75.48,44.95,-21.35,15.63,32.06,-82.09,-67.93,-25.810000000000002,-48.519999999999996,58.27,64.5,53.58
2025-08-11T16:54:07.838822,10.0,-65.0,-43.0,-2.0,20.0,-56.0,79.0,6.0,-15.0,-43.0,99.0,30.0,14.48,-85.05,-39.35,-16.369999999999997,12.059999999999999,-72.09,63.07,-3.8100000000000005,-7.52,0.2700000000000031,90.5,29.58
2025-08-11T16:54:07.846821,22.0,-11.0,38.0,-36.0,15.0,-76.0,19.0,-10.0,5.0,-112.0,93.0,86.0,26.48,-31.05,41.65,-50.37,7.06,-92.09,3.0700000000000003,-19.810000000000002,12.48,-68.72999999999999,84.5,85.58
2025-08-11T16:54:07.851209,27.0,-13.0,-7.0,48.0,-5.0,-65.0,9.0,-27.0,-36.0,-45.0,86.0,-10.0,31.48,-33.05,-3.35,33.63,-12.940000000000001,-81.09,-6.93,-36.81,-28.52,-1.7299999999999969,77.5,-10.42
2025-08-11T16:54:07.855374,-48.0,41.0,15.0,8.0,-6.0,12.0,19.0,31.0,-4.0,-83.0,32.0,14.0,-43.519999999999996,20.95,18.65,-6.369999999999999,-13.940000000000001,-4.09,3.0700000000000003,21.189999999999998,3.4800000000000004,-39.73,23.5,13.58
2025-08-11T16:54:07.863286,-19.0,9.0,-9.0,7.0,-7.0,-9.0,21.0,53.0,-46.0,-15.0,-4.0,19.0,-14.52,-11.05,-5.35,-7.369999999999999,-14.940000000000001,-25.09,5.07,43.19,-38.519999999999996,28.270000000000003,-12.5,18.58
2025-08-11T16:54:07.871245,20.0,-37.0,-2.0,59.0,103.0,-28.0,-18.0,-20.0,-40.0,-3.0,-6.0,17.0,24.48,-57.05,1.65,44.63,95.06,-44.09,-33.93,-29.810000000000002,-32.519999999999996,40.27,-14.5,16.58
2025-08-11T16:54:07.875704,-13.0,139.0,-45.0,5.0,45.0,-2.0,14.0,7.0,-12.0,-24.0,-13.0,14.0,-8.52,118.95,-41.35,-9.37,37.06,-18.09,-1.9299999999999997,-2.8100000000000005,-4.52,19.270000000000003,-21.5,13.58
2025-08-11T16:54:07.879617,-39.0,117.0,-28.0,48.0,53.0,-70.0,56.0,-18.0,-29.0,24.0,-4.0,5.0,-34.519999999999996,96.95,-24.35,33.63,45.06,-86.09,40.07,-27.810000000000002,-21.52,67.27000000000001,-12.5,4.58
2025-08-11T16:54:07.887893,-54.0,103.0,-49.0,-2.0,38.0,-46.0,39.0,20.0,-1.0,-28.0,18.0,-42.0,-49.519999999999996,82.95,-45.35,-16.369999999999997,30.06,-62.09,23.07,10.19,6.48,15.270000000000003,9.5,-42.42
2025-08-11T16:54:07.891909,75.0,21.0,-37.0,46.0,56.0,-44.0,-50.0,18.0,-2.0,15.0,53.0,-58.0,79.48,0.9499999999999993,-33.35,31.630000000000003,48.06,-60.09,-65.93,8.19,5.48,58.27,44.5,-58.42
2025-08-11T16:54:07.900113,77.0,5.0,-51.0,37.0,-48.0,85.0,-5.0,-1.0,-7.0,0.0,54.0,9.0,81.48,-15.05,-47.35,22.630000000000003,-55.94,68.91,-20.93,-10.81,0.4800000000000004,43.27,45.5,8.58
2025-08-11T16:54:07.904201,47.0,31.0,19.0,76.0,-17.0,6.0,31.0,37.0,41.0,4.0,26.0,-79.0,51.480000000000004,10.95,22.65,61.63,-24.94,-10.09,15.07,27.189999999999998,48.480000000000004,47.27,17.5,-79.42
2025-08-11T16:54:07.912380,49.0,83.0,11.0,24.0,-13.0,30.0,-15.0,-6.0,3.0,51.0,14.0,-32.0,53.480000000000004,62.95,14.65,9.63,-20.94,13.91,-30.93,-15.81,10.48,94.27000000000001,5.5,-32.42
2025-08-11T16:54:07.916614,-18.0,-68.0,-3.0,35.0,46.0,0.0,-1.0,-17.0,-16.0,40.0,24.0,-67.0,-13.52,-88.05,0.6499999999999999,20.630000000000003,38.06,-16.09,-16.93,-26.810000000000002,-8.52,83.27000000000001,15.5,-67.42
2025-08-11T16:54:07.924657,3.0,53.0,26.0,64.0,47.0,35.0,13.0,-24.0,-28.0,-133.0,32.0,-41.0,7.48,32.95,29.65,49.63,39.06,18.91,-2.9299999999999997,-33.81,-20.52,-89.72999999999999,23.5,-41.42
2025-08-11T16:54:07.928959,-14.0,46.0,3.0,-3.0,-1.0,20.0,-42.0,35.0,-18.0,-41.0,90.0,-30.0,-9.52,25.95,6.65,-17.369999999999997,-8.940000000000001,3.91,-57.93,25.189999999999998,-10.52,2.270000000000003,81.5,-30.42
2025-08-11T16:54:07.936951,-15.0,123.0,-19.0,67.0,54.0,-40.0,35.0,29.0,-28.0,-72.0,43.0,-14.0,-10.52,102.95,-15.35,52.63,46.06,-56.09,19.07,19.189999999999998,-20.52,-28.729999999999997,34.5,-14.42
2025-08-11T16:54:07.941316,11.0,95.0,-63.0,23.0,4.0,-38.0,-4.0,21.0,-59.0,-24.0,122.0,-50.0,15.48,74.95,-59.35,8.63,-3.9400000000000004,-54.09,-19.93,11.19,-51.519999999999996,19.270000000000003,113.5,-50.42
2025-08-11T16:54:07.949255,5.0,31.0,-94.0,44.0,4.0,3.0,13.0,43.0,-30.0,-46.0,-2.0,9.0,9.48,10.95,-90.35,29.630000000000003,-3.9400000000000004,-13.09,-2.9299999999999997,33.19,-22.52,-2.729999999999997,-10.5,8.58
2025-08-11T16:54:07.953523,-3.0,69.0,-59.0,-14.0,-59.0,15.0,-70.0,46.0,-56.0,-45.0,53.0,-45.0,1.4800000000000004,48.95,-55.35,-28.369999999999997,-66.94,-1.0899999999999999,-85.93,36.19,-48.519999999999996,-1.7299999999999969,44.5,-45.42
2025-08-11T16:54:07.961607,46.0,53.0,-96.0,58.0,-25.0,-2.0,55.0,39.0,38.0,-101.0,12.0,-49.0,50.480000000000004,32.95,-92.35,43.63,-32.94,-18.09,39.07,29.189999999999998,45.480000000000004,-57.73,3.5,-49.42
2025-08-11T16:54:07.965734,20.0,16.0,-54.0,8.0,38.0,59.0,56.0,49.0,-9.0,-38.0,38.0,6.0,24.48,-4.050000000000001,-50.35,-6.369999999999999,30.06,42.91,40.07,39.19,-1.5199999999999996,5.270000000000003,29.5,5.58
2025-08-11T16:54:07.973823,38.0,9.0,-32.0,-10.0,80.0,-28.0,-14.0,61.0,23.0,-14.0,66.0,0.0,42.480000000000004,-11.05,-28.35,-24.369999999999997,72.06,-44.09,-29.93,51.19,30.48,29.270000000000003,57.5,-0.42
2025-08-11T16:54:07.978131,-7.0,5.0,-49.0,35.0,22.0,-56.0,-30.0,10.0,-24.0,-47.0,44.0,-22.0,-2.5199999999999996,-15.05,-45.35,20.630000000000003,14.059999999999999,-72.09,-45.93,0.1899999999999995,-16.52,-3.729999999999997,35.5,-22.42
2025-08-11T16:54:07.986149,-13.0,-5.0,-17.0,62.0,-18.0,-57.0,18.0,36.0,-45.0,-71.0,80.0,81.0,-8.52,-25.05,-13.35,47.63,-25.94,-73.09,2.0700000000000003,26.189999999999998,-37.519999999999996,-27.729999999999997,71.5,80.58
2025-08-11T16:54:07.990502,-26.0,46.0,-30.0,45.0,-20.0,53.0,59.0,31.0,25.0,-89.0,62.0,-33.0,-21.52,25.95,-26.35,30.630000000000003,-27.94,36.91,43.07,21.189999999999998,32.480000000000004,-45.73,53.5,-33.42
2025-08-11T16:54:07.998466,77.0,72.0,-25.0,-9.0,-28.0,-4.0,1.0,1.0,-58.0,-19.0,35.0,79.0,81.48,51.95,-21.35,-23.369999999999997,-35.94,-20.09,-14.93,-8.81,-50.519999999999996,24.270000000000003,26.5,78.58
2025-08-11T16:54:08.003167,42.0,69.0,-88.0,32.0,73.0,-11.0,-8.0,-26.0,-55.0,-71.0,-10.0,23.0,46.480000000000004,48.95,-84.35,17.630000000000003,65.06,-27.09,-23.93,-35.81,-47.519999999999996,-27.729999999999997,-18.5,22.58
2025-08-11T16:54:08.010574,26.0,31.0,-21.0,-20.0,32.0,-28.0,14.0,79.0,-10.0,-32.0,-2.0,28.0,30.48,10.95,-17.35,-34.37,24.06,-44.09,-1.9299999999999997,69.19,-2.5199999999999996,11.270000000000003,-10.5,27.58
2025-08-11T16:54:08.014959,77.0,-51.0,2.0,63.0,0.0,-14.0,-108.0,-5.0,-90.0,-29.0,42.0,10.0,81.48,-71.05,5.65,48.63,-7.94,-30.09,-123.93,-14.81,-82.52,14.270000000000003,33.5,9.58
2025-08-11T16:54:08.023006,34.0,4.0,13.0,83.0,44.0,7.0,-29.0,74.0,-25.0,-50.0,-25.0,-23.0,38.480000000000004,-16.05,16.65,68.63,36.06,-9.09,-44.93,64.19,-17.52,-6.729999999999997,-33.5,-23.42
2025-08-11T16:54:08.027317,57.0,31.0,-4.0,46.0,-43.0,-21.0,-40.0,22.0,-19.0,-43.0,25.0,-24.0,61.480000000000004,10.95,-0.3500000000000001,31.630000000000003,-50.94,-37.09,-55.93,12.19,-11.52,0.2700000000000031,16.5,-24.42
2025-08-11T16:54:08.035435,-69.0,90.0,-19.0,-4.0,19.0,-8.0,12.0,12.0,-87.0,-89.0,-52.0,-6.0,-64.52,69.95,-15.35,-18.369999999999997,11.059999999999999,-24.09,-3.9299999999999997,2.1899999999999995,-79.52,-45.73,-60.5,-6.42
2025-08-11T16:54:08.039588,-72.0,25.0,-10.0,22.0,-68.0,-79.0,-17.0,-24.0,-13.0,41.0,-59.0,-53.0,-67.52,4.949999999999999,-6.35,7.630000000000001,-75.94,-95.09,-32.93,-33.81,-5.52,84.27000000000001,-67.5,-53.42
2025-08-11T16:54:08.043641,3.0,84.0,-51.0,36.0,-6.0,52.0,-11.0,42.0,8.0,37.0,29.0,-17.0,7.48,63.95,-47.35,21.630000000000003,-13.940000000000001,35.91,-26.93,32.19,15.48,80.27000000000001,20.5,-17.42
2025-08-11T16:54:08.051674,-10.0,66.0,-25.0,44.0,49.0,27.0,-24.0,14.0,-53.0,30.0,-11.0,16.0,-5.52,45.95,-21.35,29.630000000000003,41.06,10.91,-39.93,4.1899999999999995,-45.519999999999996,73.27000000000001,-19.5,15.58
2025-08-11T16:54:08.055717,70.0,34.0,-53.0,-82.0,-6.0,-10.0,19.0,-25.0,-28.0,59.0,11.0,4.0,74.48,13.95,-49.35,-96.37,-13.940000000000001,-26.09,3.0700000000000003,-34.81,-20.52,102.27000000000001,2.5,3.58
2025-08-11T16:54:08.063976,28.0,21.0,-84.0,41.0,13.0,-32.0,57.0,3.0,-17.0,-25.0,-30.0,31.0,32.480000000000004,0.9499999999999993,-80.35,26.630000000000003,5.06,-48.09,41.07,-6.8100000000000005,-9.52,18.270000000000003,-38.5,30.58
2025-08-11T16:54:08.068047,-28.0,8.0,-2.0,55.0,-15.0,-89.0,55.0,-24.0,-6.0,46.0,33.0,-25.0,-23.52,-12.05,1.65,40.63,-22.94,-105.09,39.07,-33.81,1.4800000000000004,89.27000000000001,24.5,-25.42
2025-08-11T16:54:08.076223,2.0,-21.0,-20.0,18.0,21.0,10.0,-50.0,-13.0,-24.0,24.0,22.0,-15.0,6.48,-41.05,-16.35,3.630000000000001,13.059999999999999,-6.09,-65.93,-22.810000000000002,-16.52,67.27000000000001,13.5,-15.42
2025-08-11T16:54:08.080306,-33.0,20.0,-7.0,70.0,-26.0,13.0,16.0,-85.0,-118.0,5.0,25.0,25.0,-28.52,-0.05000000000000071,-3.35,55.63,-33.94,-3.09,0.07000000000000028,-94.81,-110.52,48.27,16.5,24.58
2025-08-11T16:54:08.088651,37.0,88.0,33.0,-15.0,-26.0,-34.0,-9.0,5.0,-41.0,-34.0,15.0,67.0,41.480000000000004,67.95,36.65,-29.369999999999997,-33.94,-50.09,-24.93,-4.8100000000000005,-33.519999999999996,9.270000000000003,6.5,66.58
2025-08-11T16:54:08.092586,41.0,41.0,-8.0,36.0,56.0,41.0,40.0,24.0,-59.0,46.0,-11.0,15.0,45.480000000000004,20.95,-4.35,21.630000000000003,48.06,24.91,24.07,14.19,-51.519999999999996,89.27000000000001,-19.5,14.58
2025-08-11T16:54:08.100892,-26.0,86.0,29.0,38.0,40.0,-29.0,37.0,5.0,-44.0,46.0,3.0,7.0,-21.52,65.95,32.65,23.630000000000003,32.06,-45.09,21.07,-4.8100000000000005,-36.519999999999996,89.27000000000001,-5.5,6.58
2025-08-11T16:54:08.105139,-10.0,90.0,-14.0,50.0,-17.0,-55.0,-2.0,-5.0,-48.0,21.0,26.0,48.0,-5.52,69.95,-10.35,35.63,-24.94,-71.09,-17.93,-14.81,-40.519999999999996,64.27000000000001,17.5,47.58
2025-08-11T16:54:08.113190,-32.0,142.0,-72.0,89.0,-53.0,-6.0,56.0,-16.0,-56.0,7.0,-11.0,-13.0,-27.52,121.95,-68.35,74.63,-60.94,-22.09,40.07,-25.810000000000002,-48.519999999999996,50.27,-19.5,-13.42
2025-08-11T16:54:08.117446,-7.0,21.0,-72.0,52.0,-26.0,2.0,58.0,-51.0,-21.0,-29.0,-31.0,10.0,-2.5199999999999996,0.9499999999999993,-68.35,37.63,-33.94,-14.09,42.07,-60.81,-13.52,14.270000000000003,-39.5,9.58
2025-08-11T16:54:08.125432,39.0,52.0,-67.0,17.0,-52.0,2.0,9.0,18.0,-43.0,26.0,15.0,19.0,43.480000000000004,31.95,-63.35,2.630000000000001,-59.94,-14.09,-6.93,8.19,-35.519999999999996,69.27000000000001,6.5,18.58
2025-08-11T16:54:08.129677,27.0,-22.0,-63.0,18.0,-9.0,-16.0,-51.0,-46.0,-59.0,19.0,54.0,27.0,31.48,-42.05,-59.35,3.630000000000001,-16.94,-32.09,-66.93,-55.81,-51.519999999999996,62.27,45.5,26.58
2025-08-11T16:54:08.137647,63.0,-7.0,4.0,-6.0,-35.0,79.0,4.0,-26.0,-3.0,-2.0,3.0,30.0,67.48,-27.05,7.65,-20.369999999999997,-42.94,62.91,-11.93,-35.81,4.48,41.27,-5.5,29.58
2025-08-11T16:54:08.141977,52.0,27.0,1.0,-23.0,23.0,10.0,-25.0,-41.0,-34.0,-3.0,15.0,-2.0,56.480000000000004,6.949999999999999,4.65,-37.37,15.059999999999999,-6.09,-40.93,-50.81,-26.52,40.27,6.5,-2.42
2025-08-11T16:54:08.150040,-4.0,-22.0,-16.0,-17.0,23.0,-15.0,23.0,46.0,-49.0,-16.0,0.0,-34.0,0.4800000000000004,-42.05,-12.35,-31.369999999999997,15.059999999999999,-31.09,7.07,36.19,-41.519999999999996,27.270000000000003,-8.5,-34.42
2025-08-11T16:54:08.154210,68.0,60.0,-1.0,81.0,17.0,-26.0,18.0,65.0,8.0,-15.0,5.0,0.0,72.48,39.95,2.65,66.63,9.059999999999999,-42.09,2.0700000000000003,55.19,15.48,28.270000000000003,-3.5,-0.42
2025-08-11T16:54:08.162315,24.0,88.0,-13.0,55.0,35.0,-47.0,32.0,-46.0,-7.0,32.0,72.0,-18.0,28.48,67.95,-9.35,40.63,27.06,-63.09,16.07,-55.81,0.4800000000000004,75.27000000000001,63.5,-18.42
2025-08-11T16:54:08.166487,6.0,82.0,-66.0,111.0,-46.0,12.0,56.0,-52.0,-53.0,-8.0,102.0,-57.0,10.48,61.95,-62.35,96.63,-53.94,-4.09,40.07,-61.81,-45.519999999999996,35.27,93.5,-57.42
2025-08-11T16:54:08.174475,-54.0,50.0,-37.0,83.0,-23.0,32.0,23.0,0.0,-22.0,23.0,26.0,-55.0,-49.519999999999996,29.95,-33.35,68.63,-30.94,15.91,7.07,-9.81,-14.52,66.27000000000001,17.5,-55.42
2025-08-11T16:54:08.178853,49.0,-38.0,-84.0,-64.0,-52.0,4.0,-31.0,-37.0,-22.0,-13.0,31.0,-62.0,53.480000000000004,-58.05,-80.35,-78.37,-59.94,-12.09,-46.93,-46.81,-14.52,30.270000000000003,22.5,-62.42
2025-08-11T16:54:08.182876,37.0,25.0,-23.0,-5.0,75.0,25.0,38.0,41.0,-44.0,46.0,61.0,2.0,41.480000000000004,4.949999999999999,-19.35,-19.369999999999997,67.06,8.91,22.07,31.189999999999998,-36.519999999999996,89.27000000000001,52.5,1.58
2025-08-11T16:54:08.191001,39.0,-31.0,14.0,-33.0,36.0,-31.0,1.0,41.0,42.0,-20.0,61.0,39.0,43.480000000000004,-51.05,17.65,-47.37,28.06,-47.09,-14.93,31.189999999999998,49.480000000000004,23.270000000000003,52.5,38.58
2025-08-11T16:54:08.198937,-8.0,61.0,19.0,118.0,63.0,-16.0,-30.0,52.0,12.0,51.0,74.0,-50.0,-3.5199999999999996,40.95,22.65,103.63,55.06,-32.09,-45.93,42.19,19.48,94.27000000000001,65.5,-50.42
2025-08-11T16:54:08.203418,23.0,130.0,-50.0,-45.0,-97.0,1.0,44.0,-33.0,-19.0,26.0,47.0,-7.0,27.48,109.95,-46.35,-59.37,-104.94,-15.09,28.07,-42.81,-11.52,69.27000000000001,38.5,-7.42
2025-08-11T16:54:08.211413,-19.0,78.0,-57.0,84.0,-15.0,27.0,55.0,-22.0,-42.0,15.0,51.0,-33.0,-14.52,57.95,-53.35,69.63,-22.94,10.91,39.07,-31.810000000000002,-34.519999999999996,58.27,42.5,-33.42
2025-08-11T16:54:08.215520,6.0,-7.0,-39.0,51.0,-50.0,54.0,39.0,53.0,29.0,5.0,56.0,-42.0,10.48,-27.05,-35.35,36.63,-57.94,37.91,23.07,43.19,36.480000000000004,48.27,47.5,-42.42
2025-08-11T16:54:08.219533,-5.0,14.0,-101.0,31.0,11.0,8.0,41.0,-11.0,-76.0,53.0,61.0,-39.0,-0.5199999999999996,-6.050000000000001,-97.35,16.630000000000003,3.0599999999999996,-8.09,25.07,-20.810000000000002,-68.52,96.27000000000001,52.5,-39.42
2025-08-11T16:54:08.227754,-31.0,9.0,-22.0,-17.0,41.0,-5.0,-25.0,51.0,27.0,7.0,74.0,-10.0,-26.52,-11.05,-18.35,-31.369999999999997,33.06,-21.09,-40.93,41.19,34.480000000000004,50.27,65.5,-10.42
2025-08-11T16:54:08.231810,33.0,-52.0,8.0,56.0,-22.0,-9.0,-39.0,28.0,-31.0,60.0,94.0,-71.0,37.480000000000004,-72.05,11.65,41.63,-29.94,-25.09,-54.93,18.189999999999998,-23.52,103.27000000000001,85.5,-71.42
2025-08-11T16:54:08.240112,22.0,-15.0,-19.0,43.0,21.0,-42.0,10.0,10.0,-15.0,70.0,48.0,-115.0,26.48,-35.05,-15.35,28.630000000000003,13.059999999999999,-58.09,-5.93,0.1899999999999995,-7.52,113.27000000000001,39.5,-115.42
2025-08-11T16:54:08.244122,12.0,9.0,11.0,-30.0,-18.0,0.0,2.0,31.0,-8.0,-16.0,81.0,-57.0,16.48,-11.05,14.65,-44.37,-25.94,-16.09,-13.93,21.189999999999998,-0.5199999999999996,27.270000000000003,72.5,-57.42
2025-08-11T16:54:08.252414,-29.0,-43.0,14.0,84.0,50.0,-1.0,21.0,57.0,-31.0,3.0,81.0,-24.0,-24.52,-63.05,17.65,69.63,42.06,-17.09,5.07,47.19,-23.52,46.27,72.5,-24.42
2025-08-11T16:54:08.256526,-41.0,57.0,-15.0,-15.0,-23.0,67.0,-4.0,-27.0,-109.0,-79.0,54.0,-55.0,-36.519999999999996,36.95,-11.35,-29.369999999999997,-30.94,50.91,-19.93,-36.81,-101.52,-35.73,45.5,-55.42
2025-08-11T16:54:08.264651,-62.0,52.0,-87.0,34.0,28.0,-61.0,-10.0,44.0,-33.0,-49.0,86.0,-64.0,-57.519999999999996,31.95,-83.35,19.630000000000003,20.06,-77.09,-25.93,34.19,-25.52,-5.729999999999997,77.5,-64.42
2025-08-11T16:54:08.268719,73.0,122.0,-76.0,-24.0,0.0,16.0,13.0,31.0,-124.0,-62.0,78.0,-41.0,77.48,101.95,-72.35,-38.37,-7.94,-0.08999999999999986,-2.9299999999999997,21.189999999999998,-116.52,-18.729999999999997,69.5,-41.42
2025-08-11T16:54:08.276951,45.0,37.0,-60.0,14.0,8.0,-55.0,-38.0,-15.0,-12.0,-36.0,48.0,-84.0,49.480000000000004,16.95,-56.35,-0.3699999999999992,0.05999999999999961,-71.09,-53.93,-24.810000000000002,-4.52,7.270000000000003,39.5,-84.42
2025-08-11T16:54:08.280996,36.0,-16.0,-47.0,6.0,18.0,-71.0,46.0,45.0,-99.0,-19.0,37.0,-9.0,40.480000000000004,-36.05,-43.35,-8.37,10.059999999999999,-87.09,30.07,35.19,-91.52,24.270000000000003,28.5,-9.42
2025-08-11T16:54:08.289382,17.0,16.0,45.0,112.0,42.0,55.0,-19.0,34.0,-71.0,-34.0,65.0,-37.0,21.48,-4.050000000000001,48.65,97.63,34.06,38.91,-34.93,24.189999999999998,-63.519999999999996,9.270000000000003,56.5,-37.42
2025-08-11T16:54:08.293352,-6.0,50.0,-45.0,64.0,-59.0,-23.0,3.0,-40.0,-34.0,-122.0,102.0,-82.0,-1.5199999999999996,29.95,-41.35,49.63,-66.94,-39.09,-12.93,-49.81,-26.52,-78.72999999999999,93.5,-82.42
2025-08-11T16:54:08.301564,13.0,28.0,15.0,-12.0,8.0,32.0,10.0,-12.0,-24.0,-33.0,37.0,-56.0,17.48,7.949999999999999,18.65,-26.369999999999997,0.05999999999999961,15.91,-5.93,-21.810000000000002,-16.52,10.270000000000003,28.5,-56.42
2025-08-11T16:54:08.305594,18.0,24.0,-6.0,28.0,-41.0,-14.0,-44.0,71.0,-48.0,-80.0,54.0,3.0,22.48,3.9499999999999993,-2.35,13.63,-48.94,-30.09,-59.93,61.19,-40.519999999999996,-36.73,45.5,2.58
2025-08-11T16:54:08.313905,49.0,6.0,-86.0,-23.0,36.0,-46.0,28.0,-11.0,-74.0,-6.0,72.0,-85.0,53.480000000000004,-14.05,-82.35,-37.37,28.06,-62.09,12.07,-20.810000000000002,-66.52,37.27,63.5,-85.42
2025-08-11T16:54:08.318104,26.0,79.0,-73.0,34.0,49.0,-45.0,11.0,-48.0,-36.0,-53.0,40.0,-71.0,30.48,58.95,-69.35,19.630000000000003,41.06,-61.09,-4.93,-57.81,-28.52,-9.729999999999997,31.5,-71.42
2025-08-11T16:54:08.325988,-23.0,28.0,-60.0,19.0,8.0,15.0,30.0,32.0,-10.0,-63.0,91.0,-53.0,-18.52,7.949999999999999,-56.35,4.630000000000001,0.05999999999999961,-1.0899999999999999,14.07,22.189999999999998,-2.5199999999999996,-19.729999999999997,82.5,-53.42
2025-08-11T16:54:08.330436,26.0,33.0,9.0,-41.0,-32.0,42.0,70.0,44.0,-41.0,-16.0,84.0,-41.0,30.48,12.95,12.65,-55.37,-39.94,25.91,54.07,34.19,-33.519999999999996,27.270000000000003,75.5,-41.42
2025-08-11T16:54:08.338453,-8.0,-17.0,3.0,-15.0,62.0,43.0,56.0,36.0,5.0,-16.0,143.0,-69.0,-3.5199999999999996,-37.05,6.65,-29.369999999999997,54.06,26.91,40.07,26.189999999999998,12.48,27.270000000000003,134.5,-69.42
2025-08-11T16:54:08.342727,-31.0,73.0,-63.0,78.0,55.0,-14.0,49.0,13.0,-2.0,-91.0,43.0,-35.0,-26.52,52.95,-59.35,63.63,47.06,-30.09,33.07,3.1899999999999995,5.48,-47.73,34.5,-35.42
2025-08-11T16:54:08.350601,48.0,45.0,80.0,79.0,2.0,-9.0,-4.0,33.0,-54.0,-98.0,29.0,-40.0,52.480000000000004,24.95,83.65,64.63,-5.94,-25.09,-19.93,23.189999999999998,-46.519999999999996,-54.73,20.5,-40.42
2025-08-11T16:54:08.354921,-17.0,107.0,-28.0,47.0,46.0,-73.0,-6.0,4.0,-15.0,-101.0,52.0,-66.0,-12.52,86.95,-24.35,32.63,38.06,-89.09,-21.93,-5.8100000000000005,-7.52,-57.73,43.5,-66.42
2025-08-11T16:54:08.362932,45.0,117.0,-102.0,68.0,2.0,18.0,68.0,-32.0,2.0,-56.0,82.0,-90.0,49.480000000000004,96.95,-98.35,53.63,-5.94,1.9100000000000001,52.07,-41.81,9.48,-12.729999999999997,73.5,-90.42
2025-08-11T16:54:08.367115,39.0,75.0,-90.0,74.0,6.0,-29.0,68.0,-59.0,45.0,-47.0,57.0,-15.0,43.480000000000004,54.95,-86.35,59.63,-1.9400000000000004,-45.09,52.07,-68.81,52.480000000000004,-3.729999999999997,48.5,-15.42
2025-08-11T16:54:08.375130,-10.0,-59.0,-62.0,42.0,13.0,21.0,67.0,7.0,38.0,-56.0,18.0,-66.0,-5.52,-79.05,-58.35,27.630000000000003,5.06,4.91,51.07,-2.8100000000000005,45.480000000000004,-12.729999999999997,9.5,-66.42
2025-08-11T16:54:08.379628,82.0,11.0,7.0,-5.0,24.0,16.0,-46.0,1.0,-3.0,-25.0,13.0,-50.0,86.48,-9.05,10.65,-19.369999999999997,16.06,-0.08999999999999986,-61.93,-8.81,4.48,18.270000000000003,4.5,-50.42
2025-08-11T16:54:08.387517,55.0,-6.0,38.0,20.0,2.0,43.0,44.0,18.0,-26.0,-69.0,57.0,-91.0,59.480000000000004,-26.05,41.65,5.630000000000001,-5.94,26.91,28.07,8.19,-18.52,-25.729999999999997,48.5,-91.42
2025-08-11T16:54:08.391799,49.0,62.0,-13.0,-85.0,37.0,-28.0,-4.0,13.0,-4.0,-38.0,71.0,-54.0,53.480000000000004,41.95,-9.35,-99.37,29.06,-44.09,-19.93,3.1899999999999995,3.4800000000000004,5.270000000000003,62.5,-54.42
2025-08-11T16:54:08.399900,-102.0,-39.0,18.0,16.0,37.0,-68.0,33.0,6.0,-38.0,-64.0,49.0,-14.0,-97.52,-59.05,21.65,1.6300000000000008,29.06,-84.09,17.07,-3.8100000000000005,-30.52,-20.729999999999997,40.5,-14.42
2025-08-11T16:54:08.404114,-11.0,95.0,15.0,50.0,-33.0,14.0,32.0,75.0,-19.0,-22.0,-4.0,-77.0,-6.52,74.95,18.65,35.63,-40.94,-2.09,16.07,65.19,-11.52,21.270000000000003,-12.5,-77.42
2025-08-11T16:54:08.412015,47.0,58.0,-36.0,57.0,42.0,-17.0,8.0,-33.0,-21.0,-120.0,54.0,-6.0,51.480000000000004,37.95,-32.35,42.63,34.06,-33.09,-7.93,-42.81,-13.52,-76.72999999999999,45.5,-6.42
2025-08-11T16:54:08.416432,12.0,52.0,-62.0,44.0,77.0,25.0,-26.0,-2.0,2.0,-62.0,61.0,-83.0,16.48,31.95,-58.35,29.630000000000003,69.06,8.91,-41.93,-11.81,9.48,-18.729999999999997,52.5,-83.42
2025-08-11T16:54:08.420516,16.0,-7.0,-29.0,14.0,-8.0,72.0,43.0,4.0,7.0,-60.0,-3.0,-25.0,20.48,-27.05,-25.35,-0.3699999999999992,-15.940000000000001,55.91,27.07,-5.8100000000000005,14.48,-16.729999999999997,-11.5,-25.42
2025-08-11T16:54:08.428545,44.0,72.0,-51.0,-4.0,-33.0,20.0,-20.0,-15.0,35.0,-57.0,73.0,-21.0,48.480000000000004,51.95,-47.35,-18.369999999999997,-40.94,3.91,-35.93,-24.810000000000002,42.480000000000004,-13.729999999999997,64.5,-21.42
2025-08-11T16:54:08.436639,71.0,-2.0,-33.0,69.0,-60.0,-14.0,16.0,-2.0,-37.0,-74.0,76.0,-14.0,75.48,-22.05,-29.35,54.63,-67.94,-30.09,0.07000000000000028,-11.81,-29.52,-30.729999999999997,67.5,-14.42
2025-08-11T16:54:08.440787,37.0,-74.0,1.0,-4.0,62.0,-1.0,59.0,6.0,-56.0,-49.0,-17.0,82.0,41.480000000000004,-94.05,4.65,-18.369999999999997,54.06,-17.09,43.07,-3.8100000000000005,-48.519999999999996,-5.729999999999997,-25.5,81.58
2025-08-11T16:54:08.444835,27.0,-1.0,-17.0,6.0,18.0,57.0,7.0,-26.0,-14.0,-82.0,43.0,0.0,31.48,-21.05,-13.35,-8.37,10.059999999999999,40.91,-8.93,-35.81,-6.52,-38.73,34.5,-0.42
2025-08-11T16:54:08.453043,16.0,64.0,43.0,-43.0,41.0,37.0,2.0,-13.0,16.0,5.0,5.0,15.0,20.48,43.95,46.65,-57.37,33.06,20.91,-13.93,-22.810000000000002,23.48,48.27,-3.5,14.58
2025-08-11T16:54:08.457194,43.0,16.0,13.0,36.0,25.0,-15.0,1.0,-26.0,32.0,12.0,0.0,9.0,47.480000000000004,-4.050000000000001,16.65,21.630000000000003,17.06,-31.09,-14.93,-35.81,39.480000000000004,55.27,-8.5,8.58
2025-08-11T16:54:08.465440,45.0,8.0,28.0,-32.0,24.0,-27.0,29.0,-22.0,-37.0,14.0,-13.0,-31.0,49.480000000000004,-12.05,31.65,-46.37,16.06,-43.09,13.07,-31.810000000000002,-29.52,57.27,-21.5,-31.42
2025-08-11T16:54:08.469697,-79.0,15.0,-10.0,11.0,-2.0,-59.0,-22.0,-8.0,0.0,-76.0,24.0,-61.0,-74.52,-5.050000000000001,-6.35,-3.369999999999999,-9.940000000000001,-75.09,-37.93,-17.810000000000002,7.48,-32.73,15.5,-61.42
2025-08-11T16:54:08.477710,11.0,1.0,50.0,1.0,-18.0,-52.0,-53.0,-14.0,-5.0,43.0,0.0,15.0,15.48,-19.05,53.65,-13.37,-25.94,-68.09,-68.93,-23.810000000000002,2.4800000000000004,86.27000000000001,-8.5,14.58
2025-08-11T16:54:08.481855,-36.0,-9.0,19.0,17.0,4.0,-25.0,54.0,9.0,22.0,-20.0,7.0,7.0,-31.52,-29.05,22.65,2.630000000000001,-3.9400000000000004,-41.09,38.07,-0.8100000000000005,29.48,23.270000000000003,-1.5,6.58
2025-08-11T16:54:08.490007,0.0,-5.0,57.0,-10.0,-29.0,-31.0,-33.0,34.0,6.0,38.0,-48.0,16.0,4.48,-25.05,60.65,-24.369999999999997,-36.94,-47.09,-48.93,24.189999999999998,13.48,81.27000000000001,-56.5,15.58
2025-08-11T16:54:08.494249,-75.0,18.0,11.0,61.0,20.0,-36.0,-13.0,19.0,-17.0,65.0,-60.0,53.0,-70.52,-2.0500000000000007,14.65,46.63,12.059999999999999,-52.09,-28.93,9.19,-9.52,108.27000000000001,-68.5,52.58
2025-08-11T16:54:08.502288,15.0,77.0,-10.0,72.0,-59.0,-39.0,-27.0,-15.0,12.0,-16.0,-9.0,-32.0,19.48,56.95,-6.35,57.63,-66.94,-55.09,-42.93,-24.810000000000002,19.48,27.270000000000003,-17.5,-32.42
2025-08-11T16:54:08.506538,9.0,83.0,29.0,61.0,2.0,3.0,19.0,-10.0,-42.0,49.0,-40.0,1.0,13.48,62.95,32.65,46.63,-5.94,-13.09,3.0700000000000003,-19.810000000000002,-34.519999999999996,92.27000000000001,-48.5,0.5800000000000001
2025-08-11T16:54:08.514565,32.0,34.0,-29.0,38.0,5.0,34.0,8.0,-38.0,-28.0,21.0,-76.0,13.0,36.480000000000004,13.95,-25.35,23.630000000000003,-2.9400000000000004,17.91,-7.93,-47.81,-20.52,64.27000000000001,-84.5,12.58
2025-08-11T16:54:08.518698,-47.0,36.0,-14.0,-6.0,45.0,17.0,61.0,59.0,-29.0,0.0,-37.0,57.0,-42.519999999999996,15.95,-10.35,-20.369999999999997,37.06,0.9100000000000001,45.07,49.19,-21.52,43.27,-45.5,56.58
2025-08-11T16:54:08.526738,-3.0,3.0,29.0,-20.0,40.0,101.0,3.0,31.0,-77.0,3.0,-56.0,-13.0,1.4800000000000004,-17.05,32.65,-34.37,32.06,84.91,-12.93,21.189999999999998,-69.52,46.27,-64.5,-13.42
2025-08-11T16:54:08.531075,33.0,-33.0,-10.0,33.0,31.0,48.0,-33.0,107.0,23.0,20.0,7.0,-14.0,37.480000000000004,-53.05,-6.35,18.630000000000003,23.06,31.91,-48.93,97.19,30.48,63.27,-1.5,-14.42
2025-08-11T16:54:08.539118,-46.0,-32.0,-25.0,-18.0,19.0,18.0,56.0,4.0,-35.0,40.0,-38.0,64.0,-41.519999999999996,-52.05,-21.35,-32.37,11.059999999999999,1.9100000000000001,40.07,-5.8100000000000005,-27.52,83.27000000000001,-46.5,63.58
2025-08-11T16:54:08.543425,-41.0,106.0,40.0,-4.0,65.0,47.0,76.0,60.0,-51.0,32.0,-18.0,31.0,-36.519999999999996,85.95,43.65,-18.369999999999997,57.06,30.91,60.07,50.19,-43.519999999999996,75.27000000000001,-26.5,30.58
2025-08-11T16:54:08.551336,-14.0,100.0,-15.0,29.0,13.0,-8.0,64.0,57.0,-76.0,-19.0,-46.0,7.0,-9.52,79.95,-11.35,14.63,5.06,-24.09,48.07,47.19,-68.52,24.270000000000003,-54.5,6.58
2025-08-11T16:54:08.555674,11.0,67.0,-12.0,91.0,-63.0,26.0,48.0,-61.0,-56.0,30.0,52.0,-5.0,15.48,46.95,-8.35,76.63,-70.94,9.91,32.07,-70.81,-48.519999999999996,73.27000000000001,43.5,-5.42
2025-08-11T16:54:08.563653,27.0,8.0,-5.0,51.0,-6.0,38.0,26.0,-58.0,-42.0,137.0,-15.0,63.0,31.48,-12.05,-1.35,36.63,-13.940000000000001,21.91,10.07,-67.81,-34.519999999999996,180.27,-23.5,62.58
2025-08-11T16:54:08.567813,30.0,2.0,-34.0,-27.0,19.0,18.0,34.0,45.0,-32.0,-34.0,-8.0,19.0,34.480000000000004,-18.05,-30.35,-41.37,11.059999999999999,1.9100000000000001,18.07,35.19,-24.52,9.270000000000003,-16.5,18.58
2025-08-11T16:54:08.575852,23.0,-26.0,33.0,-21.0,38.0,-86.0,-22.0,76.0,-78.0,72.0,-29.0,27.0,27.48,-46.05,36.65,-35.37,30.06,-102.09,-37.93,66.19,-70.52,115.27000000000001,-37.5,26.58
2025-08-11T16:54:08.580191,-16.0,-8.0,61.0,98.0,-41.0,-20.0,-21.0,19.0,16.0,45.0,-13.0,-14.0,-11.52,-28.05,64.65,83.63,-48.94,-36.09,-36.93,9.19,23.48,88.27000000000001,-21.5,-14.42
2025-08-11T16:54:08.588176,-31.0,118.0,0.0,-7.0,-14.0,-18.0,23.0,42.0,-45.0,65.0,-1.0,34.0,-26.52,97.95,3.65,-21.369999999999997,-21.94,-34.09,7.07,32.19,-37.519999999999996,108.27000000000001,-9.5,33.58
2025-08-11T16:54:08.592536,-36.0,88.0,-31.0,75.0,-17.0,52.0,-23.0,-12.0,-51.0,30.0,27.0,-3.0,-31.52,67.95,-27.35,60.63,-24.94,35.91,-38.93,-21.810000000000002,-43.519999999999996,73.27000000000001,18.5,-3.42
2025-08-11T16:54:08.600495,23.0,2.0,-14.0,-34.0,19.0,19.0,-16.0,-23.0,19.0,15.0,-88.0,84.0,27.48,-18.05,-10.35,-48.37,11.059999999999999,2.91,-31.93,-32.81,26.48,58.27,-96.5,83.58
2025-08-11T16:54:08.604556,1.0,1.0,-3.0,-35.0,71.0,27.0,-18.0,-11.0,-13.0,-19.0,3.0,73.0,5.48,-19.05,0.6499999999999999,-49.37,63.06,10.91,-33.93,-20.810000000000002,-5.52,24.270000000000003,-5.5,72.58
2025-08-11T16:54:08.608656,48.0,-16.0,-89.0,-6.0,52.0,48.0,29.0,-3.0,14.0,69.0,-7.0,39.0,52.480000000000004,-36.05,-85.35,-20.369999999999997,44.06,31.91,13.07,-12.81,21.48,112.27000000000001,-15.5,38.58
2025-08-11T16:54:08.616895,54.0,79.0,-54.0,15.0,5.0,74.0,32.0,11.0,-3.0,16.0,-18.0,44.0,58.480000000000004,58.95,-50.35,0.6300000000000008,-2.9400000000000004,57.91,16.07,1.1899999999999995,4.48,59.27,-26.5,43.58
2025-08-11T16:54:08.621852,12.0,6.0,-95.0,43.0,65.0,45.0,70.0,24.0,18.0,73.0,21.0,35.0,16.48,-14.05,-91.35,28.630000000000003,57.06,28.91,54.07,14.19,25.48,116.27000000000001,12.5,34.58
2025-08-11T16:54:08.629170,-3.0,3.0,-53.0,-12.0,52.0,55.0,-11.0,28.0,45.0,-22.0,-13.0,46.0,1.4800000000000004,-17.05,-49.35,-26.369999999999997,44.06,38.91,-26.93,18.189999999999998,52.480000000000004,21.270000000000003,-21.5,45.58
2025-08-11T16:54:08.633452,2.0,-5.0,13.0,27.0,49.0,7.0,-16.0,-18.0,-31.0,17.0,-29.0,37.0,6.48,-25.05,16.65,12.63,41.06,-9.09,-31.93,-27.810000000000002,-23.52,60.27,-37.5,36.58
2025-08-11T16:54:08.641465,48.0,42.0,-29.0,32.0,-15.0,-21.0,25.0,-18.0,-22.0,32.0,-21.0,69.0,52.480000000000004,21.95,-25.35,17.630000000000003,-22.94,-37.09,9.07,-27.810000000000002,-14.52,75.27000000000001,-29.5,68.58
2025-08-11T16:54:08.645762,-33.0,1.0,-3.0,-9.0,-41.0,13.0,34.0,-3.0,15.0,65.0,21.0,53.0,-28.52,-19.05,0.6499999999999999,-23.369999999999997,-48.94,-3.09,18.07,-12.81,22.48,108.27000000000001,12.5,52.58
2025-08-11T16:54:08.653748,-31.0,74.0,-5.0,76.0,31.0,-31.0,9.0,-23.0,-25.0,-31.0,-39.0,36.0,-26.52,53.95,-1.35,61.63,23.06,-47.09,-6.93,-32.81,-17.52,12.270000000000003,-47.5,35.58
2025-08-11T16:54:08.657965,-23.0,57.0,30.0,69.0,4.0,16.0,-41.0,-2.0,24.0,-10.0,-26.0,18.0,-18.52,36.95,33.65,54.63,-3.9400000000000004,-0.08999999999999986,-56.93,-11.81,31.48,33.27,-34.5,17.58
2025-08-11T16:54:08.666116,-52.0,59.0,-67.0,58.0,28.0,35.0,13.0,15.0,51.0,10.0,-39.0,55.0,-47.519999999999996,38.95,-63.35,43.63,20.06,18.91,-2.9299999999999997,5.1899999999999995,58.480000000000004,53.27,-47.5,54.58
2025-08-11T16:54:08.670384,3.0,52.0,-36.0,-58.0,9.0,-24.0,-25.0,-8.0,-57.0,43.0,10.0,30.0,7.48,31.95,-32.35,-72.37,1.0599999999999996,-40.09,-40.93,-17.810000000000002,-49.519999999999996,86.27000000000001,1.5,29.58
2025-08-11T16:54:08.678299,87.0,17.0,-19.0,-13.0,42.0,-43.0,-5.0,-33.0,32.0,45.0,-40.0,34.0,91.48,-3.0500000000000007,-15.35,-27.369999999999997,34.06,-59.09,-20.93,-42.81,39.480000000000004,88.27000000000001,-48.5,33.58
2025-08-11T16:54:08.682736,-14.0,-6.0,-39.0,-27.0,-4.0,24.0,34.0,22.0,12.0,-36.0,-18.0,85.0,-9.52,-26.05,-35.35,-41.37,-11.940000000000001,7.91,18.07,12.19,19.48,7.270000000000003,-26.5,84.58
2025-08-11T16:54:08.690641,29.0,5.0,-54.0,53.0,-19.0,75.0,53.0,-43.0,-13.0,21.0,-64.0,-2.0,33.480000000000004,-15.05,-50.35,38.63,-26.94,58.91,37.07,-52.81,-5.52,64.27000000000001,-72.5,-2.42
2025-08-11T16:54:08.694860,40.0,-4.0,-64.0,-20.0,-30.0,4.0,23.0,-25.0,25.0,47.0,-12.0,-9.0,44.480000000000004,-24.05,-60.35,-34.37,-37.94,-12.09,7.07,-34.81,32.480000000000004,90.27000000000001,-20.5,-9.42
2025-08-11T16:54:08.702827,47.0,-1.0,-40.0,-42.0,-3.0,52.0,50.0,-6.0,34.0,28.0,4.0,44.0,51.480000000000004,-21.05,-36.35,-56.37,-10.940000000000001,35.91,34.07,-15.81,41.480000000000004,71.27000000000001,-4.5,43.58
2025-08-11T16:54:08.707295,37.0,-31.0,-60.0,-3.0,-39.0,13.0,26.0,-7.0,-30.0,-34.0,-12.0,50.0,41.480000000000004,-51.05,-56.35,-17.369999999999997,-46.94,-3.09,10.07,-16.810000000000002,-22.52,9.270000000000003,-20.5,49.58
2025-08-11T16:54:08.715076,-6.0,-10.0,29.0,-52.0,54.0,79.0,-4.0,-42.0,6.0,73.0,14.0,-1.0,-1.5199999999999996,-30.05,32.65,-66.37,46.06,62.91,-19.93,-51.81,13.48,116.27000000000001,5.5,-1.42
2025-08-11T16:54:08.719501,13.0,20.0,43.0,-41.0,-16.0,32.0,9.0,22.0,7.0,24.0,-26.0,-4.0,17.48,-0.05000000000000071,46.65,-55.37,-23.94,15.91,-6.93,12.19,14.48,67.27000000000001,-34.5,-4.42
2025-08-11T16:54:08.723348,-9.0,-9.0,19.0,9.0,-15.0,16.0,14.0,-35.0,-9.0,18.0,-25.0,38.0,-4.52,-29.05,22.65,-5.369999999999999,-22.94,-0.08999999999999986,-1.9299999999999997,-44.81,-1.5199999999999996,61.27,-33.5,37.58
2025-08-11T16:54:08.731734,50.0,5.0,28.0,10.0,40.0,-5.0,12.0,42.0,24.0,-21.0,54.0,-2.0,54.480000000000004,-15.05,31.65,-4.369999999999999,32.06,-21.09,-3.9299999999999997,32.19,31.48,22.270000000000003,45.5,-2.42
2025-08-11T16:54:08.735570,-21.0,1.0,13.0,1.0,15.0,5.0,79.0,-22.0,9.0,13.0,33.0,15.0,-16.52,-19.05,16.65,-13.37,7.06,-11.09,63.07,-31.810000000000002,16.48,56.27,24.5,14.58
2025-08-11T16:54:08.743930,-7.0,-38.0,31.0,-16.0,43.0,-57.0,20.0,19.0,-17.0,29.0,41.0,66.0,-2.5199999999999996,-58.05,34.65,-30.369999999999997,35.06,-73.09,4.07,9.19,-9.52,72.27000000000001,32.5,65.58
2025-08-11T16:54:08.747983,-66.0,-21.0,11.0,37.0,-20.0,54.0,43.0,-17.0,45.0,5.0,7.0,40.0,-61.519999999999996,-41.05,14.65,22.630000000000003,-27.94,37.91,27.07,-26.810000000000002,52.480000000000004,48.27,-1.5,39.58
2025-08-11T16:54:08.756285,-32.0,94.0,-11.0,-44.0,-3.0,46.0,21.0,-41.0,29.0,87.0,-6.0,52.0,-27.52,73.95,-7.35,-58.37,-10.940000000000001,29.91,5.07,-50.81,36.480000000000004,130.27,-14.5,51.58
2025-08-11T16:54:08.760209,-103.0,89.0,-8.0,55.0,26.0,59.0,49.0,1.0,62.0,17.0,-15.0,66.0,-98.52,68.95,-4.35,40.63,18.06,42.91,33.07,-8.81,69.48,60.27,-23.5,65.58
2025-08-11T16:54:08.768425,22.0,65.0,-13.0,31.0,40.0,52.0,72.0,-18.0,-33.0,-7.0,68.0,20.0,26.48,44.95,-9.35,16.630000000000003,32.06,35.91,56.07,-27.810000000000002,-25.52,36.27,59.5,19.58
2025-08-11T16:54:08.772531,49.0,-2.0,-27.0,3.0,-5.0,-30.0,25.0,26.0,-28.0,-5.0,-23.0,53.0,53.480000000000004,-22.05,-23.35,-11.37,-12.940000000000001,-46.09,9.07,16.189999999999998,-20.52,38.27,-31.5,52.58
2025-08-11T16:54:08.780513,13.0,26.0,-47.0,22.0,52.0,-28.0,-3.0,29.0,22.0,5.0,-3.0,-54.0,17.48,5.949999999999999,-43.35,7.630000000000001,44.06,-44.09,-18.93,19.189999999999998,29.48,48.27,-11.5,-54.42
2025-08-11T16:54:08.784771,15.0,38.0,31.0,3.0,7.0,-2.0,-36.0,-55.0,6.0,3.0,11.0,33.0,19.48,17.95,34.65,-11.37,-0.9400000000000004,-18.09,-51.93,-64.81,13.48,46.27,2.5,32.58
2025-08-11T16:54:08.793151,39.0,-5.0,75.0,48.0,104.0,49.0,-11.0,-20.0,17.0,34.0,-39.0,-22.0,43.480000000000004,-25.05,78.65,33.63,96.06,32.91,-26.93,-29.810000000000002,24.48,77.27000000000001,-47.5,-22.42
2025-08-11T16:54:08.797399,-34.0,-4.0,33.0,60.0,-13.0,-28.0,-27.0,-25.0,-21.0,-23.0,27.0,-31.0,-29.52,-24.05,36.65,45.63,-20.94,-44.09,-42.93,-34.81,-13.52,20.270000000000003,18.5,-31.42
2025-08-11T16:54:08.805311,13.0,86.0,53.0,27.0,-29.0,10.0,-6.0,66.0,-31.0,61.0,15.0,-6.0,17.48,65.95,56.65,12.63,-36.94,-6.09,-21.93,56.19,-23.52,104.27000000000001,6.5,-6.42
2025-08-11T16:54:08.809683,-28.0,63.0,-6.0,-19.0,-101.0,-20.0,-31.0,-58.0,-20.0,-40.0,-32.0,-16.0,-23.52,42.95,-2.35,-33.37,-108.94,-36.09,-46.93,-67.81,-12.52,3.270000000000003,-40.5,-16.42
2025-08-11T16:54:08.817711,5.0,87.0,-36.0,-33.0,-1.0,16.0,-1.0,47.0,-24.0,5.0,-76.0,-51.0,9.48,66.95,-32.35,-47.37,-8.940000000000001,-0.08999999999999986,-16.93,37.19,-16.52,48.27,-84.5,-51.42
2025-08-11T16:54:08.821835,83.0,80.0,-35.0,-16.0,43.0,98.0,10.0,36.0,-53.0,35.0,24.0,-19.0,87.48,59.95,-31.35,-30.369999999999997,35.06,81.91,-5.93,26.189999999999998,-45.519999999999996,78.27000000000001,15.5,-19.42
2025-08-11T16:54:08.829806,66.0,-58.0,-37.0,71.0,12.0,-40.0,-8.0,82.0,17.0,-9.0,21.0,-12.0,70.48,-78.05,-33.35,56.63,4.06,-56.09,-23.93,72.19,24.48,34.27,12.5,-12.42
2025-08-11T16:54:08.834248,4.0,-10.0,25.0,10.0,-19.0,2.0,-61.0,-14.0,-10.0,52.0,47.0,-107.0,8.48,-30.05,28.65,-4.369999999999999,-26.94,-14.09,-76.93,-23.810000000000002,-2.5199999999999996,95.27000000000001,38.5,-107.42
2025-08-11T16:54:08.842115,-13.0,16.0,23.0,3.0,6.0,21.0,44.0,5.0,-72.0,24.0,67.0,-53.0,-8.52,-4.050000000000001,26.65,-11.37,-1.9400000000000004,4.91,28.07,-4.8100000000000005,-64.52,67.27000000000001,58.5,-53.42
2025-08-11T16:54:08.846683,16.0,39.0,26.0,53.0,17.0,-6.0,-23.0,-29.0,-20.0,-75.0,29.0,-31.0,20.48,18.95,29.65,38.63,9.059999999999999,-22.09,-38.93,-38.81,-12.52,-31.729999999999997,20.5,-31.42
2025-08-11T16:54:08.854415,-63.0,167.0,26.0,99.0,-29.0,24.0,-9.0,14.0,-45.0,-41.0,66.0,-10.0,-58.519999999999996,146.95,29.65,84.63,-36.94,7.91,-24.93,4.1899999999999995,-37.519999999999996,2.270000000000003,57.5,-10.42
2025-08-11T16:54:08.858824,-78.0,33.0,-82.0,22.0,-33.0,35.0,-21.0,49.0,-22.0,-24.0,137.0,-74.0,-73.52,12.95,-78.35,7.630000000000001,-40.94,18.91,-36.93,39.19,-14.52,19.270000000000003,128.5,-74.42
2025-08-11T16:54:08.866689,27.0,83.0,-72.0,8.0,-21.0,-21.0,38.0,5.0,15.0,-36.0,112.0,-41.0,31.48,62.95,-68.35,-6.369999999999999,-28.94,-37.09,22.07,-4.8100000000000005,22.48,7.270000000000003,103.5,-41.42
2025-08-11T16:54:08.870999,-39.0,-11.0,-51.0,70.0,3.0,-4.0,27.0,5.0,-13.0,-57.0,-20.0,-91.0,-34.519999999999996,-31.05,-47.35,55.63,-4.94,-20.09,11.07,-4.8100000000000005,-5.52,-13.729999999999997,-28.5,-91.42
2025-08-11T16:54:08.879090,11.0,13.0,-31.0,36.0,68.0,43.0,-41.0,16.0,-32.0,-49.0,44.0,17.0,15.48,-7.050000000000001,-27.35,21.630000000000003,60.06,26.91,-56.93,6.1899999999999995,-24.52,-5.729999999999997,35.5,16.58
2025-08-11T16:54:08.883409,-48.0,-2.0,10.0,22.0,11.0,-12.0,-57.0,-40.0,-25.0,2.0,7.0,29.0,-43.519999999999996,-22.05,13.65,7.630000000000001,3.0599999999999996,-28.09,-72.93,-49.81,-17.52,45.27,-1.5,28.58
2025-08-11T16:54:08.891390,-36.0,27.0,44.0,108.0,-48.0,24.0,61.0,0.0,-49.0,-53.0,51.0,-58.0,-31.52,6.949999999999999,47.65,93.63,-55.94,7.91,45.07,-9.81,-41.519999999999996,-9.729999999999997,42.5,-58.42
2025-08-11T16:54:08.895679,33.0,-31.0,71.0,74.0,-22.0,22.0,-44.0,67.0,50.0,-54.0,42.0,-32.0,37.480000000000004,-51.05,74.65,59.63,-29.94,5.91,-59.93,57.19,57.480000000000004,-10.729999999999997,33.5,-32.42
2025-08-11T16:54:08.903605,-15.0,99.0,81.0,99.0,24.0,81.0,36.0,10.0,-14.0,-18.0,42.0,-43.0,-10.52,78.95,84.65,84.63,16.06,64.91,20.07,0.1899999999999995,-6.52,25.270000000000003,33.5,-43.42
2025-08-11T16:54:08.907844,-53.0,46.0,-38.0,67.0,23.0,-24.0,-15.0,49.0,-1.0,-110.0,100.0,0.0,-48.519999999999996,25.95,-34.35,52.63,15.059999999999999,-40.09,-30.93,39.19,6.48,-66.72999999999999,91.5,-0.42
2025-08-11T16:54:08.915723,-44.0,77.0,-36.0,34.0,65.0,-3.0,90.0,75.0,-25.0,-95.0,43.0,5.0,-39.519999999999996,56.95,-32.35,19.630000000000003,57.06,-19.09,74.07,65.19,-17.52,-51.73,34.5,4.58
2025-08-11T16:54:08.920141,34.0,17.0,-39.0,1.0,53.0,15.0,67.0,10.0,-28.0,-23.0,55.0,-46.0,38.480000000000004,-3.0500000000000007,-35.35,-13.37,45.06,-1.0899999999999999,51.07,0.1899999999999995,-20.52,20.270000000000003,46.5,-46.42
2025-08-11T16:54:08.928164,-2.0,35.0,29.0,-27.0,-39.0,18.0,83.0,59.0,-55.0,-81.0,34.0,-28.0,2.4800000000000004,14.95,32.65,-41.37,-46.94,1.9100000000000001,67.07,49.19,-47.519999999999996,-37.73,25.5,-28.42
2025-08-11T16:54:08.932506,-45.0,-3.0,-2.0,-16.0,-18.0,-8.0,-23.0,107.0,-22.0,-106.0,82.0,-54.0,-40.519999999999996,-23.05,1.65,-30.369999999999997,-25.94,-24.09,-38.93,97.19,-14.52,-62.73,73.5,-54.42
2025-08-11T16:54:08.940383,-39.0,30.0,8.0,30.0,-33.0,48.0,-9.0,-24.0,-36.0,-58.0,44.0,-13.0,-34.519999999999996,9.95,11.65,15.63,-40.94,31.91,-24.93,-33.81,-28.52,-14.729999999999997,35.5,-13.42
2025-08-11T16:54:08.944651,-12.0,37.0,47.0,-21.0,-4.0,26.0,3.0,34.0,-4.0,-45.0,13.0,-21.0,-7.52,16.95,50.65,-35.37,-11.940000000000001,9.91,-12.93,24.189999999999998,3.4800000000000004,-1.7299999999999969,4.5,-21.42
2025-08-11T16:54:08.952627,-21.0,50.0,-15.0,8.0,35.0,-39.0,39.0,18.0,8.0,-77.0,25.0,-7.0,-16.52,29.95,-11.35,-6.369999999999999,27.06,-55.09,23.07,8.19,15.48,-33.73,16.5,-7.42
2025-08-11T16:54:08.956970,-61.0,21.0,-57.0,68.0,29.0,5.0,36.0,68.0,-106.0,-23.0,17.0,-34.0,-56.519999999999996,0.9499999999999993,-53.35,53.63,21.06,-11.09,20.07,58.19,-98.52,20.270000000000003,8.5,-34.42
2025-08-11T16:54:08.965070,-15.0,60.0,-11.0,-18.0,-21.0,-37.0,105.0,21.0,27.0,32.0,34.0,9.0,-10.52,39.95,-7.35,-32.37,-28.94,-53.09,89.07,11.19,34.480000000000004,75.27000000000001,25.5,8.58
2025-08-11T16:54:08.969315,35.0,-37.0,-29.0,88.0,-85.0,-18.0,56.0,28.0,-75.0,-4.0,69.0,33.0,39.480000000000004,-57.05,-25.35,73.63,-92.94,-34.09,40.07,18.189999999999998,-67.52,39.27,60.5,32.58
2025-08-11T16:54:08.977401,14.0,2.0,24.0,-14.0,-72.0,78.0,49.0,-35.0,14.0,-32.0,-18.0,-44.0,18.48,-18.05,27.65,-28.369999999999997,-79.94,61.91,33.07,-44.81,21.48,11.270000000000003,-26.5,-44.42
2025-08-11T16:54:08.981493,-70.0,60.0,-42.0,27.0,-23.0,1.0,18.0,56.0,-50.0,-66.0,52.0,-9.0,-65.52,39.95,-38.35,12.63,-30.94,-15.09,2.0700000000000003,46.19,-42.519999999999996,-22.729999999999997,43.5,-9.42
2025-08-11T16:54:08.985435,-20.0,11.0,57.0,8.0,76.0,-4.0,54.0,-37.0,-5.0,-73.0,25.0,-6.0,-15.52,-9.05,60.65,-6.369999999999999,68.06,-20.09,38.07,-46.81,2.4800000000000004,-29.729999999999997,16.5,-6.42
2025-08-11T16:54:08.993676,-51.0,30.0,4.0,-22.0,27.0,-17.0,-19.0,-7.0,9.0,-14.0,5.0,9.0,-46.519999999999996,9.95,7.65,-36.37,19.06,-33.09,-34.93,-16.810000000000002,16.48,29.270000000000003,-3.5,8.58
2025-08-11T16:54:08.997829,-22.0,86.0,26.0,-36.0,51.0,-5.0,-56.0,71.0,76.0,-24.0,37.0,-53.0,-17.52,65.95,29.65,-50.37,43.06,-21.09,-71.93,61.19,83.48,19.270000000000003,28.5,-53.42
2025-08-11T16:54:09.006127,-27.0,71.0,-20.0,-26.0,39.0,-15.0,50.0,47.0,-42.0,35.0,114.0,35.0,-22.52,50.95,-16.35,-40.37,31.06,-31.09,34.07,37.19,-34.519999999999996,78.27000000000001,105.5,34.58
2025-08-11T16:54:09.011299,83.0,85.0,-45.0,66.0,17.0,-27.0,-7.0,-29.0,-25.0,-64.0,65.0,-46.0,87.48,64.95,-41.35,51.63,9.059999999999999,-43.09,-22.93,-38.81,-17.52,-20.729999999999997,56.5,-46.42
2025-08-11T16:54:09.018117,71.0,-86.0,-14.0,31.0,-20.0,8.0,7.0,21.0,85.0,-29.0,79.0,17.0,75.48,-106.05,-10.35,16.630000000000003,-27.94,-8.09,-8.93,11.19,92.48,14.270000000000003,70.5,16.58
2025-08-11T16:54:09.022680,14.0,30.0,-24.0,-4.0,0.0,30.0,25.0,68.0,6.0,-26.0,71.0,-21.0,18.48,9.95,-20.35,-18.369999999999997,-7.94,13.91,9.07,58.19,13.48,17.270000000000003,62.5,-21.42
2025-08-11T16:54:09.030585,52.0,12.0,-48.0,38.0,23.0,48.0,30.0,-1.0,0.0,-81.0,56.0,1.0,56.480000000000004,-8.05,-44.35,23.630000000000003,15.059999999999999,31.91,14.07,-10.81,7.48,-37.73,47.5,0.5800000000000001
2025-08-11T16:54:09.035022,43.0,38.0,-42.0,28.0,-78.0,-23.0,12.0,-10.0,-55.0,-74.0,29.0,-60.0,47.480000000000004,17.95,-38.35,13.63,-85.94,-39.09,-3.9299999999999997,-19.810000000000002,-47.519999999999996,-30.729999999999997,20.5,-60.42
2025-08-11T16:54:09.042954,48.0,10.0,-26.0,42.0,125.0,4.0,-9.0,7.0,-25.0,-74.0,13.0,-63.0,52.480000000000004,-10.05,-22.35,27.630000000000003,117.06,-12.09,-24.93,-2.8100000000000005,-17.52,-30.729999999999997,4.5,-63.42
2025-08-11T16:54:09.046913,74.0,34.0,21.0,-14.0,7.0,37.0,38.0,51.0,-36.0,-45.0,94.0,-48.0,78.48,13.95,24.65,-28.369999999999997,-0.9400000000000004,20.91,22.07,41.19,-28.52,-1.7299999999999969,85.5,-48.42
2025-08-11T16:54:09.055259,-10.0,59.0,19.0,60.0,14.0,40.0,-97.0,62.0,-28.0,-25.0,24.0,-37.0,-5.52,38.95,22.65,45.63,6.06,23.91,-112.93,52.19,-20.52,18.270000000000003,15.5,-37.42
2025-08-11T16:54:09.059261,-63.0,48.0,28.0,-17.0,3.0,19.0,15.0,55.0,-33.0,-74.0,75.0,-22.0,-58.519999999999996,27.95,31.65,-31.369999999999997,-4.94,2.91,-0.9299999999999997,45.19,-25.52,-30.729999999999997,66.5,-22.42
2025-08-11T16:54:09.067527,-59.0,99.0,-20.0,-14.0,-26.0,72.0,-7.0,54.0,-25.0,-9.0,53.0,39.0,-54.519999999999996,78.95,-16.35,-28.369999999999997,-33.94,55.91,-22.93,44.19,-17.52,34.27,44.5,38.58
2025-08-11T16:54:09.071792,5.0,43.0,12.0,32.0,4.0,-19.0,17.0,42.0,-22.0,-44.0,67.0,-18.0,9.48,22.95,15.65,17.630000000000003,-3.9400000000000004,-35.09,1.0700000000000003,32.19,-14.52,-0.7299999999999969,58.5,-18.42
2025-08-11T16:54:09.079696,12.0,123.0,-42.0,69.0,47.0,-69.0,19.0,27.0,23.0,37.0,64.0,63.0,16.48,102.95,-38.35,54.63,39.06,-85.09,3.0700000000000003,17.189999999999998,30.48,80.27000000000001,55.5,62.58
2025-08-11T16:54:09.084066,63.0,12.0,-106.0,63.0,86.0,-5.0,-32.0,-18.0,-77.0,-55.0,1.0,-20.0,67.48,-8.05,-102.35,48.63,78.06,-21.09,-47.93,-27.810000000000002,-69.52,-11.729999999999997,-7.5,-20.42
2025-08-11T16:54:09.092086,64.0,8.0,49.0,58.0,-45.0,2.0,22.0,38.0,-1.0,-38.0,13.0,-46.0,68.48,-12.05,52.65,43.63,-52.94,-14.09,6.07,28.189999999999998,6.48,5.270000000000003,4.5,-46.42
2025-08-11T16:54:09.096312,2.0,23.0,54.0,-26.0,8.0,3.0,16.0,-30.0,-30.0,4.0,30.0,-16.0,6.48,2.9499999999999993,57.65,-40.37,0.05999999999999961,-13.09,0.07000000000000028,-39.81,-22.52,47.27,21.5,-16.42
2025-08-11T16:54:09.104378,86.0,-35.0,22.0,19.0,10.0,79.0,43.0,28.0,-54.0,-34.0,70.0,20.0,90.48,-55.05,25.65,4.630000000000001,2.0599999999999996,62.91,27.07,18.189999999999998,-46.519999999999996,9.270000000000003,61.5,19.58
2025-08-11T16:54:09.108581,-74.0,9.0,34.0,66.0,-27.0,2.0,14.0,-13.0,10.0,-25.0,22.0,-11.0,-69.52,-11.05,37.65,51.63,-34.94,-14.09,-1.9299999999999997,-22.810000000000002,17.48,18.270000000000003,13.5,-11.42
2025-08-11T16:54:09.116612,-41.0,71.0,25.0,16.0,-2.0,50.0,67.0,3.0,-10.0,-61.0,34.0,3.0,-36.519999999999996,50.95,28.65,1.6300000000000008,-9.940000000000001,33.91,51.07,-6.8100000000000005,-2.5199999999999996,-17.729999999999997,25.5,2.58
2025-08-11T16:54:09.120790,-32.0,8.0,41.0,2.0,39.0,8.0,32.0,11.0,-36.0,-62.0,49.0,17.0,-27.52,-12.05,44.65,-12.37,31.06,-8.09,16.07,1.1899999999999995,-28.52,-18.729999999999997,40.5,16.58
2025-08-11T16:54:09.128892,-4.0,95.0,62.0,-14.0,17.0,-53.0,19.0,-50.0,-16.0,21.0,5.0,-84.0,0.4800000000000004,74.95,65.65,-28.369999999999997,9.059999999999999,-69.09,3.0700000000000003,-59.81,-8.52,64.27000000000001,-3.5,-84.42
2025-08-11T16:54:09.133191,-72.0,128.0,43.0,-6.0,63.0,44.0,28.0,48.0,-1.0,-74.0,-31.0,-88.0,-67.52,107.95,46.65,-20.369999999999997,55.06,27.91,12.07,38.19,6.48,-30.729999999999997,-39.5,-88.42
2025-08-11T16:54:09.141177,-26.0,33.0,-18.0,-4.0,19.0,-13.0,6.0,-22.0,28.0,-13.0,23.0,17.0,-21.52,12.95,-14.35,-18.369999999999997,11.059999999999999,-29.09,-9.93,-31.810000000000002,35.480000000000004,30.270000000000003,14.5,16.58
2025-08-11T16:54:09.145448,-15.0,31.0,-64.0,-31.0,-3.0,52.0,44.0,68.0,-39.0,-81.0,62.0,15.0,-10.52,10.95,-60.35,-45.37,-10.940000000000001,35.91,28.07,58.19,-31.52,-37.73,53.5,14.58
2025-08-11T16:54:09.153506,37.0,19.0,-55.0,-9.0,78.0,14.0,13.0,-46.0,-23.0,-104.0,33.0,-17.0,41.480000000000004,-1.0500000000000007,-51.35,-23.369999999999997,70.06,-2.09,-2.9299999999999997,-55.81,-15.52,-60.73,24.5,-17.42
2025-08-11T16:54:09.157597,-34.0,-55.0,-27.0,65.0,90.0,54.0,85.0,-48.0,-38.0,-86.0,16.0,-35.0,-29.52,-75.05,-23.35,50.63,82.06,37.91,69.07,-57.81,-30.52,-42.73,7.5,-35.42
2025-08-11T16:54:09.165699,-41.0,-9.0,31.0,16.0,-24.0,14.0,46.0,31.0,-3.0,-76.0,66.0,17.0,-36.519999999999996,-29.05,34.65,1.6300000000000008,-31.94,-2.09,30.07,21.189999999999998,4.48,-32.73,57.5,16.58
2025-08-11T16:54:09.169958,-64.0,29.0,35.0,33.0,-84.0,63.0,-10.0,-28.0,41.0,-78.0,23.0,9.0,-59.519999999999996,8.95,38.65,18.630000000000003,-91.94,46.91,-25.93,-37.81,48.480000000000004,-34.73,14.5,8.58
2025-08-11T16:54:09.174085,-5.0,81.0,56.0,40.0,7.0,50.0,53.0,6.0,-8.0,3.0,-16.0,-63.0,-0.5199999999999996,60.95,59.65,25.630000000000003,-0.9400000000000004,33.91,37.07,-3.8100000000000005,-0.5199999999999996,46.27,-24.5,-63.42
2025-08-11T16:54:09.182294,-12.0,96.0,-59.0,30.0,8.0,17.0,48.0,-13.0,68.0,-91.0,80.0,28.0,-7.52,75.95,-55.35,15.63,0.05999999999999961,0.9100000000000001,32.07,-22.810000000000002,75.48,-47.73,71.5,27.58
2025-08-11T16:54:09.186208,-35.0,133.0,31.0,28.0,38.0,7.0,-1.0,-58.0,-27.0,-12.0,37.0,1.0,-30.52,112.95,34.65,13.63,30.06,-9.09,-16.93,-67.81,-19.52,31.270000000000003,28.5,0.5800000000000001
2025-08-11T16:54:09.194585,-81.0,90.0,-57.0,-35.0,39.0,-26.0,22.0,0.0,49.0,-106.0,26.0,-7.0,-76.52,69.95,-53.35,-49.37,31.06,-42.09,6.07,-9.81,56.480000000000004,-62.73,17.5,-7.42
2025-08-11T16:54:09.199483,-5.0,57.0,36.0,16.0,-35.0,2.0,63.0,24.0,-16.0,-59.0,58.0,23.0,-0.5199999999999996,36.95,39.65,1.6300000000000008,-42.94,-14.09,47.07,14.19,-8.52,-15.729999999999997,49.5,22.58
2025-08-11T16:54:09.206708,71.0,44.0,-2.0,-16.0,-23.0,8.0,60.0,-35.0,31.0,-76.0,55.0,36.0,75.48,23.95,1.65,-30.369999999999997,-30.94,-8.09,44.07,-44.81,38.480000000000004,-32.73,46.5,35.58
2025-08-11T16:54:09.211874,75.0,-18.0,-18.0,-13.0,-90.0,21.0,-10.0,18.0,-8.0,-78.0,11.0,6.0,79.48,-38.05,-14.35,-27.369999999999997,-97.94,4.91,-25.93,8.19,-0.5199999999999996,-34.73,2.5,5.58
2025-08-11T16:54:09.219094,-37.0,18.0,16.0,-19.0,26.0,39.0,-8.0,14.0,-18.0,-37.0,5.0,57.0,-32.519999999999996,-2.0500000000000007,19.65,-33.37,18.06,22.91,-23.93,4.1899999999999995,-10.52,6.270000000000003,-3.5,56.58
2025-08-11T16:54:09.223293,0.0,81.0,54.0,10.0,54.0,70.0,-2.0,-13.0,-6.0,-11.0,17.0,69.0,4.48,60.95,57.65,-4.369999999999999,46.06,53.91,-17.93,-22.810000000000002,1.4800000000000004,32.27,8.5,68.58
2025-08-11T16:54:09.231404,-29.0,99.0,21.0,-20.0,83.0,18.0,41.0,-47.0,-2.0,-33.0,-28.0,17.0,-24.52,78.95,24.65,-34.37,75.06,1.9100000000000001,25.07,-56.81,5.48,10.270000000000003,-36.5,16.58
2025-08-11T16:54:09.235680,-36.0,70.0,14.0,-21.0,95.0,-23.0,-11.0,25.0,18.0,-99.0,-21.0,39.0,-31.52,49.95,17.65,-35.37,87.06,-39.09,-26.93,15.19,25.48,-55.73,-29.5,38.58
2025-08-11T16:54:09.243516,6.0,95.0,-49.0,11.0,-21.0,18.0,-26.0,0.0,-71.0,-44.0,-9.0,44.0,10.48,74.95,-45.35,-3.369999999999999,-28.94,1.9100000000000001,-41.93,-9.81,-63.519999999999996,-0.7299999999999969,-17.5,43.58
2025-08-11T16:54:09.247943,61.0,11.0,-30.0,-8.0,70.0,-34.0,-18.0,24.0,-25.0,42.0,9.0,48.0,65.48,-9.05,-26.35,-22.369999999999997,62.06,-50.09,-33.93,14.19,-17.52,85.27000000000001,0.5,47.58
2025-08-11T16:54:09.255879,21.0,72.0,27.0,49.0,-29.0,0.0,-50.0,-67.0,-96.0,-75.0,0.0,55.0,25.48,51.95,30.65,34.63,-36.94,-16.09,-65.93,-76.81,-88.52,-31.729999999999997,-8.5,54.58
2025-08-11T16:54:09.260218,79.0,46.0,-71.0,48.0,-40.0,-8.0,56.0,20.0,116.0,55.0,-9.0,20.0,83.48,25.95,-67.35,33.63,-47.94,-24.09,40.07,10.19,123.48,98.27000000000001,-17.5,19.58
2025-08-11T16:54:09.268209,-4.0,-22.0,33.0,-5.0,25.0,2.0,40.0,-2.0,7.0,12.0,-59.0,55.0,0.4800000000000004,-42.05,36.65,-19.369999999999997,17.06,-14.09,24.07,-11.81,14.48,55.27,-67.5,54.58
2025-08-11T16:54:09.272501,36.0,-39.0,21.0,25.0,-74.0,33.0,-36.0,11.0,2.0,46.0,-18.0,36.0,40.480000000000004,-59.05,24.65,10.63,-81.94,16.91,-51.93,1.1899999999999995,9.48,89.27000000000001,-26.5,35.58
2025-08-11T16:54:09.280353,-63.0,-24.0,6.0,-26.0,29.0,105.0,7.0,-10.0,6.0,9.0,-1.0,62.0,-58.519999999999996,-44.05,9.65,-40.37,21.06,88.91,-8.93,-19.810000000000002,13.48,52.27,-9.5,61.58
2025-08-11T16:54:09.284791,-69.0,23.0,54.0,4.0,-2.0,41.0,-74.0,6.0,28.0,42.0,28.0,-28.0,-64.52,2.9499999999999993,57.65,-10.37,-9.940000000000001,24.91,-89.93,-3.8100000000000005,35.480000000000004,85.27000000000001,19.5,-28.42
2025-08-11T16:54:09.292629,-32.0,-14.0,49.0,-7.0,87.0,50.0,-55.0,60.0,6.0,16.0,-61.0,-21.0,-27.52,-34.05,52.65,-21.369999999999997,79.06,33.91,-70.93,50.19,13.48,59.27,-69.5,-21.42
2025-08-11T16:54:09.296994,-64.0,61.0,10.0,62.0,57.0,24.0,-12.0,32.0,38.0,-33.0,-23.0,-7.0,-59.519999999999996,40.95,13.65,47.63,49.06,7.91,-27.93,22.189999999999998,45.480000000000004,10.270000000000003,-31.5,-7.42
2025-08-11T16:54:09.305047,-28.0,46.0,-2.0,19.0,-64.0,3.0,5.0,-1.0,46.0,-35.0,-21.0,-23.0,-23.52,25.95,1.65,4.630000000000001,-71.94,-13.09,-10.93,-10.81,53.480000000000004,8.270000000000003,-29.5,-23.42
2025-08-11T16:54:09.309268,-35.0,82.0,31.0,6.0,27.0,16.0,-6.0,-41.0,-13.0,61.0,38.0,39.0,-30.52,61.95,34.65,-8.37,19.06,-0.08999999999999986,-21.93,-50.81,-5.52,104.27000000000001,29.5,38.58
2025-08-11T16:54:09.317276,38.0,68.0,-43.0,-36.0,12.0,-10.0,-33.0,91.0,17.0,-35.0,11.0,-2.0,42.480000000000004,47.95,-39.35,-50.37,4.06,-26.09,-48.93,81.19,24.48,8.270000000000003,2.5,-2.42
2025-08-11T16:54:09.321535,-40.0,-7.0,1.0,-24.0,23.0,28.0,5.0,50.0,-2.0,-38.0,62.0,-5.0,-35.519999999999996,-27.05,4.65,-38.37,15.059999999999999,11.91,-10.93,40.19,5.48,5.270000000000003,53.5,-5.42
2025-08-11T16:54:09.325673,41.0,-7.0,1.0,22.0,8.0,53.0,-2.0,19.0,51.0,-82.0,49.0,17.0,45.480000000000004,-27.05,4.65,7.630000000000001,0.05999999999999961,36.91,-17.93,9.19,58.480000000000004,-38.73,40.5,16.58
2025-08-11T16:54:09.333659,13.0,12.0,-72.0,-2.0,-8.0,82.0,44.0,19.0,-2.0,-96.0,109.0,-54.0,17.48,-8.05,-68.35,-16.369999999999997,-15.940000000000001,65.91,28.07,9.19,5.48,-52.73,100.5,-54.42
2025-08-11T16:54:09.337740,-12.0,-25.0,-78.0,11.0,63.0,25.0,59.0,46.0,-55.0,-16.0,84.0,-20.0,-7.52,-45.05,-74.35,-3.369999999999999,55.06,8.91,43.07,36.19,-47.519999999999996,27.270000000000003,75.5,-20.42
2025-08-11T16:54:09.346122,-33.0,-17.0,27.0,-42.0,54.0,64.0,-17.0,-3.0,34.0,-85.0,47.0,-23.0,-28.52,-37.05,30.65,-56.37,46.06,47.91,-32.93,-12.81,41.480000000000004,-41.73,38.5,-23.42
2025-08-11T16:54:09.350022,-19.0,38.0,20.0,-59.0,16.0,-18.0,32.0,13.0,-11.0,-22.0,53.0,-58.0,-14.52,17.95,23.65,-73.37,8.059999999999999,-34.09,16.07,3.1899999999999995,-3.5199999999999996,21.270000000000003,44.5,-58.42
2025-08-11T16:54:09.358273,-17.0,126.0,78.0,-18.0,41.0,-22.0,-10.0,-72.0,-20.0,-9.0,-9.0,10.0,-12.52,105.95,81.65,-32.37,33.06,-38.09,-25.93,-81.81,-12.52,34.27,-17.5,9.58
2025-08-11T16:54:09.362347,-20.0,34.0,-48.0,72.0,32.0,23.0,-46.0,-31.0,-23.0,-54.0,7.0,-56.0,-15.52,13.95,-44.35,57.63,24.06,6.91,-61.93,-40.81,-15.52,-10.729999999999997,-1.5,-56.42
2025-08-11T16:54:09.370541,11.0,110.0,22.0,-22.0,-35.0,5.0,57.0,3.0,-61.0,-65.0,74.0,-60.0,15.48,89.95,25.65,-36.37,-42.94,-11.09,41.07,-6.8100000000000005,-53.519999999999996,-21.729999999999997,65.5,-60.42
2025-08-11T16:54:09.374596,26.0,41.0,-9.0,50.0,-10.0,59.0,80.0,1.0,-17.0,-114.0,73.0,-51.0,30.48,20.95,-5.35,35.63,-17.94,42.91,64.07,-8.81,-9.52,-70.72999999999999,64.5,-51.42
2025-08-11T16:54:09.382825,-13.0,-31.0,62.0,1.0,-26.0,-46.0,6.0,-7.0,-78.0,-46.0,49.0,-39.0,-8.52,-51.05,65.65,-13.37,-33.94,-62.09,-9.93,-16.810000000000002,-70.52,-2.729999999999997,40.5,-39.42
2025-08-11T16:54:09.386865,21.0,-58.0,10.0,65.0,17.0,38.0,29.0,38.0,-80.0,-13.0,30.0,-92.0,25.48,-78.05,13.65,50.63,9.059999999999999,21.91,13.07,28.189999999999998,-72.52,30.270000000000003,21.5,-92.42
2025-08-11T16:54:09.395204,-70.0,-83.0,45.0,26.0,4.0,72.0,108.0,-25.0,-20.0,-66.0,22.0,-44.0,-65.52,-103.05,48.65,11.63,-3.9400000000000004,55.91,92.07,-34.81,-12.52,-22.729999999999997,13.5,-44.42
2025-08-11T16:54:09.399377,-88.0,52.0,77.0,4.0,16.0,19.0,32.0,-47.0,-13.0,-87.0,1.0,-45.0,-83.52,31.95,80.65,-10.37,8.059999999999999,2.91,16.07,-56.81,-5.52,-43.73,-7.5,-45.42
2025-08-11T16:54:09.407443,-38.0,46.0,110.0,-2.0,-39.0,44.0,29.0,30.0,11.0,-44.0,-27.0,-38.0,-33.519999999999996,25.95,113.65,-16.369999999999997,-46.94,27.91,13.07,20.189999999999998,18.48,-0.7299999999999969,-35.5,-38.42
2025-08-11T16:54:09.411518,-51.0,54.0,-65.0,-4.0,56.0,14.0,26.0,-47.0,-9.0,-70.0,54.0,-84.0,-46.519999999999996,33.95,-61.35,-18.369999999999997,48.06,-2.09,10.07,-56.81,-1.5199999999999996,-26.729999999999997,45.5,-84.42
2025-08-11T16:54:09.419570,-51.0,19.0,-1.0,7.0,14.0,61.0,19.0,34.0,-24.0,-59.0,21.0,-29.0,-46.519999999999996,-1.0500000000000007,2.65,-7.369999999999999,6.06,44.91,3.0700000000000003,24.189999999999998,-16.52,-15.729999999999997,12.5,-29.42
2025-08-11T16:54:09.423791,-87.0,29.0,2.0,20.0,-26.0,50.0,-22.0,15.0,-55.0,-104.0,51.0,38.0,-82.52,8.95,5.65,5.630000000000001,-33.94,33.91,-37.93,5.1899999999999995,-47.519999999999996,-60.73,42.5,37.58
2025-08-11T16:54:09.432011,17.0,49.0,12.0,-15.0,-2.0,-7.0,56.0,12.0,3.0,-55.0,-6.0,-67.0,21.48,28.95,15.65,-29.369999999999997,-9.940000000000001,-23.09,40.07,2.1899999999999995,10.48,-11.729999999999997,-14.5,-67.42
2025-08-11T16:54:09.437121,5.0,110.0,-58.0,-80.0,40.0,-24.0,32.0,34.0,12.0,-5.0,37.0,-1.0,9.48,89.95,-54.35,-94.37,32.06,-40.09,16.07,24.189999999999998,19.48,38.27,28.5,-1.42
2025-08-11T16:54:09.444155,-7.0,-1.0,-26.0,-29.0,11.0,-13.0,-14.0,19.0,19.0,-89.0,27.0,12.0,-2.5199999999999996,-21.05,-22.35,-43.37,3.0599999999999996,-29.09,-29.93,9.19,26.48,-45.73,18.5,11.58
2025-08-11T16:54:09.449160,37.0,13.0,64.0,73.0,63.0,6.0,7.0,10.0,-22.0,-51.0,72.0,-18.0,41.480000000000004,-7.050000000000001,67.65,58.63,55.06,-10.09,-8.93,0.1899999999999995,-14.52,-7.729999999999997,63.5,-18.42
2025-08-11T16:54:09.456431,-35.0,-23.0,22.0,71.0,-3.0,23.0,71.0,36.0,-3.0,-47.0,52.0,-37.0,-30.52,-43.05,25.65,56.63,-10.940000000000001,6.91,55.07,26.189999999999998,4.48,-3.729999999999997,43.5,-37.42
2025-08-11T16:54:09.462166,-83.0,16.0,-35.0,-28.0,-51.0,38.0,38.0,-30.0,-57.0,-24.0,18.0,-64.0,-78.52,-4.050000000000001,-31.35,-42.37,-58.94,21.91,22.07,-39.81,-49.519999999999996,19.270000000000003,9.5,-64.42
2025-08-11T16:54:09.468810,-23.0,-7.0,21.0,-44.0,-17.0,32.0,5.0,76.0,58.0,-52.0,-12.0,-45.0,-18.52,-27.05,24.65,-58.37,-24.94,15.91,-10.93,66.19,65.48,-8.729999999999997,-20.5,-45.42
2025-08-11T16:54:09.473160,-22.0,25.0,-24.0,-35.0,16.0,42.0,-29.0,-77.0,33.0,-62.0,66.0,-50.0,-17.52,4.949999999999999,-20.35,-49.37,8.059999999999999,25.91,-44.93,-86.81,40.480000000000004,-18.729999999999997,57.5,-50.42
2025-08-11T16:54:09.481142,12.0,71.0,-43.0,19.0,21.0,14.0,-74.0,23.0,-5.0,-48.0,49.0,4.0,16.48,50.95,-39.35,4.630000000000001,13.059999999999999,-2.09,-89.93,13.19,2.4800000000000004,-4.729999999999997,40.5,3.58
2025-08-11T16:54:09.485386,40.0,-46.0,-17.0,19.0,0.0,-75.0,2.0,21.0,36.0,-24.0,-7.0,-76.0,44.480000000000004,-66.05,-13.35,4.630000000000001,-7.94,-91.09,-13.93,11.19,43.480000000000004,19.270000000000003,-15.5,-76.42
2025-08-11T16:54:09.493375,27.0,2.0,-50.0,38.0,40.0,39.0,-10.0,129.0,4.0,-52.0,109.0,-84.0,31.48,-18.05,-46.35,23.630000000000003,32.06,22.91,-25.93,119.19,11.48,-8.729999999999997,100.5,-84.42
2025-08-11T16:54:09.497687,-32.0,-51.0,17.0,6.0,11.0,32.0,36.0,86.0,19.0,-42.0,-28.0,-41.0,-27.52,-71.05,20.65,-8.37,3.0599999999999996,15.91,20.07,76.19,26.48,1.2700000000000031,-36.5,-41.42
2025-08-11T16:54:09.505679,-69.0,1.0,30.0,23.0,-50.0,16.0,3.0,-19.0,-14.0,-46.0,75.0,-36.0,-64.52,-19.05,33.65,8.63,-57.94,-0.08999999999999986,-12.93,-28.810000000000002,-6.52,-2.729999999999997,66.5,-36.42
2025-08-11T16:54:09.509911,-82.0,108.0,28.0,-79.0,-15.0,75.0,-1.0,-19.0,18.0,-18.0,63.0,-19.0,-77.52,87.95,31.65,-93.37,-22.94,58.91,-16.93,-28.810000000000002,25.48,25.270000000000003,54.5,-19.42
2025-08-11T16:54:09.518023,-33.0,29.0,-12.0,-13.0,-3.0,-20.0,16.0,-33.0,4.0,-73.0,87.0,-48.0,-28.52,8.95,-8.35,-27.369999999999997,-10.940000000000001,-36.09,0.07000000000000028,-42.81,11.48,-29.729999999999997,78.5,-48.42
2025-08-11T16:54:09.522311,48.0,28.0,-45.0,-1.0,23.0,-2.0,91.0,53.0,37.0,-57.0,28.0,-17.0,52.480000000000004,7.949999999999999,-41.35,-15.37,15.059999999999999,-18.09,75.07,43.19,44.480000000000004,-13.729999999999997,19.5,-17.42
2025-08-11T16:54:09.530300,49.0,3.0,49.0,57.0,24.0,-11.0,-32.0,92.0,31.0,-72.0,99.0,-82.0,53.480000000000004,-17.05,52.65,42.63,16.06,-27.09,-47.93,82.19,38.480000000000004,-28.729999999999997,90.5,-82.42
2025-08-11T16:54:09.534527,14.0,-51.0,87.0,89.0,2.0,-61.0,-27.0,53.0,27.0,-62.0,22.0,-47.0,18.48,-71.05,90.65,74.63,-5.94,-77.09,-42.93,43.19,34.480000000000004,-18.729999999999997,13.5,-47.42
2025-08-11T16:54:09.542500,-87.0,52.0,22.0,21.0,5.0,42.0,4.0,15.0,-11.0,-18.0,14.0,-17.0,-82.52,31.95,25.65,6.630000000000001,-2.9400000000000004,25.91,-11.93,5.1899999999999995,-3.5199999999999996,25.270000000000003,5.5,-17.42
2025-08-11T16:54:09.546661,-73.0,83.0,4.0,41.0,3.0,41.0,-57.0,8.0,-31.0,-46.0,48.0,-27.0,-68.52,62.95,7.65,26.630000000000003,-4.94,24.91,-72.93,-1.8100000000000005,-23.52,-2.729999999999997,39.5,-27.42
2025-08-11T16:54:09.550676,-31.0,66.0,71.0,52.0,-4.0,68.0,21.0,54.0,-40.0,-76.0,2.0,-60.0,-26.52,45.95,74.65,37.63,-11.940000000000001,51.91,5.07,44.19,-32.519999999999996,-32.73,-6.5,-60.42
2025-08-11T16:54:09.558835,-58.0,14.0,6.0,-3.0,57.0,-38.0,6.0,10.0,61.0,-49.0,40.0,-63.0,-53.519999999999996,-6.050000000000001,9.65,-17.369999999999997,49.06,-54.09,-9.93,0.1899999999999995,68.48,-5.729999999999997,31.5,-63.42
2025-08-11T16:54:09.562951,18.0,90.0,65.0,-5.0,-2.0,8.0,-46.0,66.0,30.0,-29.0,32.0,-30.0,22.48,69.95,68.65,-19.369999999999997,-9.940000000000001,-8.09,-61.93,56.19,37.480000000000004,14.270000000000003,23.5,-30.42
2025-08-11T16:54:09.571313,-67.0,70.0,0.0,-11.0,-9.0,30.0,21.0,-20.0,37.0,-99.0,74.0,26.0,-62.519999999999996,49.95,3.65,-25.369999999999997,-16.94,13.91,5.07,-29.810000000000002,44.480000000000004,-55.73,65.5,25.58
2025-08-11T16:54:09.575349,-9.0,25.0,-24.0,36.0,8.0,24.0,12.0,23.0,37.0,-36.0,-4.0,-66.0,-4.52,4.949999999999999,-20.35,21.630000000000003,0.05999999999999961,7.91,-3.9299999999999997,13.19,44.480000000000004,7.270000000000003,-12.5,-66.42
2025-08-11T16:54:09.583619,-56.0,-97.0,-52.0,47.0,7.0,-22.0,13.0,-45.0,-6.0,-80.0,43.0,-20.0,-51.519999999999996,-117.05,-48.35,32.63,-0.9400000000000004,-38.09,-2.9299999999999997,-54.81,1.4800000000000004,-36.73,34.5,-20.42
2025-08-11T16:54:09.587594,1.0,42.0,-15.0,-14.0,32.0,-27.0,32.0,48.0,-1.0,-58.0,9.0,-34.0,5.48,21.95,-11.35,-28.369999999999997,24.06,-43.09,16.07,38.19,6.48,-14.729999999999997,0.5,-34.42
2025-08-11T16:54:09.595636,-35.0,103.0,-39.0,54.0,69.0,39.0,30.0,38.0,25.0,-57.0,-4.0,14.0,-30.52,82.95,-35.35,39.63,61.06,22.91,14.07,28.189999999999998,32.480000000000004,-13.729999999999997,-12.5,13.58
2025-08-11T16:54:09.600144,24.0,11.0,-20.0,-17.0,-61.0,24.0,32.0,29.0,-33.0,-30.0,4.0,-11.0,28.48,-9.05,-16.35,-31.369999999999997,-68.94,7.91,16.07,19.189999999999998,-25.52,13.270000000000003,-4.5,-11.42
2025-08-11T16:54:09.608110,48.0,20.0,30.0,38.0,32.0,19.0,142.0,12.0,-31.0,20.0,26.0,-39.0,52.480000000000004,-0.05000000000000071,33.65,23.630000000000003,24.06,2.91,126.07,2.1899999999999995,-23.52,63.27,17.5,-39.42
2025-08-11T16:54:09.612245,-64.0,-2.0,10.0,-46.0,-12.0,39.0,-37.0,-17.0,22.0,-10.0,45.0,-20.0,-59.519999999999996,-22.05,13.65,-60.37,-19.94,22.91,-52.93,-26.810000000000002,29.48,33.27,36.5,-20.42
2025-08-11T16:54:09.620360,-18.0,48.0,-1.0,29.0,45.0,34.0,55.0,-37.0,-55.0,-6.0,44.0,-25.0,-13.52,27.95,2.65,14.63,37.06,17.91,39.07,-46.81,-47.519999999999996,37.27,35.5,-25.42
2025-08-11T16:54:09.624531,-26.0,48.0,-17.0,-28.0,13.0,-16.0,14.0,11.0,-53.0,-71.0,88.0,-31.0,-21.52,27.95,-13.35,-42.37,5.06,-32.09,-1.9299999999999997,1.1899999999999995,-45.519999999999996,-27.729999999999997,79.5,-31.42
2025-08-11T16:54:09.632641,17.0,44.0,13.0,50.0,6.0,29.0,40.0,-7.0,24.0,-43.0,33.0,5.0,21.48,23.95,16.65,35.63,-1.9400000000000004,12.91,24.07,-16.810000000000002,31.48,0.2700000000000031,24.5,4.58
2025-08-11T16:54:09.636984,-25.0,78.0,-38.0,47.0,10.0,33.0,76.0,25.0,-26.0,-97.0,79.0,-58.0,-20.52,57.95,-34.35,32.63,2.0599999999999996,16.91,60.07,15.19,-18.52,-53.73,70.5,-58.42
2025-08-11T16:54:09.645022,42.0,17.0,-27.0,8.0,1.0,36.0,14.0,6.0,34.0,-71.0,26.0,-33.0,46.480000000000004,-3.0500000000000007,-23.35,-6.369999999999999,-6.94,19.91,-1.9299999999999997,-3.8100000000000005,41.480000000000004,-27.729999999999997,17.5,-33.42
2025-08-11T16:54:09.649108,32.0,21.0,-68.0,-16.0,8.0,44.0,22.0,17.0,-54.0,-55.0,19.0,-17.0,36.480000000000004,0.9499999999999993,-64.35,-30.369999999999997,0.05999999999999961,27.91,6.07,7.1899999999999995,-46.519999999999996,-11.729999999999997,10.5,-17.42
2025-08-11T16:54:09.657122,16.0,-67.0,17.0,47.0,8.0,-71.0,57.0,-3.0,0.0,-104.0,43.0,-25.0,20.48,-87.05,20.65,32.63,0.05999999999999961,-87.09,41.07,-12.81,7.48,-60.73,34.5,-25.42
2025-08-11T16:54:09.661339,-10.0,22.0,-5.0,23.0,31.0,-35.0,-8.0,-3.0,60.0,-45.0,34.0,32.0,-5.52,1.9499999999999993,-1.35,8.63,23.06,-51.09,-23.93,-12.81,67.48,-1.7299999999999969,25.5,31.58
2025-08-11T16:54:09.669416,14.0,10.0,-9.0,-15.0,21.0,11.0,56.0,-26.0,10.0,-39.0,6.0,7.0,18.48,-10.05,-5.35,-29.369999999999997,13.059999999999999,-5.09,40.07,-35.81,17.48,4.270000000000003,-2.5,6.58
2025-08-11T16:54:09.673793,12.0,-39.0,65.0,41.0,-20.0,13.0,-64.0,2.0,44.0,-116.0,54.0,-12.0,16.48,-59.05,68.65,26.630000000000003,-27.94,-3.09,-79.93,-7.8100000000000005,51.480000000000004,-72.72999999999999,45.5,-12.42
2025-08-11T16:54:09.681741,-22.0,1.0,43.0,-15.0,-23.0,48.0,12.0,3.0,-22.0,-87.0,41.0,-75.0,-17.52,-19.05,46.65,-29.369999999999997,-30.94,31.91,-3.9299999999999997,-6.8100000000000005,-14.52,-43.73,32.5,-75.42
2025-08-11T16:54:09.686082,-48.0,-2.0,24.0,18.0,70.0,24.0,-14.0,-12.0,-11.0,-30.0,-17.0,25.0,-43.519999999999996,-22.05,27.65,3.630000000000001,62.06,7.91,-29.93,-21.810000000000002,-3.5199999999999996,13.270000000000003,-25.5,24.58
2025-08-11T16:54:09.694103,-46.0,45.0,20.0,-14.0,25.0,-6.0,-8.0,6.0,-34.0,-133.0,96.0,-71.0,-41.519999999999996,24.95,23.65,-28.369999999999997,17.06,-22.09,-23.93,-3.8100000000000005,-26.52,-89.72999999999999,87.5,-71.42
2025-08-11T16:54:09.698360,-2.0,134.0,75.0,25.0,-18.0,18.0,7.0,-35.0,48.0,-49.0,98.0,1.0,2.4800000000000004,113.95,78.65,10.63,-25.94,1.9100000000000001,-8.93,-44.81,55.480000000000004,-5.729999999999997,89.5,0.5800000000000001
2025-08-11T16:54:09.706399,-62.0,70.0,13.0,28.0,-81.0,29.0,-10.0,85.0,1.0,-39.0,48.0,25.0,-57.519999999999996,49.95,16.65,13.63,-88.94,12.91,-25.93,75.19,8.48,4.270000000000003,39.5,24.58
2025-08-11T16:54:09.710609,-89.0,-34.0,-97.0,-38.0,-53.0,35.0,38.0,6.0,6.0,-29.0,11.0,-52.0,-84.52,-54.05,-93.35,-52.37,-60.94,18.91,22.07,-3.8100000000000005,13.48,14.270000000000003,2.5,-52.42
2025-08-11T16:54:09.718516,-7.0,35.0,-14.0,9.0,0.0,43.0,16.0,-4.0,17.0,-34.0,22.0,-25.0,-2.5199999999999996,14.95,-10.35,-5.369999999999999,-7.94,26.91,0.07000000000000028,-13.81,24.48,9.270000000000003,13.5,-25.42
2025-08-11T16:54:09.722757,-7.0,10.0,-10.0,-24.0,-27.0,87.0,7.0,30.0,-22.0,-26.0,85.0,-33.0,-2.5199999999999996,-10.05,-6.35,-38.37,-34.94,70.91,-8.93,20.189999999999998,-14.52,17.270000000000003,76.5,-33.42
2025-08-11T16:54:09.727017,-14.0,98.0,-9.0,-9.0,-12.0,52.0,13.0,9.0,18.0,-39.0,8.0,-75.0,-9.52,77.95,-5.35,-23.369999999999997,-19.94,35.91,-2.9299999999999997,-0.8100000000000005,25.48,4.270000000000003,-0.5,-75.42
2025-08-11T16:54:09.735080,-56.0,52.0,-64.0,-33.0,95.0,66.0,0.0,33.0,23.0,-52.0,44.0,41.0,-51.519999999999996,31.95,-60.35,-47.37,87.06,49.91,-15.93,23.189999999999998,30.48,-8.729999999999997,35.5,40.58
2025-08-11T16:54:09.739083,49.0,10.0,-29.0,-35.0,119.0,56.0,2.0,1.0,0.0,-30.0,39.0,42.0,53.480000000000004,-10.05,-25.35,-49.37,111.06,39.91,-13.93,-8.81,7.48,13.270000000000003,30.5,41.58
2025-08-11T16:54:09.747486,27.0,-34.0,7.0,-31.0,110.0,41.0,2.0,-41.0,32.0,-71.0,6.0,-69.0,31.48,-54.05,10.65,-45.37,102.06,24.91,-13.93,-50.81,39.480000000000004,-27.729999999999997,-2.5,-69.42
2025-08-11T16:54:09.751436,77.0,-27.0,-36.0,14.0,88.0,6.0,-51.0,-32.0,-29.0,-53.0,-5.0,67.0,81.48,-47.05,-32.35,-0.3699999999999992,80.06,-10.09,-66.93,-41.81,-21.52,-9.729999999999997,-13.5,66.58
2025-08-11T16:54:09.759550,1.0,-22.0,-67.0,15.0,-47.0,8.0,39.0,-7.0,33.0,-62.0,27.0,45.0,5.48,-42.05,-63.35,0.6300000000000008,-54.94,-8.09,23.07,-16.810000000000002,40.480000000000004,-18.729999999999997,18.5,44.58
2025-08-11T16:54:09.763729,20.0,42.0,35.0,114.0,-30.0,-18.0,-3.0,41.0,21.0,-117.0,-63.0,-11.0,24.48,21.95,38.65,99.63,-37.94,-34.09,-18.93,31.189999999999998,28.48,-73.72999999999999,-71.5,-11.42
2025-08-11T16:54:09.771903,53.0,0.0,-4.0,-23.0,45.0,131.0,-14.0,37.0,7.0,2.0,1.0,59.0,57.480000000000004,-20.05,-0.3500000000000001,-37.37,37.06,114.91,-29.93,27.189999999999998,14.48,45.27,-7.5,58.58
2025-08-11T16:54:09.776076,60.0,-36.0,-6.0,-3.0,-4.0,-8.0,-15.0,57.0,37.0,-7.0,-31.0,78.0,64.48,-56.05,-2.35,-17.369999999999997,-11.940000000000001,-24.09,-30.93,47.19,44.480000000000004,36.27,-39.5,77.58
2025-08-11T16:54:09.784120,-44.0,-9.0,45.0,10.0,-15.0,90.0,-29.0,11.0,-25.0,41.0,-56.0,-86.0,-39.519999999999996,-29.05,48.65,-4.369999999999999,-22.94,73.91,-44.93,1.1899999999999995,-17.52,84.27000000000001,-64.5,-86.42
2025-08-11T16:54:09.788434,-28.0,-14.0,38.0,-67.0,-22.0,1.0,-49.0,-12.0,31.0,35.0,-61.0,-1.0,-23.52,-34.05,41.65,-81.37,-29.94,-15.09,-64.93,-21.810000000000002,38.480000000000004,78.27000000000001,-69.5,-1.42
2025-08-11T16:54:09.796503,-96.0,27.0,24.0,-45.0,9.0,53.0,-43.0,37.0,4.0,8.0,-38.0,-27.0,-91.52,6.949999999999999,27.65,-59.37,1.0599999999999996,36.91,-58.93,27.189999999999998,11.48,51.27,-46.5,-27.42
2025-08-11T16:54:09.800708,-47.0,24.0,47.0,-11.0,20.0,-52.0,20.0,73.0,-34.0,77.0,13.0,-38.0,-42.519999999999996,3.9499999999999993,50.65,-25.369999999999997,12.059999999999999,-68.09,4.07,63.19,-26.52,120.27000000000001,4.5,-38.42
2025-08-11T16:54:09.808737,-21.0,35.0,-32.0,30.0,-27.0,10.0,55.0,8.0,-38.0,36.0,-7.0,-15.0,-16.52,14.95,-28.35,15.63,-34.94,-6.09,39.07,-1.8100000000000005,-30.52,79.27000000000001,-15.5,-15.42
2025-08-11T16:54:09.812987,56.0,107.0,24.0,-29.0,-70.0,86.0,-56.0,10.0,-7.0,62.0,11.0,-27.0,60.480000000000004,86.95,27.65,-43.37,-77.94,69.91,-71.93,0.1899999999999995,0.4800000000000004,105.27000000000001,2.5,-27.42
2025-08-11T16:54:09.821118,7.0,-6.0,-49.0,21.0,-34.0,55.0,3.0,66.0,-11.0,77.0,-21.0,-59.0,11.48,-26.05,-45.35,6.630000000000001,-41.94,38.91,-12.93,56.19,-3.5199999999999996,120.27000000000001,-29.5,-59.42
2025-08-11T16:54:09.825339,-10.0,-4.0,35.0,-66.0,-9.0,25.0,17.0,20.0,35.0,-36.0,8.0,-82.0,-5.52,-24.05,38.65,-80.37,-16.94,8.91,1.0700000000000003,10.19,42.480000000000004,7.270000000000003,-0.5,-82.42
2025-08-11T16:54:09.833392,-3.0,23.0,27.0,4.0,-52.0,31.0,-50.0,51.0,45.0,-56.0,22.0,9.0,1.4800000000000004,2.9499999999999993,30.65,-10.37,-59.94,14.91,-65.93,41.19,52.480000000000004,-12.729999999999997,13.5,8.58
2025-08-11T16:54:09.837644,-38.0,13.0,-14.0,111.0,66.0,64.0,27.0,42.0,20.0,-76.0,60.0,15.0,-33.519999999999996,-7.050000000000001,-10.35,96.63,58.06,47.91,11.07,32.19,27.48,-32.73,51.5,14.58
2025-08-11T16:54:09.845509,-42.0,10.0,12.0,8.0,55.0,-16.0,-68.0,-3.0,65.0,-92.0,78.0,-77.0,-37.519999999999996,-10.05,15.65,-6.369999999999999,47.06,-32.09,-83.93,-12.81,72.48,-48.73,69.5,-77.42
2025-08-11T16:54:09.849830,-33.0,-13.0,6.0,63.0,23.0,-11.0,-10.0,34.0,-57.0,-66.0,3.0,-51.0,-28.52,-33.05,9.65,48.63,15.059999999999999,-27.09,-25.93,24.189999999999998,-49.519999999999996,-22.729999999999997,-5.5,-51.42
2025-08-11T16:54:09.857960,23.0,50.0,19.0,1.0,-12.0,32.0,-12.0,109.0,-15.0,-117.0,25.0,17.0,27.48,29.95,22.65,-13.37,-19.94,15.91,-27.93,99.19,-7.52,-73.72999999999999,16.5,16.58
2025-08-11T16:54:09.862140,-86.0,76.0,-19.0,-26.0,42.0,55.0,44.0,76.0,-32.0,-77.0,27.0,-62.0,-81.52,55.95,-15.35,-40.37,34.06,38.91,28.07,66.19,-24.52,-33.73,18.5,-62.42
2025-08-11T16:54:09.870277,38.0,57.0,-40.0,-50.0,17.0,77.0,-11.0,-27.0,-4.0,-16.0,88.0,-5.0,42.480000000000004,36.95,-36.35,-64.37,9.059999999999999,60.91,-26.93,-36.81,3.4800000000000004,27.270000000000003,79.5,-5.42
2025-08-11T16:54:09.874559,-45.0,49.0,-71.0,0.0,19.0,24.0,70.0,-14.0,-43.0,-58.0,47.0,23.0,-40.519999999999996,28.95,-67.35,-14.37,11.059999999999999,7.91,54.07,-23.810000000000002,-35.519999999999996,-14.729999999999997,38.5,22.58
2025-08-11T16:54:09.882561,72.0,41.0,-37.0,-51.0,66.0,5.0,-13.0,51.0,43.0,-37.0,30.0,-14.0,76.48,20.95,-33.35,-65.37,58.06,-11.09,-28.93,41.19,50.480000000000004,6.270000000000003,21.5,-14.42
2025-08-11T16:54:09.887289,51.0,-26.0,-17.0,30.0,-2.0,-28.0,17.0,-52.0,-20.0,11.0,71.0,-2.0,55.480000000000004,-46.05,-13.35,15.63,-9.940000000000001,-44.09,1.0700000000000003,-61.81,-12.52,54.27,62.5,-2.42
2025-08-11T16:54:09.894691,-41.0,12.0,33.0,22.0,-56.0,14.0,74.0,11.0,9.0,-32.0,4.0,-23.0,-36.519999999999996,-8.05,36.65,7.630000000000001,-63.94,-2.09,58.07,1.1899999999999995,16.48,11.270000000000003,-4.5,-23.42
2025-08-11T16:54:09.899575,-55.0,-30.0,-2.0,-19.0,11.0,62.0,-21.0,-43.0,-23.0,-49.0,32.0,5.0,-50.519999999999996,-50.05,1.65,-33.37,3.0599999999999996,45.91,-36.93,-52.81,-15.52,-5.729999999999997,23.5,4.58
2025-08-11T16:54:09.907143,-15.0,0.0,21.0,-20.0,-14.0,7.0,-44.0,-18.0,-18.0,-41.0,20.0,-55.0,-10.52,-20.05,24.65,-34.37,-21.94,-9.09,-59.93,-27.810000000000002,-10.52,2.270000000000003,11.5,-55.42
2025-08-11T16:54:09.911399,-24.0,72.0,-2.0,11.0,26.0,89.0,51.0,-56.0,29.0,-67.0,18.0,10.0,-19.52,51.95,1.65,-3.369999999999999,18.06,72.91,35.07,-65.81,36.480000000000004,-23.729999999999997,9.5,9.58
2025-08-11T16:54:09.915201,-48.0,41.0,-56.0,10.0,75.0,-4.0,59.0,25.0,7.0,-18.0,30.0,-65.0,-43.519999999999996,20.95,-52.35,-4.369999999999999,67.06,-20.09,43.07,15.19,14.48,25.270000000000003,21.5,-65.42
2025-08-11T16:54:09.923496,-48.0,36.0,-32.0,8.0,30.0,22.0,-14.0,32.0,6.0,21.0,58.0,-63.0,-43.519999999999996,15.95,-28.35,-6.369999999999999,22.06,5.91,-29.93,22.189999999999998,13.48,64.27000000000001,49.5,-63.42
2025-08-11T16:54:09.927538,-45.0,92.0,-28.0,6.0,49.0,-12.0,31.0,1.0,10.0,-18.0,26.0,-22.0,-40.519999999999996,71.95,-24.35,-8.37,41.06,-28.09,15.07,-8.81,17.48,25.270000000000003,17.5,-22.42
2025-08-11T16:54:09.935675,29.0,37.0,1.0,28.0,11.0,-12.0,36.0,-1.0,-15.0,-62.0,53.0,17.0,33.480000000000004,16.95,4.65,13.63,3.0599999999999996,-28.09,20.07,-10.81,-7.52,-18.729999999999997,44.5,16.58
2025-08-11T16:54:09.939838,86.0,-45.0,2.0,67.0,29.0,44.0,3.0,-11.0,21.0,-80.0,2.0,14.0,90.48,-65.05,5.65,52.63,21.06,27.91,-12.93,-20.810000000000002,28.48,-36.73,-6.5,13.58
2025-08-11T16:54:09.948067,63.0,-52.0,-33.0,70.0,-15.0,33.0,27.0,-6.0,-22.0,-70.0,30.0,25.0,67.48,-72.05,-29.35,55.63,-22.94,16.91,11.07,-15.81,-14.52,-26.729999999999997,21.5,24.58
2025-08-11T16:54:09.952073,38.0,-20.0,25.0,44.0,4.0,41.0,48.0,8.0,-11.0,-74.0,64.0,20.0,42.480000000000004,-40.05,28.65,29.630000000000003,-3.9400000000000004,24.91,32.07,-1.8100000000000005,-3.5199999999999996,-30.729999999999997,55.5,19.58
2025-08-11T16:54:09.960227,-28.0,2.0,63.0,-38.0,44.0,-20.0,-39.0,48.0,32.0,-81.0,33.0,-79.0,-23.52,-18.05,66.65,-52.37,36.06,-36.09,-54.93,38.19,39.480000000000004,-37.73,24.5,-79.42
2025-08-11T16:54:09.964456,-19.0,-12.0,-4.0,-23.0,3.0,-40.0,90.0,-43.0,57.0,19.0,82.0,-7.0,-14.52,-32.05,-0.3500000000000001,-37.37,-4.94,-56.09,74.07,-52.81,64.48,62.27,73.5,-7.42
2025-08-11T16:54:09.972624,-49.0,83.0,27.0,104.0,-43.0,34.0,-17.0,-49.0,34.0,6.0,61.0,-10.0,-44.519999999999996,62.95,30.65,89.63,-50.94,17.91,-32.93,-58.81,41.480000000000004,49.27,52.5,-10.42
2025-08-11T16:54:09.976740,-31.0,57.0,-58.0,71.0,-39.0,6.0,-41.0,37.0,7.0,-31.0,58.0,-45.0,-26.52,36.95,-54.35,56.63,-46.94,-10.09,-56.93,27.189999999999998,14.48,12.270000000000003,49.5,-45.42
