timestamp,x1,y1,z1,x2,y2,z2,x3,y3,z3,x4,y4,z4,x1_calib,y1_calib,z1_calib,x2_calib,y2_calib,z2_calib,x3_calib,y3_calib,z3_calib,x4_calib,y4_calib,z4_calib
2025-08-19T12:58:32.628695,46.0,47.0,0.0,-100.0,36.0,56.0,0.0,33.0,-50.0,40.0,22.0,-5.0,,,,,,,,,,,,
2025-08-19T12:58:32.632933,88.0,-21.0,15.0,23.0,69.0,-17.0,34.0,61.0,20.0,78.0,-82.0,30.0,,,,,,,,,,,,
2025-08-19T12:58:32.641360,0.0,-18.0,27.0,-25.0,-75.0,-19.0,-15.0,18.0,30.0,-12.0,11.0,52.0,,,,,,,,,,,,
2025-08-19T12:58:32.645344,-37.0,20.0,61.0,-32.0,-53.0,52.0,38.0,32.0,-41.0,25.0,-74.0,27.0,,,,,,,,,,,,
2025-08-19T12:58:32.653485,-25.0,51.0,-68.0,-113.0,1.0,34.0,0.0,60.0,56.0,70.0,-44.0,4.0,,,,,,,,,,,,
2025-08-19T12:58:32.657657,-88.0,63.0,-9.0,-38.0,26.0,23.0,-45.0,27.0,88.0,44.0,-4.0,-8.0,,,,,,,,,,,,
2025-08-19T12:58:32.665543,-85.0,67.0,-49.0,-78.0,62.0,102.0,-12.0,36.0,-34.0,-11.0,27.0,-5.0,,,,,,,,,,,,
2025-08-19T12:58:32.670010,23.0,75.0,-61.0,-100.0,20.0,1.0,-54.0,20.0,24.0,40.0,19.0,-9.0,,,,,,,,,,,,
2025-08-19T12:58:32.677932,1.0,52.0,-27.0,-49.0,64.0,-11.0,-15.0,40.0,36.0,-19.0,-17.0,64.0,,,,,,,,,,,,
2025-08-19T12:58:32.682381,-14.0,-3.0,-7.0,37.0,32.0,-57.0,1.0,-19.0,55.0,88.0,-70.0,46.0,,,,,,,,,,,,
2025-08-19T12:58:32.690397,70.0,-22.0,30.0,-30.0,11.0,18.0,-38.0,-3.0,53.0,51.0,1.0,-33.0,,,,,,,,,,,,
2025-08-19T12:58:32.694797,-13.0,45.0,35.0,-61.0,-34.0,25.0,-90.0,23.0,-17.0,70.0,-49.0,51.0,,,,,,,,,,,,
2025-08-19T12:58:32.702942,11.0,112.0,48.0,-13.0,17.0,-56.0,-122.0,15.0,33.0,-21.0,4.0,-29.0,,,,,,,,,,,,
2025-08-19T12:58:32.707484,-82.0,13.0,-46.0,-44.0,35.0,-5.0,22.0,15.0,-13.0,33.0,15.0,6.0,,,,,,,,,,,,
2025-08-19T12:58:32.715181,38.0,79.0,-107.0,8.0,16.0,20.0,-70.0,42.0,13.0,22.0,-41.0,35.0,,,,,,,,,,,,
2025-08-19T12:58:32.719824,-2.0,-79.0,5.0,-19.0,-13.0,-26.0,-102.0,20.0,3.0,27.0,14.0,-5.0,,,,,,,,,,,,
2025-08-19T12:58:32.727223,-6.0,-37.0,-43.0,69.0,3.0,53.0,14.0,52.0,69.0,28.0,-97.0,-4.0,,,,,,,,,,,,
2025-08-19T12:58:32.731885,-3.0,-44.0,67.0,0.0,-5.0,-29.0,-40.0,-29.0,-10.0,54.0,-5.0,3.0,,,,,,,,,,,,
2025-08-19T12:58:32.739481,-29.0,-73.0,13.0,9.0,-61.0,3.0,-47.0,44.0,113.0,42.0,14.0,-52.0,,,,,,,,,,,,
2025-08-19T12:58:32.744128,-31.0,3.0,9.0,-8.0,-18.0,40.0,-63.0,-42.0,28.0,110.0,-45.0,-98.0,,,,,,,,,,,,
2025-08-19T12:58:32.751830,-25.0,-18.0,8.0,-38.0,12.0,23.0,-44.0,5.0,-14.0,56.0,-22.0,-21.0,,,,,,,,,,,,
2025-08-19T12:58:32.756611,-55.0,40.0,13.0,-61.0,39.0,-71.0,-61.0,37.0,37.0,60.0,-43.0,29.0,,,,,,,,,,,,
2025-08-19T12:58:32.764003,-50.0,22.0,-1.0,-43.0,48.0,-42.0,-68.0,-9.0,37.0,-18.0,19.0,-46.0,,,,,,,,,,,,
2025-08-19T12:58:32.768638,16.0,72.0,32.0,27.0,-13.0,53.0,-14.0,94.0,2.0,75.0,-48.0,-24.0,,,,,,,,,,,,
2025-08-19T12:58:32.776373,18.0,-47.0,17.0,-74.0,-97.0,24.0,-49.0,11.0,55.0,29.0,37.0,-25.0,,,,,,,,,,,,
2025-08-19T12:58:32.781179,34.0,-8.0,46.0,-49.0,-33.0,43.0,-28.0,0.0,-48.0,-26.0,-14.0,-33.0,,,,,,,,,,,,
2025-08-19T12:58:32.788774,-76.0,4.0,-6.0,-77.0,52.0,60.0,-54.0,26.0,-33.0,-19.0,-40.0,-3.0,,,,,,,,,,,,
2025-08-19T12:58:32.793217,-67.0,-21.0,-65.0,38.0,-1.0,-88.0,-44.0,172.0,-57.0,99.0,19.0,-44.0,,,,,,,,,,,,
2025-08-19T12:58:32.800698,32.0,2.0,7.0,6.0,60.0,-37.0,-68.0,44.0,40.0,21.0,-44.0,-47.0,,,,,,,,,,,,
2025-08-19T12:58:32.805485,0.0,22.0,9.0,-4.0,15.0,2.0,-34.0,54.0,16.0,61.0,16.0,-6.0,,,,,,,,,,,,
2025-08-19T12:58:32.809586,35.0,48.0,7.0,-83.0,68.0,5.0,16.0,1.0,71.0,51.0,30.0,-58.0,,,,,,,,,,,,
2025-08-19T12:58:32.817877,21.0,16.0,37.0,-14.0,68.0,-56.0,-32.0,-67.0,11.0,-18.0,37.0,-28.0,,,,,,,,,,,,
2025-08-19T12:58:32.822085,32.0,30.0,-24.0,27.0,39.0,-30.0,15.0,51.0,12.0,-51.0,34.0,-26.0,,,,,,,,,,,,
2025-08-19T12:58:32.830005,-31.0,69.0,-77.0,-60.0,4.0,30.0,-8.0,-4.0,58.0,-39.0,48.0,-4.0,,,,,,,,,,,,
2025-08-19T12:58:32.834363,-20.0,22.0,-57.0,-80.0,30.0,23.0,-60.0,-40.0,38.0,-28.0,-4.0,-70.0,,,,,,,,,,,,
2025-08-19T12:58:32.842267,10.0,-12.0,-56.0,-4.0,76.0,6.0,-9.0,8.0,-16.0,-71.0,66.0,-100.0,,,,,,,,,,,,
2025-08-19T12:58:32.846560,3.0,-7.0,16.0,-76.0,-17.0,17.0,-8.0,32.0,27.0,9.0,66.0,-33.0,,,,,,,,,,,,
2025-08-19T12:58:32.854483,53.0,-28.0,26.0,-64.0,57.0,26.0,78.0,-33.0,-3.0,-29.0,-17.0,-37.0,,,,,,,,,,,,
2025-08-19T12:58:32.859268,41.0,36.0,36.0,-34.0,36.0,25.0,23.0,22.0,12.0,83.0,-13.0,-36.0,,,,,,,,,,,,
2025-08-19T12:58:32.866793,-33.0,1.0,29.0,-7.0,-13.0,-16.0,2.0,-35.0,30.0,-39.0,3.0,-56.0,,,,,,,,,,,,
2025-08-19T12:58:32.871317,-113.0,37.0,22.0,-33.0,55.0,-8.0,38.0,54.0,0.0,-5.0,12.0,-56.0,,,,,,,,,,,,
2025-08-19T12:58:32.880104,-40.0,88.0,71.0,14.0,23.0,14.0,-41.0,-30.0,-6.0,-8.0,43.0,1.0,,,,,,,,,,,,
2025-08-19T12:58:32.883691,-40.0,44.0,-8.0,-24.0,37.0,-9.0,-5.0,20.0,-9.0,-13.0,0.0,-56.0,,,,,,,,,,,,
2025-08-19T12:58:32.891478,23.0,51.0,42.0,42.0,-58.0,-3.0,-26.0,-8.0,16.0,-43.0,35.0,-66.0,,,,,,,,,,,,
2025-08-19T12:58:32.895858,-72.0,32.0,3.0,-44.0,2.0,0.0,1.0,49.0,33.0,-65.0,38.0,-59.0,,,,,,,,,,,,
2025-08-19T12:58:32.903452,-66.0,19.0,18.0,-55.0,30.0,-13.0,-58.0,54.0,-33.0,18.0,79.0,-70.0,,,,,,,,,,,,
2025-08-19T12:58:32.908211,-68.0,55.0,-27.0,-14.0,43.0,-1.0,-16.0,13.0,39.0,-6.0,17.0,-12.0,,,,,,,,,,,,
2025-08-19T12:58:32.915666,-16.0,67.0,-30.0,-29.0,-5.0,-15.0,5.0,37.0,48.0,-88.0,23.0,-39.0,,,,,,,,,,,,
2025-08-19T12:58:32.920211,-24.0,13.0,-59.0,-7.0,96.0,-34.0,-32.0,57.0,45.0,-15.0,93.0,-62.0,,,,,,,,,,,,
2025-08-19T12:58:32.927902,-28.0,-15.0,18.0,4.0,18.0,-27.0,-16.0,50.0,50.0,0.0,63.0,-84.0,,,,,,,,,,,,
2025-08-19T12:58:32.932810,39.0,3.0,35.0,-63.0,17.0,-29.0,-49.0,-32.0,60.0,-82.0,61.0,-38.0,,,,,,,,,,,,
2025-08-19T12:58:32.940455,-88.0,11.0,-14.0,-22.0,15.0,-3.0,41.0,-28.0,-2.0,-53.0,19.0,-31.0,,,,,,,,,,,,
2025-08-19T12:58:32.944968,-4.0,125.0,14.0,-84.0,87.0,57.0,-96.0,56.0,40.0,-36.0,51.0,-61.0,,,,,,,,,,,,
2025-08-19T12:58:32.952484,-29.0,33.0,-26.0,-9.0,12.0,-79.0,-29.0,27.0,24.0,-22.0,50.0,2.0,,,,,,,,,,,,
2025-08-19T12:58:32.957366,-38.0,79.0,-96.0,-30.0,106.0,-67.0,-40.0,44.0,23.0,-44.0,48.0,-21.0,,,,,,,,,,,,
2025-08-19T12:58:32.964849,9.0,72.0,-35.0,22.0,84.0,-70.0,-53.0,-1.0,-58.0,-36.0,6.0,-31.0,,,,,,,,,,,,
2025-08-19T12:58:32.969542,30.0,61.0,-35.0,20.0,8.0,3.0,-120.0,53.0,-41.0,-87.0,31.0,-27.0,,,,,,,,,,,,
2025-08-19T12:58:32.977245,8.0,31.0,-37.0,-86.0,12.0,-74.0,-77.0,63.0,17.0,-49.0,-10.0,-44.0,,,,,,,,,,,,
2025-08-19T12:58:32.981707,-2.0,-22.0,-26.0,-25.0,-8.0,3.0,-34.0,51.0,2.0,-20.0,-6.0,-14.0,,,,,,,,,,,,
2025-08-19T12:58:32.985856,-12.0,-1.0,-18.0,-17.0,-47.0,7.0,-24.0,4.0,11.0,11.0,-40.0,-68.0,,,,,,,,,,,,
2025-08-19T12:58:32.994008,-13.0,-16.0,39.0,-1.0,15.0,-24.0,-31.0,42.0,-35.0,-38.0,29.0,-68.0,,,,,,,,,,,,
2025-08-19T12:58:32.998234,-45.0,-59.0,-20.0,4.0,24.0,-30.0,7.0,29.0,-40.0,-32.0,45.0,-72.0,,,,,,,,,,,,
2025-08-19T12:58:33.006190,-59.0,-29.0,-8.0,-31.0,30.0,-16.0,-6.0,65.0,7.0,-20.0,-10.0,-2.0,,,,,,,,,,,,
2025-08-19T12:58:33.010370,-29.0,-1.0,-22.0,14.0,14.0,7.0,32.0,54.0,33.0,2.0,68.0,-50.0,,,,,,,,,,,,
2025-08-19T12:58:33.018551,-162.0,-33.0,40.0,22.0,-81.0,-81.0,-15.0,17.0,26.0,-4.0,-3.0,-28.0,,,,,,,,,,,,
2025-08-19T12:58:33.022726,21.0,20.0,-11.0,22.0,-59.0,-71.0,-19.0,57.0,-84.0,47.0,85.0,-70.0,,,,,,,,,,,,
2025-08-19T12:58:33.030447,-36.0,60.0,68.0,9.0,3.0,33.0,47.0,42.0,76.0,-42.0,10.0,-28.0,,,,,,,,,,,,
2025-08-19T12:58:33.035453,-46.0,30.0,31.0,8.0,-16.0,43.0,-43.0,58.0,20.0,-66.0,53.0,-43.0,,,,,,,,,,,,
2025-08-19T12:58:33.042919,20.0,48.0,-77.0,28.0,2.0,-5.0,-20.0,-26.0,46.0,15.0,40.0,-39.0,,,,,,,,,,,,
2025-08-19T12:58:33.047614,-6.0,-25.0,-20.0,40.0,37.0,-14.0,8.0,37.0,27.0,-17.0,44.0,-45.0,,,,,,,,,,,,
2025-08-19T12:58:33.055006,1.0,27.0,-55.0,-95.0,14.0,5.0,16.0,50.0,2.0,-41.0,75.0,-43.0,,,,,,,,,,,,
2025-08-19T12:58:33.059929,-31.0,22.0,-12.0,9.0,-13.0,13.0,-7.0,-28.0,24.0,-35.0,44.0,-51.0,,,,,,,,,,,,
2025-08-19T12:58:33.067542,0.0,-37.0,-45.0,-85.0,-11.0,49.0,59.0,106.0,8.0,-61.0,1.0,-28.0,,,,,,,,,,,,
2025-08-19T12:58:33.072026,-26.0,-42.0,19.0,-53.0,-2.0,10.0,44.0,-2.0,-4.0,-43.0,-28.0,-40.0,,,,,,,,,,,,
2025-08-19T12:58:33.080105,-40.0,-41.0,52.0,-85.0,42.0,-25.0,12.0,98.0,17.0,-75.0,41.0,-48.0,,,,,,,,,,,,
2025-08-19T12:58:33.084093,-60.0,45.0,35.0,34.0,27.0,8.0,-93.0,29.0,36.0,6.0,22.0,3.0,,,,,,,,,,,,
2025-08-19T12:58:33.091788,-31.0,29.0,24.0,10.0,55.0,36.0,4.0,53.0,-56.0,20.0,6.0,2.0,,,,,,,,,,,,
2025-08-19T12:58:33.096552,-50.0,97.0,-25.0,0.0,39.0,14.0,74.0,-52.0,16.0,-10.0,27.0,-48.0,,,,,,,,,,,,
2025-08-19T12:58:33.104109,-23.0,28.0,-93.0,-68.0,-8.0,22.0,50.0,60.0,49.0,46.0,-69.0,-67.0,,,,,,,,,,,,
2025-08-19T12:58:33.108884,15.0,36.0,-71.0,-112.0,12.0,1.0,-59.0,21.0,42.0,-44.0,7.0,-72.0,,,,,,,,,,,,
2025-08-19T12:58:33.116476,-24.0,25.0,-36.0,-97.0,64.0,-9.0,-38.0,29.0,22.0,-21.0,38.0,-3.0,,,,,,,,,,,,
2025-08-19T12:58:33.121023,48.0,-56.0,-34.0,-3.0,71.0,6.0,-24.0,-21.0,6.0,-51.0,71.0,-33.0,,,,,,,,,,,,
2025-08-19T12:58:33.128666,20.0,-3.0,82.0,-28.0,-6.0,-39.0,-48.0,-9.0,-4.0,-67.0,35.0,-35.0,,,,,,,,,,,,
2025-08-19T12:58:33.133209,71.0,4.0,-20.0,-17.0,-15.0,-49.0,-38.0,-9.0,17.0,-8.0,52.0,-41.0,,,,,,,,,,,,
2025-08-19T12:58:33.140792,-20.0,-20.0,97.0,-10.0,-21.0,-49.0,29.0,54.0,-3.0,2.0,11.0,-60.0,,,,,,,,,,,,
2025-08-19T12:58:33.145541,-14.0,27.0,23.0,-44.0,-33.0,-51.0,-14.0,55.0,21.0,-26.0,-14.0,-53.0,,,,,,,,,,,,
2025-08-19T12:58:33.152961,6.0,86.0,13.0,-31.0,44.0,14.0,-55.0,-12.0,22.0,30.0,8.0,-19.0,,,,,,,,,,,,
2025-08-19T12:58:33.158443,-21.0,44.0,-16.0,-44.0,5.0,39.0,-88.0,-46.0,28.0,-48.0,49.0,-8.0,,,,,,,,,,,,
2025-08-19T12:58:33.165222,13.0,22.0,-116.0,1.0,15.0,-16.0,-73.0,-25.0,-21.0,30.0,7.0,-12.0,,,,,,,,,,,,
2025-08-19T12:58:33.169764,-18.0,41.0,-51.0,-58.0,-41.0,-38.0,-22.0,48.0,61.0,-22.0,49.0,-36.0,,,,,,,,,,,,
2025-08-19T12:58:33.173892,3.0,-33.0,65.0,34.0,40.0,78.0,-63.0,64.0,-40.0,-29.0,79.0,-54.0,,,,,,,,,,,,
2025-08-19T12:58:33.181917,27.0,-7.0,23.0,-102.0,10.0,28.0,-26.0,-59.0,76.0,-43.0,61.0,49.0,,,,,,,,,,,,
2025-08-19T12:58:33.189824,-63.0,-10.0,14.0,-64.0,14.0,-28.0,-89.0,-13.0,36.0,24.0,-7.0,13.0,,,,,,,,,,,,
2025-08-19T12:58:33.194095,-37.0,80.0,12.0,-37.0,20.0,-35.0,42.0,54.0,11.0,-45.0,36.0,-80.0,,,,,,,,,,,,
2025-08-19T12:58:33.202198,-85.0,47.0,-74.0,-13.0,-33.0,-35.0,-61.0,-28.0,-23.0,7.0,58.0,-4.0,,,,,,,,,,,,
2025-08-19T12:58:33.206604,-56.0,43.0,-55.0,10.0,-42.0,-1.0,-4.0,11.0,57.0,-51.0,-25.0,-20.0,,,,,,,,,,,,
2025-08-19T12:58:33.210592,51.0,89.0,-42.0,27.0,3.0,-3.0,11.0,-32.0,44.0,22.0,34.0,-75.0,,,,,,,,,,,,
2025-08-19T12:58:33.218763,-45.0,44.0,6.0,-2.0,9.0,24.0,11.0,-17.0,53.0,-50.0,70.0,-27.0,,,,,,,,,,,,
2025-08-19T12:58:33.222836,5.0,12.0,30.0,-88.0,51.0,-50.0,-82.0,73.0,67.0,-29.0,8.0,-49.0,,,,,,,,,,,,
2025-08-19T12:58:33.231059,13.0,69.0,1.0,-23.0,57.0,-26.0,-38.0,44.0,-11.0,-5.0,-5.0,-36.0,,,,,,,,,,,,
2025-08-19T12:58:33.235188,-21.0,-65.0,32.0,-82.0,8.0,28.0,33.0,19.0,60.0,-16.0,9.0,-16.0,,,,,,,,,,,,
2025-08-19T12:58:33.243281,33.0,90.0,35.0,-77.0,80.0,-38.0,-11.0,87.0,90.0,-45.0,29.0,-6.0,,,,,,,,,,,,
2025-08-19T12:58:33.247743,-30.0,-40.0,39.0,-31.0,0.0,-97.0,-37.0,4.0,20.0,-5.0,51.0,-38.0,,,,,,,,,,,,
2025-08-19T12:58:33.255754,-52.0,-10.0,27.0,-29.0,-13.0,-40.0,-33.0,29.0,-12.0,-26.0,37.0,-30.0,,,,,,,,,,,,
2025-08-19T12:58:33.260177,-52.0,59.0,4.0,-23.0,-1.0,20.0,-17.0,21.0,-29.0,-4.0,42.0,-42.0,,,,,,,,,,,,
2025-08-19T12:58:33.268108,-23.0,24.0,53.0,-75.0,-5.0,-25.0,-20.0,85.0,-20.0,-23.0,-14.0,-11.0,,,,,,,,,,,,
2025-08-19T12:58:33.272824,6.0,31.0,-48.0,-4.0,-40.0,13.0,-12.0,54.0,5.0,6.0,-16.0,-11.0,,,,,,,,,,,,
2025-08-19T12:58:33.280378,-24.0,28.0,-3.0,-23.0,9.0,6.0,28.0,-20.0,-30.0,-9.0,9.0,-24.0,,,,,,,,,,,,
2025-08-19T12:58:33.284897,-23.0,35.0,13.0,-85.0,44.0,13.0,5.0,88.0,11.0,5.0,24.0,-35.0,,,,,,,,,,,,
2025-08-19T12:58:33.292691,4.0,18.0,-53.0,-15.0,-27.0,41.0,5.0,-7.0,-69.0,-48.0,38.0,-32.0,,,,,,,,,,,,
2025-08-19T12:58:33.297160,29.0,37.0,-79.0,-99.0,44.0,-1.0,-15.0,110.0,-25.0,-51.0,27.0,-12.0,,,,,,,,,,,,
2025-08-19T12:58:33.304848,67.0,-63.0,-40.0,5.0,13.0,-72.0,-15.0,14.0,42.0,-1.0,53.0,85.0,,,,,,,,,,,,
2025-08-19T12:58:33.309680,21.0,-53.0,-20.0,16.0,-18.0,-25.0,1.0,87.0,-94.0,-50.0,42.0,-53.0,,,,,,,,,,,,
2025-08-19T12:58:33.317103,7.0,-51.0,-1.0,29.0,-9.0,6.0,25.0,32.0,13.0,-48.0,55.0,-10.0,,,,,,,,,,,,
2025-08-19T12:58:33.321840,5.0,-5.0,16.0,-18.0,-47.0,18.0,22.0,-7.0,-10.0,-52.0,45.0,-27.0,,,,,,,,,,,,
2025-08-19T12:58:33.326254,5.0,20.0,27.0,-66.0,25.0,19.0,6.0,7.0,-2.0,-44.0,17.0,-50.0,,,,,,,,,,,,
2025-08-19T12:58:33.333874,-21.0,13.0,60.0,-81.0,19.0,54.0,-42.0,38.0,-28.0,10.0,11.0,11.0,,,,,,,,,,,,
2025-08-19T12:58:33.341518,-9.0,26.0,59.0,-1.0,22.0,-12.0,-6.0,-9.0,-6.0,-48.0,63.0,-25.0,,,,,,,,,,,,
2025-08-19T12:58:33.346247,-1.0,1.0,-17.0,14.0,-3.0,-16.0,39.0,-26.0,-25.0,-63.0,53.0,-107.0,,,,,,,,,,,,
2025-08-19T12:58:33.350647,-46.0,44.0,74.0,-29.0,31.0,4.0,-35.0,72.0,-10.0,-2.0,38.0,-38.0,,,,,,,,,,,,
2025-08-19T12:58:33.358363,-42.0,51.0,-3.0,27.0,9.0,21.0,-26.0,96.0,10.0,3.0,25.0,-58.0,,,,,,,,,,,,
2025-08-19T12:58:33.362676,-36.0,87.0,-54.0,46.0,16.0,15.0,13.0,55.0,31.0,1.0,48.0,-13.0,,,,,,,,,,,,
2025-08-19T12:58:33.370757,-16.0,-22.0,-44.0,-21.0,-28.0,23.0,35.0,7.0,29.0,-51.0,17.0,-79.0,,,,,,,,,,,,
2025-08-19T12:58:33.374951,7.0,35.0,-39.0,-87.0,17.0,14.0,-50.0,-8.0,18.0,-26.0,71.0,-54.0,,,,,,,,,,,,
2025-08-19T12:58:33.382940,3.0,36.0,18.0,-46.0,-4.0,-37.0,-65.0,33.0,-3.0,24.0,-10.0,-62.0,,,,,,,,,,,,
2025-08-19T12:58:33.387314,-12.0,73.0,-13.0,-40.0,12.0,-20.0,-2.0,3.0,-58.0,-47.0,63.0,-11.0,,,,,,,,,,,,
2025-08-19T12:58:33.395230,-10.0,-31.0,46.0,-17.0,-21.0,-13.0,-48.0,-9.0,-27.0,-87.0,-20.0,-15.0,,,,,,,,,,,,
2025-08-19T12:58:33.399531,-9.0,-7.0,3.0,-33.0,-33.0,-11.0,-61.0,9.0,27.0,-24.0,44.0,29.0,,,,,,,,,,,,
2025-08-19T12:58:33.407555,-59.0,10.0,-38.0,-6.0,-37.0,82.0,67.0,53.0,70.0,-39.0,-5.0,-48.0,,,,,,,,,,,,
2025-08-19T12:58:33.412189,-54.0,56.0,61.0,-34.0,-34.0,52.0,-54.0,52.0,33.0,-26.0,84.0,-90.0,,,,,,,,,,,,
2025-08-19T12:58:33.419594,-1.0,75.0,-25.0,-82.0,10.0,47.0,-74.0,11.0,85.0,-10.0,-3.0,-21.0,,,,,,,,,,,,
2025-08-19T12:58:33.424317,-27.0,109.0,-66.0,-111.0,53.0,0.0,28.0,40.0,24.0,-44.0,-36.0,-75.0,,,,,,,,,,,,
2025-08-19T12:58:33.432010,-12.0,31.0,-101.0,34.0,56.0,38.0,-65.0,-18.0,63.0,45.0,67.0,-18.0,,,,,,,,,,,,
2025-08-19T12:58:33.436589,-69.0,-40.0,-34.0,34.0,-5.0,-38.0,56.0,103.0,-2.0,-56.0,25.0,-60.0,,,,,,,,,,,,
2025-08-19T12:58:33.444184,30.0,18.0,36.0,-35.0,3.0,-54.0,3.0,-5.0,-9.0,5.0,57.0,-71.0,,,,,,,,,,,,
2025-08-19T12:58:33.448961,49.0,-15.0,29.0,12.0,-55.0,17.0,-38.0,39.0,40.0,-8.0,-3.0,-4.0,,,,,,,,,,,,
2025-08-19T12:58:33.456525,-6.0,43.0,-43.0,-43.0,16.0,36.0,-46.0,52.0,34.0,-10.0,39.0,-2.0,,,,,,,,,,,,
2025-08-19T12:58:33.461152,-81.0,88.0,41.0,-47.0,-14.0,-6.0,-20.0,63.0,26.0,20.0,11.0,20.0,,,,,,,,,,,,
2025-08-19T12:58:33.468815,-41.0,10.0,-68.0,-63.0,16.0,-51.0,-31.0,69.0,-54.0,-18.0,36.0,80.0,,,,,,,,,,,,
2025-08-19T12:58:33.473518,47.0,45.0,-31.0,23.0,33.0,-29.0,39.0,113.0,-22.0,-26.0,39.0,51.0,,,,,,,,,,,,
2025-08-19T12:58:33.480927,63.0,-24.0,-82.0,-19.0,28.0,39.0,-69.0,27.0,-32.0,38.0,-26.0,-16.0,,,,,,,,,,,,
2025-08-19T12:58:33.485794,49.0,0.0,-34.0,-23.0,5.0,-5.0,-23.0,-17.0,37.0,-46.0,53.0,54.0,,,,,,,,,,,,
2025-08-19T12:58:33.493279,-9.0,48.0,60.0,15.0,-1.0,-15.0,2.0,-10.0,17.0,0.0,124.0,9.0,,,,,,,,,,,,
2025-08-19T12:58:33.498018,95.0,-34.0,52.0,-47.0,39.0,19.0,-11.0,7.0,-2.0,-3.0,-44.0,-7.0,,,,,,,,,,,,
2025-08-19T12:58:33.505345,35.0,-51.0,3.0,14.0,-59.0,1.0,33.0,29.0,9.0,47.0,-56.0,-13.0,,,,,,,,,,,,
2025-08-19T12:58:33.510021,22.0,-67.0,8.0,-31.0,74.0,-11.0,-49.0,-20.0,50.0,59.0,-8.0,36.0,,,,,,,,,,,,
2025-08-19T12:58:33.517723,12.0,-30.0,34.0,-61.0,19.0,29.0,-4.0,52.0,-33.0,-5.0,6.0,12.0,,,,,,,,,,,,
2025-08-19T12:58:33.522317,-15.0,-15.0,1.0,57.0,39.0,-6.0,-5.0,39.0,62.0,34.0,-10.0,68.0,,,,,,,,,,,,
2025-08-19T12:58:33.529929,-63.0,-67.0,6.0,2.0,65.0,-51.0,-5.0,32.0,-61.0,-37.0,-20.0,43.0,,,,,,,,,,,,
2025-08-19T12:58:33.534707,-68.0,8.0,18.0,-98.0,-11.0,10.0,29.0,-23.0,13.0,-31.0,-53.0,72.0,,,,,,,,,,,,
2025-08-19T12:58:33.542372,24.0,12.0,-4.0,-57.0,-38.0,-34.0,-27.0,17.0,63.0,54.0,-48.0,-20.0,,,,,,,,,,,,
2025-08-19T12:58:33.547019,0.0,76.0,-43.0,-34.0,-24.0,27.0,-18.0,66.0,-13.0,-22.0,-21.0,30.0,,,,,,,,,,,,
2025-08-19T12:58:33.554604,42.0,61.0,-47.0,-6.0,33.0,-15.0,-28.0,37.0,24.0,84.0,-55.0,17.0,,,,,,,,,,,,
2025-08-19T12:58:33.559119,-37.0,-63.0,-24.0,-21.0,50.0,31.0,3.0,-4.0,-11.0,46.0,-24.0,-22.0,,,,,,,,,,,,
2025-08-19T12:58:33.566672,-16.0,20.0,-24.0,-59.0,52.0,-20.0,-55.0,74.0,46.0,-26.0,-45.0,56.0,,,,,,,,,,,,
2025-08-19T12:58:33.571421,-7.0,-21.0,38.0,-8.0,57.0,-2.0,-70.0,81.0,54.0,-17.0,-26.0,-4.0,,,,,,,,,,,,
2025-08-19T12:58:33.575586,-31.0,31.0,47.0,-59.0,-24.0,-70.0,0.0,30.0,40.0,-10.0,17.0,29.0,,,,,,,,,,,,
2025-08-19T12:58:33.583581,30.0,59.0,57.0,-48.0,64.0,-28.0,-64.0,35.0,11.0,28.0,3.0,19.0,,,,,,,,,,,,
2025-08-19T12:58:33.587930,-48.0,-11.0,15.0,2.0,-11.0,-8.0,-69.0,21.0,37.0,26.0,-58.0,75.0,,,,,,,,,,,,
2025-08-19T12:58:33.595866,-42.0,109.0,-26.0,-36.0,45.0,18.0,-93.0,8.0,2.0,66.0,-6.0,45.0,,,,,,,,,,,,
2025-08-19T12:58:33.600282,7.0,53.0,-106.0,-32.0,-16.0,-23.0,-25.0,106.0,31.0,-3.0,-75.0,33.0,,,,,,,,,,,,
2025-08-19T12:58:33.608133,-17.0,-48.0,-109.0,7.0,1.0,-20.0,-83.0,54.0,42.0,33.0,-100.0,19.0,,,,,,,,,,,,
2025-08-19T12:58:33.612416,35.0,30.0,25.0,-2.0,-9.0,-15.0,-57.0,73.0,80.0,76.0,-10.0,52.0,,,,,,,,,,,,
2025-08-19T12:58:33.620625,39.0,-119.0,37.0,19.0,12.0,76.0,-50.0,30.0,-10.0,14.0,-15.0,7.0,,,,,,,,,,,,
2025-08-19T12:58:33.624711,-27.0,16.0,9.0,5.0,43.0,-35.0,-55.0,2.0,56.0,14.0,23.0,-49.0,,,,,,,,,,,,
2025-08-19T12:58:33.632653,-41.0,19.0,8.0,-52.0,68.0,-55.0,-22.0,70.0,52.0,-15.0,18.0,103.0,,,,,,,,,,,,
2025-08-19T12:58:33.637114,-50.0,75.0,18.0,-43.0,42.0,-19.0,-56.0,89.0,73.0,48.0,-62.0,65.0,,,,,,,,,,,,
2025-08-19T12:58:33.644938,-70.0,25.0,3.0,-16.0,47.0,-29.0,-46.0,136.0,-17.0,40.0,5.0,54.0,,,,,,,,,,,,
2025-08-19T12:58:33.649431,36.0,127.0,23.0,-25.0,-103.0,-84.0,-18.0,41.0,35.0,47.0,-27.0,-3.0,,,,,,,,,,,,
2025-08-19T12:58:33.657397,-25.0,-24.0,-4.0,57.0,-32.0,14.0,-35.0,57.0,-24.0,47.0,20.0,56.0,,,,,,,,,,,,
2025-08-19T12:58:33.661657,18.0,13.0,84.0,-39.0,64.0,15.0,-17.0,54.0,-7.0,53.0,-14.0,39.0,,,,,,,,,,,,
2025-08-19T12:58:33.669581,51.0,-70.0,10.0,-65.0,120.0,-4.0,61.0,31.0,-46.0,52.0,22.0,17.0,,,,,,,,,,,,
2025-08-19T12:58:33.673977,-49.0,-53.0,40.0,-25.0,43.0,-11.0,-14.0,58.0,91.0,-9.0,-33.0,24.0,,,,,,,,,,,,
2025-08-19T12:58:33.681888,-51.0,51.0,-7.0,-10.0,14.0,-15.0,36.0,10.0,46.0,41.0,-64.0,7.0,,,,,,,,,,,,
2025-08-19T12:58:33.686576,-4.0,26.0,-57.0,2.0,16.0,-5.0,-19.0,-13.0,75.0,-4.0,-9.0,29.0,,,,,,,,,,,,
2025-08-19T12:58:33.694014,2.0,7.0,-14.0,-15.0,-42.0,-45.0,25.0,26.0,-34.0,35.0,-2.0,-36.0,,,,,,,,,,,,
2025-08-19T12:58:33.698585,16.0,87.0,-67.0,60.0,46.0,27.0,48.0,-3.0,16.0,47.0,-13.0,-6.0,,,,,,,,,,,,
2025-08-19T12:58:33.706394,102.0,81.0,-52.0,13.0,25.0,44.0,-40.0,42.0,78.0,16.0,-6.0,-16.0,,,,,,,,,,,,
2025-08-19T12:58:33.710886,-25.0,2.0,-76.0,-51.0,48.0,45.0,-25.0,46.0,42.0,14.0,-44.0,-31.0,,,,,,,,,,,,
2025-08-19T12:58:33.718617,34.0,-31.0,9.0,-60.0,39.0,5.0,-62.0,44.0,45.0,42.0,-28.0,-67.0,,,,,,,,,,,,
2025-08-19T12:58:33.723593,-21.0,-36.0,70.0,-28.0,20.0,-13.0,21.0,11.0,65.0,16.0,23.0,-65.0,,,,,,,,,,,,
2025-08-19T12:58:33.730806,21.0,-40.0,82.0,-57.0,31.0,-49.0,-30.0,47.0,17.0,-4.0,-60.0,15.0,,,,,,,,,,,,
2025-08-19T12:58:33.735607,-37.0,-11.0,10.0,25.0,-19.0,-3.0,-57.0,95.0,47.0,89.0,19.0,2.0,,,,,,,,,,,,
2025-08-19T12:58:33.743091,-27.0,7.0,-22.0,-62.0,-34.0,45.0,-30.0,13.0,-24.0,51.0,-68.0,-31.0,,,,,,,,,,,,
2025-08-19T12:58:33.747415,64.0,100.0,-10.0,-53.0,-12.0,101.0,-6.0,13.0,56.0,2.0,-45.0,-21.0,,,,,,,,,,,,
2025-08-19T12:58:33.755139,35.0,-1.0,-38.0,-39.0,29.0,34.0,-25.0,40.0,4.0,66.0,-46.0,-43.0,,,,,,,,,,,,
2025-08-19T12:58:33.759425,9.0,38.0,7.0,-19.0,56.0,-22.0,-58.0,26.0,-22.0,38.0,5.0,-83.0,,,,,,,,,,,,
2025-08-19T12:58:33.767411,68.0,-8.0,6.0,-24.0,63.0,19.0,-37.0,27.0,45.0,105.0,12.0,-45.0,,,,,,,,,,,,
2025-08-19T12:58:33.771465,-3.0,-7.0,29.0,-53.0,-8.0,2.0,9.0,58.0,68.0,82.0,67.0,-35.0,,,,,,,,,,,,
2025-08-19T12:58:33.779557,25.0,-53.0,27.0,-30.0,-4.0,-26.0,53.0,17.0,11.0,-23.0,-8.0,-48.0,,,,,,,,,,,,
2025-08-19T12:58:33.783913,-49.0,43.0,-11.0,-90.0,-38.0,63.0,-41.0,13.0,18.0,9.0,20.0,-20.0,,,,,,,,,,,,
2025-08-19T12:58:33.791999,-21.0,97.0,-49.0,-74.0,-73.0,-28.0,-67.0,38.0,37.0,-30.0,-11.0,-39.0,,,,,,,,,,,,
2025-08-19T12:58:33.796256,42.0,67.0,-50.0,-22.0,38.0,12.0,-56.0,31.0,103.0,-20.0,54.0,15.0,,,,,,,,,,,,
2025-08-19T12:58:33.800441,7.0,14.0,-89.0,-37.0,85.0,26.0,20.0,33.0,-14.0,-4.0,21.0,13.0,,,,,,,,,,,,
2025-08-19T12:58:33.808530,29.0,-26.0,-61.0,3.0,4.0,-28.0,-67.0,113.0,-3.0,-11.0,73.0,-21.0,,,,,,,,,,,,
2025-08-19T12:58:33.812430,-9.0,-65.0,-40.0,-57.0,73.0,-3.0,-1.0,-39.0,-70.0,2.0,4.0,-52.0,,,,,,,,,,,,
2025-08-19T12:58:33.820676,16.0,-33.0,-29.0,35.0,47.0,-29.0,-39.0,83.0,5.0,-49.0,72.0,37.0,,,,,,,,,,,,
2025-08-19T12:58:33.824744,-2.0,-66.0,51.0,31.0,12.0,-34.0,20.0,24.0,53.0,-10.0,37.0,29.0,,,,,,,,,,,,
2025-08-19T12:58:33.833093,-62.0,-7.0,84.0,39.0,-4.0,-49.0,8.0,15.0,-45.0,-45.0,64.0,19.0,,,,,,,,,,,,
2025-08-19T12:58:33.837075,-9.0,18.0,21.0,-15.0,41.0,-73.0,-2.0,60.0,27.0,-32.0,-5.0,32.0,,,,,,,,,,,,
2025-08-19T12:58:33.845171,4.0,-33.0,59.0,26.0,12.0,56.0,-47.0,2.0,-60.0,1.0,-65.0,72.0,,,,,,,,,,,,
2025-08-19T12:58:33.849627,-70.0,3.0,36.0,-1.0,11.0,38.0,43.0,81.0,60.0,101.0,-42.0,53.0,,,,,,,,,,,,
2025-08-19T12:58:33.857485,16.0,58.0,53.0,-13.0,4.0,-39.0,-49.0,88.0,46.0,23.0,-32.0,-3.0,,,,,,,,,,,,
2025-08-19T12:58:33.861793,-30.0,50.0,-5.0,-124.0,56.0,36.0,-7.0,46.0,39.0,43.0,17.0,8.0,,,,,,,,,,,,
2025-08-19T12:58:33.869840,28.0,97.0,-65.0,-57.0,8.0,4.0,-51.0,66.0,24.0,31.0,13.0,61.0,,,,,,,,,,,,
2025-08-19T12:58:33.874593,64.0,62.0,-38.0,-84.0,37.0,-18.0,7.0,42.0,45.0,56.0,-30.0,21.0,,,,,,,,,,,,
2025-08-19T12:58:33.882501,19.0,-43.0,10.0,22.0,53.0,4.0,-12.0,30.0,-40.0,25.0,-76.0,43.0,,,,,,,,,,,,
2025-08-19T12:58:33.886991,3.0,-24.0,15.0,-48.0,7.0,-24.0,-15.0,42.0,3.0,49.0,-66.0,32.0,,,,,,,,,,,,
2025-08-19T12:58:33.894655,70.0,-39.0,26.0,13.0,-18.0,67.0,9.0,17.0,39.0,46.0,-45.0,40.0,,,,,,,,,,,,
2025-08-19T12:58:33.899708,-112.0,41.0,16.0,-56.0,83.0,-35.0,8.0,68.0,63.0,-21.0,-18.0,47.0,,,,,,,,,,,,
2025-08-19T12:58:33.906801,8.0,10.0,3.0,-100.0,74.0,61.0,25.0,76.0,9.0,64.0,-18.0,69.0,,,,,,,,,,,,
2025-08-19T12:58:33.911547,-88.0,-16.0,95.0,-61.0,52.0,-31.0,16.0,39.0,-8.0,38.0,-2.0,41.0,,,,,,,,,,,,
2025-08-19T12:58:33.919132,-86.0,42.0,44.0,-10.0,59.0,-19.0,-20.0,2.0,-7.0,26.0,-39.0,10.0,,,,,,,,,,,,
2025-08-19T12:58:33.923961,-66.0,14.0,-18.0,8.0,99.0,-48.0,-50.0,29.0,-15.0,63.0,-49.0,12.0,,,,,,,,,,,,
2025-08-19T12:58:33.931205,-43.0,64.0,-52.0,34.0,49.0,-47.0,4.0,19.0,-43.0,20.0,-77.0,43.0,,,,,,,,,,,,
2025-08-19T12:58:33.936144,44.0,-34.0,-57.0,34.0,27.0,41.0,-67.0,-15.0,-10.0,23.0,-56.0,67.0,,,,,,,,,,,,
2025-08-19T12:58:33.943701,65.0,-16.0,73.0,-25.0,2.0,60.0,58.0,89.0,-5.0,43.0,-40.0,33.0,,,,,,,,,,,,
2025-08-19T12:58:33.948115,4.0,44.0,60.0,-56.0,42.0,84.0,-29.0,35.0,23.0,-13.0,38.0,0.0,,,,,,,,,,,,
2025-08-19T12:58:33.952354,94.0,-45.0,53.0,-2.0,17.0,79.0,76.0,41.0,70.0,15.0,-53.0,53.0,,,,,,,,,,,,
2025-08-19T12:58:33.960418,101.0,2.0,-17.0,-38.0,1.0,-4.0,32.0,56.0,13.0,64.0,28.0,2.0,,,,,,,,,,,,
2025-08-19T12:58:33.964623,23.0,-8.0,34.0,-72.0,-8.0,-40.0,30.0,54.0,1.0,78.0,-52.0,40.0,,,,,,,,,,,,
2025-08-19T12:58:33.972871,59.0,-1.0,30.0,-68.0,66.0,-27.0,-20.0,67.0,28.0,70.0,-15.0,-42.0,,,,,,,,,,,,
2025-08-19T12:58:33.976905,-27.0,9.0,29.0,7.0,25.0,-79.0,10.0,10.0,-32.0,5.0,-15.0,56.0,,,,,,,,,,,,
2025-08-19T12:58:33.985117,-27.0,39.0,28.0,-46.0,-13.0,-11.0,3.0,57.0,-33.0,73.0,-30.0,-18.0,,,,,,,,,,,,
2025-08-19T12:58:33.989436,27.0,36.0,5.0,-22.0,43.0,-2.0,-33.0,45.0,47.0,73.0,-46.0,9.0,,,,,,,,,,,,
2025-08-19T12:58:33.997264,-59.0,-4.0,16.0,-73.0,65.0,23.0,-13.0,-40.0,42.0,75.0,-54.0,11.0,,,,,,,,,,,,
2025-08-19T12:58:34.001466,-11.0,3.0,29.0,0.0,52.0,70.0,-33.0,11.0,36.0,-2.0,0.0,-15.0,,,,,,,,,,,,
2025-08-19T12:58:34.009612,-72.0,75.0,-28.0,-57.0,50.0,34.0,12.0,111.0,6.0,17.0,-27.0,-30.0,,,,,,,,,,,,
2025-08-19T12:58:34.013924,38.0,51.0,-5.0,-7.0,30.0,-40.0,7.0,13.0,36.0,-29.0,-79.0,-20.0,,,,,,,,,,,,
2025-08-19T12:58:34.021766,-31.0,61.0,-19.0,43.0,33.0,28.0,-58.0,73.0,37.0,69.0,-48.0,-29.0,,,,,,,,,,,,
2025-08-19T12:58:34.026199,23.0,-64.0,-34.0,63.0,-41.0,17.0,-45.0,55.0,28.0,-14.0,-16.0,-61.0,,,,,,,,,,,,
2025-08-19T12:58:34.034127,56.0,66.0,15.0,-50.0,-32.0,-17.0,-28.0,75.0,30.0,42.0,-38.0,-34.0,,,,,,,,,,,,
2025-08-19T12:58:34.038353,-10.0,-23.0,54.0,-26.0,-59.0,4.0,9.0,70.0,7.0,0.0,17.0,-12.0,,,,,,,,,,,,
2025-08-19T12:58:34.046408,-14.0,33.0,21.0,-23.0,-15.0,14.0,29.0,34.0,-1.0,78.0,18.0,-17.0,,,,,,,,,,,,
2025-08-19T12:58:34.051059,-76.0,107.0,31.0,-4.0,32.0,23.0,-37.0,50.0,-57.0,17.0,-24.0,-73.0,,,,,,,,,,,,
2025-08-19T12:58:34.058807,-35.0,-4.0,-55.0,-43.0,48.0,-47.0,3.0,43.0,33.0,98.0,54.0,-17.0,,,,,,,,,,,,
2025-08-19T12:58:34.063230,32.0,66.0,-6.0,21.0,64.0,7.0,8.0,29.0,23.0,50.0,31.0,-5.0,,,,,,,,,,,,
2025-08-19T12:58:34.070862,34.0,-4.0,-36.0,64.0,56.0,-25.0,-84.0,-2.0,-22.0,-19.0,44.0,13.0,,,,,,,,,,,,
2025-08-19T12:58:34.075560,47.0,-39.0,-9.0,-13.0,-26.0,27.0,-6.0,36.0,55.0,31.0,0.0,-15.0,,,,,,,,,,,,
2025-08-19T12:58:34.083030,46.0,12.0,-27.0,-34.0,-85.0,-24.0,4.0,85.0,28.0,25.0,51.0,-7.0,,,,,,,,,,,,
2025-08-19T12:58:34.087837,11.0,-12.0,18.0,-15.0,16.0,40.0,-14.0,68.0,-8.0,-28.0,53.0,59.0,,,,,,,,,,,,
2025-08-19T12:58:34.095417,-34.0,17.0,39.0,-3.0,36.0,3.0,-41.0,20.0,48.0,-62.0,36.0,14.0,,,,,,,,,,,,
2025-08-19T12:58:34.100089,-2.0,44.0,35.0,-41.0,40.0,-27.0,-23.0,-5.0,42.0,-24.0,1.0,-4.0,,,,,,,,,,,,
2025-08-19T12:58:34.107487,-76.0,99.0,16.0,3.0,62.0,-36.0,-13.0,8.0,32.0,-48.0,12.0,54.0,,,,,,,,,,,,
2025-08-19T12:58:34.112269,-52.0,-30.0,31.0,7.0,58.0,-3.0,-80.0,52.0,29.0,13.0,71.0,-21.0,,,,,,,,,,,,
2025-08-19T12:58:34.119749,-14.0,71.0,-20.0,30.0,-28.0,-47.0,-10.0,71.0,75.0,15.0,16.0,66.0,,,,,,,,,,,,
2025-08-19T12:58:34.124451,5.0,-14.0,52.0,-38.0,38.0,-18.0,8.0,77.0,28.0,43.0,29.0,57.0,,,,,,,,,,,,
2025-08-19T12:58:34.132014,-14.0,-18.0,37.0,-45.0,0.0,-37.0,-20.0,63.0,37.0,4.0,39.0,45.0,,,,,,,,,,,,
2025-08-19T12:58:34.136855,-96.0,-24.0,11.0,-9.0,69.0,2.0,-23.0,46.0,-48.0,44.0,30.0,4.0,,,,,,,,,,,,
2025-08-19T12:58:34.144361,-7.0,18.0,26.0,-24.0,7.0,-14.0,16.0,51.0,7.0,-2.0,50.0,-5.0,,,,,,,,,,,,
2025-08-19T12:58:34.148972,-8.0,65.0,63.0,-34.0,53.0,-4.0,25.0,4.0,5.0,-12.0,-17.0,-13.0,,,,,,,,,,,,
2025-08-19T12:58:34.156515,-52.0,-34.0,20.0,-15.0,93.0,-31.0,-46.0,101.0,30.0,26.0,17.0,6.0,,,,,,,,,,,,
2025-08-19T12:58:34.161225,26.0,23.0,1.0,-15.0,53.0,-3.0,12.0,42.0,45.0,-3.0,61.0,-32.0,,,,,,,,,,,,
2025-08-19T12:58:34.165231,-80.0,11.0,90.0,-12.0,-10.0,0.0,30.0,46.0,10.0,26.0,51.0,30.0,,,,,,,,,,,,
2025-08-19T12:58:34.173515,43.0,29.0,39.0,57.0,11.0,25.0,45.0,78.0,-11.0,-61.0,4.0,-3.0,,,,,,,,,,,,
2025-08-19T12:58:34.177645,-9.0,28.0,17.0,-27.0,-47.0,16.0,77.0,48.0,6.0,-20.0,15.0,-30.0,,,,,,,,,,,,
2025-08-19T12:58:34.185738,94.0,-58.0,-6.0,-18.0,36.0,59.0,-3.0,65.0,51.0,-6.0,7.0,6.0,,,,,,,,,,,,
2025-08-19T12:58:34.189891,24.0,10.0,20.0,7.0,-16.0,-22.0,18.0,38.0,20.0,70.0,99.0,-24.0,,,,,,,,,,,,
2025-08-19T12:58:34.197858,26.0,-26.0,-10.0,14.0,32.0,37.0,-2.0,28.0,18.0,18.0,46.0,26.0,,,,,,,,,,,,
2025-08-19T12:58:34.202144,66.0,11.0,34.0,85.0,62.0,-14.0,31.0,9.0,48.0,11.0,35.0,79.0,,,,,,,,,,,,
2025-08-19T12:58:34.210050,61.0,24.0,50.0,61.0,69.0,-42.0,-14.0,7.0,104.0,-7.0,9.0,16.0,,,,,,,,,,,,
2025-08-19T12:58:34.214581,65.0,-96.0,128.0,-36.0,-61.0,10.0,48.0,93.0,9.0,53.0,63.0,57.0,,,,,,,,,,,,
2025-08-19T12:58:34.222581,-41.0,-14.0,43.0,-28.0,31.0,48.0,-6.0,26.0,-14.0,-31.0,-1.0,10.0,,,,,,,,,,,,
2025-08-19T12:58:34.226755,20.0,43.0,38.0,1.0,-9.0,0.0,50.0,35.0,39.0,45.0,13.0,-11.0,,,,,,,,,,,,
2025-08-19T12:58:34.234692,16.0,67.0,9.0,34.0,31.0,70.0,-31.0,12.0,96.0,2.0,64.0,2.0,,,,,,,,,,,,
2025-08-19T12:58:34.239436,-66.0,-55.0,88.0,-27.0,7.0,50.0,-15.0,13.0,67.0,-27.0,11.0,19.0,,,,,,,,,,,,
2025-08-19T12:58:34.246727,-10.0,163.0,19.0,-22.0,8.0,37.0,7.0,20.0,47.0,44.0,60.0,12.0,,,,,,,,,,,,
2025-08-19T12:58:34.251399,58.0,73.0,-10.0,-7.0,52.0,8.0,49.0,43.0,39.0,41.0,37.0,40.0,,,,,,,,,,,,
2025-08-19T12:58:34.259108,5.0,27.0,-17.0,-30.0,63.0,-7.0,7.0,40.0,65.0,55.0,-8.0,58.0,,,,,,,,,,,,
2025-08-19T12:58:34.263618,-6.0,49.0,-5.0,-3.0,41.0,36.0,-1.0,50.0,10.0,21.0,30.0,51.0,,,,,,,,,,,,
2025-08-19T12:58:34.271154,41.0,43.0,-16.0,84.0,65.0,-1.0,2.0,47.0,40.0,35.0,-7.0,27.0,,,,,,,,,,,,
2025-08-19T12:58:34.276034,89.0,69.0,1.0,107.0,50.0,-18.0,43.0,10.0,52.0,-3.0,-39.0,103.0,,,,,,,,,,,,
2025-08-19T12:58:34.283385,-8.0,48.0,-25.0,7.0,28.0,32.0,12.0,17.0,16.0,17.0,-68.0,53.0,,,,,,,,,,,,
2025-08-19T12:58:34.288126,65.0,-5.0,67.0,-65.0,42.0,50.0,20.0,78.0,33.0,44.0,-25.0,67.0,,,,,,,,,,,,
2025-08-19T12:58:34.295809,62.0,-17.0,75.0,-18.0,51.0,75.0,22.0,53.0,52.0,26.0,-41.0,20.0,,,,,,,,,,,,
2025-08-19T12:58:34.300492,-6.0,62.0,31.0,14.0,63.0,24.0,46.0,33.0,-15.0,28.0,10.0,113.0,,,,,,,,,,,,
2025-08-19T12:58:34.304625,-42.0,72.0,40.0,-44.0,53.0,13.0,14.0,25.0,8.0,41.0,-23.0,23.0,,,,,,,,,,,,
2025-08-19T12:58:34.312952,-72.0,79.0,54.0,-30.0,-40.0,-53.0,-14.0,117.0,25.0,34.0,39.0,96.0,,,,,,,,,,,,
2025-08-19T12:58:34.317281,26.0,83.0,18.0,-55.0,2.0,76.0,13.0,-23.0,6.0,2.0,-64.0,105.0,,,,,,,,,,,,
2025-08-19T12:58:34.324919,28.0,33.0,-35.0,5.0,1.0,33.0,47.0,-3.0,52.0,89.0,23.0,81.0,,,,,,,,,,,,
2025-08-19T12:58:34.329147,42.0,34.0,-24.0,11.0,63.0,28.0,-6.0,-5.0,-20.0,67.0,-63.0,69.0,,,,,,,,,,,,
2025-08-19T12:58:34.337116,74.0,-8.0,-25.0,-9.0,-16.0,69.0,8.0,21.0,17.0,20.0,22.0,57.0,,,,,,,,,,,,
2025-08-19T12:58:34.341472,55.0,54.0,-11.0,-34.0,-22.0,65.0,15.0,-15.0,25.0,40.0,-64.0,45.0,,,,,,,,,,,,
2025-08-19T12:58:34.349505,3.0,-54.0,-25.0,17.0,74.0,14.0,6.0,26.0,102.0,100.0,-12.0,63.0,,,,,,,,,,,,
2025-08-19T12:58:34.354814,89.0,18.0,51.0,-27.0,95.0,-97.0,-4.0,-15.0,12.0,91.0,-50.0,29.0,,,,,,,,,,,,
2025-08-19T12:58:34.361873,22.0,-20.0,91.0,-26.0,1.0,-32.0,122.0,87.0,66.0,80.0,-11.0,43.0,,,,,,,,,,,,
2025-08-19T12:58:34.366095,-41.0,59.0,26.0,16.0,30.0,24.0,17.0,13.0,30.0,106.0,-12.0,119.0,,,,,,,,,,,,
2025-08-19T12:58:34.373932,-32.0,51.0,-36.0,53.0,57.0,17.0,-6.0,-10.0,29.0,31.0,-60.0,113.0,,,,,,,,,,,,
2025-08-19T12:58:34.378267,63.0,32.0,30.0,-31.0,47.0,60.0,29.0,57.0,26.0,55.0,-35.0,76.0,,,,,,,,,,,,
2025-08-19T12:58:34.386284,37.0,11.0,-10.0,-41.0,23.0,111.0,85.0,13.0,88.0,64.0,-26.0,91.0,,,,,,,,,,,,
2025-08-19T12:58:34.390603,64.0,-46.0,43.0,-33.0,2.0,-8.0,89.0,-40.0,23.0,41.0,-54.0,96.0,,,,,,,,,,,,
2025-08-19T12:58:34.398696,45.0,-14.0,115.0,24.0,1.0,-22.0,-19.0,-36.0,103.0,99.0,-16.0,99.0,,,,,,,,,,,,
2025-08-19T12:58:34.403225,-21.0,27.0,53.0,-25.0,-26.0,-17.0,-7.0,-3.0,28.0,123.0,6.0,54.0,,,,,,,,,,,,
2025-08-19T12:58:34.410845,-34.0,72.0,80.0,-14.0,54.0,22.0,42.0,-12.0,53.0,80.0,-11.0,16.0,,,,,,,,,,,,
2025-08-19T12:58:34.415580,10.0,6.0,-23.0,-9.0,0.0,62.0,-21.0,-5.0,81.0,55.0,-14.0,30.0,,,,,,,,,,,,
2025-08-19T12:58:34.422730,-20.0,95.0,1.0,-5.0,9.0,22.0,5.0,7.0,65.0,70.0,-69.0,110.0,,,,,,,,,,,,
2025-08-19T12:58:34.427607,-29.0,153.0,40.0,-42.0,19.0,55.0,-41.0,-22.0,129.0,37.0,-47.0,-5.0,,,,,,,,,,,,
2025-08-19T12:58:34.435143,9.0,42.0,9.0,6.0,36.0,9.0,2.0,142.0,61.0,5.0,-7.0,24.0,,,,,,,,,,,,
2025-08-19T12:58:34.439733,16.0,81.0,31.0,-2.0,31.0,39.0,-9.0,17.0,64.0,99.0,-37.0,26.0,,,,,,,,,,,,
2025-08-19T12:58:34.447361,-6.0,64.0,-22.0,-31.0,40.0,38.0,-36.0,12.0,60.0,34.0,42.0,-1.0,,,,,,,,,,,,
2025-08-19T12:58:34.451997,76.0,115.0,36.0,-42.0,6.0,8.0,13.0,-3.0,25.0,19.0,35.0,10.0,,,,,,,,,,,,
2025-08-19T12:58:34.459637,32.0,-2.0,-26.0,16.0,32.0,28.0,-29.0,10.0,-4.0,25.0,21.0,-19.0,,,,,,,,,,,,
2025-08-19T12:58:34.464320,88.0,-23.0,32.0,32.0,-74.0,9.0,-34.0,-15.0,42.0,-15.0,24.0,46.0,,,,,,,,,,,,
2025-08-19T12:58:34.472015,-4.0,-58.0,85.0,-39.0,-5.0,56.0,11.0,34.0,5.0,-14.0,17.0,-43.0,,,,,,,,,,,,
2025-08-19T12:58:34.476672,-75.0,-79.0,61.0,87.0,17.0,-40.0,2.0,48.0,42.0,65.0,107.0,36.0,,,,,,,,,,,,
2025-08-19T12:58:34.484331,53.0,70.0,72.0,-24.0,50.0,-4.0,-20.0,50.0,139.0,-61.0,45.0,-17.0,,,,,,,,,,,,
2025-08-19T12:58:34.489018,33.0,81.0,-36.0,-43.0,-11.0,44.0,29.0,-12.0,59.0,44.0,27.0,42.0,,,,,,,,,,,,
2025-08-19T12:58:34.493377,31.0,39.0,-10.0,-47.0,9.0,8.0,23.0,67.0,48.0,-13.0,38.0,34.0,,,,,,,,,,,,
2025-08-19T12:58:34.501148,93.0,19.0,-13.0,-36.0,102.0,-50.0,-37.0,90.0,64.0,5.0,74.0,6.0,,,,,,,,,,,,
2025-08-19T12:58:34.505172,30.0,-16.0,22.0,-45.0,42.0,0.0,5.0,44.0,84.0,94.0,3.0,-22.0,,,,,,,,,,,,
2025-08-19T12:58:34.513211,71.0,-22.0,7.0,-17.0,39.0,64.0,-28.0,20.0,59.0,32.0,62.0,32.0,,,,,,,,,,,,
2025-08-19T12:58:34.517982,-41.0,-84.0,42.0,54.0,61.0,-18.0,10.0,99.0,25.0,45.0,53.0,-37.0,,,,,,,,,,,,
2025-08-19T12:58:34.525433,14.0,40.0,40.0,-49.0,67.0,30.0,23.0,73.0,67.0,49.0,93.0,-4.0,,,,,,,,,,,,
2025-08-19T12:58:34.529757,15.0,61.0,7.0,-54.0,28.0,39.0,66.0,10.0,62.0,39.0,44.0,42.0,,,,,,,,,,,,
2025-08-19T12:58:34.537948,-65.0,65.0,-20.0,-30.0,58.0,-2.0,-25.0,69.0,85.0,-15.0,104.0,10.0,,,,,,,,,,,,
2025-08-19T12:58:34.542054,6.0,14.0,34.0,-55.0,78.0,6.0,-6.0,36.0,58.0,75.0,70.0,74.0,,,,,,,,,,,,
2025-08-19T12:58:34.549915,17.0,46.0,-6.0,55.0,92.0,40.0,17.0,34.0,45.0,-6.0,35.0,35.0,,,,,,,,,,,,
2025-08-19T12:58:34.554819,54.0,39.0,-7.0,5.0,-47.0,-41.0,-43.0,56.0,68.0,17.0,29.0,22.0,,,,,,,,,,,,
2025-08-19T12:58:34.562482,-16.0,-16.0,52.0,-21.0,-52.0,-7.0,-88.0,69.0,-8.0,33.0,36.0,49.0,,,,,,,,,,,,
2025-08-19T12:58:34.567117,111.0,-80.0,97.0,19.0,28.0,57.0,65.0,26.0,26.0,82.0,29.0,-28.0,,,,,,,,,,,,
2025-08-19T12:58:34.574684,45.0,-26.0,46.0,-31.0,5.0,78.0,20.0,83.0,19.0,11.0,57.0,-23.0,,,,,,,,,,,,
2025-08-19T12:58:34.580639,-4.0,29.0,17.0,-46.0,43.0,-18.0,19.0,84.0,97.0,49.0,41.0,10.0,,,,,,,,,,,,
2025-08-19T12:58:34.586787,65.0,61.0,106.0,-10.0,9.0,-33.0,66.0,70.0,45.0,35.0,4.0,40.0,,,,,,,,,,,,
2025-08-19T12:58:34.591479,-8.0,30.0,16.0,-31.0,58.0,-54.0,123.0,45.0,44.0,5.0,69.0,17.0,,,,,,,,,,,,
2025-08-19T12:58:34.598936,36.0,56.0,-37.0,-55.0,-60.0,3.0,-38.0,34.0,49.0,0.0,28.0,8.0,,,,,,,,,,,,
2025-08-19T12:58:34.603751,-22.0,28.0,33.0,20.0,-33.0,53.0,61.0,101.0,24.0,-15.0,98.0,38.0,,,,,,,,,,,,
2025-08-19T12:58:34.611521,51.0,89.0,-57.0,-91.0,-16.0,2.0,-21.0,-34.0,22.0,24.0,72.0,25.0,,,,,,,,,,,,
2025-08-19T12:58:34.615978,32.0,-9.0,-28.0,1.0,27.0,82.0,-28.0,19.0,58.0,-18.0,-9.0,49.0,,,,,,,,,,,,
2025-08-19T12:58:34.623579,34.0,-31.0,-35.0,37.0,64.0,24.0,43.0,12.0,52.0,8.0,52.0,24.0,,,,,,,,,,,,
2025-08-19T12:58:34.628329,60.0,27.0,36.0,-25.0,72.0,-53.0,48.0,-13.0,99.0,-1.0,81.0,23.0,,,,,,,,,,,,
2025-08-19T12:58:34.635761,71.0,16.0,39.0,23.0,54.0,8.0,10.0,48.0,79.0,-1.0,0.0,-22.0,,,,,,,,,,,,
2025-08-19T12:58:34.640608,62.0,-34.0,44.0,19.0,39.0,-17.0,-1.0,26.0,31.0,39.0,25.0,26.0,,,,,,,,,,,,
2025-08-19T12:58:34.648067,-35.0,47.0,75.0,2.0,25.0,12.0,35.0,-8.0,53.0,-12.0,46.0,-9.0,,,,,,,,,,,,
2025-08-19T12:58:34.652803,48.0,-19.0,61.0,75.0,64.0,-13.0,29.0,12.0,94.0,34.0,67.0,-17.0,,,,,,,,,,,,
2025-08-19T12:58:34.657165,-19.0,59.0,6.0,-7.0,53.0,44.0,38.0,-23.0,18.0,52.0,43.0,11.0,,,,,,,,,,,,
2025-08-19T12:58:34.665021,-16.0,11.0,-9.0,-20.0,-4.0,44.0,41.0,-31.0,43.0,59.0,13.0,31.0,,,,,,,,,,,,
2025-08-19T12:58:34.669054,64.0,52.0,-14.0,-26.0,106.0,2.0,49.0,6.0,77.0,-7.0,57.0,55.0,,,,,,,,,,,,
2025-08-19T12:58:34.677268,115.0,55.0,27.0,46.0,40.0,-41.0,94.0,45.0,24.0,37.0,89.0,-10.0,,,,,,,,,,,,
2025-08-19T12:58:34.684830,54.0,16.0,-15.0,-14.0,13.0,-1.0,13.0,32.0,30.0,37.0,35.0,-37.0,,,,,,,,,,,,
2025-08-19T12:58:34.689583,-15.0,-23.0,41.0,12.0,3.0,57.0,-9.0,44.0,70.0,-8.0,64.0,3.0,,,,,,,,,,,,
2025-08-19T12:58:34.693695,84.0,-10.0,41.0,55.0,-9.0,29.0,-116.0,53.0,31.0,-47.0,29.0,45.0,,,,,,,,,,,,
2025-08-19T12:58:34.701902,-37.0,-30.0,76.0,-23.0,-16.0,20.0,36.0,46.0,25.0,38.0,112.0,106.0,,,,,,,,,,,,
2025-08-19T12:58:34.705936,29.0,1.0,72.0,39.0,47.0,-45.0,-44.0,78.0,43.0,16.0,-1.0,68.0,,,,,,,,,,,,
2025-08-19T12:58:34.714163,19.0,3.0,63.0,46.0,-11.0,25.0,-26.0,71.0,54.0,-24.0,-38.0,78.0,,,,,,,,,,,,
2025-08-19T12:58:34.718316,-33.0,106.0,-28.0,-35.0,86.0,37.0,-1.0,-50.0,30.0,25.0,54.0,59.0,,,,,,,,,,,,
2025-08-19T12:58:34.726078,24.0,49.0,9.0,-63.0,7.0,0.0,56.0,27.0,79.0,51.0,33.0,139.0,,,,,,,,,,,,
2025-08-19T12:58:34.730745,57.0,54.0,-52.0,-74.0,69.0,-57.0,-15.0,77.0,42.0,67.0,-16.0,105.0,,,,,,,,,,,,
2025-08-19T12:58:34.738398,52.0,-31.0,76.0,-6.0,71.0,27.0,-16.0,59.0,103.0,109.0,16.0,72.0,,,,,,,,,,,,
2025-08-19T12:58:34.742838,11.0,-10.0,7.0,-6.0,59.0,-65.0,37.0,5.0,64.0,134.0,-28.0,-15.0,,,,,,,,,,,,
2025-08-19T12:58:34.750859,46.0,-35.0,63.0,-7.0,-39.0,4.0,23.0,36.0,-10.0,100.0,-70.0,28.0,,,,,,,,,,,,
2025-08-19T12:58:34.755997,-2.0,-52.0,48.0,14.0,37.0,17.0,-3.0,8.0,-3.0,67.0,-17.0,73.0,,,,,,,,,,,,
2025-08-19T12:58:34.762712,-22.0,-28.0,69.0,-37.0,45.0,-7.0,6.0,3.0,26.0,41.0,-16.0,39.0,,,,,,,,,,,,
2025-08-19T12:58:34.767284,61.0,-48.0,23.0,-99.0,54.0,9.0,-39.0,48.0,37.0,45.0,-22.0,68.0,,,,,,,,,,,,
2025-08-19T12:58:34.775069,-3.0,58.0,77.0,-22.0,20.0,-44.0,52.0,17.0,0.0,80.0,54.0,81.0,,,,,,,,,,,,
2025-08-19T12:58:34.779919,6.0,46.0,54.0,4.0,57.0,-1.0,-16.0,13.0,0.0,18.0,-71.0,115.0,,,,,,,,,,,,
2025-08-19T12:58:34.787342,-20.0,50.0,76.0,-38.0,16.0,-36.0,-11.0,12.0,20.0,51.0,0.0,89.0,,,,,,,,,,,,
2025-08-19T12:58:34.791893,-33.0,3.0,-24.0,25.0,-14.0,-46.0,21.0,2.0,-7.0,113.0,-25.0,59.0,,,,,,,,,,,,
2025-08-19T12:58:34.799500,36.0,81.0,40.0,44.0,2.0,-68.0,1.0,61.0,23.0,30.0,-33.0,73.0,,,,,,,,,,,,
2025-08-19T12:58:34.804089,41.0,-11.0,-6.0,36.0,8.0,15.0,88.0,2.0,2.0,107.0,-55.0,71.0,,,,,,,,,,,,
2025-08-19T12:58:34.811848,0.0,125.0,39.0,17.0,-61.0,-15.0,-15.0,32.0,-33.0,60.0,-37.0,63.0,,,,,,,,,,,,
2025-08-19T12:58:34.816448,60.0,-53.0,-17.0,32.0,-38.0,-47.0,23.0,-8.0,29.0,95.0,-25.0,-25.0,,,,,,,,,,,,
2025-08-19T12:58:34.824059,1.0,-56.0,49.0,2.0,-4.0,-24.0,-11.0,111.0,51.0,39.0,-22.0,68.0,,,,,,,,,,,,
2025-08-19T12:58:34.828425,59.0,19.0,39.0,30.0,22.0,20.0,-29.0,27.0,25.0,42.0,28.0,20.0,,,,,,,,,,,,
2025-08-19T12:58:34.836342,-2.0,-6.0,16.0,-21.0,42.0,-46.0,-41.0,30.0,88.0,75.0,22.0,62.0,,,,,,,,,,,,
2025-08-19T12:58:34.840747,6.0,64.0,67.0,62.0,83.0,19.0,-32.0,-25.0,95.0,67.0,39.0,22.0,,,,,,,,,,,,
2025-08-19T12:58:34.848613,59.0,-64.0,53.0,34.0,-13.0,60.0,-29.0,47.0,34.0,158.0,14.0,50.0,,,,,,,,,,,,
2025-08-19T12:58:34.853027,19.0,40.0,132.0,13.0,62.0,22.0,36.0,1.0,30.0,112.0,60.0,12.0,,,,,,,,,,,,
2025-08-19T12:58:34.857139,34.0,139.0,51.0,30.0,86.0,9.0,-29.0,36.0,74.0,94.0,39.0,24.0,,,,,,,,,,,,
2025-08-19T12:58:34.865476,26.0,46.0,102.0,38.0,55.0,91.0,29.0,10.0,67.0,117.0,13.0,60.0,,,,,,,,,,,,
2025-08-19T12:58:34.869399,82.0,21.0,57.0,65.0,148.0,42.0,0.0,78.0,17.0,168.0,58.0,33.0,,,,,,,,,,,,
2025-08-19T12:58:34.877810,138.0,52.0,153.0,53.0,90.0,93.0,37.0,45.0,-8.0,164.0,3.0,82.0,,,,,,,,,,,,
2025-08-19T12:58:34.885477,172.0,143.0,148.0,114.0,96.0,9.0,86.0,45.0,-8.0,222.0,71.0,-16.0,,,,,,,,,,,,
2025-08-19T12:58:34.890184,39.0,79.0,166.0,156.0,101.0,20.0,83.0,2.0,-64.0,186.0,72.0,26.0,,,,,,,,,,,,
2025-08-19T12:58:34.897782,91.0,191.0,76.0,97.0,101.0,35.0,36.0,53.0,2.0,114.0,88.0,-7.0,,,,,,,,,,,,
2025-08-19T12:58:34.902521,224.0,116.0,50.0,184.0,158.0,19.0,144.0,71.0,-122.0,160.0,83.0,-39.0,,,,,,,,,,,,
2025-08-19T12:58:34.910179,220.0,139.0,133.0,183.0,78.0,7.0,72.0,66.0,-101.0,153.0,191.0,21.0,,,,,,,,,,,,
2025-08-19T12:58:34.914900,122.0,184.0,170.0,163.0,124.0,30.0,83.0,10.0,-126.0,154.0,236.0,-15.0,,,,,,,,,,,,
2025-08-19T12:58:34.922759,297.0,173.0,128.0,134.0,127.0,21.0,96.0,45.0,-79.0,159.0,251.0,-94.0,,,,,,,,,,,,
2025-08-19T12:58:34.930711,181.0,128.0,193.0,210.0,116.0,-33.0,69.0,99.0,-147.0,211.0,211.0,-87.0,,,,,,,,,,,,
2025-08-19T12:58:34.935445,145.0,186.0,178.0,245.0,139.0,-8.0,52.0,43.0,-114.0,227.0,228.0,-129.0,,,,,,,,,,,,
2025-08-19T12:58:34.943164,320.0,169.0,100.0,218.0,145.0,-4.0,128.0,24.0,-164.0,242.0,244.0,-61.0,,,,,,,,,,,,
2025-08-19T12:58:34.947952,263.0,196.0,164.0,318.0,138.0,-82.0,137.0,28.0,-118.0,188.0,252.0,-32.0,,,,,,,,,,,,
2025-08-19T12:58:34.955686,228.0,285.0,190.0,398.0,142.0,-29.0,160.0,88.0,-185.0,184.0,294.0,-72.0,,,,,,,,,,,,
2025-08-19T12:58:34.960245,264.0,200.0,173.0,275.0,132.0,-19.0,112.0,62.0,-242.0,201.0,426.0,-80.0,,,,,,,,,,,,
2025-08-19T12:58:34.968074,359.0,154.0,220.0,373.0,119.0,-92.0,156.0,-60.0,-191.0,277.0,351.0,-108.0,,,,,,,,,,,,
2025-08-19T12:58:34.975794,297.0,178.0,104.0,328.0,102.0,-58.0,133.0,81.0,-245.0,279.0,229.0,-57.0,,,,,,,,,,,,
2025-08-19T12:58:34.980590,297.0,161.0,113.0,389.0,117.0,8.0,208.0,94.0,-244.0,310.0,296.0,-120.0,,,,,,,,,,,,
2025-08-19T12:58:34.988401,275.0,203.0,237.0,407.0,160.0,-5.0,119.0,29.0,-227.0,224.0,343.0,-56.0,,,,,,,,,,,,
2025-08-19T12:58:34.993169,194.0,241.0,167.0,397.0,157.0,-45.0,107.0,54.0,-234.0,251.0,352.0,-93.0,,,,,,,,,,,,
2025-08-19T12:58:35.001019,331.0,102.0,203.0,336.0,190.0,-34.0,149.0,15.0,-278.0,312.0,437.0,-59.0,,,,,,,,,,,,
2025-08-19T12:58:35.008811,316.0,209.0,261.0,430.0,142.0,-53.0,130.0,-39.0,-242.0,324.0,367.0,-102.0,,,,,,,,,,,,
2025-08-19T12:58:35.013453,211.0,230.0,178.0,498.0,156.0,-16.0,149.0,27.0,-279.0,285.0,347.0,-107.0,,,,,,,,,,,,
2025-08-19T12:58:35.020998,327.0,207.0,231.0,435.0,135.0,-40.0,157.0,41.0,-348.0,296.0,407.0,-133.0,,,,,,,,,,,,
2025-08-19T12:58:35.028854,292.0,290.0,171.0,464.0,138.0,-15.0,117.0,-39.0,-312.0,230.0,453.0,-142.0,,,,,,,,,,,,
2025-08-19T12:58:35.033816,348.0,108.0,287.0,442.0,163.0,27.0,139.0,47.0,-240.0,243.0,339.0,-128.0,,,,,,,,,,,,
2025-08-19T12:58:35.041537,272.0,265.0,277.0,466.0,191.0,-23.0,112.0,69.0,-259.0,307.0,404.0,-84.0,,,,,,,,,,,,
2025-08-19T12:58:35.046279,356.0,255.0,164.0,429.0,115.0,-40.0,109.0,81.0,-232.0,249.0,343.0,-105.0,,,,,,,,,,,,
2025-08-19T12:58:35.053854,351.0,205.0,211.0,444.0,119.0,-18.0,92.0,14.0,-309.0,259.0,404.0,-150.0,,,,,,,,,,,,
2025-08-19T12:58:35.061828,227.0,307.0,210.0,483.0,127.0,-37.0,138.0,109.0,-330.0,287.0,425.0,-146.0,,,,,,,,,,,,
2025-08-19T12:58:35.066667,336.0,252.0,173.0,365.0,48.0,-48.0,159.0,51.0,-271.0,229.0,401.0,-116.0,,,,,,,,,,,,
2025-08-19T12:58:35.074414,366.0,240.0,190.0,445.0,129.0,-10.0,127.0,76.0,-324.0,278.0,403.0,-70.0,,,,,,,,,,,,
2025-08-19T12:58:35.080198,290.0,281.0,176.0,502.0,172.0,-80.0,147.0,2.0,-303.0,231.0,440.0,-120.0,,,,,,,,,,,,
2025-08-19T12:58:35.086881,301.0,142.0,181.0,399.0,138.0,-96.0,180.0,14.0,-260.0,258.0,402.0,-155.0,,,,,,,,,,,,
2025-08-19T12:58:35.094565,240.0,218.0,214.0,466.0,201.0,-47.0,296.0,46.0,-251.0,251.0,329.0,-75.0,,,,,,,,,,,,
2025-08-19T12:58:35.099143,263.0,285.0,152.0,328.0,135.0,-14.0,164.0,63.0,-320.0,270.0,401.0,-104.0,,,,,,,,,,,,
2025-08-19T12:58:35.106966,384.0,186.0,232.0,471.0,119.0,-18.0,103.0,5.0,-261.0,270.0,473.0,-94.0,,,,,,,,,,,,
2025-08-19T12:58:35.111825,320.0,318.0,196.0,414.0,188.0,-50.0,144.0,55.0,-347.0,293.0,403.0,-155.0,,,,,,,,,,,,
2025-08-19T12:58:35.119548,300.0,241.0,106.0,507.0,126.0,-14.0,135.0,45.0,-271.0,247.0,335.0,-80.0,,,,,,,,,,,,
2025-08-19T12:58:35.127367,291.0,189.0,218.0,430.0,85.0,-67.0,146.0,4.0,-289.0,213.0,370.0,-97.0,,,,,,,,,,,,
2025-08-19T12:58:35.132089,268.0,185.0,219.0,449.0,236.0,-15.0,164.0,64.0,-250.0,212.0,452.0,-164.0,,,,,,,,,,,,
2025-08-19T12:58:35.139820,266.0,283.0,167.0,416.0,123.0,-3.0,211.0,90.0,-314.0,236.0,403.0,-148.0,,,,,,,,,,,,
2025-08-19T12:58:35.144460,378.0,197.0,206.0,497.0,116.0,-51.0,152.0,-36.0,-274.0,272.0,408.0,-123.0,,,,,,,,,,,,
2025-08-19T12:58:35.152323,325.0,267.0,195.0,379.0,108.0,-67.0,207.0,104.0,-325.0,222.0,378.0,-67.0,,,,,,,,,,,,
2025-08-19T12:58:35.160180,381.0,149.0,240.0,473.0,137.0,-11.0,213.0,69.0,-381.0,268.0,450.0,-139.0,,,,,,,,,,,,
2025-08-19T12:58:35.164869,283.0,272.0,223.0,380.0,156.0,-40.0,210.0,39.0,-346.0,250.0,423.0,-178.0,,,,,,,,,,,,
2025-08-19T12:58:35.172845,320.0,236.0,188.0,542.0,111.0,-21.0,139.0,20.0,-302.0,181.0,374.0,-114.0,,,,,,,,,,,,
2025-08-19T12:58:35.177496,268.0,241.0,197.0,444.0,40.0,-78.0,145.0,-4.0,-353.0,250.0,403.0,-102.0,,,,,,,,,,,,
2025-08-19T12:58:35.184974,349.0,204.0,171.0,515.0,107.0,-15.0,203.0,-32.0,-330.0,267.0,367.0,-103.0,,,,,,,,,,,,
2025-08-19T12:58:35.192876,283.0,194.0,226.0,403.0,170.0,-9.0,94.0,17.0,-353.0,242.0,463.0,-172.0,,,,,,,,,,,,
2025-08-19T12:58:35.197616,274.0,224.0,101.0,413.0,170.0,-62.0,161.0,122.0,-318.0,272.0,482.0,-215.0,,,,,,,,,,,,
2025-08-19T12:58:35.205208,358.0,173.0,228.0,475.0,159.0,8.0,153.0,-44.0,-294.0,340.0,397.0,-88.0,,,,,,,,,,,,
2025-08-19T12:58:35.210354,293.0,229.0,180.0,448.0,178.0,-1.0,143.0,-3.0,-298.0,246.0,339.0,-98.0,,,,,,,,,,,,
2025-08-19T12:58:35.217881,299.0,277.0,122.0,444.0,107.0,-26.0,113.0,68.0,-364.0,259.0,429.0,-72.0,,,,,,,,,,,,
2025-08-19T12:58:35.225794,383.0,212.0,217.0,515.0,146.0,-41.0,195.0,-58.0,-298.0,275.0,435.0,-64.0,,,,,,,,,,,,
2025-08-19T12:58:35.230476,328.0,238.0,262.0,407.0,188.0,-18.0,177.0,-9.0,-321.0,285.0,426.0,-151.0,,,,,,,,,,,,
2025-08-19T12:58:35.237969,427.0,264.0,174.0,419.0,79.0,-20.0,101.0,4.0,-294.0,327.0,337.0,-162.0,,,,,,,,,,,,
2025-08-19T12:58:35.242834,381.0,193.0,192.0,422.0,123.0,18.0,134.0,24.0,-271.0,297.0,390.0,-108.0,,,,,,,,,,,,
2025-08-19T12:58:35.250591,296.0,248.0,91.0,431.0,208.0,-61.0,127.0,12.0,-289.0,251.0,459.0,-88.0,,,,,,,,,,,,
2025-08-19T12:58:35.258176,319.0,137.0,221.0,527.0,114.0,-35.0,186.0,37.0,-377.0,248.0,477.0,-204.0,,,,,,,,,,,,
2025-08-19T12:58:35.263080,327.0,191.0,205.0,454.0,106.0,-59.0,118.0,-9.0,-316.0,297.0,362.0,-173.0,,,,,,,,,,,,
2025-08-19T12:58:35.270764,262.0,287.0,176.0,478.0,167.0,-31.0,156.0,26.0,-328.0,238.0,347.0,-91.0,,,,,,,,,,,,
2025-08-19T12:58:35.275468,373.0,119.0,158.0,485.0,128.0,-32.0,137.0,21.0,-340.0,269.0,338.0,-61.0,,,,,,,,,,,,
2025-08-19T12:58:35.283234,299.0,188.0,237.0,453.0,162.0,-70.0,217.0,-86.0,-322.0,257.0,471.0,-81.0,,,,,,,,,,,,
2025-08-19T12:58:35.290980,285.0,240.0,159.0,385.0,186.0,-62.0,173.0,-7.0,-267.0,228.0,403.0,-196.0,,,,,,,,,,,,
2025-08-19T12:58:35.295857,316.0,152.0,120.0,444.0,116.0,6.0,95.0,32.0,-306.0,304.0,429.0,-170.0,,,,,,,,,,,,
2025-08-19T12:58:35.303524,267.0,239.0,180.0,426.0,181.0,-6.0,148.0,-40.0,-343.0,299.0,364.0,-173.0,,,,,,,,,,,,
2025-08-19T12:58:35.308410,315.0,210.0,130.0,440.0,140.0,-64.0,107.0,-4.0,-382.0,267.0,355.0,-128.0,,,,,,,,,,,,
2025-08-19T12:58:35.316022,360.0,210.0,165.0,455.0,95.0,-7.0,120.0,10.0,-361.0,240.0,367.0,-92.0,,,,,,,,,,,,
2025-08-19T12:58:35.320739,300.0,172.0,240.0,392.0,127.0,11.0,183.0,35.0,-364.0,250.0,390.0,-58.0,,,,,,,,,,,,
2025-08-19T12:58:35.328685,281.0,269.0,157.0,452.0,155.0,-12.0,102.0,57.0,-311.0,230.0,379.0,-131.0,,,,,,,,,,,,
2025-08-19T12:58:35.336368,316.0,166.0,228.0,407.0,167.0,-12.0,135.0,-45.0,-329.0,308.0,327.0,-167.0,,,,,,,,,,,,
2025-08-19T12:58:35.341070,261.0,291.0,119.0,423.0,135.0,-64.0,201.0,3.0,-361.0,332.0,381.0,-74.0,,,,,,,,,,,,
2025-08-19T12:58:35.348825,345.0,161.0,105.0,511.0,81.0,-52.0,165.0,25.0,-313.0,250.0,365.0,-113.0,,,,,,,,,,,,
2025-08-19T12:58:35.353582,302.0,221.0,252.0,447.0,126.0,-26.0,145.0,-9.0,-346.0,226.0,428.0,-107.0,,,,,,,,,,,,
2025-08-19T12:58:35.361222,268.0,301.0,156.0,434.0,86.0,-2.0,146.0,-25.0,-345.0,222.0,420.0,-185.0,,,,,,,,,,,,
2025-08-19T12:58:35.368983,346.0,235.0,118.0,472.0,137.0,-58.0,129.0,23.0,-262.0,289.0,412.0,-142.0,,,,,,,,,,,,
2025-08-19T12:58:35.373915,313.0,217.0,247.0,480.0,111.0,-26.0,140.0,32.0,-353.0,311.0,430.0,-148.0,,,,,,,,,,,,
2025-08-19T12:58:35.381350,248.0,292.0,144.0,380.0,98.0,-24.0,149.0,5.0,-303.0,232.0,407.0,-112.0,,,,,,,,,,,,
2025-08-19T12:58:35.386488,389.0,167.0,156.0,480.0,115.0,-19.0,114.0,38.0,-230.0,277.0,416.0,-134.0,,,,,,,,,,,,
2025-08-19T12:58:35.394155,300.0,194.0,228.0,436.0,141.0,-41.0,178.0,56.0,-314.0,279.0,371.0,-209.0,,,,,,,,,,,,
2025-08-19T12:58:35.401948,383.0,212.0,193.0,436.0,119.0,-65.0,125.0,46.0,-347.0,244.0,339.0,-77.0,,,,,,,,,,,,
2025-08-19T12:58:35.406475,344.0,210.0,103.0,489.0,71.0,-7.0,82.0,77.0,-296.0,258.0,369.0,-113.0,,,,,,,,,,,,
2025-08-19T12:58:35.414177,273.0,164.0,239.0,402.0,181.0,0.0,237.0,18.0,-349.0,321.0,388.0,-105.0,,,,,,,,,,,,
2025-08-19T12:58:35.419099,266.0,259.0,164.0,372.0,117.0,-71.0,134.0,18.0,-315.0,253.0,383.0,-187.0,,,,,,,,,,,,
2025-08-19T12:58:35.426961,373.0,133.0,218.0,488.0,115.0,-71.0,168.0,-63.0,-329.0,238.0,334.0,-159.0,,,,,,,,,,,,
2025-08-19T12:58:35.434565,268.0,196.0,126.0,406.0,115.0,-18.0,112.0,37.0,-317.0,302.0,409.0,-134.0,,,,,,,,,,,,
2025-08-19T12:58:35.439524,370.0,191.0,218.0,473.0,122.0,15.0,203.0,33.0,-330.0,253.0,393.0,-103.0,,,,,,,,,,,,
2025-08-19T12:58:35.446945,328.0,209.0,126.0,464.0,183.0,-55.0,174.0,92.0,-260.0,160.0,436.0,-135.0,,,,,,,,,,,,
2025-08-19T12:58:35.451772,309.0,118.0,172.0,501.0,99.0,-48.0,183.0,47.0,-311.0,254.0,370.0,-213.0,,,,,,,,,,,,
2025-08-19T12:58:35.459756,339.0,285.0,202.0,377.0,143.0,-96.0,127.0,-32.0,-353.0,285.0,318.0,-44.0,,,,,,,,,,,,
2025-08-19T12:58:35.467470,295.0,228.0,188.0,440.0,122.0,29.0,121.0,-9.0,-370.0,207.0,408.0,-143.0,,,,,,,,,,,,
2025-08-19T12:58:35.472100,268.0,180.0,208.0,385.0,180.0,-48.0,129.0,47.0,-297.0,229.0,393.0,-98.0,,,,,,,,,,,,
2025-08-19T12:58:35.480249,284.0,272.0,192.0,445.0,190.0,-41.0,122.0,-12.0,-330.0,230.0,468.0,-133.0,,,,,,,,,,,,
2025-08-19T12:58:35.487672,383.0,210.0,150.0,372.0,115.0,-69.0,161.0,-17.0,-300.0,268.0,391.0,-111.0,,,,,,,,,,,,
2025-08-19T12:58:35.492467,346.0,136.0,220.0,424.0,199.0,-1.0,112.0,84.0,-365.0,287.0,355.0,-131.0,,,,,,,,,,,,
2025-08-19T12:58:35.500407,304.0,246.0,204.0,465.0,114.0,-48.0,110.0,100.0,-296.0,182.0,333.0,-110.0,,,,,,,,,,,,
2025-08-19T12:58:35.504870,393.0,151.0,176.0,465.0,166.0,17.0,143.0,-1.0,-329.0,230.0,386.0,-151.0,,,,,,,,,,,,
2025-08-19T12:58:35.512803,355.0,236.0,206.0,416.0,207.0,-58.0,200.0,-6.0,-264.0,286.0,325.0,-139.0,,,,,,,,,,,,
2025-08-19T12:58:35.520370,314.0,290.0,204.0,445.0,162.0,12.0,144.0,-74.0,-333.0,279.0,343.0,-176.0,,,,,,,,,,,,
2025-08-19T12:58:35.525044,416.0,181.0,198.0,499.0,104.0,-88.0,209.0,-5.0,-312.0,254.0,340.0,-141.0,,,,,,,,,,,,
2025-08-19T12:58:35.532746,368.0,198.0,280.0,449.0,117.0,-17.0,145.0,63.0,-363.0,253.0,315.0,-94.0,,,,,,,,,,,,
2025-08-19T12:58:35.537690,286.0,271.0,148.0,351.0,161.0,-31.0,226.0,24.0,-339.0,280.0,427.0,-87.0,,,,,,,,,,,,
2025-08-19T12:58:35.545569,295.0,248.0,152.0,490.0,116.0,-35.0,115.0,-24.0,-269.0,240.0,406.0,-150.0,,,,,,,,,,,,
2025-08-19T12:58:35.553028,411.0,209.0,192.0,407.0,88.0,-34.0,154.0,41.0,-394.0,309.0,382.0,-135.0,,,,,,,,,,,,
2025-08-19T12:58:35.557906,305.0,248.0,195.0,397.0,75.0,-46.0,219.0,5.0,-356.0,349.0,344.0,-62.0,,,,,,,,,,,,
2025-08-19T12:58:35.565713,374.0,260.0,126.0,335.0,96.0,-37.0,170.0,64.0,-317.0,198.0,352.0,-112.0,,,,,,,,,,,,
2025-08-19T12:58:35.570436,327.0,212.0,233.0,458.0,126.0,-85.0,204.0,-74.0,-377.0,269.0,404.0,-134.0,,,,,,,,,,,,
2025-08-19T12:58:35.578170,305.0,289.0,158.0,437.0,114.0,-73.0,134.0,12.0,-354.0,249.0,474.0,-176.0,,,,,,,,,,,,
2025-08-19T12:58:35.586122,335.0,208.0,181.0,435.0,135.0,-58.0,159.0,110.0,-326.0,274.0,367.0,-200.0,,,,,,,,,,,,
2025-08-19T12:58:35.590696,317.0,195.0,149.0,450.0,115.0,0.0,72.0,74.0,-307.0,283.0,350.0,-112.0,,,,,,,,,,,,
2025-08-19T12:58:35.598430,321.0,195.0,134.0,463.0,74.0,-42.0,92.0,136.0,-311.0,255.0,339.0,-56.0,,,,,,,,,,,,
2025-08-19T12:58:35.603332,302.0,171.0,187.0,464.0,157.0,-46.0,169.0,-40.0,-262.0,272.0,369.0,-132.0,,,,,,,,,,,,
2025-08-19T12:58:35.610894,281.0,273.0,189.0,448.0,97.0,-17.0,135.0,-52.0,-329.0,236.0,388.0,-173.0,,,,,,,,,,,,
2025-08-19T12:58:35.618763,369.0,133.0,171.0,399.0,123.0,-83.0,201.0,55.0,-297.0,288.0,439.0,-175.0,,,,,,,,,,,,
2025-08-19T12:58:35.623377,280.0,177.0,237.0,391.0,112.0,-44.0,91.0,11.0,-374.0,295.0,378.0,-55.0,,,,,,,,,,,,
2025-08-19T12:58:35.631082,352.0,280.0,159.0,378.0,108.0,3.0,171.0,-56.0,-330.0,234.0,340.0,-119.0,,,,,,,,,,,,
2025-08-19T12:58:35.635843,359.0,196.0,179.0,531.0,134.0,-48.0,123.0,60.0,-332.0,203.0,427.0,-141.0,,,,,,,,,,,,
2025-08-19T12:58:35.643626,235.0,202.0,157.0,443.0,125.0,-62.0,166.0,54.0,-374.0,232.0,437.0,-169.0,,,,,,,,,,,,
2025-08-19T12:58:35.651521,312.0,295.0,181.0,425.0,107.0,-71.0,173.0,-4.0,-271.0,297.0,429.0,-201.0,,,,,,,,,,,,
2025-08-19T12:58:35.657070,399.0,245.0,85.0,465.0,148.0,-17.0,146.0,53.0,-307.0,244.0,400.0,-132.0,,,,,,,,,,,,
2025-08-19T12:58:35.663774,323.0,213.0,230.0,384.0,167.0,-60.0,164.0,66.0,-349.0,247.0,415.0,-79.0,,,,,,,,,,,,
2025-08-19T12:58:35.668191,301.0,212.0,145.0,468.0,160.0,-29.0,163.0,65.0,-348.0,207.0,417.0,-100.0,,,,,,,,,,,,
2025-08-19T12:58:35.675970,353.0,148.0,191.0,375.0,141.0,-116.0,123.0,49.0,-315.0,230.0,374.0,-116.0,,,,,,,,,,,,
2025-08-19T12:58:35.683978,290.0,234.0,156.0,418.0,89.0,-59.0,151.0,89.0,-342.0,273.0,359.0,-176.0,,,,,,,,,,,,
2025-08-19T12:58:35.688554,341.0,133.0,157.0,386.0,149.0,-92.0,174.0,-17.0,-309.0,275.0,341.0,-163.0,,,,,,,,,,,,
2025-08-19T12:58:35.696510,325.0,215.0,138.0,421.0,114.0,10.0,133.0,-66.0,-289.0,205.0,412.0,-137.0,,,,,,,,,,,,
2025-08-19T12:58:35.700757,282.0,207.0,76.0,383.0,163.0,-48.0,155.0,34.0,-286.0,222.0,441.0,-216.0,,,,,,,,,,,,
2025-08-19T12:58:35.708735,393.0,219.0,103.0,415.0,76.0,-52.0,123.0,65.0,-284.0,243.0,373.0,-185.0,,,,,,,,,,,,
2025-08-19T12:58:35.716818,255.0,200.0,104.0,350.0,108.0,-49.0,159.0,43.0,-278.0,189.0,278.0,-167.0,,,,,,,,,,,,
2025-08-19T12:58:35.721305,279.0,232.0,76.0,344.0,130.0,-5.0,174.0,29.0,-343.0,237.0,276.0,-93.0,,,,,,,,,,,,
2025-08-19T12:58:35.729321,333.0,209.0,113.0,372.0,151.0,-23.0,42.0,-53.0,-281.0,151.0,373.0,-148.0,,,,,,,,,,,,
2025-08-19T12:58:35.733658,212.0,190.0,155.0,300.0,88.0,29.0,114.0,59.0,-263.0,184.0,324.0,-54.0,,,,,,,,,,,,
2025-08-19T12:58:35.741918,221.0,177.0,25.0,349.0,66.0,24.0,101.0,96.0,-356.0,210.0,356.0,-83.0,,,,,,,,,,,,
2025-08-19T12:58:35.747645,243.0,177.0,97.0,327.0,60.0,-18.0,177.0,38.0,-334.0,188.0,237.0,-198.0,,,,,,,,,,,,
2025-08-19T12:58:35.754428,128.0,84.0,108.0,258.0,126.0,-4.0,127.0,-7.0,-206.0,210.0,247.0,-188.0,,,,,,,,,,,,
2025-08-19T12:58:35.762069,180.0,194.0,62.0,279.0,52.0,49.0,143.0,3.0,-131.0,258.0,199.0,-62.0,,,,,,,,,,,,
2025-08-19T12:58:35.766974,241.0,131.0,13.0,235.0,98.0,-20.0,76.0,-2.0,-203.0,126.0,209.0,-31.0,,,,,,,,,,,,
2025-08-19T12:58:35.774523,201.0,67.0,110.0,178.0,79.0,-38.0,79.0,34.0,-174.0,88.0,193.0,-46.0,,,,,,,,,,,,
2025-08-19T12:58:35.780653,125.0,80.0,100.0,171.0,51.0,-11.0,107.0,9.0,-140.0,141.0,190.0,-141.0,,,,,,,,,,,,
2025-08-19T12:58:35.787005,198.0,204.0,19.0,125.0,65.0,107.0,47.0,37.0,-89.0,244.0,159.0,-136.0,,,,,,,,,,,,
2025-08-19T12:58:35.791620,98.0,71.0,77.0,179.0,88.0,-50.0,74.0,91.0,-93.0,159.0,161.0,-109.0,,,,,,,,,,,,
2025-08-19T12:58:35.799071,146.0,70.0,64.0,107.0,139.0,10.0,2.0,58.0,-119.0,98.0,80.0,0.0,,,,,,,,,,,,
2025-08-19T12:58:35.803854,50.0,135.0,85.0,66.0,-16.0,7.0,47.0,45.0,-65.0,117.0,107.0,2.0,,,,,,,,,,,,
2025-08-19T12:58:35.811640,83.0,100.0,35.0,32.0,119.0,8.0,88.0,4.0,-131.0,143.0,53.0,108.0,,,,,,,,,,,,
2025-08-19T12:58:35.815961,156.0,163.0,9.0,65.0,96.0,-11.0,33.0,71.0,-91.0,162.0,126.0,-48.0,,,,,,,,,,,,
2025-08-19T12:58:35.824022,173.0,97.0,54.0,77.0,137.0,43.0,58.0,33.0,-11.0,117.0,-11.0,-24.0,,,,,,,,,,,,
2025-08-19T12:58:35.828184,152.0,-29.0,59.0,74.0,22.0,14.0,-39.0,32.0,19.0,32.0,48.0,19.0,,,,,,,,,,,,
2025-08-19T12:58:35.836189,30.0,-18.0,55.0,71.0,24.0,72.0,15.0,4.0,-57.0,56.0,65.0,29.0,,,,,,,,,,,,
2025-08-19T12:58:35.840430,-1.0,46.0,63.0,29.0,66.0,-20.0,-11.0,21.0,1.0,43.0,48.0,6.0,,,,,,,,,,,,
2025-08-19T12:58:35.848285,-14.0,84.0,98.0,16.0,8.0,3.0,56.0,9.0,60.0,69.0,26.0,0.0,,,,,,,,,,,,
2025-08-19T12:58:35.853042,34.0,74.0,70.0,17.0,96.0,29.0,-2.0,61.0,92.0,100.0,37.0,-44.0,,,,,,,,,,,,
2025-08-19T12:58:35.860652,18.0,74.0,-31.0,69.0,121.0,-57.0,-40.0,27.0,1.0,105.0,15.0,-63.0,,,,,,,,,,,,
2025-08-19T12:58:35.865375,84.0,78.0,-1.0,28.0,100.0,-3.0,78.0,0.0,-61.0,104.0,59.0,-8.0,,,,,,,,,,,,
2025-08-19T12:58:35.872980,79.0,68.0,58.0,116.0,75.0,28.0,38.0,66.0,-62.0,106.0,103.0,-87.0,,,,,,,,,,,,
2025-08-19T12:58:35.877565,115.0,26.0,15.0,21.0,19.0,6.0,68.0,49.0,-45.0,135.0,108.0,-33.0,,,,,,,,,,,,
2025-08-19T12:58:35.885231,74.0,-67.0,97.0,46.0,81.0,-21.0,34.0,48.0,-28.0,110.0,96.0,27.0,,,,,,,,,,,,
2025-08-19T12:58:35.889637,11.0,46.0,33.0,-6.0,56.0,44.0,18.0,50.0,26.0,129.0,137.0,0.0,,,,,,,,,,,,
2025-08-19T12:58:35.897611,-1.0,90.0,89.0,27.0,96.0,10.0,82.0,8.0,12.0,76.0,76.0,-108.0,,,,,,,,,,,,
2025-08-19T12:58:35.902201,10.0,64.0,80.0,29.0,55.0,25.0,43.0,11.0,44.0,98.0,61.0,-40.0,,,,,,,,,,,,
2025-08-19T12:58:35.910072,85.0,146.0,62.0,54.0,84.0,-3.0,88.0,-68.0,40.0,122.0,46.0,-53.0,,,,,,,,,,,,
2025-08-19T12:58:35.914229,119.0,70.0,5.0,105.0,-11.0,-15.0,76.0,51.0,14.0,123.0,108.0,4.0,,,,,,,,,,,,
2025-08-19T12:58:35.922055,73.0,4.0,24.0,47.0,60.0,19.0,31.0,13.0,-20.0,171.0,48.0,-28.0,,,,,,,,,,,,
2025-08-19T12:58:35.926589,121.0,3.0,71.0,11.0,-49.0,-2.0,98.0,74.0,20.0,122.0,94.0,-11.0,,,,,,,,,,,,
2025-08-19T12:58:35.934259,77.0,60.0,80.0,25.0,35.0,40.0,35.0,57.0,5.0,150.0,92.0,-24.0,,,,,,,,,,,,
2025-08-19T12:58:35.938860,8.0,62.0,52.0,25.0,77.0,45.0,10.0,58.0,-25.0,24.0,114.0,10.0,,,,,,,,,,,,
2025-08-19T12:58:35.946739,45.0,122.0,42.0,50.0,128.0,-13.0,-34.0,103.0,-75.0,165.0,87.0,-45.0,,,,,,,,,,,,
2025-08-19T12:58:35.951201,-6.0,51.0,-46.0,84.0,13.0,12.0,39.0,-61.0,-16.0,141.0,-20.0,-26.0,,,,,,,,,,,,
2025-08-19T12:58:35.959047,66.0,-13.0,78.0,-7.0,19.0,19.0,19.0,35.0,-34.0,55.0,40.0,-35.0,,,,,,,,,,,,
2025-08-19T12:58:35.963311,125.0,22.0,4.0,64.0,11.0,62.0,6.0,56.0,12.0,157.0,71.0,-16.0,,,,,,,,,,,,
2025-08-19T12:58:35.971191,92.0,43.0,71.0,33.0,45.0,-42.0,65.0,-53.0,-13.0,50.0,20.0,-5.0,,,,,,,,,,,,
2025-08-19T12:58:35.975716,108.0,46.0,93.0,153.0,91.0,12.0,36.0,15.0,-5.0,112.0,23.0,-31.0,,,,,,,,,,,,
2025-08-19T12:58:35.983544,40.0,27.0,81.0,13.0,5.0,71.0,16.0,55.0,-42.0,102.0,15.0,-5.0,,,,,,,,,,,,
2025-08-19T12:58:35.988578,35.0,44.0,83.0,86.0,11.0,0.0,42.0,-11.0,-33.0,114.0,-43.0,-17.0,,,,,,,,,,,,
2025-08-19T12:58:35.995824,56.0,106.0,92.0,0.0,13.0,-11.0,73.0,42.0,-63.0,50.0,84.0,-65.0,,,,,,,,,,,,
2025-08-19T12:58:36.000636,-26.0,82.0,9.0,53.0,155.0,13.0,12.0,-12.0,-15.0,123.0,39.0,-24.0,,,,,,,,,,,,
2025-08-19T12:58:36.008098,155.0,60.0,-2.0,14.0,102.0,18.0,-23.0,-14.0,-65.0,154.0,22.0,1.0,,,,,,,,,,,,
2025-08-19T12:58:36.012435,57.0,35.0,28.0,48.0,1.0,4.0,-31.0,39.0,3.0,140.0,137.0,10.0,,,,,,,,,,,,
2025-08-19T12:58:36.020509,90.0,-19.0,50.0,13.0,101.0,-7.0,48.0,-4.0,-67.0,110.0,75.0,50.0,,,,,,,,,,,,
2025-08-19T12:58:36.024757,72.0,-22.0,54.0,51.0,79.0,32.0,56.0,84.0,-5.0,121.0,2.0,27.0,,,,,,,,,,,,
2025-08-19T12:58:36.032723,-33.0,17.0,47.0,87.0,110.0,80.0,26.0,32.0,26.0,114.0,55.0,-25.0,,,,,,,,,,,,
2025-08-19T12:58:36.037410,-22.0,30.0,2.0,-6.0,81.0,42.0,-3.0,55.0,-106.0,96.0,66.0,-81.0,,,,,,,,,,,,
2025-08-19T12:58:36.044887,35.0,115.0,20.0,-19.0,62.0,29.0,52.0,36.0,-5.0,107.0,47.0,-33.0,,,,,,,,,,,,
2025-08-19T12:58:36.049320,134.0,131.0,16.0,9.0,45.0,29.0,71.0,46.0,-79.0,90.0,36.0,-19.0,,,,,,,,,,,,
2025-08-19T12:58:36.057249,99.0,-19.0,22.0,9.0,69.0,48.0,39.0,20.0,-22.0,74.0,61.0,-64.0,,,,,,,,,,,,
2025-08-19T12:58:36.061875,8.0,49.0,39.0,31.0,67.0,12.0,31.0,59.0,-18.0,66.0,24.0,9.0,,,,,,,,,,,,
2025-08-19T12:58:36.069590,20.0,34.0,44.0,46.0,102.0,67.0,55.0,52.0,-3.0,61.0,16.0,-47.0,,,,,,,,,,,,
2025-08-19T12:58:36.074241,26.0,69.0,121.0,12.0,91.0,28.0,71.0,2.0,-21.0,58.0,23.0,-30.0,,,,,,,,,,,,
2025-08-19T12:58:36.081756,4.0,76.0,-8.0,-29.0,94.0,63.0,26.0,-74.0,11.0,119.0,23.0,32.0,,,,,,,,,,,,
2025-08-19T12:58:36.086486,53.0,70.0,26.0,38.0,-10.0,-34.0,1.0,-25.0,-42.0,168.0,41.0,-55.0,,,,,,,,,,,,
2025-08-19T12:58:36.094019,114.0,103.0,-35.0,38.0,64.0,39.0,62.0,57.0,15.0,50.0,26.0,-77.0,,,,,,,,,,,,
2025-08-19T12:58:36.098708,90.0,68.0,58.0,3.0,43.0,3.0,67.0,14.0,27.0,92.0,47.0,-53.0,,,,,,,,,,,,
2025-08-19T12:58:36.106270,98.0,26.0,114.0,139.0,42.0,64.0,94.0,87.0,-45.0,39.0,29.0,-25.0,,,,,,,,,,,,
2025-08-19T12:58:36.110924,-40.0,-3.0,25.0,26.0,54.0,4.0,1.0,42.0,-12.0,77.0,9.0,-19.0,,,,,,,,,,,,
2025-08-19T12:58:36.118624,21.0,-9.0,87.0,23.0,64.0,70.0,80.0,57.0,-21.0,53.0,79.0,-10.0,,,,,,,,,,,,
2025-08-19T12:58:36.123402,-23.0,18.0,51.0,4.0,57.0,18.0,-10.0,118.0,22.0,115.0,103.0,-51.0,,,,,,,,,,,,
2025-08-19T12:58:36.130838,77.0,83.0,70.0,-47.0,77.0,22.0,7.0,88.0,-9.0,135.0,159.0,-15.0,,,,,,,,,,,,
2025-08-19T12:58:36.135581,50.0,80.0,-11.0,88.0,57.0,-51.0,79.0,47.0,-58.0,100.0,88.0,-64.0,,,,,,,,,,,,
2025-08-19T12:58:36.143241,53.0,65.0,-19.0,112.0,0.0,-8.0,102.0,93.0,6.0,78.0,103.0,-69.0,,,,,,,,,,,,
2025-08-19T12:58:36.148038,90.0,-6.0,37.0,36.0,-5.0,-23.0,83.0,46.0,-23.0,99.0,108.0,-51.0,,,,,,,,,,,,
2025-08-19T12:58:36.155307,79.0,16.0,90.0,53.0,2.0,-49.0,61.0,42.0,-39.0,179.0,109.0,-42.0,,,,,,,,,,,,
2025-08-19T12:58:36.160221,-18.0,-25.0,137.0,-19.0,79.0,44.0,-23.0,46.0,-30.0,100.0,116.0,-5.0,,,,,,,,,,,,
2025-08-19T12:58:36.167718,-16.0,98.0,74.0,-62.0,62.0,19.0,9.0,-14.0,3.0,98.0,58.0,-1.0,,,,,,,,,,,,
2025-08-19T12:58:36.172517,63.0,112.0,52.0,38.0,55.0,6.0,59.0,76.0,-50.0,8.0,149.0,-23.0,,,,,,,,,,,,
2025-08-19T12:58:36.180069,32.0,17.0,50.0,50.0,118.0,-36.0,41.0,59.0,-32.0,5.0,137.0,-2.0,,,,,,,,,,,,
2025-08-19T12:58:36.184804,104.0,17.0,31.0,29.0,-2.0,-55.0,10.0,5.0,1.0,41.0,90.0,-17.0,,,,,,,,,,,,
2025-08-19T12:58:36.192425,51.0,-40.0,33.0,87.0,50.0,15.0,-30.0,46.0,-26.0,-11.0,125.0,47.0,,,,,,,,,,,,
2025-08-19T12:58:36.196877,71.0,66.0,67.0,56.0,65.0,28.0,15.0,30.0,-31.0,73.0,35.0,-14.0,,,,,,,,,,,,
2025-08-19T12:58:36.204592,-17.0,16.0,22.0,38.0,95.0,73.0,91.0,14.0,-35.0,25.0,48.0,-15.0,,,,,,,,,,,,
2025-08-19T12:58:36.209125,98.0,69.0,58.0,83.0,113.0,-38.0,-1.0,36.0,34.0,33.0,84.0,-59.0,,,,,,,,,,,,
2025-08-19T12:58:36.216798,9.0,75.0,12.0,28.0,114.0,70.0,128.0,64.0,-40.0,64.0,31.0,10.0,,,,,,,,,,,,
2025-08-19T12:58:36.221497,43.0,130.0,30.0,32.0,15.0,-36.0,59.0,9.0,-32.0,49.0,70.0,-22.0,,,,,,,,,,,,
2025-08-19T12:58:36.229124,124.0,28.0,1.0,66.0,-10.0,-6.0,37.0,41.0,-47.0,57.0,79.0,64.0,,,,,,,,,,,,
2025-08-19T12:58:36.233931,117.0,-2.0,52.0,18.0,84.0,52.0,31.0,59.0,8.0,71.0,69.0,16.0,,,,,,,,,,,,
2025-08-19T12:58:36.241437,-2.0,18.0,55.0,16.0,19.0,90.0,-4.0,91.0,-29.0,22.0,91.0,-45.0,,,,,,,,,,,,
2025-08-19T12:58:36.246136,31.0,25.0,70.0,13.0,51.0,65.0,108.0,-12.0,-44.0,58.0,90.0,-21.0,,,,,,,,,,,,
2025-08-19T12:58:36.253677,-33.0,109.0,58.0,20.0,47.0,11.0,94.0,41.0,4.0,62.0,100.0,35.0,,,,,,,,,,,,
2025-08-19T12:58:36.258529,27.0,102.0,43.0,-4.0,90.0,39.0,-15.0,42.0,5.0,81.0,120.0,-15.0,,,,,,,,,,,,
2025-08-19T12:58:36.265913,37.0,118.0,-4.0,14.0,51.0,30.0,41.0,44.0,14.0,60.0,102.0,55.0,,,,,,,,,,,,
2025-08-19T12:58:36.270807,84.0,-14.0,-11.0,36.0,21.0,16.0,4.0,87.0,-57.0,58.0,124.0,-20.0,,,,,,,,,,,,
2025-08-19T12:58:36.278097,74.0,9.0,55.0,67.0,45.0,27.0,86.0,41.0,-67.0,59.0,107.0,-59.0,,,,,,,,,,,,
2025-08-19T12:58:36.282982,5.0,6.0,13.0,27.0,146.0,18.0,-6.0,97.0,-16.0,49.0,56.0,-37.0,,,,,,,,,,,,
2025-08-19T12:58:36.290664,-15.0,98.0,57.0,23.0,51.0,-11.0,10.0,13.0,-40.0,100.0,100.0,1.0,,,,,,,,,,,,
2025-08-19T12:58:36.295428,-46.0,46.0,-13.0,59.0,45.0,-55.0,47.0,51.0,34.0,34.0,90.0,-20.0,,,,,,,,,,,,
2025-08-19T12:58:36.302860,99.0,117.0,100.0,107.0,83.0,3.0,91.0,72.0,-26.0,59.0,47.0,-11.0,,,,,,,,,,,,
2025-08-19T12:58:36.307668,85.0,42.0,-3.0,86.0,11.0,-31.0,20.0,18.0,-13.0,95.0,89.0,13.0,,,,,,,,,,,,
2025-08-19T12:58:36.315165,115.0,66.0,8.0,5.0,84.0,-4.0,18.0,57.0,-15.0,56.0,85.0,7.0,,,,,,,,,,,,
2025-08-19T12:58:36.319887,51.0,-66.0,21.0,14.0,35.0,53.0,48.0,102.0,-50.0,38.0,55.0,5.0,,,,,,,,,,,,
2025-08-19T12:58:36.327461,37.0,-5.0,23.0,74.0,75.0,-30.0,18.0,25.0,-27.0,1.0,51.0,-21.0,,,,,,,,,,,,
2025-08-19T12:58:36.332078,30.0,34.0,34.0,0.0,89.0,-39.0,76.0,47.0,22.0,9.0,88.0,-60.0,,,,,,,,,,,,
2025-08-19T12:58:36.339674,84.0,80.0,30.0,82.0,20.0,45.0,75.0,30.0,-42.0,28.0,85.0,-17.0,,,,,,,,,,,,
2025-08-19T12:58:36.344426,88.0,103.0,34.0,93.0,45.0,33.0,40.0,36.0,-40.0,45.0,60.0,10.0,,,,,,,,,,,,
2025-08-19T12:58:36.352160,104.0,38.0,46.0,47.0,-15.0,-35.0,17.0,64.0,-23.0,10.0,108.0,-23.0,,,,,,,,,,,,
2025-08-19T12:58:36.356757,84.0,-21.0,18.0,48.0,54.0,68.0,8.0,95.0,-22.0,8.0,92.0,-99.0,,,,,,,,,,,,
2025-08-19T12:58:36.364244,98.0,90.0,25.0,-5.0,63.0,-38.0,56.0,3.0,7.0,110.0,30.0,-89.0,,,,,,,,,,,,
2025-08-19T12:58:36.368958,66.0,30.0,57.0,-44.0,74.0,-29.0,89.0,-9.0,9.0,115.0,72.0,-98.0,,,,,,,,,,,,
2025-08-19T12:58:36.376622,-1.0,16.0,73.0,-15.0,59.0,-4.0,72.0,14.0,-37.0,24.0,124.0,-49.0,,,,,,,,,,,,
2025-08-19T12:58:36.381205,44.0,81.0,86.0,75.0,25.0,53.0,30.0,31.0,-17.0,26.0,88.0,-50.0,,,,,,,,,,,,
2025-08-19T12:58:36.388574,39.0,65.0,44.0,8.0,82.0,54.0,6.0,22.0,-20.0,70.0,60.0,7.0,,,,,,,,,,,,
2025-08-19T12:58:36.393606,20.0,96.0,42.0,37.0,55.0,19.0,13.0,21.0,21.0,56.0,8.0,-57.0,,,,,,,,,,,,
2025-08-19T12:58:36.401126,118.0,80.0,-23.0,-33.0,73.0,11.0,47.0,-1.0,18.0,-19.0,15.0,-57.0,,,,,,,,,,,,
2025-08-19T12:58:36.405899,93.0,14.0,-3.0,14.0,75.0,-80.0,33.0,20.0,79.0,105.0,125.0,-19.0,,,,,,,,,,,,
2025-08-19T12:58:36.413220,46.0,-5.0,18.0,47.0,95.0,27.0,16.0,84.0,-42.0,-65.0,159.0,-29.0,,,,,,,,,,,,
2025-08-19T12:58:36.418041,1.0,44.0,64.0,116.0,19.0,-37.0,11.0,88.0,4.0,-6.0,124.0,-43.0,,,,,,,,,,,,
2025-08-19T12:58:36.425553,53.0,4.0,73.0,43.0,20.0,41.0,46.0,76.0,-1.0,37.0,110.0,-55.0,,,,,,,,,,,,
2025-08-19T12:58:36.430352,23.0,54.0,69.0,0.0,106.0,101.0,62.0,34.0,-11.0,31.0,75.0,-81.0,,,,,,,,,,,,
2025-08-19T12:58:36.437868,107.0,58.0,47.0,-2.0,32.0,-29.0,78.0,35.0,-51.0,91.0,43.0,-22.0,,,,,,,,,,,,
2025-08-19T12:58:36.442656,-50.0,75.0,69.0,7.0,116.0,11.0,54.0,45.0,15.0,48.0,48.0,-19.0,,,,,,,,,,,,
2025-08-19T12:58:36.450096,94.0,99.0,29.0,95.0,65.0,-42.0,48.0,35.0,-52.0,68.0,86.0,-1.0,,,,,,,,,,,,
2025-08-19T12:58:36.454910,93.0,47.0,31.0,44.0,-8.0,9.0,-8.0,-12.0,11.0,41.0,147.0,-37.0,,,,,,,,,,,,
2025-08-19T12:58:36.462269,77.0,-3.0,59.0,80.0,85.0,31.0,64.0,-2.0,20.0,116.0,99.0,37.0,,,,,,,,,,,,
2025-08-19T12:58:36.466904,5.0,-39.0,68.0,114.0,83.0,53.0,6.0,18.0,11.0,103.0,74.0,-28.0,,,,,,,,,,,,
2025-08-19T12:58:36.474752,49.0,115.0,26.0,-21.0,71.0,40.0,33.0,-6.0,-58.0,48.0,77.0,-33.0,,,,,,,,,,,,
2025-08-19T12:58:36.480183,93.0,23.0,0.0,-5.0,38.0,-60.0,41.0,8.0,-1.0,52.0,37.0,-14.0,,,,,,,,,,,,
2025-08-19T12:58:36.483394,12.0,148.0,-32.0,11.0,89.0,-4.0,88.0,9.0,8.0,49.0,94.0,-46.0,,,,,,,,,,,,
2025-08-19T12:58:36.491735,32.0,62.0,-4.0,-27.0,33.0,-20.0,23.0,-29.0,-4.0,3.0,67.0,-37.0,,,,,,,,,,,,
2025-08-19T12:58:36.495541,89.0,103.0,-24.0,12.0,25.0,-1.0,65.0,74.0,61.0,9.0,97.0,-43.0,,,,,,,,,,,,
2025-08-19T12:58:36.503306,93.0,64.0,-3.0,60.0,34.0,-32.0,13.0,24.0,44.0,27.0,43.0,0.0,,,,,,,,,,,,
2025-08-19T12:58:36.507658,25.0,-29.0,18.0,-30.0,16.0,21.0,43.0,-51.0,-19.0,26.0,67.0,-66.0,,,,,,,,,,,,
2025-08-19T12:58:36.515579,9.0,-34.0,64.0,-51.0,48.0,63.0,46.0,89.0,-11.0,12.0,85.0,-27.0,,,,,,,,,,,,
2025-08-19T12:58:36.519742,-65.0,-47.0,33.0,-76.0,76.0,0.0,35.0,14.0,-13.0,28.0,81.0,-8.0,,,,,,,,,,,,
2025-08-19T12:58:36.528029,-24.0,72.0,67.0,19.0,66.0,-4.0,56.0,0.0,7.0,-19.0,54.0,-39.0,,,,,,,,,,,,
2025-08-19T12:58:36.532067,-62.0,49.0,0.0,-3.0,82.0,-7.0,42.0,35.0,-10.0,-58.0,40.0,-37.0,,,,,,,,,,,,
2025-08-19T12:58:36.540153,-29.0,70.0,24.0,32.0,3.0,-11.0,42.0,77.0,15.0,-10.0,71.0,-40.0,,,,,,,,,,,,
2025-08-19T12:58:36.544388,-41.0,27.0,-19.0,-18.0,-7.0,34.0,-2.0,-11.0,54.0,-34.0,92.0,-11.0,,,,,,,,,,,,
2025-08-19T12:58:36.552631,44.0,38.0,-39.0,-19.0,60.0,-13.0,-54.0,-3.0,27.0,-19.0,42.0,-14.0,,,,,,,,,,,,
2025-08-19T12:58:36.556620,52.0,0.0,39.0,-77.0,30.0,58.0,-17.0,33.0,17.0,-23.0,4.0,-43.0,,,,,,,,,,,,
2025-08-19T12:58:36.564702,14.0,-17.0,31.0,-100.0,22.0,8.0,-47.0,-25.0,5.0,-14.0,97.0,-22.0,,,,,,,,,,,,
2025-08-19T12:58:36.568984,27.0,35.0,28.0,52.0,1.0,13.0,-6.0,51.0,3.0,-19.0,4.0,-31.0,,,,,,,,,,,,
2025-08-19T12:58:36.577210,-54.0,-10.0,12.0,-8.0,27.0,-54.0,-29.0,-41.0,22.0,-97.0,-37.0,-52.0,,,,,,,,,,,,
2025-08-19T12:58:36.581570,-47.0,61.0,3.0,58.0,-26.0,-46.0,-55.0,62.0,-14.0,-8.0,9.0,-8.0,,,,,,,,,,,,
2025-08-19T12:58:36.589334,-11.0,44.0,24.0,37.0,8.0,33.0,-65.0,99.0,35.0,-49.0,33.0,32.0,,,,,,,,,,,,
2025-08-19T12:58:36.593766,-27.0,87.0,-17.0,-53.0,86.0,-30.0,-62.0,76.0,46.0,-17.0,32.0,-33.0,,,,,,,,,,,,
2025-08-19T12:58:36.601562,44.0,66.0,52.0,-64.0,50.0,-2.0,-15.0,64.0,5.0,-24.0,-2.0,1.0,,,,,,,,,,,,
2025-08-19T12:58:36.606320,-42.0,-39.0,-60.0,-53.0,1.0,39.0,25.0,43.0,-14.0,10.0,6.0,-57.0,,,,,,,,,,,,
2025-08-19T12:58:36.614131,5.0,40.0,-75.0,-27.0,49.0,13.0,-32.0,21.0,3.0,-49.0,4.0,-29.0,,,,,,,,,,,,
2025-08-19T12:58:36.618877,36.0,-35.0,-34.0,-32.0,-8.0,62.0,20.0,39.0,-28.0,-37.0,10.0,-9.0,,,,,,,,,,,,
2025-08-19T12:58:36.626439,7.0,46.0,-8.0,-15.0,133.0,-33.0,33.0,67.0,57.0,10.0,1.0,-97.0,,,,,,,,,,,,
2025-08-19T12:58:36.630979,31.0,0.0,-34.0,-9.0,77.0,-48.0,6.0,46.0,50.0,-17.0,69.0,-37.0,,,,,,,,,,,,
2025-08-19T12:58:36.638582,52.0,-6.0,46.0,-9.0,30.0,17.0,-17.0,8.0,12.0,-73.0,-19.0,-1.0,,,,,,,,,,,,
2025-08-19T12:58:36.643118,-11.0,-49.0,98.0,37.0,5.0,-39.0,18.0,31.0,-8.0,-81.0,-8.0,-58.0,,,,,,,,,,,,
2025-08-19T12:58:36.647453,16.0,-20.0,26.0,-6.0,28.0,6.0,-4.0,14.0,0.0,-37.0,83.0,-64.0,,,,,,,,,,,,
2025-08-19T12:58:36.655666,13.0,-9.0,24.0,-67.0,92.0,-42.0,-39.0,32.0,-22.0,-8.0,-7.0,-15.0,,,,,,,,,,,,
2025-08-19T12:58:36.660083,-57.0,15.0,44.0,32.0,89.0,-34.0,-54.0,69.0,-55.0,-29.0,52.0,1.0,,,,,,,,,,,,
2025-08-19T12:58:36.667799,-61.0,60.0,24.0,-2.0,-24.0,-23.0,2.0,47.0,-35.0,-34.0,26.0,-59.0,,,,,,,,,,,,
2025-08-19T12:58:36.671793,4.0,1.0,21.0,-33.0,57.0,-12.0,-8.0,66.0,8.0,9.0,56.0,-12.0,,,,,,,,,,,,
2025-08-19T12:58:36.680044,-23.0,63.0,-1.0,8.0,12.0,9.0,-52.0,16.0,11.0,-75.0,17.0,-46.0,,,,,,,,,,,,
2025-08-19T12:58:36.684261,6.0,104.0,-105.0,-12.0,50.0,65.0,-43.0,62.0,-11.0,-26.0,52.0,-34.0,,,,,,,,,,,,
2025-08-19T12:58:36.692159,58.0,129.0,-54.0,-28.0,19.0,-19.0,25.0,67.0,-35.0,-29.0,1.0,2.0,,,,,,,,,,,,
2025-08-19T12:58:36.696421,-4.0,15.0,-37.0,-37.0,39.0,-8.0,34.0,77.0,4.0,-31.0,4.0,-60.0,,,,,,,,,,,,
2025-08-19T12:58:36.704559,-21.0,57.0,-20.0,-43.0,-7.0,-25.0,7.0,19.0,17.0,62.0,28.0,-37.0,,,,,,,,,,,,
2025-08-19T12:58:36.708846,77.0,-49.0,31.0,-25.0,-14.0,-15.0,50.0,82.0,-32.0,-101.0,-23.0,-10.0,,,,,,,,,,,,
2025-08-19T12:58:36.716760,-17.0,-43.0,11.0,-31.0,50.0,35.0,-55.0,28.0,86.0,-14.0,26.0,11.0,,,,,,,,,,,,
2025-08-19T12:58:36.721043,-6.0,72.0,3.0,-53.0,77.0,-10.0,-66.0,20.0,40.0,-59.0,84.0,2.0,,,,,,,,,,,,
2025-08-19T12:58:36.728803,-15.0,109.0,20.0,-5.0,30.0,-23.0,-50.0,28.0,31.0,-18.0,-10.0,-85.0,,,,,,,,,,,,
2025-08-19T12:58:36.733394,23.0,104.0,-38.0,-21.0,94.0,-1.0,-70.0,-30.0,27.0,-47.0,37.0,-28.0,,,,,,,,,,,,
2025-08-19T12:58:36.740947,48.0,-44.0,-50.0,56.0,30.0,-6.0,48.0,-6.0,32.0,-23.0,5.0,-14.0,,,,,,,,,,,,
2025-08-19T12:58:36.745246,-10.0,-17.0,-49.0,20.0,6.0,2.0,-23.0,20.0,71.0,-68.0,33.0,-38.0,,,,,,,,,,,,
2025-08-19T12:58:36.753173,6.0,20.0,-59.0,-28.0,-17.0,64.0,-43.0,68.0,60.0,9.0,16.0,-38.0,,,,,,,,,,,,
2025-08-19T12:58:36.757354,0.0,-9.0,-31.0,-47.0,65.0,14.0,-2.0,64.0,15.0,5.0,15.0,-6.0,,,,,,,,,,,,
2025-08-19T12:58:36.765284,29.0,9.0,-36.0,28.0,75.0,-12.0,-31.0,5.0,68.0,-42.0,1.0,-12.0,,,,,,,,,,,,
2025-08-19T12:58:36.769819,83.0,46.0,13.0,-49.0,71.0,-11.0,-49.0,68.0,20.0,-27.0,77.0,-68.0,,,,,,,,,,,,
2025-08-19T12:58:36.777598,44.0,46.0,58.0,-42.0,64.0,11.0,38.0,36.0,36.0,-21.0,135.0,-61.0,,,,,,,,,,,,
2025-08-19T12:58:36.782121,-21.0,30.0,64.0,-10.0,26.0,10.0,-32.0,20.0,52.0,-32.0,84.0,-48.0,,,,,,,,,,,,
2025-08-19T12:58:36.789962,-101.0,6.0,65.0,31.0,54.0,-8.0,-48.0,91.0,-35.0,-29.0,56.0,-31.0,,,,,,,,,,,,
2025-08-19T12:58:36.794328,0.0,34.0,-19.0,40.0,-23.0,-23.0,-12.0,23.0,59.0,2.0,59.0,-42.0,,,,,,,,,,,,
2025-08-19T12:58:36.802413,2.0,19.0,1.0,-40.0,19.0,83.0,-90.0,-7.0,22.0,-28.0,-13.0,-12.0,,,,,,,,,,,,
2025-08-19T12:58:36.807188,4.0,62.0,-14.0,-57.0,-20.0,-5.0,-53.0,25.0,-3.0,-74.0,16.0,-32.0,,,,,,,,,,,,
2025-08-19T12:58:36.814712,-4.0,8.0,-74.0,-38.0,51.0,-13.0,-84.0,102.0,69.0,-31.0,27.0,-43.0,,,,,,,,,,,,
2025-08-19T12:58:36.819526,100.0,36.0,14.0,-47.0,25.0,21.0,-22.0,85.0,17.0,-53.0,-2.0,17.0,,,,,,,,,,,,
2025-08-19T12:58:36.827026,-43.0,31.0,24.0,17.0,58.0,25.0,55.0,51.0,33.0,-30.0,33.0,-39.0,,,,,,,,,,,,
2025-08-19T12:58:36.831790,-37.0,65.0,13.0,18.0,-3.0,-30.0,56.0,24.0,-52.0,-8.0,27.0,-7.0,,,,,,,,,,,,
2025-08-19T12:58:36.839382,-29.0,102.0,55.0,-63.0,1.0,4.0,30.0,7.0,48.0,-18.0,39.0,-6.0,,,,,,,,,,,,
2025-08-19T12:58:36.843964,-4.0,-14.0,51.0,-52.0,7.0,63.0,24.0,62.0,-12.0,-13.0,46.0,-48.0,,,,,,,,,,,,
2025-08-19T12:58:36.851524,-1.0,8.0,18.0,-40.0,68.0,-10.0,-33.0,-50.0,-55.0,8.0,36.0,-44.0,,,,,,,,,,,,
2025-08-19T12:58:36.856402,-62.0,29.0,-67.0,-89.0,75.0,-20.0,30.0,63.0,-14.0,-13.0,72.0,-20.0,,,,,,,,,,,,
2025-08-19T12:58:36.863827,17.0,68.0,-38.0,-26.0,51.0,-38.0,-26.0,-32.0,55.0,22.0,21.0,10.0,,,,,,,,,,,,
2025-08-19T12:58:36.868641,-4.0,-11.0,-35.0,-6.0,-51.0,6.0,-13.0,35.0,20.0,-67.0,0.0,-77.0,,,,,,,,,,,,
2025-08-19T12:58:36.873008,58.0,-26.0,-24.0,-59.0,54.0,72.0,25.0,38.0,38.0,17.0,55.0,2.0,,,,,,,,,,,,
2025-08-19T12:58:36.880678,45.0,40.0,-47.0,61.0,25.0,21.0,22.0,16.0,34.0,11.0,28.0,6.0,,,,,,,,,,,,
2025-08-19T12:58:36.884807,49.0,21.0,44.0,-9.0,-7.0,20.0,-11.0,52.0,45.0,30.0,11.0,-40.0,,,,,,,,,,,,
2025-08-19T12:58:36.892957,-49.0,66.0,63.0,-17.0,-10.0,76.0,-38.0,48.0,55.0,-30.0,62.0,-82.0,,,,,,,,,,,,
2025-08-19T12:58:36.897135,-58.0,78.0,18.0,-67.0,38.0,-25.0,-19.0,47.0,61.0,11.0,-32.0,11.0,,,,,,,,,,,,
2025-08-19T12:58:36.905353,-17.0,6.0,-87.0,-9.0,-51.0,57.0,-71.0,82.0,54.0,18.0,5.0,4.0,,,,,,,,,,,,
2025-08-19T12:58:36.909427,-44.0,93.0,-37.0,54.0,57.0,-41.0,22.0,14.0,19.0,-55.0,56.0,53.0,,,,,,,,,,,,
2025-08-19T12:58:36.917504,13.0,68.0,-77.0,7.0,-3.0,21.0,-37.0,-23.0,44.0,-9.0,54.0,24.0,,,,,,,,,,,,
2025-08-19T12:58:36.921810,45.0,67.0,-47.0,-8.0,22.0,-24.0,-21.0,100.0,19.0,-42.0,-24.0,79.0,,,,,,,,,,,,
2025-08-19T12:58:36.929756,24.0,51.0,-72.0,-1.0,40.0,50.0,77.0,34.0,74.0,34.0,-4.0,45.0,,,,,,,,,,,,
2025-08-19T12:58:36.934107,-31.0,40.0,-43.0,46.0,86.0,11.0,-56.0,3.0,-80.0,-22.0,-31.0,41.0,,,,,,,,,,,,
2025-08-19T12:58:36.941776,50.0,9.0,70.0,-38.0,42.0,52.0,-43.0,11.0,41.0,70.0,64.0,38.0,,,,,,,,,,,,
2025-08-19T12:58:36.946364,73.0,37.0,-36.0,16.0,104.0,-5.0,-59.0,-10.0,-20.0,39.0,-47.0,20.0,,,,,,,,,,,,
2025-08-19T12:58:36.954255,-46.0,63.0,-27.0,-89.0,101.0,7.0,-100.0,67.0,14.0,41.0,-63.0,2.0,,,,,,,,,,,,
2025-08-19T12:58:36.958526,-71.0,23.0,12.0,-10.0,54.0,24.0,-28.0,78.0,9.0,39.0,8.0,17.0,,,,,,,,,,,,
2025-08-19T12:58:36.966593,4.0,70.0,13.0,25.0,76.0,-21.0,-1.0,141.0,-8.0,109.0,-40.0,22.0,,,,,,,,,,,,
2025-08-19T12:58:36.970844,22.0,31.0,-39.0,-15.0,93.0,13.0,3.0,96.0,4.0,77.0,11.0,9.0,,,,,,,,,,,,
2025-08-19T12:58:36.980009,35.0,101.0,-32.0,-24.0,-34.0,9.0,-19.0,32.0,31.0,77.0,-33.0,49.0,,,,,,,,,,,,
2025-08-19T12:58:36.983484,35.0,-10.0,14.0,-89.0,59.0,74.0,14.0,33.0,21.0,-42.0,-60.0,18.0,,,,,,,,,,,,
2025-08-19T12:58:36.991025,-23.0,3.0,46.0,-63.0,21.0,-14.0,84.0,14.0,48.0,56.0,11.0,15.0,,,,,,,,,,,,
2025-08-19T12:58:36.995757,-28.0,-49.0,5.0,43.0,62.0,-29.0,-33.0,43.0,34.0,43.0,-46.0,52.0,,,,,,,,,,,,
2025-08-19T12:58:37.003465,-15.0,50.0,11.0,16.0,-4.0,-19.0,-76.0,61.0,31.0,58.0,-58.0,-13.0,,,,,,,,,,,,
2025-08-19T12:58:37.008014,-34.0,67.0,26.0,20.0,51.0,-10.0,-27.0,-16.0,-16.0,80.0,73.0,35.0,,,,,,,,,,,,
2025-08-19T12:58:37.015773,-22.0,73.0,-76.0,-39.0,46.0,22.0,-47.0,-22.0,45.0,95.0,6.0,-41.0,,,,,,,,,,,,
2025-08-19T12:58:37.020330,7.0,14.0,16.0,-45.0,25.0,-13.0,-67.0,12.0,45.0,49.0,-61.0,46.0,,,,,,,,,,,,
2025-08-19T12:58:37.027794,17.0,-84.0,17.0,12.0,-6.0,-7.0,13.0,36.0,-15.0,18.0,8.0,12.0,,,,,,,,,,,,
2025-08-19T12:58:37.032586,21.0,-5.0,-10.0,35.0,20.0,-16.0,-51.0,68.0,54.0,17.0,15.0,12.0,,,,,,,,,,,,
2025-08-19T12:58:37.040395,-42.0,-18.0,71.0,-83.0,28.0,-39.0,-24.0,22.0,-7.0,25.0,-80.0,12.0,,,,,,,,,,,,
2025-08-19T12:58:37.044928,-15.0,113.0,-24.0,-2.0,-6.0,-11.0,-13.0,19.0,44.0,100.0,1.0,7.0,,,,,,,,,,,,
2025-08-19T12:58:37.052442,-24.0,10.0,12.0,-5.0,-11.0,67.0,-8.0,11.0,24.0,26.0,-67.0,31.0,,,,,,,,,,,,
2025-08-19T12:58:37.057102,-71.0,36.0,-19.0,-63.0,41.0,32.0,1.0,58.0,49.0,25.0,3.0,-3.0,,,,,,,,,,,,
2025-08-19T12:58:37.064729,-20.0,0.0,10.0,-82.0,53.0,-6.0,-66.0,8.0,4.0,-19.0,10.0,33.0,,,,,,,,,,,,
2025-08-19T12:58:37.069361,-7.0,80.0,12.0,-16.0,59.0,-15.0,-15.0,4.0,25.0,82.0,-57.0,45.0,,,,,,,,,,,,
2025-08-19T12:58:37.076815,47.0,-60.0,-39.0,8.0,-2.0,-63.0,64.0,88.0,27.0,45.0,53.0,13.0,,,,,,,,,,,,
2025-08-19T12:58:37.081709,47.0,14.0,-17.0,15.0,-40.0,-1.0,59.0,44.0,31.0,67.0,-25.0,-5.0,,,,,,,,,,,,
2025-08-19T12:58:37.089111,-28.0,34.0,10.0,30.0,49.0,-21.0,-107.0,23.0,42.0,38.0,-16.0,5.0,,,,,,,,,,,,
2025-08-19T12:58:37.093869,-66.0,-53.0,54.0,-47.0,-54.0,5.0,-34.0,87.0,78.0,-6.0,-15.0,17.0,,,,,,,,,,,,
2025-08-19T12:58:37.101474,-13.0,3.0,92.0,-50.0,22.0,47.0,12.0,72.0,53.0,61.0,-32.0,-17.0,,,,,,,,,,,,
2025-08-19T12:58:37.106046,-59.0,69.0,57.0,-80.0,86.0,28.0,-31.0,12.0,50.0,50.0,-20.0,4.0,,,,,,,,,,,,
2025-08-19T12:58:37.113605,5.0,30.0,-25.0,-74.0,100.0,-6.0,-26.0,74.0,33.0,39.0,-43.0,22.0,,,,,,,,,,,,
2025-08-19T12:58:37.118396,41.0,109.0,-4.0,-9.0,49.0,-54.0,-20.0,-12.0,-12.0,34.0,3.0,58.0,,,,,,,,,,,,
2025-08-19T12:58:37.125918,24.0,-69.0,-90.0,34.0,69.0,-44.0,-40.0,-13.0,-4.0,32.0,-60.0,65.0,,,,,,,,,,,,
2025-08-19T12:58:37.130648,56.0,-9.0,-2.0,14.0,-24.0,57.0,40.0,32.0,74.0,46.0,-59.0,99.0,,,,,,,,,,,,
2025-08-19T12:58:37.134645,34.0,-29.0,30.0,37.0,39.0,19.0,-81.0,51.0,23.0,53.0,-16.0,5.0,,,,,,,,,,,,
2025-08-19T12:58:37.142821,-35.0,19.0,8.0,14.0,-28.0,-18.0,-12.0,68.0,24.0,75.0,11.0,35.0,,,,,,,,,,,,
2025-08-19T12:58:37.146906,-41.0,112.0,31.0,-23.0,52.0,3.0,-42.0,33.0,3.0,45.0,-20.0,13.0,,,,,,,,,,,,
2025-08-19T12:58:37.155223,-56.0,91.0,-33.0,-72.0,-31.0,44.0,-58.0,33.0,65.0,113.0,-55.0,58.0,,,,,,,,,,,,
2025-08-19T12:58:37.159591,8.0,83.0,-38.0,9.0,-9.0,-14.0,-8.0,18.0,37.0,81.0,2.0,29.0,,,,,,,,,,,,
2025-08-19T12:58:37.167238,9.0,67.0,5.0,-4.0,-8.0,-63.0,-75.0,35.0,-46.0,121.0,8.0,-27.0,,,,,,,,,,,,
2025-08-19T12:58:37.171578,21.0,69.0,-25.0,-50.0,23.0,-54.0,-69.0,85.0,-14.0,9.0,53.0,-23.0,,,,,,,,,,,,
2025-08-19T12:58:37.180278,72.0,-2.0,-40.0,10.0,13.0,11.0,-28.0,12.0,10.0,35.0,-42.0,11.0,,,,,,,,,,,,
2025-08-19T12:58:37.183804,19.0,-24.0,74.0,22.0,11.0,9.0,-42.0,54.0,7.0,48.0,-51.0,47.0,,,,,,,,,,,,
2025-08-19T12:58:37.191976,-17.0,14.0,33.0,-48.0,-13.0,-21.0,38.0,-11.0,-31.0,32.0,-86.0,47.0,,,,,,,,,,,,
2025-08-19T12:58:37.196036,24.0,-15.0,44.0,7.0,-7.0,-19.0,-3.0,-9.0,45.0,47.0,5.0,8.0,,,,,,,,,,,,
2025-08-19T12:58:37.203936,29.0,33.0,-10.0,-100.0,22.0,8.0,63.0,-57.0,-29.0,0.0,2.0,-2.0,,,,,,,,,,,,
2025-08-19T12:58:37.208725,-40.0,-35.0,17.0,-114.0,-16.0,-24.0,-19.0,12.0,12.0,32.0,-58.0,20.0,,,,,,,,,,,,
2025-08-19T12:58:37.216521,-38.0,120.0,49.0,-13.0,38.0,33.0,-21.0,-6.0,-28.0,15.0,-18.0,-52.0,,,,,,,,,,,,
2025-08-19T12:58:37.221037,-43.0,38.0,-46.0,5.0,3.0,-74.0,13.0,-4.0,23.0,40.0,-33.0,-55.0,,,,,,,,,,,,
2025-08-19T12:58:37.228473,3.0,86.0,-15.0,3.0,98.0,4.0,-15.0,4.0,77.0,-5.0,25.0,-29.0,,,,,,,,,,,,
2025-08-19T12:58:37.233084,-45.0,34.0,-27.0,-11.0,11.0,-14.0,2.0,64.0,-10.0,-17.0,9.0,-21.0,,,,,,,,,,,,
2025-08-19T12:58:37.240697,-33.0,60.0,-69.0,53.0,5.0,63.0,38.0,-56.0,73.0,-57.0,-10.0,-35.0,,,,,,,,,,,,
2025-08-19T12:58:37.245459,1.0,17.0,3.0,13.0,-16.0,-8.0,-85.0,45.0,-13.0,15.0,58.0,-57.0,,,,,,,,,,,,
2025-08-19T12:58:37.252980,17.0,-18.0,-18.0,24.0,25.0,3.0,-13.0,31.0,-24.0,-16.0,-4.0,2.0,,,,,,,,,,,,
2025-08-19T12:58:37.257833,36.0,-50.0,-44.0,-41.0,-9.0,6.0,4.0,1.0,-8.0,12.0,42.0,-25.0,,,,,,,,,,,,
2025-08-19T12:58:37.265339,-37.0,-46.0,-62.0,-70.0,50.0,75.0,-24.0,46.0,51.0,13.0,20.0,13.0,,,,,,,,,,,,
2025-08-19T12:58:37.269982,57.0,-45.0,66.0,-82.0,69.0,-21.0,-63.0,4.0,24.0,-25.0,15.0,4.0,,,,,,,,,,,,
2025-08-19T12:58:37.277504,23.0,1.0,39.0,-55.0,-30.0,-19.0,17.0,98.0,19.0,17.0,91.0,-65.0,,,,,,,,,,,,
2025-08-19T12:58:37.282220,-45.0,-66.0,11.0,58.0,-30.0,-63.0,48.0,-1.0,27.0,-9.0,36.0,-57.0,,,,,,,,,,,,
2025-08-19T12:58:37.286642,-11.0,-11.0,4.0,-2.0,18.0,30.0,35.0,9.0,49.0,15.0,-38.0,-6.0,,,,,,,,,,,,
2025-08-19T12:58:37.294473,-24.0,-127.0,13.0,-65.0,43.0,-36.0,-8.0,43.0,-17.0,-63.0,44.0,-21.0,,,,,,,,,,,,
2025-08-19T12:58:37.302033,-53.0,84.0,36.0,-69.0,1.0,73.0,-64.0,46.0,74.0,-25.0,84.0,-82.0,,,,,,,,,,,,
2025-08-19T12:58:37.306811,-61.0,99.0,-55.0,-62.0,53.0,-41.0,32.0,16.0,14.0,-71.0,22.0,-51.0,,,,,,,,,,,,
2025-08-19T12:58:37.314503,-16.0,123.0,-42.0,-72.0,65.0,-21.0,-70.0,62.0,61.0,-54.0,17.0,-29.0,,,,,,,,,,,,
2025-08-19T12:58:37.319104,0.0,-24.0,-41.0,-31.0,3.0,-28.0,-26.0,60.0,-48.0,43.0,-38.0,-17.0,,,,,,,,,,,,
2025-08-19T12:58:37.326687,-12.0,-24.0,92.0,-30.0,-53.0,-75.0,-14.0,53.0,-38.0,-39.0,-25.0,-31.0,,,,,,,,,,,,
2025-08-19T12:58:37.331581,-53.0,10.0,-28.0,-36.0,67.0,46.0,33.0,75.0,106.0,-70.0,10.0,-2.0,,,,,,,,,,,,
2025-08-19T12:58:37.338772,-30.0,76.0,-45.0,2.0,-4.0,41.0,-15.0,2.0,-28.0,-60.0,35.0,29.0,,,,,,,,,,,,
2025-08-19T12:58:37.343646,-9.0,50.0,-53.0,-56.0,-11.0,26.0,-10.0,18.0,65.0,-25.0,28.0,-13.0,,,,,,,,,,,,
2025-08-19T12:58:37.351367,-10.0,34.0,-36.0,-22.0,58.0,-34.0,-3.0,-35.0,-34.0,-2.0,28.0,-57.0,,,,,,,,,,,,
2025-08-19T12:58:37.355664,-6.0,-9.0,36.0,-25.0,40.0,-9.0,36.0,79.0,-13.0,-14.0,18.0,11.0,,,,,,,,,,,,
2025-08-19T12:58:37.359863,78.0,-43.0,-13.0,55.0,7.0,-37.0,-40.0,3.0,35.0,-7.0,-1.0,3.0,,,,,,,,,,,,
2025-08-19T12:58:37.368010,14.0,40.0,-66.0,-35.0,31.0,-26.0,77.0,76.0,65.0,-66.0,9.0,-94.0,,,,,,,,,,,,
2025-08-19T12:58:37.373183,25.0,-46.0,43.0,14.0,-85.0,6.0,-60.0,38.0,-3.0,-111.0,76.0,-30.0,,,,,,,,,,,,
2025-08-19T12:58:37.380857,-37.0,-32.0,-6.0,-15.0,-52.0,69.0,68.0,12.0,-22.0,7.0,-1.0,-47.0,,,,,,,,,,,,
2025-08-19T12:58:37.384631,-57.0,-29.0,49.0,-30.0,-12.0,40.0,-64.0,69.0,-19.0,-61.0,13.0,-56.0,,,,,,,,,,,,
2025-08-19T12:58:37.392532,-63.0,56.0,12.0,-22.0,11.0,20.0,58.0,6.0,22.0,-15.0,53.0,8.0,,,,,,,,,,,,
2025-08-19T12:58:37.396881,-30.0,30.0,-81.0,-28.0,42.0,-36.0,10.0,-34.0,57.0,-88.0,32.0,-26.0,,,,,,,,,,,,
2025-08-19T12:58:37.404736,30.0,44.0,-45.0,-6.0,14.0,-3.0,3.0,55.0,-64.0,-93.0,57.0,-44.0,,,,,,,,,,,,
2025-08-19T12:58:37.409130,2.0,72.0,-33.0,31.0,29.0,-53.0,-19.0,-13.0,33.0,-51.0,20.0,-2.0,,,,,,,,,,,,
2025-08-19T12:58:37.417257,48.0,20.0,-23.0,-16.0,8.0,-39.0,-43.0,-31.0,4.0,-28.0,97.0,-35.0,,,,,,,,,,,,
2025-08-19T12:58:37.421450,10.0,-11.0,10.0,-67.0,-32.0,7.0,-46.0,-18.0,-28.0,-43.0,62.0,-38.0,,,,,,,,,,,,
2025-08-19T12:58:37.429277,-79.0,-26.0,15.0,-93.0,-22.0,35.0,5.0,35.0,1.0,-16.0,1.0,1.0,,,,,,,,,,,,
2025-08-19T12:58:37.433846,-42.0,-52.0,-3.0,-67.0,6.0,30.0,22.0,24.0,17.0,-16.0,3.0,-13.0,,,,,,,,,,,,
2025-08-19T12:58:37.441521,-33.0,-10.0,27.0,-65.0,7.0,17.0,3.0,-6.0,39.0,-88.0,44.0,-82.0,,,,,,,,,,,,
2025-08-19T12:58:37.446014,-3.0,21.0,31.0,-100.0,45.0,-1.0,32.0,-7.0,25.0,6.0,-39.0,24.0,,,,,,,,,,,,
2025-08-19T12:58:37.453785,-67.0,2.0,-55.0,-60.0,9.0,-24.0,14.0,10.0,77.0,-85.0,19.0,-47.0,,,,,,,,,,,,
2025-08-19T12:58:37.458382,-70.0,0.0,-3.0,54.0,36.0,-42.0,0.0,3.0,42.0,23.0,-19.0,-43.0,,,,,,,,,,,,
2025-08-19T12:58:37.465859,-75.0,54.0,86.0,60.0,40.0,-75.0,20.0,83.0,49.0,-99.0,75.0,17.0,,,,,,,,,,,,
2025-08-19T12:58:37.470644,-45.0,44.0,-28.0,12.0,68.0,-47.0,41.0,49.0,38.0,-31.0,25.0,-50.0,,,,,,,,,,,,
2025-08-19T12:58:37.478209,18.0,34.0,6.0,-32.0,-7.0,-6.0,-45.0,99.0,14.0,-19.0,81.0,-81.0,,,,,,,,,,,,
2025-08-19T12:58:37.482726,60.0,101.0,20.0,-33.0,9.0,25.0,20.0,64.0,65.0,-17.0,-4.0,-25.0,,,,,,,,,,,,
2025-08-19T12:58:37.490584,69.0,83.0,-8.0,-41.0,66.0,52.0,-12.0,32.0,-16.0,-57.0,22.0,-2.0,,,,,,,,,,,,
2025-08-19T12:58:37.495213,29.0,-45.0,-16.0,-53.0,33.0,0.0,-77.0,-31.0,93.0,74.0,48.0,-10.0,,,,,,,,,,,,
2025-08-19T12:58:37.502840,4.0,-31.0,11.0,-87.0,64.0,-99.0,-5.0,75.0,-11.0,63.0,-29.0,-10.0,,,,,,,,,,,,
2025-08-19T12:58:37.507631,-2.0,-21.0,-24.0,53.0,24.0,22.0,-17.0,27.0,26.0,-23.0,18.0,-36.0,,,,,,,,,,,,
2025-08-19T12:58:37.515166,-79.0,-50.0,26.0,33.0,-10.0,-19.0,-10.0,74.0,67.0,-79.0,54.0,-70.0,,,,,,,,,,,,
2025-08-19T12:58:37.519518,-33.0,62.0,28.0,18.0,-9.0,58.0,-5.0,65.0,34.0,4.0,32.0,-80.0,,,,,,,,,,,,
2025-08-19T12:58:37.523723,-31.0,54.0,40.0,21.0,35.0,16.0,8.0,66.0,76.0,-16.0,-17.0,-42.0,,,,,,,,,,,,
2025-08-19T12:58:37.531774,-17.0,-42.0,2.0,-26.0,-39.0,-45.0,3.0,9.0,84.0,2.0,28.0,-21.0,,,,,,,,,,,,
2025-08-19T12:58:37.539568,-26.0,91.0,-109.0,-36.0,14.0,-67.0,-95.0,51.0,-14.0,-18.0,65.0,-38.0,,,,,,,,,,,,
2025-08-19T12:58:37.544608,6.0,72.0,-50.0,-26.0,-29.0,-32.0,-22.0,1.0,33.0,-57.0,31.0,31.0,,,,,,,,,,,,
2025-08-19T12:58:37.548259,32.0,7.0,-78.0,8.0,82.0,-12.0,-22.0,17.0,18.0,-6.0,14.0,-56.0,,,,,,,,,,,,
2025-08-19T12:58:37.556561,51.0,-17.0,-14.0,28.0,39.0,-21.0,-140.0,-8.0,18.0,-12.0,60.0,-24.0,,,,,,,,,,,,
2025-08-19T12:58:37.560689,20.0,-28.0,-26.0,15.0,53.0,-47.0,-69.0,24.0,10.0,-1.0,19.0,-16.0,,,,,,,,,,,,
2025-08-19T12:58:37.568773,-50.0,60.0,67.0,-14.0,54.0,-57.0,-56.0,19.0,-30.0,-14.0,95.0,-33.0,,,,,,,,,,,,
2025-08-19T12:58:37.572924,-49.0,103.0,42.0,47.0,6.0,11.0,66.0,36.0,35.0,-21.0,54.0,14.0,,,,,,,,,,,,
2025-08-19T12:58:37.580958,-27.0,121.0,-38.0,-64.0,10.0,46.0,-18.0,31.0,89.0,-45.0,1.0,1.0,,,,,,,,,,,,
2025-08-19T12:58:37.585180,34.0,61.0,-21.0,-7.0,78.0,40.0,11.0,32.0,27.0,-6.0,15.0,-46.0,,,,,,,,,,,,
2025-08-19T12:58:37.593192,12.0,-16.0,12.0,-8.0,24.0,-22.0,23.0,61.0,70.0,-15.0,14.0,-47.0,,,,,,,,,,,,
2025-08-19T12:58:37.597592,-14.0,-35.0,25.0,-19.0,44.0,1.0,-22.0,37.0,49.0,-64.0,27.0,-65.0,,,,,,,,,,,,
2025-08-19T12:58:37.605533,20.0,-54.0,46.0,25.0,53.0,-37.0,7.0,10.0,52.0,-30.0,-15.0,-50.0,,,,,,,,,,,,
2025-08-19T12:58:37.609846,4.0,93.0,56.0,-40.0,34.0,-64.0,-52.0,11.0,57.0,-72.0,-10.0,-21.0,,,,,,,,,,,,
2025-08-19T12:58:37.617917,-48.0,29.0,-22.0,-66.0,-24.0,5.0,-27.0,-26.0,67.0,-14.0,-11.0,-36.0,,,,,,,,,,,,
2025-08-19T12:58:37.622092,42.0,81.0,-9.0,30.0,3.0,33.0,-21.0,31.0,34.0,-25.0,5.0,-13.0,,,,,,,,,,,,
2025-08-19T12:58:37.630006,17.0,28.0,-19.0,10.0,4.0,-16.0,10.0,-34.0,48.0,-37.0,48.0,-17.0,,,,,,,,,,,,
2025-08-19T12:58:37.634787,-7.0,-45.0,-116.0,-41.0,16.0,-42.0,-84.0,30.0,5.0,35.0,35.0,-44.0,,,,,,,,,,,,
2025-08-19T12:58:37.642283,-37.0,-70.0,0.0,42.0,18.0,-5.0,-44.0,53.0,-9.0,8.0,11.0,-56.0,,,,,,,,,,,,
2025-08-19T12:58:37.646956,69.0,25.0,32.0,-33.0,41.0,22.0,-21.0,15.0,-26.0,-29.0,43.0,-13.0,,,,,,,,,,,,
2025-08-19T12:58:37.654702,-75.0,-12.0,15.0,28.0,-34.0,2.0,-18.0,-29.0,-14.0,-24.0,33.0,25.0,,,,,,,,,,,,
2025-08-19T12:58:37.659368,-44.0,99.0,-46.0,-48.0,51.0,18.0,-59.0,10.0,-14.0,-25.0,-23.0,-35.0,,,,,,,,,,,,
2025-08-19T12:58:37.667012,-77.0,30.0,-40.0,-74.0,25.0,10.0,-3.0,-2.0,14.0,-48.0,-20.0,-35.0,,,,,,,,,,,,
2025-08-19T12:58:37.671585,30.0,113.0,-74.0,-40.0,-2.0,-50.0,15.0,-1.0,-1.0,-25.0,11.0,2.0,,,,,,,,,,,,
2025-08-19T12:58:37.680172,3.0,55.0,-24.0,-90.0,7.0,-109.0,21.0,71.0,29.0,-53.0,18.0,-44.0,,,,,,,,,,,,
2025-08-19T12:58:37.683797,74.0,47.0,-3.0,15.0,62.0,-19.0,-71.0,32.0,-22.0,-22.0,36.0,-36.0,,,,,,,,,,,,
2025-08-19T12:58:37.691480,-17.0,-15.0,29.0,19.0,20.0,-26.0,-40.0,16.0,-40.0,-32.0,19.0,-43.0,,,,,,,,,,,,
2025-08-19T12:58:37.696082,-15.0,14.0,59.0,-32.0,66.0,52.0,29.0,0.0,34.0,-67.0,-27.0,-17.0,,,,,,,,,,,,
2025-08-19T12:58:37.703708,-3.0,47.0,19.0,-38.0,10.0,17.0,19.0,5.0,35.0,-59.0,28.0,-20.0,,,,,,,,,,,,
2025-08-19T12:58:37.708271,-5.0,10.0,-17.0,-5.0,49.0,30.0,-2.0,4.0,-3.0,-40.0,-4.0,-59.0,,,,,,,,,,,,
2025-08-19T12:58:37.715841,-55.0,69.0,-34.0,-18.0,43.0,25.0,-41.0,33.0,-49.0,-2.0,65.0,25.0,,,,,,,,,,,,
2025-08-19T12:58:37.720701,65.0,62.0,11.0,-33.0,68.0,-12.0,-25.0,66.0,83.0,-25.0,7.0,22.0,,,,,,,,,,,,
2025-08-19T12:58:37.728250,27.0,109.0,-49.0,28.0,88.0,-21.0,-49.0,72.0,37.0,-38.0,10.0,43.0,,,,,,,,,,,,
2025-08-19T12:58:37.732937,15.0,-25.0,-3.0,16.0,13.0,-23.0,7.0,96.0,6.0,-63.0,5.0,44.0,,,,,,,,,,,,
2025-08-19T12:58:37.740230,35.0,-34.0,-44.0,30.0,27.0,-18.0,10.0,71.0,-6.0,-37.0,-45.0,71.0,,,,,,,,,,,,
2025-08-19T12:58:37.745449,82.0,85.0,-40.0,24.0,-14.0,18.0,-92.0,4.0,33.0,-50.0,-26.0,47.0,,,,,,,,,,,,
2025-08-19T12:58:37.752581,-8.0,-15.0,76.0,-24.0,-3.0,-18.0,-14.0,16.0,-5.0,-26.0,7.0,-30.0,,,,,,,,,,,,
2025-08-19T12:58:37.757113,-50.0,30.0,59.0,-33.0,-14.0,-6.0,39.0,11.0,50.0,-23.0,-7.0,64.0,,,,,,,,,,,,
2025-08-19T12:58:37.764691,-45.0,16.0,31.0,-8.0,46.0,23.0,-35.0,22.0,44.0,14.0,2.0,24.0,,,,,,,,,,,,
2025-08-19T12:58:37.769548,-49.0,55.0,17.0,-9.0,-26.0,-15.0,-115.0,-37.0,-29.0,54.0,6.0,50.0,,,,,,,,,,,,
2025-08-19T12:58:37.777086,-4.0,76.0,-17.0,23.0,51.0,27.0,-35.0,-7.0,23.0,39.0,8.0,30.0,,,,,,,,,,,,
2025-08-19T12:58:37.782150,-13.0,32.0,-48.0,-23.0,-12.0,-102.0,-47.0,79.0,37.0,54.0,-64.0,-15.0,,,,,,,,,,,,
2025-08-19T12:58:37.789432,40.0,49.0,-68.0,-63.0,-62.0,-34.0,24.0,-2.0,2.0,17.0,-84.0,22.0,,,,,,,,,,,,
2025-08-19T12:58:37.794151,21.0,19.0,-34.0,-42.0,-46.0,33.0,-5.0,-49.0,20.0,18.0,-70.0,26.0,,,,,,,,,,,,
2025-08-19T12:58:37.801640,-40.0,30.0,-47.0,-21.0,-8.0,1.0,-66.0,12.0,55.0,49.0,-33.0,-56.0,,,,,,,,,,,,
2025-08-19T12:58:37.806338,5.0,-47.0,19.0,-7.0,-21.0,-13.0,-31.0,25.0,17.0,41.0,-24.0,8.0,,,,,,,,,,,,
2025-08-19T12:58:37.813923,-81.0,-27.0,37.0,10.0,30.0,-15.0,18.0,30.0,24.0,-63.0,-5.0,7.0,,,,,,,,,,,,
2025-08-19T12:58:37.818570,-46.0,30.0,51.0,26.0,18.0,29.0,70.0,-9.0,5.0,72.0,-2.0,-8.0,,,,,,,,,,,,
2025-08-19T12:58:37.822758,-77.0,46.0,20.0,12.0,-11.0,-4.0,-61.0,21.0,-34.0,0.0,-64.0,24.0,,,,,,,,,,,,
2025-08-19T12:58:37.830982,-42.0,117.0,-45.0,16.0,47.0,28.0,-88.0,26.0,-10.0,16.0,-43.0,47.0,,,,,,,,,,,,
2025-08-19T12:58:37.835013,-8.0,41.0,-85.0,-51.0,24.0,18.0,22.0,-2.0,-1.0,20.0,-54.0,16.0,,,,,,,,,,,,
2025-08-19T12:58:37.843200,82.0,64.0,-71.0,-57.0,-8.0,-20.0,-4.0,13.0,28.0,19.0,-118.0,31.0,,,,,,,,,,,,
2025-08-19T12:58:37.847334,47.0,-3.0,-36.0,-130.0,17.0,41.0,-81.0,-7.0,15.0,45.0,-18.0,96.0,,,,,,,,,,,,
2025-08-19T12:58:37.855471,10.0,56.0,18.0,-69.0,67.0,-28.0,-39.0,4.0,61.0,51.0,-21.0,55.0,,,,,,,,,,,,
2025-08-19T12:58:37.859604,-42.0,-4.0,-6.0,-9.0,19.0,3.0,-37.0,-47.0,45.0,29.0,-33.0,29.0,,,,,,,,,,,,
2025-08-19T12:58:37.867670,-55.0,73.0,21.0,-95.0,23.0,-31.0,-142.0,-9.0,72.0,2.0,18.0,63.0,,,,,,,,,,,,
2025-08-19T12:58:37.871922,-36.0,14.0,7.0,-2.0,-40.0,3.0,-113.0,55.0,72.0,32.0,57.0,-19.0,,,,,,,,,,,,
2025-08-19T12:58:37.880166,-60.0,81.0,2.0,-65.0,19.0,4.0,9.0,-9.0,15.0,12.0,-14.0,65.0,,,,,,,,,,,,
2025-08-19T12:58:37.884439,-52.0,107.0,71.0,-11.0,-11.0,-6.0,-21.0,-2.0,16.0,6.0,-61.0,1.0,,,,,,,,,,,,
2025-08-19T12:58:37.891949,44.0,141.0,58.0,-27.0,24.0,-27.0,-79.0,11.0,9.0,-44.0,60.0,1.0,,,,,,,,,,,,
2025-08-19T12:58:37.896836,-40.0,57.0,-62.0,-76.0,-5.0,16.0,-89.0,-28.0,22.0,53.0,59.0,-54.0,,,,,,,,,,,,
2025-08-19T12:58:37.904433,-2.0,114.0,29.0,-75.0,128.0,-19.0,-60.0,-41.0,55.0,14.0,-14.0,7.0,,,,,,,,,,,,
2025-08-19T12:58:37.908988,26.0,14.0,-77.0,-26.0,47.0,-38.0,28.0,-8.0,36.0,-7.0,-6.0,-83.0,,,,,,,,,,,,
2025-08-19T12:58:37.916632,12.0,21.0,-14.0,-4.0,89.0,-36.0,-26.0,43.0,30.0,-9.0,7.0,-29.0,,,,,,,,,,,,
2025-08-19T12:58:37.921254,71.0,6.0,-17.0,-87.0,-9.0,-82.0,9.0,24.0,38.0,-19.0,39.0,-64.0,,,,,,,,,,,,
2025-08-19T12:58:37.928731,-30.0,1.0,64.0,27.0,-11.0,28.0,-48.0,35.0,33.0,6.0,50.0,-7.0,,,,,,,,,,,,
2025-08-19T12:58:37.933341,-48.0,-1.0,-16.0,-40.0,-21.0,-73.0,0.0,84.0,38.0,21.0,63.0,-23.0,,,,,,,,,,,,
2025-08-19T12:58:37.941024,24.0,-41.0,-7.0,-34.0,-9.0,-7.0,59.0,6.0,23.0,-30.0,46.0,33.0,,,,,,,,,,,,
2025-08-19T12:58:37.945664,1.0,-41.0,-1.0,16.0,19.0,41.0,-41.0,125.0,23.0,-37.0,11.0,32.0,,,,,,,,,,,,
2025-08-19T12:58:37.953394,-14.0,51.0,39.0,-57.0,-37.0,29.0,-61.0,69.0,-22.0,-30.0,41.0,-20.0,,,,,,,,,,,,
2025-08-19T12:58:37.958019,-91.0,-110.0,-12.0,-37.0,17.0,-48.0,-10.0,40.0,-40.0,-45.0,22.0,-46.0,,,,,,,,,,,,
2025-08-19T12:58:37.965578,-58.0,104.0,69.0,-100.0,56.0,18.0,29.0,51.0,56.0,-47.0,-14.0,-43.0,,,,,,,,,,,,
2025-08-19T12:58:37.970135,-83.0,14.0,1.0,-2.0,48.0,-6.0,4.0,13.0,19.0,-3.0,53.0,-8.0,,,,,,,,,,,,
2025-08-19T12:58:37.974361,50.0,58.0,13.0,0.0,42.0,-37.0,-31.0,53.0,41.0,-19.0,59.0,7.0,,,,,,,,,,,,
2025-08-19T12:58:37.982519,58.0,119.0,-13.0,-79.0,-84.0,-82.0,-28.0,22.0,70.0,-34.0,0.0,-17.0,,,,,,,,,,,,
2025-08-19T12:58:37.990052,25.0,-16.0,-46.0,-27.0,-32.0,7.0,-44.0,13.0,63.0,-34.0,48.0,68.0,,,,,,,,,,,,
2025-08-19T12:58:37.994629,8.0,9.0,23.0,3.0,70.0,74.0,-24.0,19.0,22.0,-16.0,1.0,59.0,,,,,,,,,,,,
2025-08-19T12:58:37.998724,28.0,-36.0,0.0,-32.0,-4.0,26.0,0.0,5.0,28.0,-9.0,5.0,32.0,,,,,,,,,,,,
2025-08-19T12:58:38.006685,42.0,-18.0,112.0,-73.0,19.0,54.0,15.0,-9.0,-19.0,75.0,18.0,26.0,,,,,,,,,,,,
2025-08-19T12:58:38.011125,-24.0,-16.0,41.0,-48.0,-2.0,12.0,3.0,-7.0,35.0,40.0,26.0,-8.0,,,,,,,,,,,,
2025-08-19T12:58:38.019091,-86.0,-73.0,76.0,-58.0,-11.0,15.0,-10.0,2.0,-50.0,28.0,-28.0,-41.0,,,,,,,,,,,,
2025-08-19T12:58:38.023754,-39.0,94.0,44.0,1.0,26.0,-3.0,-25.0,53.0,-6.0,-30.0,-30.0,31.0,,,,,,,,,,,,
2025-08-19T12:58:38.031410,-51.0,46.0,33.0,16.0,53.0,-4.0,-6.0,2.0,-41.0,53.0,-45.0,56.0,,,,,,,,,,,,
2025-08-19T12:58:38.035895,-56.0,58.0,11.0,11.0,26.0,20.0,-34.0,23.0,2.0,107.0,-64.0,16.0,,,,,,,,,,,,
2025-08-19T12:58:38.043684,-37.0,36.0,10.0,-51.0,2.0,-36.0,-36.0,9.0,-3.0,44.0,-45.0,28.0,,,,,,,,,,,,
2025-08-19T12:58:38.048457,-96.0,58.0,8.0,-85.0,13.0,9.0,29.0,-17.0,48.0,17.0,-56.0,40.0,,,,,,,,,,,,
2025-08-19T12:58:38.055809,-33.0,48.0,-55.0,-46.0,44.0,6.0,-44.0,-6.0,5.0,8.0,-3.0,27.0,,,,,,,,,,,,
2025-08-19T12:58:38.060450,14.0,90.0,-8.0,-64.0,-35.0,-66.0,8.0,32.0,0.0,52.0,-14.0,10.0,,,,,,,,,,,,
2025-08-19T12:58:38.068012,-21.0,70.0,-18.0,0.0,23.0,-46.0,-20.0,16.0,38.0,1.0,-34.0,48.0,,,,,,,,,,,,
2025-08-19T12:58:38.072889,36.0,-56.0,-86.0,5.0,19.0,-64.0,-35.0,28.0,-21.0,70.0,-5.0,-14.0,,,,,,,,,,,,
2025-08-19T12:58:38.080315,18.0,27.0,-48.0,34.0,-34.0,-44.0,-36.0,-9.0,-7.0,-16.0,-86.0,57.0,,,,,,,,,,,,
2025-08-19T12:58:38.085115,-26.0,-73.0,30.0,20.0,3.0,29.0,-48.0,52.0,-22.0,19.0,-2.0,7.0,,,,,,,,,,,,
2025-08-19T12:58:38.092796,82.0,-16.0,-20.0,-114.0,-98.0,-31.0,-46.0,-28.0,89.0,27.0,-22.0,-48.0,,,,,,,,,,,,
2025-08-19T12:58:38.097360,-16.0,-12.0,-45.0,-46.0,65.0,51.0,-67.0,-36.0,-5.0,65.0,-96.0,3.0,,,,,,,,,,,,
2025-08-19T12:58:38.104779,-47.0,79.0,30.0,-4.0,85.0,-23.0,-28.0,35.0,0.0,-19.0,-32.0,32.0,,,,,,,,,,,,
