timestamp,x1,y1,z1,x2,y2,z2,x3,y3,z3,x4,y4,z4,x1_calib,y1_calib,z1_calib,x2_calib,y2_calib,z2_calib,x3_calib,y3_calib,z3_calib,x4_calib,y4_calib,z4_calib
2025-08-11T16:13:42.219664,21.0,35.0,-47.0,3.0,-5.0,-20.0,42.0,29.0,-88.0,-73.0,14.0,32.0,19.34,-27.299999999999997,-23.08,-12.52,-20.93,39.83,64.59,49.45,-32.2,-86.47,37.230000000000004,8.98
2025-08-11T16:13:42.227159,34.0,17.0,11.0,41.0,13.0,-40.0,68.0,35.0,-107.0,-64.0,77.0,-43.0,32.34,-45.3,34.92,25.48,-2.9299999999999997,19.83,90.59,55.45,-51.2,-77.47,100.23,-66.02
2025-08-11T16:13:42.234925,-44.0,95.0,-25.0,16.0,30.0,-20.0,-10.0,-16.0,-57.0,-37.0,27.0,-52.0,-45.66,32.7,-1.0799999999999983,0.4800000000000004,14.07,39.83,12.59,4.449999999999999,-1.2000000000000028,-50.47,50.230000000000004,-75.02
2025-08-11T16:13:42.239397,-67.0,131.0,-90.0,-52.0,9.0,-64.0,9.0,-53.0,-24.0,-20.0,69.0,-43.0,-68.66,68.7,-66.08,-67.52,-6.93,-4.170000000000002,31.59,-32.55,31.799999999999997,-33.47,92.23,-66.02
2025-08-11T16:13:42.244216,58.0,44.0,-32.0,49.0,29.0,-106.0,-46.0,-53.0,-89.0,-5.0,84.0,-2.0,56.34,-18.299999999999997,-8.079999999999998,33.480000000000004,13.07,-46.17,-23.41,-32.55,-33.2,-18.47,107.23,-25.02
2025-08-11T16:13:42.251941,-26.0,28.0,-8.0,22.0,12.0,-31.0,28.0,39.0,-5.0,-42.0,76.0,-26.0,-27.66,-34.3,15.920000000000002,6.48,-3.9299999999999997,28.83,50.59,59.45,50.8,-55.47,99.23,-49.019999999999996
2025-08-11T16:13:42.256236,47.0,75.0,-4.0,35.0,-23.0,-116.0,-21.0,-15.0,-58.0,-37.0,6.0,-75.0,45.34,12.700000000000003,19.92,19.48,-38.93,-56.17,1.5899999999999999,5.449999999999999,-2.200000000000003,-50.47,29.23,-98.02
2025-08-11T16:13:42.263902,-45.0,58.0,10.0,8.0,-6.0,13.0,-36.0,35.0,-19.0,-68.0,-7.0,-113.0,-46.66,-4.299999999999997,33.92,-7.52,-21.93,72.83,-13.41,55.45,36.8,-81.47,16.23,-136.02
2025-08-11T16:13:42.268821,-43.0,-8.0,-5.0,-14.0,88.0,-84.0,-9.0,-88.0,-63.0,-8.0,53.0,-37.0,-44.66,-70.3,18.92,-29.52,72.07,-24.17,13.59,-67.55,-7.200000000000003,-21.47,76.23,-60.019999999999996
2025-08-11T16:13:42.276328,24.0,52.0,-33.0,-2.0,47.0,-36.0,-15.0,-27.0,-42.0,-29.0,50.0,-57.0,22.34,-10.299999999999997,-9.079999999999998,-17.52,31.07,23.83,7.59,-6.550000000000001,13.799999999999997,-42.47,73.23,-80.02
2025-08-11T16:13:42.280645,5.0,123.0,-4.0,5.0,20.0,-36.0,6.0,14.0,-42.0,-29.0,18.0,7.0,3.34,60.7,19.92,-10.52,4.07,23.83,28.59,34.45,13.799999999999997,-42.47,41.230000000000004,-16.02
2025-08-11T16:13:42.288488,-38.0,82.0,25.0,-28.0,-7.0,-106.0,-35.0,-32.0,4.0,-33.0,27.0,-109.0,-39.66,19.700000000000003,48.92,-43.519999999999996,-22.93,-46.17,-12.41,-11.55,59.8,-46.47,50.230000000000004,-132.02
2025-08-11T16:13:42.292801,-12.0,105.0,-34.0,70.0,5.0,-90.0,-47.0,8.0,-79.0,-8.0,58.0,-71.0,-13.66,42.7,-10.079999999999998,54.480000000000004,-10.93,-30.17,-24.41,28.45,-23.200000000000003,-21.47,81.23,-94.02
2025-08-11T16:13:42.300630,-3.0,109.0,-23.0,49.0,-2.0,-106.0,10.0,-2.0,-56.0,-40.0,57.0,-40.0,-4.66,46.7,0.9200000000000017,33.480000000000004,-17.93,-46.17,32.59,18.45,-0.20000000000000284,-53.47,80.23,-63.019999999999996
2025-08-11T16:13:42.305207,-10.0,132.0,-31.0,1.0,27.0,-45.0,-71.0,-16.0,-5.0,35.0,102.0,-35.0,-11.66,69.7,-7.079999999999998,-14.52,11.07,14.829999999999998,-48.41,4.449999999999999,50.8,21.53,125.23,-58.019999999999996
2025-08-11T16:13:42.313099,50.0,78.0,-73.0,-13.0,49.0,-25.0,-40.0,10.0,8.0,-46.0,34.0,-20.0,48.34,15.700000000000003,-49.08,-28.52,33.07,34.83,-17.41,30.45,63.8,-59.47,57.230000000000004,-43.019999999999996
2025-08-11T16:13:42.317205,-42.0,-4.0,-14.0,31.0,-14.0,-54.0,-48.0,21.0,-102.0,-39.0,26.0,-73.0,-43.66,-66.3,9.920000000000002,15.48,-29.93,5.829999999999998,-25.41,41.45,-46.2,-52.47,49.230000000000004,-96.02
2025-08-11T16:13:42.325332,-21.0,-6.0,21.0,8.0,6.0,-86.0,-40.0,30.0,-97.0,-23.0,52.0,-6.0,-22.66,-68.3,44.92,-7.52,-9.93,-26.17,-17.41,50.45,-41.2,-36.47,75.23,-29.02
2025-08-11T16:13:42.330544,-32.0,38.0,30.0,30.0,72.0,-89.0,-63.0,-34.0,-72.0,-15.0,63.0,-59.0,-33.66,-24.299999999999997,53.92,14.48,56.07,-29.17,-40.41,-13.55,-16.200000000000003,-28.47,86.23,-82.02
2025-08-11T16:13:42.337676,-60.0,95.0,-41.0,62.0,-3.0,-40.0,-48.0,11.0,-95.0,36.0,28.0,-59.0,-61.66,32.7,-17.08,46.480000000000004,-18.93,19.83,-25.41,31.45,-39.2,22.53,51.230000000000004,-82.02
2025-08-11T16:13:42.341821,-58.0,85.0,-85.0,110.0,-8.0,-65.0,-11.0,8.0,-119.0,-6.0,39.0,-48.0,-59.66,22.700000000000003,-61.08,94.48,-23.93,-5.170000000000002,11.59,28.45,-63.2,-19.47,62.230000000000004,-71.02
2025-08-11T16:13:42.349882,46.0,121.0,-50.0,37.0,-46.0,-61.0,-16.0,-30.0,-57.0,-3.0,36.0,-17.0,44.34,58.7,-26.08,21.48,-61.93,-1.1700000000000017,6.59,-9.55,-1.2000000000000028,-16.47,59.230000000000004,-40.019999999999996
2025-08-11T16:13:42.354203,4.0,62.0,-79.0,29.0,-9.0,-19.0,-12.0,24.0,-80.0,-152.0,107.0,-17.0,2.34,-0.29999999999999716,-55.08,13.48,-24.93,40.83,10.59,44.45,-24.200000000000003,-165.47,130.23,-40.019999999999996
2025-08-11T16:13:42.362246,81.0,54.0,-9.0,2.0,-35.0,-34.0,-57.0,31.0,-101.0,-71.0,50.0,-55.0,79.34,-8.299999999999997,14.920000000000002,-13.52,-50.93,25.83,-34.41,51.45,-45.2,-84.47,73.23,-78.02
2025-08-11T16:13:42.366348,7.0,20.0,-17.0,9.0,107.0,-7.0,-79.0,-8.0,-9.0,4.0,18.0,-25.0,5.34,-42.3,6.920000000000002,-6.52,91.07,52.83,-56.41,12.45,46.8,-9.47,41.230000000000004,-48.019999999999996
2025-08-11T16:13:42.374467,13.0,15.0,19.0,-10.0,37.0,-86.0,-64.0,16.0,-30.0,-56.0,38.0,-30.0,11.34,-47.3,42.92,-25.52,21.07,-26.17,-41.41,36.45,25.799999999999997,-69.47,61.230000000000004,-53.019999999999996
2025-08-11T16:13:42.378497,-33.0,136.0,79.0,10.0,-18.0,-110.0,-113.0,-10.0,-44.0,-53.0,13.0,-49.0,-34.66,73.7,102.92,-5.52,-33.93,-50.17,-90.41,10.45,11.799999999999997,-66.47,36.230000000000004,-72.02
2025-08-11T16:13:42.386509,-1.0,44.0,-88.0,51.0,3.0,-7.0,57.0,18.0,-135.0,-17.0,10.0,15.0,-2.66,-18.299999999999997,-64.08,35.480000000000004,-12.93,52.83,79.59,38.45,-79.2,-30.47,33.230000000000004,-8.02
2025-08-11T16:13:42.391337,-37.0,21.0,-22.0,51.0,-13.0,-60.0,42.0,-16.0,-139.0,24.0,15.0,-17.0,-38.66,-41.3,1.9200000000000017,35.480000000000004,-28.93,-0.1700000000000017,64.59,4.449999999999999,-83.2,10.53,38.230000000000004,-40.019999999999996
2025-08-11T16:13:42.398785,12.0,95.0,-19.0,-24.0,14.0,-17.0,-26.0,-49.0,-115.0,-44.0,31.0,46.0,10.34,32.7,4.920000000000002,-39.519999999999996,-1.9299999999999997,42.83,-3.41,-28.55,-59.2,-57.47,54.230000000000004,22.98
2025-08-11T16:13:42.403245,138.0,47.0,-106.0,-10.0,44.0,-100.0,-16.0,-23.0,-115.0,-35.0,50.0,-52.0,136.34,-15.299999999999997,-82.08,-25.52,28.07,-40.17,6.59,-2.5500000000000007,-59.2,-48.47,73.23,-75.02
2025-08-11T16:13:42.411058,29.0,-23.0,3.0,-18.0,56.0,-103.0,-10.0,1.0,-79.0,91.0,42.0,7.0,27.34,-85.3,26.92,-33.519999999999996,40.07,-43.17,12.59,21.45,-23.200000000000003,77.53,65.23,-16.02
2025-08-11T16:13:42.415671,26.0,20.0,-49.0,37.0,35.0,-81.0,-26.0,11.0,23.0,7.0,-9.0,-5.0,24.34,-42.3,-25.08,21.48,19.07,-21.17,-3.41,31.45,78.8,-6.470000000000001,14.23,-28.02
2025-08-11T16:13:42.423489,27.0,36.0,12.0,22.0,-10.0,-1.0,-57.0,28.0,-75.0,-26.0,71.0,-36.0,25.34,-26.299999999999997,35.92,6.48,-25.93,58.83,-34.41,48.45,-19.200000000000003,-39.47,94.23,-59.019999999999996
2025-08-11T16:13:42.427694,-55.0,36.0,2.0,-5.0,7.0,-72.0,-40.0,-22.0,-9.0,-49.0,8.0,-47.0,-56.66,-26.299999999999997,25.92,-20.52,-8.93,-12.170000000000002,-17.41,-1.5500000000000007,46.8,-62.47,31.23,-70.02
2025-08-11T16:13:42.435616,-9.0,44.0,-52.0,-41.0,21.0,-77.0,-85.0,-16.0,-68.0,-78.0,3.0,36.0,-10.66,-18.299999999999997,-28.08,-56.519999999999996,5.07,-17.17,-62.41,4.449999999999999,-12.200000000000003,-91.47,26.23,12.98
2025-08-11T16:13:42.440009,-63.0,85.0,29.0,-1.0,17.0,-13.0,-16.0,-28.0,-105.0,-19.0,30.0,19.0,-64.66,22.700000000000003,52.92,-16.52,1.0700000000000003,46.83,6.59,-7.550000000000001,-49.2,-32.47,53.230000000000004,-4.02
2025-08-11T16:13:42.448061,-31.0,60.0,34.0,-55.0,40.0,-92.0,-75.0,-16.0,-81.0,-42.0,51.0,60.0,-32.66,-2.299999999999997,57.92,-70.52,24.07,-32.17,-52.41,4.449999999999999,-25.200000000000003,-55.47,74.23,36.980000000000004
2025-08-11T16:13:42.452571,-25.0,102.0,-101.0,19.0,37.0,-64.0,-16.0,35.0,-52.0,-12.0,34.0,-1.0,-26.66,39.7,-77.08,3.4800000000000004,21.07,-4.170000000000002,6.59,55.45,3.799999999999997,-25.47,57.230000000000004,-24.02
2025-08-11T16:13:42.456980,-41.0,90.0,-41.0,70.0,43.0,-81.0,-114.0,34.0,-59.0,-3.0,0.0,-20.0,-42.66,27.700000000000003,-17.08,54.480000000000004,27.07,-21.17,-91.41,54.45,-3.200000000000003,-16.47,23.23,-43.019999999999996
2025-08-11T16:13:42.464608,132.0,107.0,-64.0,62.0,-29.0,-29.0,7.0,6.0,-86.0,-87.0,66.0,31.0,130.34,44.7,-40.08,46.480000000000004,-44.93,30.83,29.59,26.45,-30.200000000000003,-100.47,89.23,7.98
2025-08-11T16:13:42.468786,24.0,90.0,-30.0,8.0,18.0,-75.0,-29.0,-10.0,19.0,-7.0,58.0,1.0,22.34,27.700000000000003,-6.079999999999998,-7.52,2.0700000000000003,-15.170000000000002,-6.41,10.45,74.8,-20.47,81.23,-22.02
2025-08-11T16:13:42.476752,97.0,11.0,-15.0,-30.0,15.0,-50.0,-52.0,-23.0,-104.0,-4.0,-19.0,-18.0,95.34,-51.3,8.920000000000002,-45.519999999999996,-0.9299999999999997,9.829999999999998,-29.41,-2.5500000000000007,-48.2,-17.47,4.23,-41.019999999999996
2025-08-11T16:13:42.481182,-3.0,55.0,68.0,66.0,-18.0,20.0,-110.0,-32.0,16.0,-84.0,-79.0,72.0,-4.66,-7.299999999999997,91.92,50.480000000000004,-33.93,79.83,-87.41,-11.55,71.8,-97.47,-55.769999999999996,48.980000000000004
2025-08-11T16:13:42.489206,-9.0,22.0,-2.0,41.0,32.0,-102.0,-24.0,-2.0,-24.0,-62.0,-52.0,40.0,-10.66,-40.3,21.92,25.48,16.07,-42.17,-1.4100000000000001,18.45,31.799999999999997,-75.47,-28.77,16.98
2025-08-11T16:13:42.493500,-14.0,181.0,-2.0,37.0,70.0,-83.0,15.0,-24.0,-23.0,12.0,18.0,63.0,-15.66,118.7,21.92,21.48,54.07,-23.17,37.59,-3.5500000000000007,32.8,-1.4700000000000006,41.230000000000004,39.980000000000004
2025-08-11T16:13:42.501904,-31.0,131.0,-54.0,61.0,-5.0,-101.0,-39.0,20.0,-3.0,-48.0,57.0,37.0,-32.66,68.7,-30.08,45.480000000000004,-20.93,-41.17,-16.41,40.45,52.8,-61.47,80.23,13.98
2025-08-11T16:13:42.505728,-88.0,128.0,-54.0,-20.0,1.0,41.0,-58.0,71.0,6.0,-27.0,-65.0,62.0,-89.66,65.7,-30.08,-35.519999999999996,-14.93,100.83,-35.41,91.45,61.8,-40.47,-41.769999999999996,38.980000000000004
2025-08-11T16:13:42.513786,63.0,29.0,-31.0,-71.0,37.0,-4.0,-50.0,25.0,15.0,-48.0,-29.0,28.0,61.34,-33.3,-7.079999999999998,-86.52,21.07,55.83,-27.41,45.45,70.8,-61.47,-5.77,4.98
2025-08-11T16:13:42.518115,35.0,20.0,48.0,54.0,57.0,-10.0,-49.0,-37.0,-52.0,-11.0,-32.0,4.0,33.34,-42.3,71.92,38.480000000000004,41.07,49.83,-26.41,-16.55,3.799999999999997,-24.47,-8.77,-19.02
2025-08-11T16:13:42.525940,-8.0,-27.0,-32.0,28.0,86.0,-8.0,27.0,-64.0,-123.0,-42.0,26.0,26.0,-9.66,-89.3,-8.079999999999998,12.48,70.07,51.83,49.59,-43.55,-67.2,-55.47,49.230000000000004,2.9800000000000004
2025-08-11T16:13:42.530846,-47.0,76.0,-6.0,66.0,78.0,-56.0,8.0,-29.0,-90.0,-63.0,-55.0,59.0,-48.66,13.700000000000003,17.92,50.480000000000004,62.07,3.8299999999999983,30.59,-8.55,-34.2,-76.47,-31.77,35.980000000000004
2025-08-11T16:13:42.538192,7.0,126.0,-27.0,14.0,38.0,-84.0,-48.0,-36.0,-94.0,-23.0,-25.0,38.0,5.34,63.7,-3.0799999999999983,-1.5199999999999996,22.07,-24.17,-25.41,-15.55,-38.2,-36.47,-1.7699999999999996,14.98
2025-08-11T16:13:42.542922,-31.0,94.0,-6.0,23.0,23.0,-33.0,-89.0,-38.0,-71.0,-33.0,-51.0,-32.0,-32.66,31.700000000000003,17.92,7.48,7.07,26.83,-66.41,-17.55,-15.200000000000003,-46.47,-27.77,-55.019999999999996
2025-08-11T16:13:42.550416,2.0,58.0,-35.0,56.0,113.0,-54.0,-76.0,-83.0,-38.0,-34.0,40.0,36.0,0.3400000000000001,-4.299999999999997,-11.079999999999998,40.480000000000004,97.07,5.829999999999998,-53.41,-62.55,17.799999999999997,-47.47,63.230000000000004,12.98
2025-08-11T16:13:42.555164,36.0,40.0,-11.0,-9.0,84.0,-75.0,13.0,-27.0,-124.0,-73.0,-14.0,22.0,34.34,-22.299999999999997,12.920000000000002,-24.52,68.07,-15.170000000000002,35.59,-6.550000000000001,-68.2,-86.47,9.23,-1.0199999999999996
2025-08-11T16:13:42.562882,66.0,12.0,25.0,85.0,39.0,-109.0,-38.0,34.0,-89.0,-40.0,-9.0,43.0,64.34,-50.3,48.92,69.48,23.07,-49.17,-15.41,54.45,-33.2,-53.47,14.23,19.98
2025-08-11T16:13:42.567002,8.0,17.0,2.0,0.0,24.0,-8.0,-7.0,-11.0,-56.0,-55.0,1.0,39.0,6.34,-45.3,25.92,-15.52,8.07,51.83,15.59,9.45,-0.20000000000000284,-68.47,24.23,15.98
2025-08-11T16:13:42.574930,-14.0,-30.0,26.0,49.0,64.0,-105.0,24.0,6.0,-46.0,55.0,32.0,18.0,-15.66,-92.3,49.92,33.480000000000004,48.07,-45.17,46.59,26.45,9.799999999999997,41.53,55.230000000000004,-5.02
2025-08-11T16:13:42.579691,-42.0,36.0,-66.0,33.0,-4.0,-80.0,-35.0,-16.0,-75.0,40.0,-14.0,-20.0,-43.66,-26.299999999999997,-42.08,17.48,-19.93,-20.17,-12.41,4.449999999999999,-19.200000000000003,26.53,9.23,-43.019999999999996
2025-08-11T16:13:42.587356,-49.0,125.0,-26.0,60.0,-24.0,-19.0,3.0,36.0,-92.0,-2.0,-71.0,22.0,-50.66,62.7,-2.0799999999999983,44.480000000000004,-39.93,40.83,25.59,56.45,-36.2,-15.47,-47.769999999999996,-1.0199999999999996
2025-08-11T16:13:42.591933,51.0,74.0,-63.0,33.0,15.0,12.0,21.0,15.0,-109.0,-19.0,-56.0,-33.0,49.34,11.700000000000003,-39.08,17.48,-0.9299999999999997,71.83,43.59,35.45,-53.2,-32.47,-32.769999999999996,-56.019999999999996
2025-08-11T16:13:42.599548,22.0,-24.0,-53.0,-19.0,146.0,-5.0,5.0,26.0,-63.0,14.0,-39.0,21.0,20.34,-86.3,-29.08,-34.519999999999996,130.07,54.83,27.59,46.45,-7.200000000000003,0.5299999999999994,-15.77,-2.0199999999999996
2025-08-11T16:13:42.603888,16.0,82.0,-23.0,15.0,37.0,-69.0,36.0,30.0,-80.0,11.0,-39.0,63.0,14.34,19.700000000000003,0.9200000000000017,-0.5199999999999996,21.07,-9.170000000000002,58.59,50.45,-24.200000000000003,-2.4700000000000006,-15.77,39.980000000000004
2025-08-11T16:13:42.611867,-18.0,49.0,54.0,33.0,19.0,-102.0,-64.0,-25.0,-54.0,-22.0,20.0,32.0,-19.66,-13.299999999999997,77.92,17.48,3.0700000000000003,-42.17,-41.41,-4.550000000000001,1.7999999999999972,-35.47,43.230000000000004,8.98
2025-08-11T16:13:42.616533,-28.0,91.0,-55.0,72.0,9.0,-91.0,42.0,-20.0,-42.0,65.0,-65.0,-32.0,-29.66,28.700000000000003,-31.08,56.480000000000004,-6.93,-31.17,64.59,0.4499999999999993,13.799999999999997,51.53,-41.769999999999996,-55.019999999999996
2025-08-11T16:13:42.624194,-26.0,177.0,-70.0,110.0,14.0,-42.0,-4.0,-73.0,-3.0,34.0,-6.0,-5.0,-27.66,114.7,-46.08,94.48,-1.9299999999999997,17.83,18.59,-52.55,52.8,20.53,17.23,-28.02
2025-08-11T16:13:42.628417,30.0,33.0,-55.0,2.0,-6.0,-75.0,1.0,-37.0,-58.0,66.0,-8.0,55.0,28.34,-29.299999999999997,-31.08,-13.52,-21.93,-15.170000000000002,23.59,-16.55,-2.200000000000003,52.53,15.23,31.98
2025-08-11T16:13:42.636411,4.0,124.0,-30.0,-29.0,-40.0,-15.0,-41.0,-1.0,-29.0,-10.0,8.0,4.0,2.34,61.7,-6.079999999999998,-44.519999999999996,-55.93,44.83,-18.41,19.45,26.799999999999997,-23.47,31.23,-19.02
2025-08-11T16:13:42.640704,52.0,94.0,-49.0,14.0,-22.0,-10.0,-71.0,-28.0,-23.0,-4.0,-42.0,-40.0,50.34,31.700000000000003,-25.08,-1.5199999999999996,-37.93,49.83,-48.41,-7.550000000000001,32.8,-17.47,-18.77,-63.019999999999996
2025-08-11T16:13:42.648605,60.0,-37.0,-33.0,49.0,21.0,-63.0,-29.0,-8.0,-31.0,31.0,-39.0,27.0,58.34,-99.3,-9.079999999999998,33.480000000000004,5.07,-3.1700000000000017,-6.41,12.45,24.799999999999997,17.53,-15.77,3.9800000000000004
2025-08-11T16:13:42.652925,57.0,-4.0,27.0,41.0,53.0,-108.0,-28.0,27.0,-74.0,-17.0,38.0,-11.0,55.34,-66.3,50.92,25.48,37.07,-48.17,-5.41,47.45,-18.200000000000003,-30.47,61.230000000000004,-34.019999999999996
2025-08-11T16:13:42.661056,5.0,37.0,-27.0,45.0,7.0,-152.0,-58.0,-1.0,-72.0,33.0,1.0,58.0,3.34,-25.299999999999997,-3.0799999999999983,29.48,-8.93,-92.17,-35.41,19.45,-16.200000000000003,19.53,24.23,34.980000000000004
2025-08-11T16:13:42.665434,-29.0,16.0,-28.0,-17.0,-9.0,-10.0,-32.0,-39.0,-37.0,27.0,-28.0,29.0,-30.66,-46.3,-4.079999999999998,-32.519999999999996,-24.93,49.83,-9.41,-18.55,18.799999999999997,13.53,-4.77,5.98
2025-08-11T16:13:42.673254,-49.0,152.0,37.0,58.0,21.0,-54.0,-51.0,67.0,11.0,-41.0,-19.0,65.0,-50.66,89.7,60.92,42.480000000000004,5.07,5.829999999999998,-28.41,87.45,66.8,-54.47,4.23,41.980000000000004
2025-08-11T16:13:42.677953,-22.0,115.0,-13.0,32.0,18.0,-73.0,-24.0,-17.0,-85.0,15.0,-38.0,7.0,-23.66,52.7,10.920000000000002,16.48,2.0700000000000003,-13.170000000000002,-1.4100000000000001,3.4499999999999993,-29.200000000000003,1.5299999999999994,-14.77,-16.02
2025-08-11T16:13:42.685434,88.0,69.0,-26.0,13.0,49.0,-78.0,-19.0,18.0,-93.0,22.0,-29.0,12.0,86.34,6.700000000000003,-2.0799999999999983,-2.5199999999999996,33.07,-18.17,3.59,38.45,-37.2,8.53,-5.77,-11.02
2025-08-11T16:13:42.690061,34.0,-12.0,-56.0,-29.0,69.0,-59.0,34.0,-34.0,-64.0,-4.0,16.0,38.0,32.34,-74.3,-32.08,-44.519999999999996,53.07,0.8299999999999983,56.59,-13.55,-8.200000000000003,-17.47,39.230000000000004,14.98
2025-08-11T16:13:42.695112,65.0,9.0,-5.0,46.0,53.0,-110.0,-12.0,14.0,-91.0,-6.0,42.0,38.0,63.34,-53.3,18.92,30.48,37.07,-50.17,10.59,34.45,-35.2,-19.47,65.23,14.98
2025-08-11T16:13:42.702446,20.0,16.0,53.0,20.0,28.0,-77.0,-24.0,5.0,-123.0,10.0,9.0,-5.0,18.34,-46.3,76.92,4.48,12.07,-17.17,-1.4100000000000001,25.45,-67.2,-3.4700000000000006,32.230000000000004,-28.02
2025-08-11T16:13:42.706657,35.0,29.0,37.0,16.0,21.0,-74.0,-87.0,-13.0,-131.0,-13.0,8.0,17.0,33.34,-33.3,60.92,0.4800000000000004,5.07,-14.170000000000002,-64.41,7.449999999999999,-75.2,-26.47,31.23,-6.02
2025-08-11T16:13:42.714612,-17.0,-2.0,-11.0,69.0,37.0,-16.0,-38.0,-28.0,-21.0,37.0,-33.0,44.0,-18.66,-64.3,12.920000000000002,53.480000000000004,21.07,43.83,-15.41,-7.550000000000001,34.8,23.53,-9.77,20.98
2025-08-11T16:13:42.719596,-74.0,83.0,17.0,25.0,18.0,-37.0,-19.0,19.0,-107.0,21.0,-4.0,22.0,-75.66,20.700000000000003,40.92,9.48,2.0700000000000003,22.83,3.59,39.45,-51.2,7.529999999999999,19.23,-1.0199999999999996
2025-08-11T16:13:42.727011,-17.0,83.0,-116.0,19.0,69.0,-13.0,-5.0,37.0,-108.0,16.0,-1.0,35.0,-18.66,20.700000000000003,-92.08,3.4800000000000004,53.07,46.83,17.59,57.45,-52.2,2.5299999999999994,22.23,11.98
2025-08-11T16:13:42.731429,0.0,122.0,-76.0,-26.0,138.0,-98.0,-44.0,6.0,-52.0,41.0,-75.0,-39.0,-1.66,59.7,-52.08,-41.519999999999996,122.07,-38.17,-21.41,26.45,3.799999999999997,27.53,-51.769999999999996,-62.019999999999996
2025-08-11T16:13:42.738918,-2.0,31.0,-61.0,32.0,55.0,-99.0,7.0,4.0,-76.0,4.0,-49.0,10.0,-3.66,-31.299999999999997,-37.08,16.48,39.07,-39.17,29.59,24.45,-20.200000000000003,-9.47,-25.77,-13.02
2025-08-11T16:13:42.743597,50.0,-12.0,-59.0,51.0,32.0,-170.0,-61.0,18.0,-10.0,7.0,-23.0,37.0,48.34,-74.3,-35.08,35.480000000000004,16.07,-110.17,-38.41,38.45,45.8,-6.470000000000001,0.23000000000000043,13.98
2025-08-11T16:13:42.751318,-9.0,92.0,0.0,6.0,59.0,-32.0,-51.0,51.0,-79.0,-17.0,-22.0,-20.0,-10.66,29.700000000000003,23.92,-9.52,43.07,27.83,-28.41,71.45,-23.200000000000003,-30.47,1.2300000000000004,-43.019999999999996
2025-08-11T16:13:42.756621,54.0,-39.0,46.0,-13.0,28.0,-103.0,-28.0,26.0,-72.0,-2.0,-2.0,35.0,52.34,-101.3,69.92,-28.52,12.07,-43.17,-5.41,46.45,-16.200000000000003,-15.47,21.23,11.98
2025-08-11T16:13:42.763543,-54.0,-6.0,2.0,-8.0,-2.0,23.0,-48.0,12.0,-64.0,16.0,5.0,21.0,-55.66,-68.3,25.92,-23.52,-17.93,82.83,-25.41,32.45,-8.200000000000003,2.5299999999999994,28.23,-2.0199999999999996
2025-08-11T16:13:42.768249,-32.0,34.0,8.0,4.0,35.0,-19.0,-27.0,-88.0,-57.0,53.0,-65.0,-20.0,-33.66,-28.299999999999997,31.92,-11.52,19.07,40.83,-4.41,-67.55,-1.2000000000000028,39.53,-41.769999999999996,-43.019999999999996
2025-08-11T16:13:42.776050,-42.0,152.0,1.0,-45.0,6.0,-63.0,-18.0,-10.0,-57.0,-21.0,-38.0,-94.0,-43.66,89.7,24.92,-60.519999999999996,-9.93,-3.1700000000000017,4.59,10.45,-1.2000000000000028,-34.47,-14.77,-117.02
2025-08-11T16:13:42.780504,-35.0,85.0,-84.0,17.0,23.0,-59.0,-38.0,20.0,-79.0,17.0,30.0,-57.0,-36.66,22.700000000000003,-60.08,1.4800000000000004,7.07,0.8299999999999983,-15.41,40.45,-23.200000000000003,3.5299999999999994,53.230000000000004,-80.02
2025-08-11T16:13:42.788212,32.0,77.0,-56.0,-8.0,109.0,-83.0,-40.0,-40.0,-87.0,-26.0,3.0,36.0,30.34,14.700000000000003,-32.08,-23.52,93.07,-23.17,-17.41,-19.55,-31.200000000000003,-39.47,26.23,12.98
2025-08-11T16:13:42.793044,-9.0,1.0,-44.0,95.0,4.0,-53.0,-48.0,32.0,-78.0,4.0,-24.0,10.0,-10.66,-61.3,-20.08,79.48,-11.93,6.829999999999998,-25.41,52.45,-22.200000000000003,-9.47,-0.7699999999999996,-13.02
2025-08-11T16:13:42.800457,56.0,68.0,-35.0,81.0,4.0,-79.0,-11.0,-16.0,-65.0,27.0,-24.0,-43.0,54.34,5.700000000000003,-11.079999999999998,65.48,-11.93,-19.17,11.59,4.449999999999999,-9.200000000000003,13.53,-0.7699999999999996,-66.02
2025-08-11T16:13:42.804473,25.0,28.0,31.0,-2.0,-35.0,-87.0,-90.0,-5.0,-81.0,64.0,20.0,-9.0,23.34,-34.3,54.92,-17.52,-50.93,-27.17,-67.41,15.45,-25.200000000000003,50.53,43.230000000000004,-32.019999999999996
2025-08-11T16:13:42.812517,46.0,-11.0,-47.0,44.0,99.0,-60.0,-94.0,18.0,-95.0,-15.0,51.0,-42.0,44.34,-73.3,-23.08,28.48,83.07,-0.1700000000000017,-71.41,38.45,-39.2,-28.47,74.23,-65.02
2025-08-11T16:13:42.816753,1.0,54.0,34.0,-18.0,-34.0,-51.0,-98.0,-3.0,-47.0,-35.0,39.0,-5.0,-0.6599999999999999,-8.299999999999997,57.92,-33.519999999999996,-49.93,8.829999999999998,-75.41,17.45,8.799999999999997,-48.47,62.230000000000004,-28.02
2025-08-11T16:13:42.824773,-19.0,-29.0,-15.0,69.0,3.0,-81.0,-33.0,32.0,-86.0,27.0,40.0,-49.0,-20.66,-91.3,8.920000000000002,53.480000000000004,-12.93,-21.17,-10.41,52.45,-30.200000000000003,13.53,63.230000000000004,-72.02
2025-08-11T16:13:42.829035,-55.0,84.0,22.0,20.0,81.0,-20.0,21.0,-1.0,-92.0,-54.0,56.0,-28.0,-56.66,21.700000000000003,45.92,4.48,65.07,39.83,43.59,19.45,-36.2,-67.47,79.23,-51.019999999999996
2025-08-11T16:13:42.837081,-10.0,133.0,-68.0,-17.0,9.0,-41.0,-13.0,-48.0,-153.0,-92.0,10.0,-78.0,-11.66,70.7,-44.08,-32.519999999999996,-6.93,18.83,9.59,-27.55,-97.2,-105.47,33.230000000000004,-101.02
2025-08-11T16:13:42.841984,42.0,115.0,-32.0,46.0,40.0,-76.0,7.0,8.0,-70.0,-4.0,48.0,-37.0,40.34,52.7,-8.079999999999998,30.48,24.07,-16.17,29.59,28.45,-14.200000000000003,-17.47,71.23,-60.019999999999996
2025-08-11T16:13:42.849503,30.0,143.0,-68.0,37.0,-21.0,-89.0,-84.0,-18.0,-42.0,-84.0,55.0,-19.0,28.34,80.7,-44.08,21.48,-36.93,-29.17,-61.41,2.4499999999999993,13.799999999999997,-97.47,78.23,-42.019999999999996
2025-08-11T16:13:42.854093,42.0,70.0,-56.0,93.0,14.0,-74.0,36.0,10.0,-95.0,-4.0,15.0,1.0,40.34,7.700000000000003,-32.08,77.48,-1.9299999999999997,-14.170000000000002,58.59,30.45,-39.2,-17.47,38.230000000000004,-22.02
2025-08-11T16:13:42.861677,6.0,15.0,-102.0,-63.0,15.0,-28.0,-27.0,-41.0,-75.0,-54.0,63.0,-25.0,4.34,-47.3,-78.08,-78.52,-0.9299999999999997,31.83,-4.41,-20.55,-19.200000000000003,-67.47,86.23,-48.019999999999996
2025-08-11T16:13:42.866392,22.0,50.0,65.0,38.0,4.0,-25.0,36.0,-6.0,-77.0,-95.0,39.0,-37.0,20.34,-12.299999999999997,88.92,22.48,-11.93,34.83,58.59,14.45,-21.200000000000003,-108.47,62.230000000000004,-60.019999999999996
2025-08-11T16:13:42.873957,66.0,12.0,-74.0,23.0,-35.0,-48.0,-3.0,-25.0,-41.0,-63.0,0.0,-65.0,64.34,-50.3,-50.08,7.48,-50.93,11.829999999999998,19.59,-4.550000000000001,14.799999999999997,-76.47,23.23,-88.02
2025-08-11T16:13:42.878464,69.0,23.0,68.0,23.0,24.0,-55.0,-42.0,-9.0,-47.0,-84.0,9.0,-7.0,67.34,-39.3,91.92,7.48,8.07,4.829999999999998,-19.41,11.45,8.799999999999997,-97.47,32.230000000000004,-30.02
2025-08-11T16:13:42.883136,46.0,-14.0,31.0,8.0,49.0,-53.0,-52.0,-82.0,-38.0,-68.0,62.0,-61.0,44.34,-76.3,54.92,-7.52,33.07,6.829999999999998,-29.41,-61.55,17.799999999999997,-81.47,85.23,-84.02
2025-08-11T16:13:42.890614,-46.0,32.0,-38.0,-28.0,52.0,-62.0,-6.0,-4.0,-81.0,-36.0,5.0,-26.0,-47.66,-30.299999999999997,-14.079999999999998,-43.519999999999996,36.07,-2.1700000000000017,16.59,16.45,-25.200000000000003,-49.47,28.23,-49.019999999999996
2025-08-11T16:13:42.897146,-12.0,81.0,-12.0,-9.0,45.0,-88.0,12.0,-40.0,-47.0,-43.0,-17.0,-18.0,-13.66,18.700000000000003,11.920000000000002,-24.52,29.07,-28.17,34.59,-19.55,8.799999999999997,-56.47,6.23,-41.019999999999996
2025-08-11T16:13:42.903084,-13.0,125.0,-27.0,70.0,-12.0,-99.0,-34.0,-105.0,-45.0,-77.0,-22.0,-18.0,-14.66,62.7,-3.0799999999999983,54.480000000000004,-27.93,-39.17,-11.41,-84.55,10.799999999999997,-90.47,1.2300000000000004,-41.019999999999996
2025-08-11T16:13:42.907663,5.0,59.0,-13.0,47.0,-46.0,-126.0,-11.0,-71.0,-35.0,-60.0,30.0,-70.0,3.34,-3.299999999999997,10.920000000000002,31.48,-61.93,-66.17,11.59,-50.55,20.799999999999997,-73.47,53.230000000000004,-93.02
2025-08-11T16:13:42.915670,38.0,84.0,-54.0,41.0,19.0,-54.0,-45.0,-58.0,-30.0,-6.0,-7.0,-25.0,36.34,21.700000000000003,-30.08,25.48,3.0700000000000003,5.829999999999998,-22.41,-37.55,25.799999999999997,-19.47,16.23,-48.019999999999996
2025-08-11T16:13:42.919618,49.0,53.0,-87.0,3.0,23.0,-33.0,39.0,-37.0,-92.0,-68.0,0.0,-62.0,47.34,-9.299999999999997,-63.08,-12.52,7.07,26.83,61.59,-16.55,-36.2,-81.47,23.23,-85.02
2025-08-11T16:13:42.927456,9.0,98.0,-58.0,13.0,18.0,-20.0,-68.0,-73.0,-118.0,-54.0,50.0,9.0,7.34,35.7,-34.08,-2.5199999999999996,2.0700000000000003,39.83,-45.41,-52.55,-62.2,-67.47,73.23,-14.02
2025-08-11T16:13:42.932139,41.0,-16.0,46.0,14.0,26.0,-90.0,-1.0,-23.0,-31.0,-16.0,48.0,-24.0,39.34,-78.3,69.92,-1.5199999999999996,10.07,-30.17,21.59,-2.5500000000000007,24.799999999999997,-29.47,71.23,-47.019999999999996
2025-08-11T16:13:42.939818,-10.0,72.0,5.0,55.0,16.0,-51.0,30.0,-55.0,16.0,-49.0,42.0,-74.0,-11.66,9.700000000000003,28.92,39.480000000000004,0.07000000000000028,8.829999999999998,52.59,-34.55,71.8,-62.47,65.23,-97.02
2025-08-11T16:13:42.944192,46.0,106.0,-36.0,-6.0,-13.0,-84.0,-4.0,-30.0,-53.0,-6.0,-19.0,-50.0,44.34,43.7,-12.079999999999998,-21.52,-28.93,-24.17,18.59,-9.55,2.799999999999997,-19.47,4.23,-73.02
2025-08-11T16:13:42.951905,-27.0,113.0,49.0,73.0,-4.0,-32.0,-26.0,-105.0,-91.0,-22.0,0.0,-33.0,-28.66,50.7,72.92,57.480000000000004,-19.93,27.83,-3.41,-84.55,-35.2,-35.47,23.23,-56.019999999999996
2025-08-11T16:13:42.956815,-67.0,78.0,-31.0,-35.0,-60.0,-82.0,-87.0,-53.0,-91.0,-5.0,-82.0,-54.0,-68.66,15.700000000000003,-7.079999999999998,-50.519999999999996,-75.93,-22.17,-64.41,-32.55,-35.2,-18.47,-58.769999999999996,-77.02
2025-08-11T16:13:42.964378,51.0,58.0,-45.0,-10.0,107.0,-35.0,5.0,-13.0,-24.0,-80.0,21.0,32.0,49.34,-4.299999999999997,-21.08,-25.52,91.07,24.83,27.59,7.449999999999999,31.799999999999997,-93.47,44.230000000000004,8.98
2025-08-11T16:13:42.968755,68.0,68.0,-78.0,6.0,4.0,-56.0,-1.0,-25.0,-36.0,-37.0,116.0,-47.0,66.34,5.700000000000003,-54.08,-9.52,-11.93,3.8299999999999983,21.59,-4.550000000000001,19.799999999999997,-50.47,139.23,-70.02
2025-08-11T16:13:42.976497,36.0,10.0,-26.0,42.0,24.0,-153.0,-76.0,-64.0,-83.0,-11.0,67.0,-48.0,34.34,-52.3,-2.0799999999999983,26.48,8.07,-93.17,-53.41,-43.55,-27.200000000000003,-24.47,90.23,-71.02
2025-08-11T16:13:42.980975,47.0,61.0,33.0,15.0,12.0,-82.0,-41.0,32.0,-57.0,-67.0,59.0,-59.0,45.34,-1.2999999999999972,56.92,-0.5199999999999996,-3.9299999999999997,-22.17,-18.41,52.45,-1.2000000000000028,-80.47,82.23,-82.02
2025-08-11T16:13:42.988994,-69.0,87.0,-11.0,77.0,1.0,-40.0,-53.0,-22.0,-10.0,-46.0,41.0,-102.0,-70.66,24.700000000000003,12.920000000000002,61.480000000000004,-14.93,19.83,-30.41,-1.5500000000000007,45.8,-59.47,64.23,-125.02
2025-08-11T16:13:42.993223,15.0,65.0,53.0,-11.0,28.0,-61.0,-50.0,-51.0,-25.0,-39.0,20.0,-50.0,13.34,2.700000000000003,76.92,-26.52,12.07,-1.1700000000000017,-27.41,-30.55,30.799999999999997,-52.47,43.230000000000004,-73.02
2025-08-11T16:13:43.001083,-11.0,50.0,-39.0,-33.0,63.0,-50.0,10.0,-12.0,-42.0,-90.0,-15.0,1.0,-12.66,-12.299999999999997,-15.079999999999998,-48.519999999999996,47.07,9.829999999999998,32.59,8.45,13.799999999999997,-103.47,8.23,-22.02
2025-08-11T16:13:43.005711,34.0,122.0,-84.0,-12.0,-23.0,-137.0,23.0,-20.0,-79.0,-23.0,48.0,-97.0,32.34,59.7,-60.08,-27.52,-38.93,-77.17,45.59,0.4499999999999993,-23.200000000000003,-36.47,71.23,-120.02
2025-08-11T16:13:43.013295,54.0,83.0,-69.0,58.0,-1.0,-132.0,-25.0,-24.0,-32.0,8.0,7.0,-40.0,52.34,20.700000000000003,-45.08,42.480000000000004,-16.93,-72.17,-2.41,-3.5500000000000007,23.799999999999997,-5.470000000000001,30.23,-63.019999999999996
2025-08-11T16:13:43.018004,77.0,-33.0,-30.0,58.0,24.0,-80.0,-12.0,-23.0,-92.0,-25.0,34.0,-30.0,75.34,-95.3,-6.079999999999998,42.480000000000004,8.07,-20.17,10.59,-2.5500000000000007,-36.2,-38.47,57.230000000000004,-53.019999999999996
2025-08-11T16:13:43.025619,80.0,56.0,-34.0,-30.0,10.0,-55.0,-7.0,-70.0,-111.0,-113.0,53.0,-53.0,78.34,-6.299999999999997,-10.079999999999998,-45.519999999999996,-5.93,4.829999999999998,15.59,-49.55,-55.2,-126.47,76.23,-76.02
2025-08-11T16:13:43.030853,29.0,115.0,13.0,31.0,-48.0,-88.0,-10.0,-47.0,-60.0,-43.0,31.0,-8.0,27.34,52.7,36.92,15.48,-63.93,-28.17,12.59,-26.55,-4.200000000000003,-56.47,54.230000000000004,-31.02
2025-08-11T16:13:43.037879,-41.0,96.0,-34.0,-12.0,72.0,-23.0,-5.0,-82.0,-12.0,-18.0,-1.0,-16.0,-42.66,33.7,-10.079999999999998,-27.52,56.07,36.83,17.59,-61.55,43.8,-31.47,22.23,-39.019999999999996
2025-08-11T16:13:43.042267,-20.0,75.0,-91.0,-3.0,84.0,-124.0,-17.0,-16.0,-71.0,-56.0,19.0,-20.0,-21.66,12.700000000000003,-67.08,-18.52,68.07,-64.17,5.59,4.449999999999999,-15.200000000000003,-69.47,42.230000000000004,-43.019999999999996
2025-08-11T16:13:43.050383,54.0,79.0,-78.0,37.0,38.0,-81.0,22.0,-15.0,-28.0,-38.0,61.0,-63.0,52.34,16.700000000000003,-54.08,21.48,22.07,-21.17,44.59,5.449999999999999,27.799999999999997,-51.47,84.23,-86.02
2025-08-11T16:13:43.054927,-16.0,32.0,-27.0,60.0,-7.0,-39.0,-28.0,-20.0,-118.0,2.0,43.0,-42.0,-17.66,-30.299999999999997,-3.0799999999999983,44.480000000000004,-22.93,20.83,-5.41,0.4499999999999993,-62.2,-11.47,66.23,-65.02
2025-08-11T16:13:43.062723,99.0,59.0,-6.0,17.0,-38.0,-11.0,-88.0,-20.0,-44.0,-96.0,-10.0,-4.0,97.34,-3.299999999999997,17.92,1.4800000000000004,-53.93,48.83,-65.41,0.4499999999999993,11.799999999999997,-109.47,13.23,-27.02
2025-08-11T16:13:43.066816,-39.0,57.0,65.0,14.0,-20.0,-50.0,-68.0,2.0,-106.0,-112.0,43.0,-58.0,-40.66,-5.299999999999997,88.92,-1.5199999999999996,-35.93,9.829999999999998,-45.41,22.45,-50.2,-125.47,66.23,-81.02
2025-08-11T16:13:43.074713,-53.0,129.0,13.0,7.0,52.0,-126.0,-46.0,-5.0,-82.0,-59.0,31.0,-57.0,-54.66,66.7,36.92,-8.52,36.07,-66.17,-23.41,15.45,-26.200000000000003,-72.47,54.230000000000004,-80.02
2025-08-11T16:13:43.079211,-14.0,28.0,-59.0,-36.0,74.0,-94.0,-53.0,2.0,-93.0,-52.0,44.0,-40.0,-15.66,-34.3,-35.08,-51.519999999999996,58.07,-34.17,-30.41,22.45,-37.2,-65.47,67.23,-63.019999999999996
2025-08-11T16:13:43.087163,49.0,51.0,-14.0,61.0,76.0,-135.0,-67.0,-29.0,-60.0,-102.0,46.0,2.0,47.34,-11.299999999999997,9.920000000000002,45.480000000000004,60.07,-75.17,-44.41,-8.55,-4.200000000000003,-115.47,69.23,-21.02
2025-08-11T16:13:43.091446,60.0,21.0,-51.0,92.0,-34.0,-42.0,-96.0,5.0,-6.0,-55.0,41.0,-20.0,58.34,-41.3,-27.08,76.48,-49.93,17.83,-73.41,25.45,49.8,-68.47,64.23,-43.019999999999996
2025-08-11T16:13:43.099159,106.0,56.0,-6.0,38.0,13.0,-95.0,-20.0,-11.0,-85.0,-45.0,-7.0,-78.0,104.34,-6.299999999999997,17.92,22.48,-2.9299999999999997,-35.17,2.59,9.45,-29.200000000000003,-58.47,16.23,-101.02
2025-08-11T16:13:43.103790,-48.0,31.0,20.0,65.0,-25.0,-63.0,-32.0,68.0,-67.0,-69.0,6.0,-55.0,-49.66,-31.299999999999997,43.92,49.480000000000004,-40.93,-3.1700000000000017,-9.41,88.45,-11.200000000000003,-82.47,29.23,-78.02
2025-08-11T16:13:43.111507,34.0,51.0,-10.0,16.0,53.0,-89.0,-30.0,33.0,-60.0,-66.0,68.0,-32.0,32.34,-11.299999999999997,13.920000000000002,0.4800000000000004,37.07,-29.17,-7.41,53.45,-4.200000000000003,-79.47,91.23,-55.019999999999996
2025-08-11T16:13:43.116268,-35.0,115.0,-41.0,-22.0,92.0,-148.0,-37.0,-40.0,-61.0,-99.0,42.0,-33.0,-36.66,52.7,-17.08,-37.519999999999996,76.07,-88.17,-14.41,-19.55,-5.200000000000003,-112.47,65.23,-56.019999999999996
2025-08-11T16:13:43.123866,105.0,44.0,-56.0,21.0,55.0,-88.0,10.0,-53.0,-98.0,16.0,65.0,3.0,103.34,-18.299999999999997,-32.08,5.48,39.07,-28.17,32.59,-32.55,-42.2,2.5299999999999994,88.23,-20.02
2025-08-11T16:13:43.128141,16.0,87.0,-42.0,83.0,-14.0,-94.0,-14.0,-41.0,-50.0,-30.0,-6.0,-40.0,14.34,24.700000000000003,-18.08,67.48,-29.93,-34.17,8.59,-20.55,5.799999999999997,-43.47,17.23,-63.019999999999996
2025-08-11T16:13:43.136143,26.0,46.0,-49.0,-6.0,-2.0,-29.0,-13.0,7.0,-95.0,3.0,3.0,-16.0,24.34,-16.299999999999997,-25.08,-21.52,-17.93,30.83,9.59,27.45,-39.2,-10.47,26.23,-39.019999999999996
2025-08-11T16:13:43.141225,78.0,-23.0,0.0,107.0,22.0,-45.0,-39.0,-10.0,-92.0,-58.0,12.0,40.0,76.34,-85.3,23.92,91.48,6.07,14.829999999999998,-16.41,10.45,-36.2,-71.47,35.230000000000004,16.98
2025-08-11T16:13:43.148607,-12.0,55.0,-12.0,60.0,-52.0,-69.0,-89.0,-47.0,-124.0,-67.0,53.0,41.0,-13.66,-7.299999999999997,11.920000000000002,44.480000000000004,-67.93,-9.170000000000002,-66.41,-26.55,-68.2,-80.47,76.23,17.98
2025-08-11T16:13:43.152888,-4.0,131.0,-9.0,66.0,45.0,2.0,-44.0,-15.0,-90.0,-49.0,55.0,30.0,-5.66,68.7,14.920000000000002,50.480000000000004,29.07,61.83,-21.41,5.449999999999999,-34.2,-62.47,78.23,6.98
2025-08-11T16:13:43.160619,7.0,137.0,11.0,-30.0,40.0,-73.0,26.0,-69.0,-62.0,-97.0,18.0,41.0,5.34,74.7,34.92,-45.519999999999996,24.07,-13.170000000000002,48.59,-48.55,-6.200000000000003,-110.47,41.230000000000004,17.98
2025-08-11T16:13:43.165410,-3.0,133.0,-39.0,106.0,40.0,-91.0,-17.0,24.0,-103.0,-70.0,38.0,74.0,-4.66,70.7,-15.079999999999998,90.48,24.07,-31.17,5.59,44.45,-47.2,-83.47,61.230000000000004,50.980000000000004
2025-08-11T16:13:43.172900,17.0,77.0,-76.0,75.0,67.0,-33.0,-58.0,14.0,-98.0,-8.0,31.0,53.0,15.34,14.700000000000003,-52.08,59.480000000000004,51.07,26.83,-35.41,34.45,-42.2,-21.47,54.230000000000004,29.98
2025-08-11T16:13:43.177349,32.0,103.0,-68.0,68.0,101.0,-39.0,16.0,-39.0,-33.0,2.0,54.0,32.0,30.34,40.7,-44.08,52.480000000000004,85.07,20.83,38.59,-18.55,22.799999999999997,-11.47,77.23,8.98
2025-08-11T16:13:43.185275,97.0,25.0,1.0,-37.0,-27.0,-53.0,-9.0,-48.0,-16.0,-25.0,23.0,16.0,95.34,-37.3,24.92,-52.519999999999996,-42.93,6.829999999999998,13.59,-27.55,39.8,-38.47,46.230000000000004,-7.02
2025-08-11T16:13:43.189935,10.0,43.0,26.0,-29.0,-35.0,-25.0,-74.0,-37.0,-23.0,-42.0,49.0,-36.0,8.34,-19.299999999999997,49.92,-44.519999999999996,-50.93,34.83,-51.41,-16.55,32.8,-55.47,72.23,-59.019999999999996
2025-08-11T16:13:43.197485,-94.0,60.0,-36.0,1.0,12.0,-76.0,-129.0,-40.0,-73.0,-20.0,13.0,26.0,-95.66,-2.299999999999997,-12.079999999999998,-14.52,-3.9299999999999997,-16.17,-106.41,-19.55,-17.200000000000003,-33.47,36.230000000000004,2.9800000000000004
2025-08-11T16:13:43.201929,-37.0,144.0,1.0,27.0,36.0,-49.0,-30.0,-37.0,-91.0,-79.0,-4.0,-3.0,-38.66,81.7,24.92,11.48,20.07,10.829999999999998,-7.41,-16.55,-35.2,-92.47,19.23,-26.02
2025-08-11T16:13:43.209741,28.0,127.0,-63.0,43.0,8.0,-63.0,-36.0,-80.0,-76.0,-34.0,33.0,-46.0,26.34,64.7,-39.08,27.48,-7.93,-3.1700000000000017,-13.41,-59.55,-20.200000000000003,-47.47,56.230000000000004,-69.02
2025-08-11T16:13:43.214267,-64.0,98.0,-40.0,46.0,18.0,-70.0,-28.0,12.0,-47.0,-5.0,88.0,31.0,-65.66,35.7,-16.08,30.48,2.0700000000000003,-10.170000000000002,-5.41,32.45,8.799999999999997,-18.47,111.23,7.98
2025-08-11T16:13:43.222053,-62.0,130.0,-84.0,23.0,3.0,-83.0,-35.0,-73.0,-20.0,-43.0,-33.0,-6.0,-63.66,67.7,-60.08,7.48,-12.93,-23.17,-12.41,-52.55,35.8,-56.47,-9.77,-29.02
2025-08-11T16:13:43.226697,78.0,66.0,-80.0,-67.0,20.0,-24.0,-58.0,-33.0,-39.0,-58.0,-4.0,29.0,76.34,3.700000000000003,-56.08,-82.52,4.07,35.83,-35.41,-12.55,16.799999999999997,-71.47,19.23,5.98
2025-08-11T16:13:43.234333,49.0,34.0,-49.0,12.0,34.0,-66.0,-3.0,-12.0,-35.0,-101.0,103.0,45.0,47.34,-28.299999999999997,-25.08,-3.5199999999999996,18.07,-6.170000000000002,19.59,8.45,20.799999999999997,-114.47,126.23,21.98
2025-08-11T16:13:43.238814,-16.0,59.0,-29.0,58.0,-8.0,-49.0,-56.0,1.0,-56.0,-32.0,42.0,47.0,-17.66,-3.299999999999997,-5.079999999999998,42.480000000000004,-23.93,10.829999999999998,-33.41,21.45,-0.20000000000000284,-45.47,65.23,23.98
2025-08-11T16:13:43.246713,-27.0,90.0,55.0,59.0,-35.0,-104.0,-62.0,-17.0,-42.0,-16.0,8.0,85.0,-28.66,27.700000000000003,78.92,43.480000000000004,-50.93,-44.17,-39.41,3.4499999999999993,13.799999999999997,-29.47,31.23,61.980000000000004
2025-08-11T16:13:43.251142,-50.0,62.0,18.0,16.0,-10.0,-31.0,28.0,-20.0,-100.0,-22.0,6.0,58.0,-51.66,-0.29999999999999716,41.92,0.4800000000000004,-25.93,28.83,50.59,0.4499999999999993,-44.2,-35.47,29.23,34.980000000000004
2025-08-11T16:13:43.258831,-34.0,77.0,-39.0,-8.0,17.0,-34.0,-81.0,19.0,-74.0,-27.0,44.0,49.0,-35.66,14.700000000000003,-15.079999999999998,-23.52,1.0700000000000003,25.83,-58.41,39.45,-18.200000000000003,-40.47,67.23,25.98
2025-08-11T16:13:43.263370,64.0,82.0,-59.0,-5.0,58.0,-61.0,-30.0,-46.0,-49.0,-27.0,12.0,56.0,62.34,19.700000000000003,-35.08,-20.52,42.07,-1.1700000000000017,-7.41,-25.55,6.799999999999997,-40.47,35.230000000000004,32.980000000000004
2025-08-11T16:13:43.268052,-24.0,53.0,-11.0,-54.0,19.0,-49.0,-6.0,-63.0,-65.0,-70.0,65.0,52.0,-25.66,-9.299999999999997,12.920000000000002,-69.52,3.0700000000000003,10.829999999999998,16.59,-42.55,-9.200000000000003,-83.47,88.23,28.98
2025-08-11T16:13:43.275642,28.0,47.0,4.0,21.0,14.0,-27.0,-82.0,-42.0,-47.0,-22.0,57.0,-31.0,26.34,-15.299999999999997,27.92,5.48,-1.9299999999999997,32.83,-59.41,-21.55,8.799999999999997,-35.47,80.23,-54.019999999999996
2025-08-11T16:13:43.283371,7.0,-27.0,34.0,64.0,-25.0,-66.0,-23.0,-60.0,-152.0,-148.0,86.0,14.0,5.34,-89.3,57.92,48.480000000000004,-40.93,-6.170000000000002,-0.41000000000000014,-39.55,-96.2,-161.47,109.23,-9.02
2025-08-11T16:13:43.288218,-2.0,91.0,-27.0,15.0,-45.0,-18.0,5.0,6.0,-51.0,-65.0,71.0,45.0,-3.66,28.700000000000003,-3.0799999999999983,-0.5199999999999996,-60.93,41.83,27.59,26.45,4.799999999999997,-78.47,94.23,21.98
2025-08-11T16:13:43.292302,-46.0,146.0,-82.0,32.0,-48.0,-59.0,-63.0,12.0,-70.0,-70.0,58.0,30.0,-47.66,83.7,-58.08,16.48,-63.93,0.8299999999999983,-40.41,32.45,-14.200000000000003,-83.47,81.23,6.98
2025-08-11T16:13:43.300244,11.0,109.0,-54.0,3.0,-60.0,-75.0,-15.0,-47.0,-87.0,-81.0,19.0,22.0,9.34,46.7,-30.08,-12.52,-75.93,-15.170000000000002,7.59,-26.55,-31.200000000000003,-94.47,42.230000000000004,-1.0199999999999996
2025-08-11T16:13:43.304506,9.0,69.0,-26.0,2.0,-57.0,-24.0,40.0,-51.0,-108.0,-40.0,38.0,-24.0,7.34,6.700000000000003,-2.0799999999999983,-13.52,-72.93,35.83,62.59,-30.55,-52.2,-53.47,61.230000000000004,-47.019999999999996
2025-08-11T16:13:43.312362,-8.0,-18.0,-72.0,69.0,79.0,-97.0,-4.0,-11.0,-116.0,-38.0,40.0,0.0,-9.66,-80.3,-48.08,53.480000000000004,63.07,-37.17,18.59,9.45,-60.2,-51.47,63.230000000000004,-23.02
2025-08-11T16:13:43.316762,31.0,31.0,-15.0,31.0,47.0,-54.0,-80.0,4.0,-75.0,-3.0,46.0,5.0,29.34,-31.299999999999997,8.920000000000002,15.48,31.07,5.829999999999998,-57.41,24.45,-19.200000000000003,-16.47,69.23,-18.02
2025-08-11T16:13:43.324671,-11.0,32.0,-52.0,17.0,37.0,-101.0,-55.0,-78.0,-59.0,-28.0,-57.0,-8.0,-12.66,-30.299999999999997,-28.08,1.4800000000000004,21.07,-41.17,-32.41,-57.55,-3.200000000000003,-41.47,-33.769999999999996,-31.02
2025-08-11T16:13:43.329188,-61.0,72.0,-2.0,13.0,78.0,-29.0,22.0,-37.0,-86.0,13.0,-17.0,54.0,-62.66,9.700000000000003,21.92,-2.5199999999999996,62.07,30.83,44.59,-16.55,-30.200000000000003,-0.47000000000000064,6.23,30.98
2025-08-11T16:13:43.337241,-81.0,-7.0,-78.0,12.0,-108.0,-30.0,36.0,22.0,-46.0,-38.0,-11.0,65.0,-82.66,-69.3,-54.08,-3.5199999999999996,-123.93,29.83,58.59,42.45,9.799999999999997,-51.47,12.23,41.980000000000004
2025-08-11T16:13:43.341339,-14.0,97.0,-48.0,-94.0,99.0,-12.0,33.0,-77.0,-63.0,-39.0,-7.0,-30.0,-15.66,34.7,-24.08,-109.52,83.07,47.83,55.59,-56.55,-7.200000000000003,-52.47,16.23,-53.019999999999996
2025-08-11T16:13:43.349553,-100.0,72.0,-73.0,-11.0,51.0,-134.0,20.0,-60.0,-67.0,-49.0,-34.0,21.0,-101.66,9.700000000000003,-49.08,-26.52,35.07,-74.17,42.59,-39.55,-11.200000000000003,-62.47,-10.77,-2.0199999999999996
2025-08-11T16:13:43.354018,53.0,131.0,-56.0,116.0,56.0,-69.0,-23.0,-22.0,-86.0,-12.0,11.0,31.0,51.34,68.7,-32.08,100.48,40.07,-9.170000000000002,-0.41000000000000014,-1.5500000000000007,-30.200000000000003,-25.47,34.230000000000004,7.98
2025-08-11T16:13:43.361621,83.0,-9.0,-75.0,35.0,49.0,-104.0,-60.0,-48.0,-109.0,3.0,-20.0,33.0,81.34,-71.3,-51.08,19.48,33.07,-44.17,-37.41,-27.55,-53.2,-10.47,3.2300000000000004,9.98
2025-08-11T16:13:43.365924,30.0,34.0,-1.0,49.0,63.0,-77.0,-36.0,-63.0,-47.0,-17.0,20.0,39.0,28.34,-28.299999999999997,22.92,33.480000000000004,47.07,-17.17,-13.41,-42.55,8.799999999999997,-30.47,43.230000000000004,15.98
2025-08-11T16:13:43.373698,-49.0,17.0,-12.0,53.0,18.0,-65.0,-18.0,-46.0,-140.0,-4.0,-7.0,-4.0,-50.66,-45.3,11.920000000000002,37.480000000000004,2.0700000000000003,-5.170000000000002,4.59,-25.55,-84.2,-17.47,16.23,-27.02
2025-08-11T16:13:43.378019,25.0,82.0,-43.0,16.0,57.0,-32.0,-83.0,-70.0,-84.0,-103.0,-19.0,44.0,23.34,19.700000000000003,-19.08,0.4800000000000004,41.07,27.83,-60.41,-49.55,-28.200000000000003,-116.47,4.23,20.98
2025-08-11T16:13:43.386191,-3.0,169.0,-36.0,33.0,42.0,-93.0,-19.0,28.0,-68.0,8.0,13.0,14.0,-4.66,106.7,-12.079999999999998,17.48,26.07,-33.17,3.59,48.45,-12.200000000000003,-5.470000000000001,36.230000000000004,-9.02
2025-08-11T16:13:43.390635,12.0,82.0,-40.0,7.0,28.0,-73.0,-32.0,27.0,-36.0,-18.0,45.0,-48.0,10.34,19.700000000000003,-16.08,-8.52,12.07,-13.170000000000002,-9.41,47.45,19.799999999999997,-31.47,68.23,-71.02
2025-08-11T16:13:43.398651,31.0,141.0,-95.0,49.0,35.0,-160.0,-40.0,45.0,-91.0,-60.0,16.0,19.0,29.34,78.7,-71.08,33.480000000000004,19.07,-100.17,-17.41,65.45,-35.2,-73.47,39.230000000000004,-4.02
2025-08-11T16:13:43.403137,7.0,-7.0,-62.0,106.0,15.0,-33.0,-39.0,29.0,-75.0,-48.0,-30.0,18.0,5.34,-69.3,-38.08,90.48,-0.9299999999999997,26.83,-16.41,49.45,-19.200000000000003,-61.47,-6.77,-5.02
2025-08-11T16:13:43.410585,21.0,-31.0,21.0,0.0,16.0,-82.0,-13.0,51.0,-72.0,-75.0,22.0,14.0,19.34,-93.3,44.92,-15.52,0.07000000000000028,-22.17,9.59,71.45,-16.200000000000003,-88.47,45.230000000000004,-9.02
2025-08-11T16:13:43.414966,28.0,23.0,16.0,92.0,29.0,7.0,-16.0,9.0,-55.0,-46.0,20.0,37.0,26.34,-39.3,39.92,76.48,13.07,66.83,6.59,29.45,0.7999999999999972,-59.47,43.230000000000004,13.98
2025-08-11T16:13:43.423128,27.0,103.0,22.0,12.0,-12.0,-117.0,-75.0,-23.0,-116.0,-91.0,-36.0,26.0,25.34,40.7,45.92,-3.5199999999999996,-27.93,-57.17,-52.41,-2.5500000000000007,-60.2,-104.47,-12.77,2.9800000000000004
2025-08-11T16:13:43.427359,-36.0,102.0,6.0,20.0,106.0,-95.0,24.0,-4.0,-111.0,-61.0,48.0,-21.0,-37.66,39.7,29.92,4.48,90.07,-35.17,46.59,16.45,-55.2,-74.47,71.23,-44.019999999999996
2025-08-11T16:13:43.435275,-16.0,114.0,-22.0,54.0,21.0,-115.0,30.0,-3.0,-99.0,-100.0,4.0,25.0,-17.66,51.7,1.9200000000000017,38.480000000000004,5.07,-55.17,52.59,17.45,-43.2,-113.47,27.23,1.9800000000000004
2025-08-11T16:13:43.440146,90.0,121.0,-93.0,18.0,13.0,-51.0,2.0,-14.0,-31.0,-18.0,-9.0,-16.0,88.34,58.7,-69.08,2.4800000000000004,-2.9299999999999997,8.829999999999998,24.59,6.449999999999999,24.799999999999997,-31.47,14.23,-39.019999999999996
2025-08-11T16:13:43.447769,54.0,-54.0,-60.0,7.0,-24.0,21.0,52.0,-37.0,-45.0,-67.0,37.0,42.0,52.34,-116.3,-36.08,-8.52,-39.93,80.83,74.59,-16.55,10.799999999999997,-80.47,60.230000000000004,18.98
2025-08-11T16:13:43.452289,99.0,63.0,74.0,6.0,65.0,-127.0,-24.0,-87.0,-68.0,-33.0,8.0,14.0,97.34,0.7000000000000028,97.92,-9.52,49.07,-67.17,-1.4100000000000001,-66.55,-12.200000000000003,-46.47,31.23,-9.02
2025-08-11T16:13:43.460069,-42.0,49.0,16.0,26.0,40.0,-58.0,-39.0,-32.0,-47.0,-107.0,-22.0,19.0,-43.66,-13.299999999999997,39.92,10.48,24.07,1.8299999999999983,-16.41,-11.55,8.799999999999997,-120.47,1.2300000000000004,-4.02
2025-08-11T16:13:43.464748,46.0,128.0,25.0,50.0,63.0,-81.0,-9.0,21.0,-117.0,-35.0,-30.0,37.0,44.34,65.7,48.92,34.480000000000004,47.07,-21.17,13.59,41.45,-61.2,-48.47,-6.77,13.98
2025-08-11T16:13:43.472426,-4.0,83.0,-75.0,58.0,52.0,-117.0,-64.0,-3.0,-39.0,-58.0,-39.0,-11.0,-5.66,20.700000000000003,-51.08,42.480000000000004,36.07,-57.17,-41.41,17.45,16.799999999999997,-71.47,-15.77,-34.019999999999996
2025-08-11T16:13:43.476583,-5.0,82.0,-63.0,63.0,-15.0,-68.0,-41.0,6.0,-100.0,-45.0,-44.0,3.0,-6.66,19.700000000000003,-39.08,47.480000000000004,-30.93,-8.170000000000002,-18.41,26.45,-44.2,-58.47,-20.77,-20.02
2025-08-11T16:13:43.484297,35.0,59.0,4.0,16.0,49.0,-30.0,-7.0,70.0,-77.0,-91.0,-46.0,59.0,33.34,-3.299999999999997,27.92,0.4800000000000004,33.07,29.83,15.59,90.45,-21.200000000000003,-104.47,-22.77,35.980000000000004
2025-08-11T16:13:43.489287,51.0,133.0,-92.0,-8.0,66.0,-106.0,-55.0,-19.0,-80.0,-78.0,10.0,5.0,49.34,70.7,-68.08,-23.52,50.07,-46.17,-32.41,1.4499999999999993,-24.200000000000003,-91.47,33.230000000000004,-18.02
2025-08-11T16:13:43.496727,60.0,73.0,-100.0,-23.0,132.0,-43.0,-110.0,-6.0,-70.0,-14.0,13.0,24.0,58.34,10.700000000000003,-76.08,-38.519999999999996,116.07,16.83,-87.41,14.45,-14.200000000000003,-27.47,36.230000000000004,0.9800000000000004
2025-08-11T16:13:43.501087,84.0,46.0,22.0,33.0,80.0,-82.0,-22.0,-18.0,-91.0,-75.0,7.0,21.0,82.34,-16.299999999999997,45.92,17.48,64.07,-22.17,0.5899999999999999,2.4499999999999993,-35.2,-88.47,30.23,-2.0199999999999996
2025-08-11T16:13:43.508992,4.0,34.0,41.0,46.0,3.0,-85.0,-21.0,68.0,-32.0,-94.0,-44.0,32.0,2.34,-28.299999999999997,64.92,30.48,-12.93,-25.17,1.5899999999999999,88.45,23.799999999999997,-107.47,-20.77,8.98
2025-08-11T16:13:43.513358,-44.0,-26.0,-32.0,8.0,65.0,-69.0,34.0,-34.0,-102.0,-11.0,40.0,5.0,-45.66,-88.3,-8.079999999999998,-7.52,49.07,-9.170000000000002,56.59,-13.55,-46.2,-24.47,63.230000000000004,-18.02
2025-08-11T16:13:43.521126,-63.0,100.0,-28.0,-2.0,-7.0,-69.0,7.0,-45.0,-104.0,1.0,-19.0,47.0,-64.66,37.7,-4.079999999999998,-17.52,-22.93,-9.170000000000002,29.59,-24.55,-48.2,-12.47,4.23,23.98
2025-08-11T16:13:43.525803,-33.0,39.0,-57.0,76.0,98.0,41.0,-24.0,-14.0,-114.0,-44.0,1.0,8.0,-34.66,-23.299999999999997,-33.08,60.480000000000004,82.07,100.83,-1.4100000000000001,6.449999999999999,-58.2,-57.47,24.23,-15.02
2025-08-11T16:13:43.533403,-7.0,78.0,-33.0,-71.0,96.0,-124.0,18.0,-63.0,-84.0,93.0,5.0,23.0,-8.66,15.700000000000003,-9.079999999999998,-86.52,80.07,-64.17,40.59,-42.55,-28.200000000000003,79.53,28.23,-0.019999999999999574
2025-08-11T16:13:43.538149,1.0,169.0,-83.0,104.0,34.0,-79.0,-54.0,-26.0,-98.0,11.0,65.0,18.0,-0.6599999999999999,106.7,-59.08,88.48,18.07,-19.17,-31.41,-5.550000000000001,-42.2,-2.4700000000000006,88.23,-5.02
2025-08-11T16:13:43.545599,88.0,99.0,-96.0,7.0,-29.0,-31.0,2.0,-71.0,-92.0,-40.0,-45.0,-9.0,86.34,36.7,-72.08,-8.52,-44.93,28.83,24.59,-50.55,-36.2,-53.47,-21.77,-32.019999999999996
2025-08-11T16:13:43.550199,-23.0,48.0,-77.0,81.0,27.0,-81.0,23.0,5.0,-104.0,-11.0,-20.0,26.0,-24.66,-14.299999999999997,-53.08,65.48,11.07,-21.17,45.59,25.45,-48.2,-24.47,3.2300000000000004,2.9800000000000004
2025-08-11T16:13:43.557893,86.0,33.0,-37.0,-3.0,-9.0,23.0,-38.0,-51.0,-78.0,-25.0,5.0,6.0,84.34,-29.299999999999997,-13.079999999999998,-18.52,-24.93,82.83,-15.41,-30.55,-22.200000000000003,-38.47,28.23,-17.02
2025-08-11T16:13:43.562628,136.0,13.0,22.0,5.0,12.0,-74.0,9.0,-18.0,-62.0,43.0,-10.0,-42.0,134.34,-49.3,45.92,-10.52,-3.9299999999999997,-14.170000000000002,31.59,2.4499999999999993,-6.200000000000003,29.53,13.23,-65.02
2025-08-11T16:13:43.570157,62.0,30.0,-62.0,28.0,30.0,-47.0,11.0,-45.0,-77.0,5.0,-8.0,-49.0,60.34,-32.3,-38.08,12.48,14.07,12.829999999999998,33.59,-24.55,-21.200000000000003,-8.47,15.23,-72.02
2025-08-11T16:13:43.574948,32.0,79.0,-72.0,24.0,55.0,-91.0,-10.0,-75.0,-53.0,16.0,-8.0,-27.0,30.34,16.700000000000003,-48.08,8.48,39.07,-31.17,12.59,-54.55,2.799999999999997,2.5299999999999994,15.23,-50.019999999999996
2025-08-11T16:13:43.582383,37.0,17.0,-13.0,56.0,70.0,-108.0,-70.0,-56.0,-82.0,-83.0,27.0,-53.0,35.34,-45.3,10.920000000000002,40.480000000000004,54.07,-48.17,-47.41,-35.55,-26.200000000000003,-96.47,50.230000000000004,-76.02
2025-08-11T16:13:43.586960,-64.0,42.0,8.0,56.0,10.0,-99.0,-38.0,-67.0,8.0,68.0,-2.0,-65.0,-65.66,-20.299999999999997,31.92,40.480000000000004,-5.93,-39.17,-15.41,-46.55,63.8,54.53,21.23,-88.02
2025-08-11T16:13:43.591180,-79.0,17.0,45.0,34.0,-10.0,-58.0,63.0,-12.0,-14.0,-34.0,30.0,-65.0,-80.66,-45.3,68.92,18.48,-25.93,1.8299999999999983,85.59,8.45,41.8,-47.47,53.230000000000004,-88.02
2025-08-11T16:13:43.599506,-22.0,107.0,-11.0,-4.0,-9.0,-103.0,38.0,-42.0,-35.0,-6.0,30.0,-85.0,-23.66,44.7,12.920000000000002,-19.52,-24.93,-43.17,60.59,-21.55,20.799999999999997,-19.47,53.230000000000004,-108.02
2025-08-11T16:13:43.603455,-38.0,159.0,-52.0,42.0,-19.0,-45.0,8.0,-31.0,-77.0,32.0,42.0,-80.0,-39.66,96.7,-28.08,26.48,-34.93,14.829999999999998,30.59,-10.55,-21.200000000000003,18.53,65.23,-103.02
2025-08-11T16:13:43.611331,35.0,147.0,-113.0,20.0,41.0,7.0,31.0,-53.0,-89.0,21.0,44.0,-64.0,33.34,84.7,-89.08,4.48,25.07,66.83,53.59,-32.55,-33.2,7.529999999999999,67.23,-87.02
2025-08-11T16:13:43.615751,30.0,38.0,-41.0,-6.0,89.0,-88.0,-43.0,9.0,-91.0,-29.0,74.0,-26.0,28.34,-24.299999999999997,-17.08,-21.52,73.07,-28.17,-20.41,29.45,-35.2,-42.47,97.23,-49.019999999999996
2025-08-11T16:13:43.623611,38.0,63.0,-50.0,21.0,97.0,-136.0,6.0,-58.0,-59.0,2.0,6.0,-19.0,36.34,0.7000000000000028,-26.08,5.48,81.07,-76.17,28.59,-37.55,-3.200000000000003,-11.47,29.23,-42.019999999999996
2025-08-11T16:13:43.628444,90.0,-26.0,-20.0,65.0,25.0,-111.0,-29.0,-5.0,-97.0,11.0,5.0,-60.0,88.34,-88.3,3.9200000000000017,49.480000000000004,9.07,-51.17,-6.41,15.45,-41.2,-2.4700000000000006,28.23,-83.02
2025-08-11T16:13:43.636110,93.0,31.0,-1.0,41.0,24.0,-54.0,-84.0,-29.0,-84.0,-61.0,29.0,-52.0,91.34,-31.299999999999997,22.92,25.48,8.07,5.829999999999998,-61.41,-8.55,-28.200000000000003,-74.47,52.230000000000004,-75.02
2025-08-11T16:13:43.640264,1.0,56.0,22.0,25.0,18.0,-57.0,-27.0,-26.0,-45.0,0.0,42.0,-30.0,-0.6599999999999999,-6.299999999999997,45.92,9.48,2.0700000000000003,2.8299999999999983,-4.41,-5.550000000000001,10.799999999999997,-13.47,65.23,-53.019999999999996
2025-08-11T16:13:43.648653,-7.0,53.0,21.0,2.0,56.0,-111.0,-20.0,-36.0,-110.0,-26.0,129.0,-44.0,-8.66,-9.299999999999997,44.92,-13.52,40.07,-51.17,2.59,-15.55,-54.2,-39.47,152.23,-67.02
2025-08-11T16:13:43.652942,-16.0,116.0,-86.0,30.0,69.0,-79.0,-11.0,24.0,-55.0,-31.0,26.0,-7.0,-17.66,53.7,-62.08,14.48,53.07,-19.17,11.59,44.45,0.7999999999999972,-44.47,49.230000000000004,-30.02
2025-08-11T16:13:43.660738,93.0,95.0,-39.0,58.0,4.0,-50.0,-43.0,28.0,-44.0,-26.0,31.0,-50.0,91.34,32.7,-15.079999999999998,42.480000000000004,-11.93,9.829999999999998,-20.41,48.45,11.799999999999997,-39.47,54.230000000000004,-73.02
2025-08-11T16:13:43.665032,81.0,84.0,-22.0,33.0,-43.0,-75.0,-35.0,37.0,-83.0,-66.0,83.0,-10.0,79.34,21.700000000000003,1.9200000000000017,17.48,-58.93,-15.170000000000002,-12.41,57.45,-27.200000000000003,-79.47,106.23,-33.019999999999996
2025-08-11T16:13:43.673078,0.0,76.0,18.0,39.0,-18.0,-55.0,-10.0,-9.0,-90.0,-97.0,101.0,12.0,-1.66,13.700000000000003,41.92,23.48,-33.93,4.829999999999998,12.59,11.45,-34.2,-110.47,124.23,-11.02
2025-08-11T16:13:43.676978,43.0,73.0,-42.0,27.0,-4.0,-94.0,0.0,31.0,-130.0,-6.0,22.0,-43.0,41.34,10.700000000000003,-18.08,11.48,-19.93,-34.17,22.59,51.45,-74.2,-19.47,45.230000000000004,-66.02
2025-08-11T16:13:43.684989,-21.0,52.0,58.0,-63.0,14.0,-34.0,-55.0,21.0,-132.0,24.0,73.0,-111.0,-22.66,-10.299999999999997,81.92,-78.52,-1.9299999999999997,25.83,-32.41,41.45,-76.2,10.53,96.23,-134.02
2025-08-11T16:13:43.689844,-48.0,10.0,10.0,40.0,52.0,-89.0,-32.0,17.0,-122.0,-27.0,104.0,-87.0,-49.66,-52.3,33.92,24.48,36.07,-29.17,-9.41,37.45,-66.2,-40.47,127.23,-110.02
2025-08-11T16:13:43.697419,-34.0,131.0,5.0,22.0,3.0,-121.0,-64.0,29.0,-114.0,-52.0,80.0,-1.0,-35.66,68.7,28.92,6.48,-12.93,-61.17,-41.41,49.45,-58.2,-65.47,103.23,-24.02
2025-08-11T16:13:43.702870,-23.0,95.0,-50.0,10.0,3.0,-105.0,3.0,-45.0,-161.0,-37.0,37.0,-29.0,-24.66,32.7,-26.08,-5.52,-12.93,-45.17,25.59,-24.55,-105.2,-50.47,60.230000000000004,-52.019999999999996
2025-08-11T16:13:43.709710,-5.0,106.0,-94.0,13.0,24.0,-153.0,-21.0,5.0,-126.0,-45.0,21.0,-46.0,-6.66,43.7,-70.08,-2.5199999999999996,8.07,-93.17,1.5899999999999999,25.45,-70.2,-58.47,44.230000000000004,-69.02
2025-08-11T16:13:43.714134,108.0,20.0,-93.0,37.0,-88.0,-19.0,19.0,0.0,-48.0,-74.0,69.0,-104.0,106.34,-42.3,-69.08,21.48,-103.93,40.83,41.59,20.45,7.799999999999997,-87.47,92.23,-127.02
2025-08-11T16:13:43.722402,42.0,-2.0,-28.0,44.0,29.0,-69.0,-47.0,-68.0,-33.0,-52.0,-5.0,-63.0,40.34,-64.3,-4.079999999999998,28.48,13.07,-9.170000000000002,-24.41,-47.55,22.799999999999997,-65.47,18.23,-86.02
2025-08-11T16:13:43.726746,57.0,63.0,-7.0,-16.0,25.0,-79.0,-109.0,-35.0,-92.0,-52.0,12.0,-18.0,55.34,0.7000000000000028,16.92,-31.52,9.07,-19.17,-86.41,-14.55,-36.2,-65.47,35.230000000000004,-41.019999999999996
2025-08-11T16:13:43.734428,-28.0,15.0,-1.0,64.0,60.0,-118.0,-33.0,17.0,-110.0,7.0,76.0,-21.0,-29.66,-47.3,22.92,48.480000000000004,44.07,-58.17,-10.41,37.45,-54.2,-6.470000000000001,99.23,-44.019999999999996
2025-08-11T16:13:43.739060,4.0,122.0,-40.0,43.0,93.0,-67.0,-59.0,17.0,-83.0,-141.0,25.0,17.0,2.34,59.7,-16.08,27.48,77.07,-7.170000000000002,-36.41,37.45,-27.200000000000003,-154.47,48.230000000000004,-6.02
2025-08-11T16:13:43.746545,34.0,143.0,-89.0,9.0,-91.0,-184.0,-12.0,81.0,-75.0,-13.0,52.0,-38.0,32.34,80.7,-65.08,-6.52,-106.93,-124.17,10.59,101.45,-19.200000000000003,-26.47,75.23,-61.019999999999996
2025-08-11T16:13:43.751130,107.0,145.0,-96.0,74.0,-28.0,-116.0,-14.0,22.0,-151.0,-67.0,36.0,-67.0,105.34,82.7,-72.08,58.480000000000004,-43.93,-56.17,8.59,42.45,-95.2,-80.47,59.230000000000004,-90.02
2025-08-11T16:13:43.758989,127.0,-43.0,4.0,17.0,-5.0,-108.0,-49.0,-42.0,-136.0,-2.0,69.0,-18.0,125.34,-105.3,27.92,1.4800000000000004,-20.93,-48.17,-26.41,-21.55,-80.2,-15.47,92.23,-41.019999999999996
2025-08-11T16:13:43.763373,19.0,38.0,0.0,31.0,40.0,-122.0,-84.0,34.0,-66.0,69.0,51.0,-71.0,17.34,-24.299999999999997,23.92,15.48,24.07,-62.17,-61.41,54.45,-10.200000000000003,55.53,74.23,-94.02
2025-08-11T16:13:43.770959,26.0,75.0,5.0,15.0,43.0,-58.0,50.0,18.0,-94.0,-7.0,7.0,-94.0,24.34,12.700000000000003,28.92,-0.5199999999999996,27.07,1.8299999999999983,72.59,38.45,-38.2,-20.47,30.23,-117.02
2025-08-11T16:13:43.775879,22.0,91.0,-15.0,2.0,-60.0,-145.0,29.0,-60.0,-58.0,-54.0,9.0,-8.0,20.34,28.700000000000003,8.920000000000002,-13.52,-75.93,-85.17,51.59,-39.55,-2.200000000000003,-67.47,32.230000000000004,-31.02
2025-08-11T16:13:43.783607,-26.0,69.0,-24.0,109.0,30.0,-107.0,-32.0,-17.0,-10.0,-71.0,80.0,-67.0,-27.66,6.700000000000003,-0.0799999999999983,93.48,14.07,-47.17,-9.41,3.4499999999999993,45.8,-84.47,103.23,-90.02
2025-08-11T16:13:43.788616,35.0,109.0,-34.0,30.0,31.0,-125.0,32.0,9.0,-97.0,-95.0,52.0,-51.0,33.34,46.7,-10.079999999999998,14.48,15.07,-65.17,54.59,29.45,-41.2,-108.47,75.23,-74.02
2025-08-11T16:13:43.795578,74.0,165.0,-18.0,-25.0,25.0,-79.0,46.0,12.0,-46.0,-75.0,36.0,-117.0,72.34,102.7,5.920000000000002,-40.519999999999996,9.07,-19.17,68.59,32.45,9.799999999999997,-88.47,59.230000000000004,-140.02
2025-08-11T16:13:43.800014,52.0,58.0,-43.0,-5.0,19.0,-96.0,-32.0,23.0,-124.0,-33.0,59.0,-41.0,50.34,-4.299999999999997,-19.08,-20.52,3.0700000000000003,-36.17,-9.41,43.45,-68.2,-46.47,82.23,-64.02
2025-08-11T16:13:43.808232,85.0,22.0,23.0,42.0,76.0,-65.0,-51.0,-41.0,-23.0,13.0,38.0,-67.0,83.34,-40.3,46.92,26.48,60.07,-5.170000000000002,-28.41,-20.55,32.8,-0.47000000000000064,61.230000000000004,-90.02
2025-08-11T16:13:43.813257,-11.0,54.0,-6.0,27.0,39.0,-138.0,-108.0,5.0,-35.0,-54.0,68.0,-48.0,-12.66,-8.299999999999997,17.92,11.48,23.07,-78.17,-85.41,25.45,20.799999999999997,-67.47,91.23,-71.02
2025-08-11T16:13:43.820490,6.0,128.0,-94.0,70.0,82.0,-130.0,-62.0,51.0,-119.0,18.0,46.0,-62.0,4.34,65.7,-70.08,54.480000000000004,66.07,-70.17,-39.41,71.45,-63.2,4.529999999999999,69.23,-85.02
2025-08-11T16:13:43.825119,47.0,83.0,-111.0,37.0,-23.0,-58.0,-26.0,-24.0,-77.0,-6.0,18.0,-111.0,45.34,20.700000000000003,-87.08,21.48,-38.93,1.8299999999999983,-3.41,-3.5500000000000007,-21.200000000000003,-19.47,41.230000000000004,-134.02
2025-08-11T16:13:43.832925,80.0,173.0,-66.0,4.0,10.0,-127.0,-21.0,-78.0,-104.0,-63.0,102.0,-78.0,78.34,110.7,-42.08,-11.52,-5.93,-67.17,1.5899999999999999,-57.55,-48.2,-76.47,125.23,-101.02
2025-08-11T16:13:43.837613,93.0,42.0,-35.0,56.0,57.0,-57.0,32.0,-30.0,-19.0,-85.0,36.0,-60.0,91.34,-20.299999999999997,-11.079999999999998,40.480000000000004,41.07,2.8299999999999983,54.59,-9.55,36.8,-98.47,59.230000000000004,-83.02
2025-08-11T16:13:43.844918,25.0,75.0,-91.0,-11.0,82.0,-103.0,-82.0,-77.0,-67.0,-10.0,82.0,-67.0,23.34,12.700000000000003,-67.08,-26.52,66.07,-43.17,-59.41,-56.55,-11.200000000000003,-23.47,105.23,-90.02
2025-08-11T16:13:43.849313,-34.0,59.0,-21.0,101.0,-5.0,-88.0,-58.0,-21.0,-44.0,13.0,-34.0,-11.0,-35.66,-3.299999999999997,2.9200000000000017,85.48,-20.93,-28.17,-35.41,-0.5500000000000007,11.799999999999997,-0.47000000000000064,-10.77,-34.019999999999996
2025-08-11T16:13:43.857277,-26.0,94.0,-18.0,108.0,36.0,-33.0,-53.0,15.0,-61.0,-115.0,50.0,-79.0,-27.66,31.700000000000003,5.920000000000002,92.48,20.07,26.83,-30.41,35.45,-5.200000000000003,-128.47,73.23,-102.02
2025-08-11T16:13:43.861568,-56.0,65.0,-66.0,3.0,-39.0,-117.0,1.0,-13.0,-142.0,-52.0,77.0,-51.0,-57.66,2.700000000000003,-42.08,-12.52,-54.93,-57.17,23.59,7.449999999999999,-86.2,-65.47,100.23,-74.02
2025-08-11T16:13:43.869999,53.0,125.0,-101.0,29.0,18.0,-63.0,-22.0,-76.0,-117.0,11.0,59.0,-116.0,51.34,62.7,-77.08,13.48,2.0700000000000003,-3.1700000000000017,0.5899999999999999,-55.55,-61.2,-2.4700000000000006,82.23,-139.02
2025-08-11T16:13:43.877299,89.0,42.0,-71.0,27.0,44.0,-101.0,-49.0,-12.0,-105.0,12.0,-10.0,-63.0,87.34,-20.299999999999997,-47.08,11.48,28.07,-41.17,-26.41,8.45,-49.2,-1.4700000000000006,13.23,-86.02
2025-08-11T16:13:43.881899,42.0,-12.0,-21.0,87.0,27.0,-108.0,-22.0,-4.0,-126.0,-5.0,75.0,-71.0,40.34,-74.3,2.9200000000000017,71.48,11.07,-48.17,0.5899999999999999,16.45,-70.2,-18.47,98.23,-94.02
2025-08-11T16:13:43.889600,-67.0,65.0,-20.0,68.0,18.0,-83.0,-34.0,-35.0,-183.0,31.0,34.0,-76.0,-68.66,2.700000000000003,3.9200000000000017,52.480000000000004,2.0700000000000003,-23.17,-11.41,-14.55,-127.2,17.53,57.230000000000004,-99.02
2025-08-11T16:13:43.894144,-56.0,109.0,-45.0,31.0,20.0,-88.0,31.0,-63.0,-46.0,3.0,4.0,-89.0,-57.66,46.7,-21.08,15.48,4.07,-28.17,53.59,-42.55,9.799999999999997,-10.47,27.23,-112.02
2025-08-11T16:13:43.898264,-17.0,79.0,-51.0,31.0,-8.0,-70.0,-5.0,-4.0,-97.0,19.0,47.0,-65.0,-18.66,16.700000000000003,-27.08,15.48,-23.93,-10.170000000000002,17.59,16.45,-41.2,5.529999999999999,70.23,-88.02
2025-08-11T16:13:43.906798,-39.0,87.0,-31.0,-21.0,-10.0,-103.0,-14.0,-67.0,-114.0,-40.0,53.0,-21.0,-40.66,24.700000000000003,-7.079999999999998,-36.519999999999996,-25.93,-43.17,8.59,-46.55,-58.2,-53.47,76.23,-44.019999999999996
2025-08-11T16:13:43.914244,57.0,168.0,-70.0,-48.0,63.0,-90.0,-71.0,-66.0,-167.0,-35.0,55.0,-59.0,55.34,105.7,-46.08,-63.519999999999996,47.07,-30.17,-48.41,-45.55,-111.2,-48.47,78.23,-82.02
2025-08-11T16:13:43.919095,82.0,32.0,-61.0,68.0,48.0,-62.0,-87.0,36.0,-13.0,-29.0,77.0,-78.0,80.34,-30.299999999999997,-37.08,52.480000000000004,32.07,-2.1700000000000017,-64.41,56.45,42.8,-42.47,100.23,-101.02
2025-08-11T16:13:43.923540,10.0,42.0,-14.0,58.0,23.0,-29.0,-26.0,3.0,-104.0,-51.0,52.0,-51.0,8.34,-20.299999999999997,9.920000000000002,42.480000000000004,7.07,30.83,-3.41,23.45,-48.2,-64.47,75.23,-74.02
2025-08-11T16:13:43.931316,-2.0,100.0,-78.0,45.0,35.0,-114.0,14.0,62.0,-75.0,-24.0,14.0,-37.0,-3.66,37.7,-54.08,29.48,19.07,-54.17,36.59,82.45,-19.200000000000003,-37.47,37.230000000000004,-60.019999999999996
2025-08-11T16:13:43.935635,-6.0,104.0,39.0,57.0,28.0,-92.0,-12.0,0.0,13.0,-27.0,73.0,-83.0,-7.66,41.7,62.92,41.480000000000004,12.07,-32.17,10.59,20.45,68.8,-40.47,96.23,-106.02
2025-08-11T16:13:43.943318,2.0,111.0,-58.0,54.0,-27.0,-44.0,-47.0,-77.0,-165.0,-5.0,21.0,-96.0,0.3400000000000001,48.7,-34.08,38.480000000000004,-42.93,15.829999999999998,-24.41,-56.55,-109.2,-18.47,44.230000000000004,-119.02
2025-08-11T16:13:43.948085,19.0,79.0,-15.0,-7.0,80.0,-29.0,-55.0,0.0,-148.0,-75.0,40.0,-38.0,17.34,16.700000000000003,8.920000000000002,-22.52,64.07,30.83,-32.41,20.45,-92.2,-88.47,63.230000000000004,-61.019999999999996
2025-08-11T16:13:43.955851,-1.0,16.0,-63.0,52.0,39.0,-112.0,-19.0,-33.0,-118.0,-77.0,23.0,-50.0,-2.66,-46.3,-39.08,36.480000000000004,23.07,-52.17,3.59,-12.55,-62.2,-90.47,46.230000000000004,-73.02
2025-08-11T16:13:43.960366,39.0,41.0,-29.0,9.0,52.0,-47.0,19.0,2.0,-80.0,-76.0,121.0,-64.0,37.34,-21.299999999999997,-5.079999999999998,-6.52,36.07,12.829999999999998,41.59,22.45,-24.200000000000003,-89.47,144.23,-87.02
2025-08-11T16:13:43.968028,27.0,61.0,-52.0,26.0,-8.0,-83.0,-32.0,36.0,-111.0,-44.0,77.0,-73.0,25.34,-1.2999999999999972,-28.08,10.48,-23.93,-23.17,-9.41,56.45,-55.2,-57.47,100.23,-96.02
2025-08-11T16:13:43.972892,30.0,121.0,-16.0,21.0,-25.0,-66.0,6.0,13.0,-63.0,-47.0,101.0,-45.0,28.34,58.7,7.920000000000002,5.48,-40.93,-6.170000000000002,28.59,33.45,-7.200000000000003,-60.47,124.23,-68.02
2025-08-11T16:13:43.980351,10.0,113.0,-33.0,-43.0,17.0,-99.0,17.0,-58.0,-99.0,33.0,67.0,-35.0,8.34,50.7,-9.079999999999998,-58.519999999999996,1.0700000000000003,-39.17,39.59,-37.55,-43.2,19.53,90.23,-58.019999999999996
2025-08-11T16:13:43.988146,119.0,93.0,-124.0,41.0,93.0,-170.0,-7.0,-13.0,-12.0,-18.0,98.0,-87.0,117.34,30.700000000000003,-100.08,25.48,77.07,-110.17,15.59,7.449999999999999,43.8,-31.47,121.23,-110.02
2025-08-11T16:13:43.992389,66.0,53.0,-80.0,78.0,80.0,-84.0,12.0,-15.0,-98.0,-48.0,17.0,-2.0,64.34,-9.299999999999997,-56.08,62.480000000000004,64.07,-24.17,34.59,5.449999999999999,-42.2,-61.47,40.230000000000004,-25.02
2025-08-11T16:13:44.000380,140.0,93.0,-20.0,21.0,72.0,-122.0,-32.0,-38.0,-42.0,-86.0,-8.0,-101.0,138.34,30.700000000000003,3.9200000000000017,5.48,56.07,-62.17,-9.41,-17.55,13.799999999999997,-99.47,15.23,-124.02
2025-08-11T16:13:44.005656,-19.0,48.0,-44.0,59.0,-29.0,-91.0,47.0,-28.0,-105.0,-29.0,50.0,39.0,-20.66,-14.299999999999997,-20.08,43.480000000000004,-44.93,-31.17,69.59,-7.550000000000001,-49.2,-42.47,73.23,15.98
2025-08-11T16:13:44.012445,-14.0,92.0,-28.0,37.0,-26.0,-85.0,-58.0,20.0,-74.0,-24.0,48.0,-49.0,-15.66,29.700000000000003,-4.079999999999998,21.48,-41.93,-25.17,-35.41,40.45,-18.200000000000003,-37.47,71.23,-72.02
2025-08-11T16:13:44.017142,8.0,120.0,-51.0,20.0,8.0,-34.0,-1.0,8.0,-117.0,24.0,66.0,-51.0,6.34,57.7,-27.08,4.48,-7.93,25.83,21.59,28.45,-61.2,10.53,89.23,-74.02
2025-08-11T16:13:44.021973,-46.0,110.0,-89.0,-2.0,75.0,-101.0,-46.0,18.0,-88.0,-61.0,11.0,-33.0,-47.66,47.7,-65.08,-17.52,59.07,-41.17,-23.41,38.45,-32.2,-74.47,34.230000000000004,-56.019999999999996
2025-08-11T16:13:44.029550,113.0,193.0,-72.0,8.0,6.0,-88.0,-60.0,-27.0,-109.0,-30.0,84.0,-45.0,111.34,130.7,-48.08,-7.52,-9.93,-28.17,-37.41,-6.550000000000001,-53.2,-43.47,107.23,-68.02
2025-08-11T16:13:44.033576,-2.0,2.0,-71.0,78.0,20.0,-135.0,10.0,-22.0,-71.0,-82.0,55.0,-71.0,-3.66,-60.3,-47.08,62.480000000000004,4.07,-75.17,32.59,-1.5500000000000007,-15.200000000000003,-95.47,78.23,-94.02
2025-08-11T16:13:44.041823,13.0,74.0,-35.0,99.0,2.0,-62.0,8.0,-101.0,-91.0,-2.0,82.0,-34.0,11.34,11.700000000000003,-11.079999999999998,83.48,-13.93,-2.1700000000000017,30.59,-80.55,-35.2,-15.47,105.23,-57.019999999999996
2025-08-11T16:13:44.046542,63.0,34.0,-44.0,19.0,-56.0,-43.0,-22.0,-2.0,-80.0,-62.0,53.0,-82.0,61.34,-28.299999999999997,-20.08,3.4800000000000004,-71.93,16.83,0.5899999999999999,18.45,-24.200000000000003,-75.47,76.23,-105.02
2025-08-11T16:13:44.054162,-29.0,35.0,-17.0,-25.0,-33.0,-70.0,-28.0,-76.0,-71.0,-96.0,97.0,-65.0,-30.66,-27.299999999999997,6.920000000000002,-40.519999999999996,-48.93,-10.170000000000002,-5.41,-55.55,-15.200000000000003,-109.47,120.23,-88.02
2025-08-11T16:13:44.058134,51.0,101.0,-18.0,29.0,4.0,-109.0,-20.0,-30.0,-73.0,-74.0,18.0,-73.0,49.34,38.7,5.920000000000002,13.48,-11.93,-49.17,2.59,-9.55,-17.200000000000003,-87.47,41.230000000000004,-96.02
2025-08-11T16:13:44.066113,-25.0,74.0,-120.0,50.0,12.0,-92.0,-5.0,22.0,-55.0,-47.0,60.0,-45.0,-26.66,11.700000000000003,-96.08,34.480000000000004,-3.9299999999999997,-32.17,17.59,42.45,0.7999999999999972,-60.47,83.23,-68.02
2025-08-11T16:13:44.070617,96.0,66.0,-71.0,56.0,-14.0,-104.0,-23.0,-53.0,-99.0,-74.0,15.0,-50.0,94.34,3.700000000000003,-47.08,40.480000000000004,-29.93,-44.17,-0.41000000000000014,-32.55,-43.2,-87.47,38.230000000000004,-73.02
2025-08-11T16:13:44.078357,33.0,36.0,-136.0,95.0,66.0,-51.0,-63.0,-25.0,-72.0,-34.0,-7.0,-55.0,31.34,-26.299999999999997,-112.08,79.48,50.07,8.829999999999998,-40.41,-4.550000000000001,-16.200000000000003,-47.47,16.23,-78.02
2025-08-11T16:13:44.082779,4.0,-4.0,-26.0,52.0,19.0,-64.0,28.0,-18.0,-33.0,-2.0,-18.0,-86.0,2.34,-66.3,-2.0799999999999983,36.480000000000004,3.0700000000000003,-4.170000000000002,50.59,2.4499999999999993,22.799999999999997,-15.47,5.23,-109.02
2025-08-11T16:13:44.090616,2.0,-7.0,-7.0,41.0,99.0,-59.0,-31.0,-25.0,-100.0,-32.0,-13.0,-54.0,0.3400000000000001,-69.3,16.92,25.48,83.07,0.8299999999999983,-8.41,-4.550000000000001,-44.2,-45.47,10.23,-77.02
2025-08-11T16:13:44.095604,51.0,-1.0,18.0,-19.0,4.0,-49.0,-44.0,-3.0,-78.0,-27.0,28.0,-85.0,49.34,-63.3,41.92,-34.519999999999996,-11.93,10.829999999999998,-21.41,17.45,-22.200000000000003,-40.47,51.230000000000004,-108.02
2025-08-11T16:13:44.102755,75.0,13.0,13.0,33.0,13.0,-76.0,17.0,35.0,-91.0,-28.0,29.0,-81.0,73.34,-49.3,36.92,17.48,-2.9299999999999997,-16.17,39.59,55.45,-35.2,-41.47,52.230000000000004,-104.02
2025-08-11T16:13:44.107677,62.0,34.0,-12.0,39.0,-2.0,-53.0,-34.0,-72.0,-56.0,-68.0,92.0,-44.0,60.34,-28.299999999999997,11.920000000000002,23.48,-17.93,6.829999999999998,-11.41,-51.55,-0.20000000000000284,-81.47,115.23,-67.02
2025-08-11T16:13:44.115079,41.0,80.0,6.0,10.0,2.0,-127.0,-81.0,8.0,-47.0,-21.0,23.0,-14.0,39.34,17.700000000000003,29.92,-5.52,-13.93,-67.17,-58.41,28.45,8.799999999999997,-34.47,46.230000000000004,-37.019999999999996
2025-08-11T16:13:44.119790,-13.0,70.0,25.0,35.0,65.0,-111.0,-53.0,16.0,-78.0,-56.0,-1.0,-20.0,-14.66,7.700000000000003,48.92,19.48,49.07,-51.17,-30.41,36.45,-22.200000000000003,-69.47,22.23,-43.019999999999996
2025-08-11T16:13:44.127534,-30.0,95.0,-80.0,94.0,20.0,-78.0,-19.0,-25.0,-77.0,-31.0,45.0,-58.0,-31.66,32.7,-56.08,78.48,4.07,-18.17,3.59,-4.550000000000001,-21.200000000000003,-44.47,68.23,-81.02
2025-08-11T16:13:44.132125,25.0,106.0,-119.0,43.0,22.0,-62.0,-62.0,-26.0,-9.0,-37.0,57.0,-82.0,23.34,43.7,-95.08,27.48,6.07,-2.1700000000000017,-39.41,-5.550000000000001,46.8,-50.47,80.23,-105.02
2025-08-11T16:13:44.139989,86.0,-6.0,-70.0,23.0,-41.0,-40.0,-55.0,-28.0,-83.0,-29.0,53.0,-63.0,84.34,-68.3,-46.08,7.48,-56.93,19.83,-32.41,-7.550000000000001,-27.200000000000003,-42.47,76.23,-86.02
2025-08-11T16:13:44.143948,60.0,58.0,-9.0,49.0,12.0,-105.0,14.0,13.0,-156.0,-43.0,51.0,-16.0,58.34,-4.299999999999997,14.920000000000002,33.480000000000004,-3.9299999999999997,-45.17,36.59,33.45,-100.2,-56.47,74.23,-39.019999999999996
2025-08-11T16:13:44.151902,-32.0,36.0,9.0,-15.0,29.0,-91.0,71.0,44.0,-97.0,-42.0,50.0,-81.0,-33.66,-26.299999999999997,32.92,-30.52,13.07,-31.17,93.59,64.45,-41.2,-55.47,73.23,-104.02
2025-08-11T16:13:44.156441,-59.0,68.0,-3.0,44.0,42.0,-89.0,4.0,-90.0,-76.0,-52.0,36.0,-55.0,-60.66,5.700000000000003,20.92,28.48,26.07,-29.17,26.59,-69.55,-20.200000000000003,-65.47,59.230000000000004,-78.02
2025-08-11T16:13:44.164159,-9.0,132.0,-29.0,92.0,15.0,-76.0,-83.0,-18.0,-175.0,-120.0,53.0,-108.0,-10.66,69.7,-5.079999999999998,76.48,-0.9299999999999997,-16.17,-60.41,2.4499999999999993,-119.2,-133.47,76.23,-131.02
2025-08-11T16:13:44.168526,39.0,114.0,-55.0,39.0,-6.0,-100.0,-79.0,-34.0,-139.0,-128.0,23.0,-44.0,37.34,51.7,-31.08,23.48,-21.93,-40.17,-56.41,-13.55,-83.2,-141.47,46.230000000000004,-67.02
2025-08-11T16:13:44.176586,9.0,107.0,-103.0,-15.0,22.0,-53.0,25.0,-60.0,-89.0,-51.0,108.0,20.0,7.34,44.7,-79.08,-30.52,6.07,6.829999999999998,47.59,-39.55,-33.2,-64.47,131.23,-3.0199999999999996
2025-08-11T16:13:44.181332,39.0,26.0,-104.0,26.0,20.0,-124.0,-91.0,-81.0,-78.0,-52.0,55.0,-66.0,37.34,-36.3,-80.08,10.48,4.07,-64.17,-68.41,-60.55,-22.200000000000003,-65.47,78.23,-89.02
2025-08-11T16:13:44.188805,43.0,40.0,0.0,57.0,-8.0,-110.0,-10.0,-20.0,-57.0,-23.0,78.0,-64.0,41.34,-22.299999999999997,23.92,41.480000000000004,-23.93,-50.17,12.59,0.4499999999999993,-1.2000000000000028,-36.47,101.23,-87.02
2025-08-11T16:13:44.193179,63.0,113.0,-5.0,4.0,9.0,-46.0,1.0,-6.0,-89.0,-20.0,90.0,-63.0,61.34,50.7,18.92,-11.52,-6.93,13.829999999999998,23.59,14.45,-33.2,-33.47,113.23,-86.02
2025-08-11T16:13:44.201102,24.0,52.0,32.0,39.0,21.0,-87.0,0.0,39.0,-146.0,-41.0,25.0,29.0,22.34,-10.299999999999997,55.92,23.48,5.07,-27.17,22.59,59.45,-90.2,-54.47,48.230000000000004,5.98
2025-08-11T16:13:44.205458,-44.0,93.0,-26.0,57.0,-49.0,-59.0,-99.0,-51.0,-55.0,-25.0,-5.0,-11.0,-45.66,30.700000000000003,-2.0799999999999983,41.480000000000004,-64.93,0.8299999999999983,-76.41,-30.55,0.7999999999999972,-38.47,18.23,-34.019999999999996
2025-08-11T16:13:44.213528,1.0,153.0,-83.0,-30.0,43.0,-77.0,-17.0,-2.0,-46.0,-43.0,76.0,3.0,-0.6599999999999999,90.7,-59.08,-45.519999999999996,27.07,-17.17,5.59,18.45,9.799999999999997,-56.47,99.23,-20.02
2025-08-11T16:13:44.217842,40.0,79.0,-93.0,49.0,23.0,-45.0,24.0,-23.0,-67.0,-6.0,77.0,2.0,38.34,16.700000000000003,-69.08,33.480000000000004,7.07,14.829999999999998,46.59,-2.5500000000000007,-11.200000000000003,-19.47,100.23,-21.02
2025-08-11T16:13:44.225690,-59.0,83.0,-75.0,-21.0,99.0,-10.0,5.0,8.0,-59.0,-112.0,-57.0,-32.0,-60.66,20.700000000000003,-51.08,-36.519999999999996,83.07,49.83,27.59,28.45,-3.200000000000003,-125.47,-33.769999999999996,-55.019999999999996
2025-08-11T16:13:44.230886,71.0,61.0,-125.0,27.0,48.0,-118.0,-10.0,24.0,-101.0,-16.0,-56.0,-11.0,69.34,-1.2999999999999972,-101.08,11.48,32.07,-58.17,12.59,44.45,-45.2,-29.47,-32.769999999999996,-34.019999999999996
2025-08-11T16:13:44.238256,113.0,44.0,-48.0,18.0,102.0,-99.0,0.0,26.0,-64.0,13.0,25.0,28.0,111.34,-18.299999999999997,-24.08,2.4800000000000004,86.07,-39.17,22.59,46.45,-8.200000000000003,-0.47000000000000064,48.230000000000004,4.98
2025-08-11T16:13:44.242646,-20.0,48.0,-42.0,32.0,-10.0,-128.0,5.0,7.0,-118.0,-78.0,-27.0,-46.0,-21.66,-14.299999999999997,-18.08,16.48,-25.93,-68.17,27.59,27.45,-62.2,-91.47,-3.7699999999999996,-69.02
2025-08-11T16:13:44.250179,-17.0,7.0,52.0,52.0,2.0,-75.0,20.0,-4.0,-45.0,-47.0,7.0,-27.0,-18.66,-55.3,75.92,36.480000000000004,-13.93,-15.170000000000002,42.59,16.45,10.799999999999997,-60.47,30.23,-50.019999999999996
2025-08-11T16:13:44.254704,-8.0,31.0,1.0,73.0,-16.0,-57.0,41.0,-44.0,-44.0,0.0,31.0,-3.0,-9.66,-31.299999999999997,24.92,57.480000000000004,-31.93,2.8299999999999983,63.59,-23.55,11.799999999999997,-13.47,54.230000000000004,-26.02
2025-08-11T16:13:44.262471,-78.0,74.0,9.0,61.0,21.0,-96.0,23.0,-22.0,-102.0,44.0,-49.0,13.0,-79.66,11.700000000000003,32.92,45.480000000000004,5.07,-36.17,45.59,-1.5500000000000007,-46.2,30.53,-25.77,-10.02
2025-08-11T16:13:44.267215,47.0,60.0,17.0,10.0,-4.0,-77.0,-4.0,-39.0,-116.0,23.0,-24.0,0.0,45.34,-2.299999999999997,40.92,-5.52,-19.93,-17.17,18.59,-18.55,-60.2,9.53,-0.7699999999999996,-23.02
2025-08-11T16:13:44.274660,27.0,105.0,-54.0,-4.0,8.0,-63.0,35.0,-36.0,-151.0,23.0,-45.0,-11.0,25.34,42.7,-30.08,-19.52,-7.93,-3.1700000000000017,57.59,-15.55,-95.2,9.53,-21.77,-34.019999999999996
2025-08-11T16:13:44.279410,55.0,127.0,-99.0,12.0,102.0,-100.0,-57.0,27.0,-81.0,45.0,-53.0,-47.0,53.34,64.7,-75.08,-3.5199999999999996,86.07,-40.17,-34.41,47.45,-25.200000000000003,31.53,-29.77,-70.02
2025-08-11T16:13:44.287243,24.0,110.0,-119.0,140.0,-68.0,-122.0,3.0,-29.0,-123.0,80.0,-69.0,43.0,22.34,47.7,-95.08,124.48,-83.93,-62.17,25.59,-8.55,-67.2,66.53,-45.769999999999996,19.98
2025-08-11T16:13:44.291747,118.0,45.0,14.0,50.0,-50.0,-85.0,-11.0,-37.0,-46.0,-34.0,-23.0,-56.0,116.34,-17.299999999999997,37.92,34.480000000000004,-65.93,-25.17,11.59,-16.55,9.799999999999997,-47.47,0.23000000000000043,-79.02
2025-08-11T16:13:44.299280,-10.0,29.0,-60.0,60.0,-29.0,-49.0,-46.0,-23.0,-81.0,-25.0,-35.0,-36.0,-11.66,-33.3,-36.08,44.480000000000004,-44.93,10.829999999999998,-23.41,-2.5500000000000007,-25.200000000000003,-38.47,-11.77,-59.019999999999996
2025-08-11T16:13:44.304145,-35.0,106.0,32.0,17.0,15.0,-108.0,-56.0,10.0,-28.0,-44.0,-48.0,-63.0,-36.66,43.7,55.92,1.4800000000000004,-0.9299999999999997,-48.17,-33.41,30.45,27.799999999999997,-57.47,-24.77,-86.02
2025-08-11T16:13:44.311945,-2.0,126.0,-65.0,23.0,82.0,-112.0,-49.0,26.0,-97.0,-89.0,-32.0,39.0,-3.66,63.7,-41.08,7.48,66.07,-52.17,-26.41,46.45,-41.2,-102.47,-8.77,15.98
2025-08-11T16:13:44.316497,90.0,81.0,-92.0,69.0,26.0,-161.0,-13.0,-43.0,-112.0,-45.0,-97.0,43.0,88.34,18.700000000000003,-68.08,53.480000000000004,10.07,-101.17,9.59,-22.55,-56.2,-58.47,-73.77,19.98
2025-08-11T16:13:44.324181,1.0,16.0,-121.0,-42.0,-72.0,-74.0,-33.0,19.0,-96.0,21.0,-51.0,-5.0,-0.6599999999999999,-46.3,-97.08,-57.519999999999996,-87.93,-14.170000000000002,-10.41,39.45,-40.2,7.529999999999999,-27.77,-28.02
2025-08-11T16:13:44.328943,49.0,7.0,-46.0,64.0,57.0,-67.0,-22.0,-6.0,-116.0,-99.0,-12.0,27.0,47.34,-55.3,-22.08,48.480000000000004,41.07,-7.170000000000002,0.5899999999999999,14.45,-60.2,-112.47,11.23,3.9800000000000004
2025-08-11T16:13:44.336324,-21.0,60.0,-32.0,50.0,8.0,-66.0,-35.0,-36.0,-106.0,-20.0,20.0,3.0,-22.66,-2.299999999999997,-8.079999999999998,34.480000000000004,-7.93,-6.170000000000002,-12.41,-15.55,-50.2,-33.47,43.230000000000004,-20.02
2025-08-11T16:13:44.340860,79.0,98.0,-31.0,-4.0,-52.0,-55.0,29.0,-16.0,-103.0,-53.0,-31.0,9.0,77.34,35.7,-7.079999999999998,-19.52,-67.93,4.829999999999998,51.59,4.449999999999999,-47.2,-66.47,-7.77,-14.02
2025-08-11T16:13:44.348692,-77.0,93.0,-120.0,34.0,22.0,-147.0,-46.0,-63.0,-126.0,-17.0,-13.0,-64.0,-78.66,30.700000000000003,-96.08,18.48,6.07,-87.17,-23.41,-42.55,-70.2,-30.47,10.23,-87.02
2025-08-11T16:13:44.353501,56.0,68.0,-74.0,10.0,48.0,-139.0,30.0,-56.0,-64.0,-14.0,43.0,-51.0,54.34,5.700000000000003,-50.08,-5.52,32.07,-79.17,52.59,-35.55,-8.200000000000003,-27.47,66.23,-74.02
2025-08-11T16:13:44.360799,62.0,55.0,-34.0,30.0,-33.0,-131.0,-13.0,-18.0,-84.0,-46.0,-5.0,12.0,60.34,-7.299999999999997,-10.079999999999998,14.48,-48.93,-71.17,9.59,2.4499999999999993,-28.200000000000003,-59.47,18.23,-11.02
2025-08-11T16:13:44.365084,43.0,63.0,-12.0,82.0,-23.0,-101.0,-15.0,-15.0,-79.0,-30.0,-42.0,-39.0,41.34,0.7000000000000028,11.920000000000002,66.48,-38.93,-41.17,7.59,5.449999999999999,-23.200000000000003,-43.47,-18.77,-62.019999999999996
2025-08-11T16:13:44.373311,-45.0,-38.0,-19.0,49.0,7.0,-57.0,-35.0,14.0,-73.0,-22.0,-68.0,-30.0,-46.66,-100.3,4.920000000000002,33.480000000000004,-8.93,2.8299999999999983,-12.41,34.45,-17.200000000000003,-35.47,-44.769999999999996,-53.019999999999996
2025-08-11T16:13:44.378063,3.0,111.0,-57.0,31.0,5.0,-83.0,-81.0,-47.0,-139.0,21.0,-22.0,24.0,1.34,48.7,-33.08,15.48,-10.93,-23.17,-58.41,-26.55,-83.2,7.529999999999999,1.2300000000000004,0.9800000000000004
2025-08-11T16:13:44.385523,4.0,40.0,-71.0,4.0,13.0,-143.0,-25.0,-24.0,-112.0,-88.0,-19.0,39.0,2.34,-22.299999999999997,-47.08,-11.52,-2.9299999999999997,-83.17,-2.41,-3.5500000000000007,-56.2,-101.47,4.23,15.98
2025-08-11T16:13:44.389836,36.0,123.0,-119.0,53.0,62.0,-100.0,-59.0,42.0,-23.0,-30.0,14.0,78.0,34.34,60.7,-95.08,37.480000000000004,46.07,-40.17,-36.41,62.45,32.8,-43.47,37.230000000000004,54.980000000000004
2025-08-11T16:13:44.397723,35.0,-7.0,-55.0,27.0,38.0,-144.0,-55.0,-34.0,-34.0,79.0,-12.0,116.0,33.34,-69.3,-31.08,11.48,22.07,-84.17,-32.41,-13.55,21.799999999999997,65.53,11.23,92.98
2025-08-11T16:13:44.402179,23.0,45.0,-2.0,104.0,-15.0,-100.0,-31.0,-19.0,-109.0,-21.0,21.0,78.0,21.34,-17.299999999999997,21.92,88.48,-30.93,-40.17,-8.41,1.4499999999999993,-53.2,-34.47,44.230000000000004,54.980000000000004
2025-08-11T16:13:44.410039,-87.0,51.0,50.0,-22.0,20.0,-105.0,66.0,-26.0,-58.0,-3.0,8.0,116.0,-88.66,-11.299999999999997,73.92,-37.519999999999996,4.07,-45.17,88.59,-5.550000000000001,-2.200000000000003,-16.47,31.23,92.98
2025-08-11T16:13:44.414887,-37.0,152.0,14.0,-33.0,0.0,-6.0,50.0,23.0,-74.0,15.0,-19.0,98.0,-38.66,89.7,37.92,-48.519999999999996,-15.93,53.83,72.59,43.45,-18.200000000000003,1.5299999999999994,4.23,74.98
2025-08-11T16:13:44.422334,-27.0,87.0,-58.0,30.0,43.0,-111.0,23.0,-119.0,10.0,70.0,-30.0,96.0,-28.66,24.700000000000003,-34.08,14.48,27.07,-51.17,45.59,-98.55,65.8,56.53,-6.77,72.98
2025-08-11T16:13:44.426664,93.0,40.0,-41.0,39.0,83.0,-98.0,-83.0,-10.0,-9.0,38.0,29.0,93.0,91.34,-22.299999999999997,-17.08,23.48,67.07,-38.17,-60.41,10.45,46.8,24.53,52.230000000000004,69.98
2025-08-11T16:13:44.434647,70.0,126.0,-6.0,83.0,16.0,-141.0,15.0,-68.0,-27.0,47.0,146.0,122.0,68.34,63.7,17.92,67.48,0.07000000000000028,-81.17,37.59,-47.55,28.799999999999997,33.53,169.23,98.98
2025-08-11T16:13:44.439187,46.0,45.0,4.0,84.0,13.0,-64.0,3.0,56.0,-70.0,82.0,78.0,147.0,44.34,-17.299999999999997,27.92,68.48,-2.9299999999999997,-4.170000000000002,25.59,76.45,-14.200000000000003,68.53,101.23,123.98
2025-08-11T16:13:44.446916,83.0,181.0,37.0,49.0,65.0,-63.0,18.0,103.0,-148.0,86.0,162.0,93.0,81.34,118.7,60.92,33.480000000000004,49.07,-3.1700000000000017,40.59,123.45,-92.2,72.53,185.23,69.98
2025-08-11T16:13:44.451451,149.0,116.0,107.0,65.0,51.0,-61.0,34.0,54.0,-113.0,85.0,170.0,111.0,147.34,53.7,130.92000000000002,49.480000000000004,35.07,-1.1700000000000017,56.59,74.45,-57.2,71.53,193.23,87.98
2025-08-11T16:13:44.459258,93.0,257.0,119.0,104.0,32.0,-78.0,18.0,74.0,-183.0,102.0,274.0,45.0,91.34,194.7,142.92000000000002,88.48,16.07,-18.17,40.59,94.45,-127.2,88.53,297.23,21.98
2025-08-11T16:13:44.467064,113.0,285.0,29.0,143.0,135.0,-116.0,111.0,94.0,-234.0,145.0,285.0,-33.0,111.34,222.7,52.92,127.48,119.07,-56.17,133.59,114.45,-178.2,131.53,308.23,-56.019999999999996
2025-08-11T16:13:44.471967,164.0,246.0,-17.0,211.0,136.0,-135.0,-16.0,98.0,-244.0,141.0,261.0,6.0,162.34,183.7,6.920000000000002,195.48,120.07,-75.17,6.59,118.45,-188.2,127.53,284.23,-17.02
2025-08-11T16:13:44.479436,83.0,223.0,109.0,267.0,167.0,-119.0,86.0,171.0,-294.0,174.0,332.0,35.0,81.34,160.7,132.92000000000002,251.48,151.07,-59.17,108.59,191.45,-238.2,160.53,355.23,11.98
2025-08-11T16:13:44.483837,137.0,377.0,39.0,222.0,122.0,-175.0,47.0,148.0,-381.0,75.0,398.0,28.0,135.34,314.7,62.92,206.48,106.07,-115.17,69.59,168.45,-325.2,61.53,421.23,4.98
2025-08-11T16:13:44.492133,172.0,326.0,34.0,196.0,154.0,-156.0,28.0,142.0,-310.0,190.0,471.0,-21.0,170.34,263.7,57.92,180.48,138.07,-96.17,50.59,162.45,-254.2,176.53,494.23,-44.019999999999996
2025-08-11T16:13:44.496696,83.0,402.0,120.0,334.0,140.0,-143.0,-33.0,65.0,-355.0,85.0,472.0,-30.0,81.34,339.7,143.92000000000002,318.48,124.07,-83.17,-10.41,85.45,-299.2,71.53,495.23,-53.019999999999996
2025-08-11T16:13:44.504598,69.0,407.0,4.0,211.0,202.0,-139.0,5.0,134.0,-342.0,197.0,461.0,4.0,67.34,344.7,27.92,195.48,186.07,-79.17,27.59,154.45,-286.2,183.53,484.23,-19.02
2025-08-11T16:13:44.512377,165.0,324.0,37.0,194.0,216.0,-213.0,43.0,141.0,-333.0,158.0,448.0,-45.0,163.34,261.7,60.92,178.48,200.07,-153.17000000000002,65.59,161.45,-277.2,144.53,471.23,-68.02
2025-08-11T16:13:44.516984,156.0,359.0,102.0,338.0,237.0,-192.0,109.0,103.0,-410.0,138.0,470.0,66.0,154.34,296.7,125.92,322.48,221.07,-132.17000000000002,131.59,123.45,-354.2,124.53,493.23,42.980000000000004
2025-08-11T16:13:44.524637,177.0,394.0,14.0,278.0,188.0,-233.0,65.0,175.0,-386.0,112.0,480.0,85.0,175.34,331.7,37.92,262.48,172.07,-173.17000000000002,87.59,195.45,-330.2,98.53,503.23,61.980000000000004
2025-08-11T16:13:44.529060,208.0,403.0,33.0,351.0,205.0,-178.0,15.0,172.0,-384.0,147.0,417.0,-55.0,206.34,340.7,56.92,335.48,189.07,-118.17,37.59,192.45,-328.2,133.53,440.23,-78.02
2025-08-11T16:13:44.537437,130.0,445.0,130.0,300.0,225.0,-210.0,118.0,165.0,-491.0,141.0,435.0,-7.0,128.34,382.7,153.92000000000002,284.48,209.07,-150.17000000000002,140.59,185.45,-435.2,127.53,458.23,-30.02
2025-08-11T16:13:44.545040,175.0,498.0,15.0,237.0,173.0,-150.0,-7.0,233.0,-344.0,190.0,390.0,73.0,173.34,435.7,38.92,221.48,157.07,-90.17,15.59,253.45,-288.2,176.53,413.23,49.980000000000004
2025-08-11T16:13:44.550041,261.0,427.0,28.0,288.0,254.0,-224.0,59.0,113.0,-413.0,104.0,457.0,92.0,259.34,364.7,51.92,272.48,238.07,-164.17000000000002,81.59,133.45,-357.2,90.53,480.23,68.98
2025-08-11T16:13:44.557531,140.0,414.0,69.0,343.0,151.0,-214.0,17.0,128.0,-407.0,72.0,558.0,52.0,138.34,351.7,92.92,327.48,135.07,-154.17000000000002,39.59,148.45,-351.2,58.53,581.23,28.98
2025-08-11T16:13:44.563853,173.0,506.0,49.0,316.0,170.0,-174.0,-20.0,180.0,-399.0,110.0,531.0,-61.0,171.34,443.7,72.92,300.48,154.07,-114.17,2.59,200.45,-343.2,96.53,554.23,-84.02
2025-08-11T16:13:44.570172,224.0,417.0,53.0,299.0,177.0,-234.0,66.0,165.0,-423.0,197.0,459.0,-36.0,222.34,354.7,76.92,283.48,161.07,-174.17000000000002,88.59,185.45,-367.2,183.53,482.23,-59.019999999999996
2025-08-11T16:13:44.580435,183.0,357.0,107.0,372.0,179.0,-248.0,58.0,97.0,-379.0,158.0,433.0,-38.0,181.34,294.7,130.92000000000002,356.48,163.07,-188.17000000000002,80.59,117.45,-323.2,144.53,456.23,-61.019999999999996
2025-08-11T16:13:44.582482,206.0,442.0,-15.0,280.0,233.0,-204.0,12.0,116.0,-363.0,203.0,463.0,77.0,204.34,379.7,8.920000000000002,264.48,217.07,-144.17000000000002,34.59,136.45,-307.2,189.53,486.23,53.980000000000004
2025-08-11T16:13:44.593549,288.0,465.0,33.0,297.0,180.0,-180.0,83.0,124.0,-401.0,95.0,524.0,3.0,286.34,402.7,56.92,281.48,164.07,-120.17,105.59,144.45,-345.2,81.53,547.23,-20.02
2025-08-11T16:13:44.594438,244.0,420.0,67.0,239.0,229.0,-198.0,33.0,148.0,-349.0,110.0,521.0,-5.0,242.34,357.7,90.92,223.48,213.07,-138.17000000000002,55.59,168.45,-293.2,96.53,544.23,-28.02
2025-08-11T16:13:44.602496,149.0,428.0,47.0,357.0,225.0,-199.0,-22.0,181.0,-351.0,205.0,497.0,-25.0,147.34,365.7,70.92,341.48,209.07,-139.17000000000002,0.5899999999999999,201.45,-295.2,191.53,520.23,-48.019999999999996
2025-08-11T16:13:44.610897,208.0,363.0,48.0,404.0,177.0,-201.0,67.0,210.0,-405.0,127.0,517.0,-35.0,206.34,300.7,71.92,388.48,161.07,-141.17000000000002,89.59,230.45,-349.2,113.53,540.23,-58.019999999999996
2025-08-11T16:13:44.615306,155.0,427.0,85.0,278.0,229.0,-200.0,48.0,108.0,-353.0,135.0,431.0,28.0,153.34,364.7,108.92,262.48,213.07,-140.17000000000002,70.59,128.45,-297.2,121.53,454.23,4.98
2025-08-11T16:13:44.627576,186.0,454.0,-9.0,246.0,184.0,-202.0,-31.0,171.0,-343.0,101.0,425.0,-30.0,184.34,391.7,14.920000000000002,230.48,168.07,-142.17000000000002,-8.41,191.45,-287.2,87.53,448.23,-53.019999999999996
2025-08-11T16:13:44.628321,194.0,413.0,31.0,271.0,217.0,-207.0,51.0,154.0,-401.0,11.0,453.0,14.0,192.34,350.7,54.92,255.48,201.07,-147.17000000000002,73.59,174.45,-345.2,-2.4700000000000006,476.23,-9.02
2025-08-11T16:13:44.635641,105.0,414.0,85.0,346.0,272.0,-197.0,35.0,100.0,-403.0,158.0,530.0,48.0,103.34,351.7,108.92,330.48,256.07,-137.17000000000002,57.59,120.45,-347.2,144.53,553.23,24.98
2025-08-11T16:13:44.640003,175.0,469.0,15.0,306.0,128.0,-185.0,-19.0,135.0,-325.0,49.0,460.0,-76.0,173.34,406.7,38.92,290.48,112.07,-125.17,3.59,155.45,-269.2,35.53,483.23,-99.02
2025-08-11T16:13:44.647653,205.0,408.0,-34.0,278.0,194.0,-153.0,50.0,105.0,-404.0,178.0,479.0,-48.0,203.34,345.7,-10.079999999999998,262.48,178.07,-93.17,72.59,125.45,-348.2,164.53,502.23,-71.02
2025-08-11T16:13:44.655987,170.0,391.0,66.0,314.0,247.0,-215.0,36.0,129.0,-446.0,165.0,402.0,-86.0,168.34,328.7,89.92,298.48,231.07,-155.17000000000002,58.59,149.45,-390.2,151.53,425.23,-109.02
2025-08-11T16:13:44.660316,140.0,456.0,6.0,333.0,217.0,-205.0,-37.0,113.0,-390.0,148.0,502.0,2.0,138.34,393.7,29.92,317.48,201.07,-145.17000000000002,-14.41,133.45,-334.2,134.53,525.23,-21.02
2025-08-11T16:13:44.668759,208.0,382.0,67.0,219.0,270.0,-203.0,61.0,160.0,-385.0,121.0,478.0,38.0,206.34,319.7,90.92,203.48,254.07,-143.17000000000002,83.59,180.45,-329.2,107.53,501.23,14.98
2025-08-11T16:13:44.672689,210.0,461.0,33.0,361.0,205.0,-236.0,103.0,78.0,-365.0,22.0,452.0,2.0,208.34,398.7,56.92,345.48,189.07,-176.17000000000002,125.59,98.45,-309.2,8.53,475.23,-21.02
2025-08-11T16:13:44.680714,104.0,455.0,11.0,303.0,137.0,-153.0,24.0,108.0,-297.0,81.0,471.0,-19.0,102.34,392.7,34.92,287.48,121.07,-93.17,46.59,128.45,-241.2,67.53,494.23,-42.019999999999996
2025-08-11T16:13:44.688402,192.0,333.0,49.0,321.0,215.0,-195.0,-2.0,107.0,-418.0,144.0,430.0,-77.0,190.34,270.7,72.92,305.48,199.07,-135.17000000000002,20.59,127.45,-362.2,130.53,453.23,-100.02
2025-08-11T16:13:44.693584,168.0,392.0,99.0,324.0,276.0,-174.0,13.0,126.0,-425.0,142.0,373.0,-59.0,166.34,329.7,122.92,308.48,260.07,-114.17,35.59,146.45,-369.2,128.53,396.23,-82.02
2025-08-11T16:13:44.701136,171.0,499.0,8.0,301.0,178.0,-220.0,50.0,123.0,-363.0,151.0,473.0,-14.0,169.34,436.7,31.92,285.48,162.07,-160.17000000000002,72.59,143.45,-307.2,137.53,496.23,-37.019999999999996
2025-08-11T16:13:44.705462,213.0,398.0,43.0,308.0,194.0,-195.0,-38.0,214.0,-402.0,143.0,475.0,-12.0,211.34,335.7,66.92,292.48,178.07,-135.17000000000002,-15.41,234.45,-346.2,129.53,498.23,-35.019999999999996
2025-08-11T16:13:44.713104,134.0,373.0,66.0,284.0,232.0,-190.0,29.0,141.0,-430.0,126.0,543.0,0.0,132.34,310.7,89.92,268.48,216.07,-130.17000000000002,51.59,161.45,-374.2,112.53,566.23,-23.02
2025-08-11T16:13:44.718050,179.0,497.0,66.0,267.0,164.0,-243.0,49.0,91.0,-321.0,114.0,528.0,-25.0,177.34,434.7,89.92,251.48,148.07,-183.17000000000002,71.59,111.45,-265.2,100.53,551.23,-48.019999999999996
2025-08-11T16:13:44.726477,246.0,422.0,29.0,272.0,143.0,-154.0,50.0,82.0,-418.0,164.0,451.0,-21.0,244.34,359.7,52.92,256.48,127.07,-94.17,72.59,102.45,-362.2,150.53,474.23,-44.019999999999996
2025-08-11T16:13:44.733757,186.0,402.0,26.0,328.0,211.0,-168.0,27.0,109.0,-371.0,124.0,489.0,-110.0,184.34,339.7,49.92,312.48,195.07,-108.17,49.59,129.45,-315.2,110.53,512.23,-133.02
2025-08-11T16:13:44.738925,168.0,510.0,-25.0,269.0,168.0,-188.0,-10.0,106.0,-426.0,107.0,447.0,30.0,166.34,447.7,-1.0799999999999983,253.48,152.07,-128.17000000000002,12.59,126.45,-370.2,93.53,470.23,6.98
2025-08-11T16:13:44.746057,178.0,473.0,29.0,327.0,189.0,-216.0,44.0,209.0,-350.0,90.0,509.0,-18.0,176.34,410.7,52.92,311.48,173.07,-156.17000000000002,66.59,229.45,-294.2,76.53,532.23,-41.019999999999996
2025-08-11T16:13:44.750853,163.0,469.0,90.0,288.0,146.0,-143.0,52.0,138.0,-423.0,138.0,457.0,54.0,161.34,406.7,113.92,272.48,130.07,-83.17,74.59,158.45,-367.2,124.53,480.23,30.98
2025-08-11T16:13:44.758542,181.0,466.0,39.0,354.0,175.0,-173.0,112.0,137.0,-377.0,80.0,481.0,-44.0,179.34,403.7,62.92,338.48,159.07,-113.17,134.59,157.45,-321.2,66.53,504.23,-67.02
2025-08-11T16:13:44.766310,200.0,440.0,40.0,264.0,178.0,-234.0,10.0,99.0,-350.0,110.0,508.0,-40.0,198.34,377.7,63.92,248.48,162.07,-174.17000000000002,32.59,119.45,-294.2,96.53,531.23,-63.019999999999996
2025-08-11T16:13:44.771235,184.0,406.0,83.0,363.0,213.0,-199.0,26.0,169.0,-415.0,171.0,441.0,24.0,182.34,343.7,106.92,347.48,197.07,-139.17000000000002,48.59,189.45,-359.2,157.53,464.23,0.9800000000000004
2025-08-11T16:13:44.778837,103.0,446.0,32.0,325.0,275.0,-176.0,55.0,175.0,-438.0,166.0,430.0,-1.0,101.34,383.7,55.92,309.48,259.07,-116.17,77.59,195.45,-382.2,152.53,453.23,-24.02
2025-08-11T16:13:44.783892,210.0,395.0,-2.0,233.0,230.0,-154.0,37.0,192.0,-358.0,66.0,451.0,-21.0,208.34,332.7,21.92,217.48,214.07,-94.17,59.59,212.45,-302.2,52.53,474.23,-44.019999999999996
2025-08-11T16:13:44.791307,107.0,356.0,89.0,331.0,174.0,-202.0,66.0,97.0,-414.0,75.0,511.0,-2.0,105.34,293.7,112.92,315.48,158.07,-142.17000000000002,88.59,117.45,-358.2,61.53,534.23,-25.02
2025-08-11T16:13:44.798985,208.0,438.0,3.0,345.0,162.0,-131.0,-23.0,163.0,-409.0,96.0,502.0,-21.0,206.34,375.7,26.92,329.48,146.07,-71.17,-0.41000000000000014,183.45,-353.2,82.53,525.23,-44.019999999999996
2025-08-11T16:13:44.803807,154.0,394.0,36.0,234.0,199.0,-215.0,29.0,149.0,-367.0,179.0,521.0,-96.0,152.34,331.7,59.92,218.48,183.07,-155.17000000000002,51.59,169.45,-311.2,165.53,544.23,-119.02
2025-08-11T16:13:44.811487,164.0,405.0,66.0,330.0,164.0,-203.0,-6.0,138.0,-372.0,181.0,455.0,-52.0,162.34,342.7,89.92,314.48,148.07,-143.17000000000002,16.59,158.45,-316.2,167.53,478.23,-75.02
2025-08-11T16:13:44.815960,180.0,409.0,76.0,223.0,248.0,-198.0,-16.0,117.0,-407.0,148.0,470.0,-26.0,178.34,346.7,99.92,207.48,232.07,-138.17000000000002,6.59,137.45,-351.2,134.53,493.23,-49.019999999999996
2025-08-11T16:13:44.823922,203.0,408.0,-9.0,316.0,227.0,-188.0,15.0,85.0,-419.0,51.0,473.0,17.0,201.34,345.7,14.920000000000002,300.48,211.07,-128.17000000000002,37.59,105.45,-363.2,37.53,496.23,-6.02
2025-08-11T16:13:44.828216,213.0,321.0,101.0,358.0,202.0,-173.0,18.0,130.0,-383.0,135.0,513.0,22.0,211.34,258.7,124.92,342.48,186.07,-113.17,40.59,150.45,-327.2,121.53,536.23,-1.0199999999999996
2025-08-11T16:13:44.836888,144.0,468.0,16.0,229.0,225.0,-216.0,-17.0,139.0,-382.0,91.0,518.0,-47.0,142.34,405.7,39.92,213.48,209.07,-156.17000000000002,5.59,159.45,-326.2,77.53,541.23,-70.02
2025-08-11T16:13:44.844222,229.0,445.0,41.0,303.0,213.0,-196.0,76.0,122.0,-397.0,163.0,468.0,-57.0,227.34,382.7,64.92,287.48,197.07,-136.17000000000002,98.59,142.45,-341.2,149.53,491.23,-80.02
2025-08-11T16:13:44.849102,115.0,409.0,120.0,282.0,251.0,-241.0,101.0,111.0,-402.0,199.0,485.0,-36.0,113.34,346.7,143.92000000000002,266.48,235.07,-181.17000000000002,123.59,131.45,-346.2,185.53,508.23,-59.019999999999996
2025-08-11T16:13:44.856578,146.0,449.0,46.0,344.0,262.0,-237.0,-41.0,150.0,-364.0,199.0,457.0,12.0,144.34,386.7,69.92,328.48,246.07,-177.17000000000002,-18.41,170.45,-308.2,185.53,480.23,-11.02
2025-08-11T16:13:44.861943,242.0,415.0,69.0,260.0,185.0,-139.0,53.0,164.0,-458.0,159.0,427.0,7.0,240.34,352.7,92.92,244.48,169.07,-79.17,75.59,184.45,-402.2,145.53,450.23,-16.02
2025-08-11T16:13:44.868776,111.0,449.0,70.0,254.0,250.0,-227.0,24.0,126.0,-391.0,47.0,426.0,24.0,109.34,386.7,93.92,238.48,234.07,-167.17000000000002,46.59,146.45,-335.2,33.53,449.23,0.9800000000000004
2025-08-11T16:13:44.876854,137.0,447.0,16.0,263.0,224.0,-230.0,1.0,115.0,-357.0,59.0,457.0,-88.0,135.34,384.7,39.92,247.48,208.07,-170.17000000000002,23.59,135.45,-301.2,45.53,480.23,-111.02
2025-08-11T16:13:44.882036,302.0,426.0,31.0,295.0,145.0,-180.0,-28.0,191.0,-418.0,156.0,519.0,-41.0,300.34,363.7,54.92,279.48,129.07,-120.17,-5.41,211.45,-362.2,142.53,542.23,-64.02
2025-08-11T16:13:44.889458,175.0,372.0,92.0,293.0,192.0,-120.0,-5.0,67.0,-429.0,149.0,387.0,-36.0,173.34,309.7,115.92,277.48,176.07,-60.17,17.59,87.45,-373.2,135.53,410.23,-59.019999999999996
2025-08-11T16:13:44.893573,141.0,435.0,34.0,324.0,192.0,-191.0,53.0,182.0,-384.0,206.0,449.0,-10.0,139.34,372.7,57.92,308.48,176.07,-131.17000000000002,75.59,202.45,-328.2,192.53,472.23,-33.019999999999996
2025-08-11T16:13:44.901714,186.0,425.0,6.0,287.0,117.0,-201.0,20.0,160.0,-375.0,108.0,405.0,-4.0,184.34,362.7,29.92,271.48,101.07,-141.17000000000002,42.59,180.45,-319.2,94.53,428.23,-27.02
2025-08-11T16:13:44.909614,133.0,394.0,107.0,325.0,211.0,-151.0,49.0,126.0,-392.0,43.0,521.0,30.0,131.34,331.7,130.92000000000002,309.48,195.07,-91.17,71.59,146.45,-336.2,29.53,544.23,6.98
2025-08-11T16:13:44.914135,135.0,475.0,23.0,247.0,205.0,-169.0,53.0,138.0,-408.0,157.0,555.0,-34.0,133.34,412.7,46.92,231.48,189.07,-109.17,75.59,158.45,-352.2,143.53,578.23,-57.019999999999996
2025-08-11T16:13:44.921886,234.0,438.0,-12.0,343.0,142.0,-214.0,-20.0,147.0,-415.0,141.0,454.0,-78.0,232.34,375.7,11.920000000000002,327.48,126.07,-154.17000000000002,2.59,167.45,-359.2,127.53,477.23,-101.02
2025-08-11T16:13:44.926462,149.0,415.0,71.0,299.0,183.0,-176.0,38.0,127.0,-411.0,159.0,414.0,-51.0,147.34,352.7,94.92,283.48,167.07,-116.17,60.59,147.45,-355.2,145.53,437.23,-74.02
2025-08-11T16:13:44.934484,187.0,497.0,23.0,331.0,253.0,-166.0,-1.0,16.0,-420.0,122.0,478.0,36.0,185.34,434.7,46.92,315.48,237.07,-106.17,21.59,36.45,-364.2,108.53,501.23,12.98
2025-08-11T16:13:44.942329,237.0,424.0,69.0,336.0,225.0,-132.0,66.0,85.0,-419.0,162.0,486.0,-52.0,235.34,361.7,92.92,320.48,209.07,-72.17,88.59,105.45,-363.2,148.53,509.23,-75.02
2025-08-11T16:13:44.946906,199.0,312.0,12.0,329.0,192.0,-186.0,79.0,103.0,-376.0,99.0,484.0,33.0,197.34,249.7,35.92,313.48,176.07,-126.17,101.59,123.45,-320.2,85.53,507.23,9.98
2025-08-11T16:13:44.954667,137.0,505.0,10.0,329.0,220.0,-196.0,0.0,77.0,-381.0,111.0,519.0,-96.0,135.34,442.7,33.92,313.48,204.07,-136.17000000000002,22.59,97.45,-325.2,97.53,542.23,-119.02
2025-08-11T16:13:44.959277,253.0,367.0,4.0,292.0,275.0,-258.0,-45.0,141.0,-388.0,140.0,498.0,33.0,251.34,304.7,27.92,276.48,259.07,-198.17000000000002,-22.41,161.45,-332.2,126.53,521.23,9.98
2025-08-11T16:13:44.966914,205.0,401.0,91.0,320.0,197.0,-205.0,61.0,199.0,-390.0,150.0,420.0,7.0,203.34,338.7,114.92,304.48,181.07,-145.17000000000002,83.59,219.45,-334.2,136.53,443.23,-16.02
2025-08-11T16:13:44.971939,129.0,480.0,38.0,270.0,191.0,-227.0,15.0,143.0,-363.0,159.0,430.0,-21.0,127.34,417.7,61.92,254.48,175.07,-167.17000000000002,37.59,163.45,-307.2,145.53,453.23,-44.019999999999996
2025-08-11T16:13:44.979719,164.0,407.0,10.0,346.0,233.0,-204.0,70.0,128.0,-445.0,45.0,483.0,-50.0,162.34,344.7,33.92,330.48,217.07,-144.17000000000002,92.59,148.45,-389.2,31.53,506.23,-73.02
2025-08-11T16:13:44.987506,164.0,440.0,75.0,292.0,137.0,-215.0,-13.0,116.0,-374.0,74.0,496.0,-64.0,162.34,377.7,98.92,276.48,121.07,-155.17000000000002,9.59,136.45,-318.2,60.53,519.23,-87.02
2025-08-11T16:13:44.992213,168.0,470.0,54.0,284.0,232.0,-201.0,17.0,78.0,-420.0,123.0,560.0,-15.0,166.34,407.7,77.92,268.48,216.07,-141.17000000000002,39.59,98.45,-364.2,109.53,583.23,-38.019999999999996
2025-08-11T16:13:44.999934,163.0,436.0,17.0,339.0,230.0,-180.0,16.0,130.0,-395.0,164.0,511.0,-6.0,161.34,373.7,40.92,323.48,214.07,-120.17,38.59,150.45,-339.2,150.53,534.23,-29.02
2025-08-11T16:13:45.004671,106.0,416.0,57.0,359.0,224.0,-184.0,39.0,141.0,-408.0,142.0,490.0,-20.0,104.34,353.7,80.92,343.48,208.07,-124.17,61.59,161.45,-352.2,128.53,513.23,-43.019999999999996
2025-08-11T16:13:45.012416,180.0,512.0,2.0,321.0,237.0,-186.0,67.0,152.0,-373.0,160.0,424.0,33.0,178.34,449.7,25.92,305.48,221.07,-126.17,89.59,172.45,-317.2,146.53,447.23,9.98
2025-08-11T16:13:45.017159,279.0,442.0,22.0,272.0,160.0,-204.0,16.0,234.0,-443.0,84.0,431.0,9.0,277.34,379.7,45.92,256.48,144.07,-144.17000000000002,38.59,254.45,-387.2,70.53,454.23,-14.02
2025-08-11T16:13:45.024898,139.0,351.0,106.0,287.0,215.0,-207.0,39.0,123.0,-414.0,125.0,443.0,-30.0,137.34,288.7,129.92000000000002,271.48,199.07,-147.17000000000002,61.59,143.45,-358.2,111.53,466.23,-53.019999999999996
2025-08-11T16:13:45.032416,157.0,432.0,29.0,244.0,150.0,-185.0,15.0,140.0,-367.0,155.0,504.0,-81.0,155.34,369.7,52.92,228.48,134.07,-125.17,37.59,160.45,-311.2,141.53,527.23,-104.02
2025-08-11T16:13:45.037862,189.0,377.0,38.0,343.0,169.0,-206.0,8.0,172.0,-406.0,110.0,570.0,-31.0,187.34,314.7,61.92,327.48,153.07,-146.17000000000002,30.59,192.45,-350.2,96.53,593.23,-54.019999999999996
2025-08-11T16:13:45.044873,194.0,407.0,65.0,268.0,128.0,-180.0,25.0,106.0,-432.0,243.0,415.0,-36.0,192.34,344.7,88.92,252.48,112.07,-120.17,47.59,126.45,-376.2,229.53,438.23,-59.019999999999996
2025-08-11T16:13:45.049273,210.0,478.0,-33.0,295.0,243.0,-217.0,53.0,96.0,-357.0,133.0,393.0,26.0,208.34,415.7,-9.079999999999998,279.48,227.07,-157.17000000000002,75.59,116.45,-301.2,119.53,416.23,2.9800000000000004
2025-08-11T16:13:45.057679,285.0,423.0,-11.0,259.0,151.0,-175.0,-8.0,112.0,-366.0,74.0,448.0,-56.0,283.34,360.7,12.920000000000002,243.48,135.07,-115.17,14.59,132.45,-310.2,60.53,471.23,-79.02
2025-08-11T16:13:45.065206,159.0,387.0,61.0,315.0,170.0,-202.0,49.0,133.0,-357.0,110.0,541.0,-36.0,157.34,324.7,84.92,299.48,154.07,-142.17000000000002,71.59,153.45,-301.2,96.53,564.23,-59.019999999999996
2025-08-11T16:13:45.069789,137.0,492.0,-16.0,278.0,226.0,-250.0,27.0,159.0,-367.0,110.0,488.0,-87.0,135.34,429.7,7.920000000000002,262.48,210.07,-190.17000000000002,49.59,179.45,-311.2,96.53,511.23,-110.02
2025-08-11T16:13:45.077726,252.0,431.0,67.0,338.0,166.0,-187.0,1.0,187.0,-409.0,162.0,484.0,-25.0,250.34,368.7,90.92,322.48,150.07,-127.17,23.59,207.45,-353.2,148.53,507.23,-48.019999999999996
2025-08-11T16:13:45.082551,181.0,409.0,46.0,250.0,173.0,-142.0,16.0,120.0,-438.0,133.0,464.0,-69.0,179.34,346.7,69.92,234.48,157.07,-82.17,38.59,140.45,-382.2,119.53,487.23,-92.02
2025-08-11T16:13:45.090321,142.0,444.0,6.0,363.0,175.0,-233.0,2.0,128.0,-420.0,119.0,449.0,-40.0,140.34,381.7,29.92,347.48,159.07,-173.17000000000002,24.59,148.45,-364.2,105.53,472.23,-63.019999999999996
2025-08-11T16:13:45.097997,142.0,358.0,46.0,328.0,188.0,-208.0,42.0,223.0,-427.0,126.0,404.0,5.0,140.34,295.7,69.92,312.48,172.07,-148.17000000000002,64.59,243.45,-371.2,112.53,427.23,-18.02
2025-08-11T16:13:45.103217,161.0,365.0,75.0,344.0,231.0,-231.0,59.0,118.0,-409.0,139.0,521.0,-12.0,159.34,302.7,98.92,328.48,215.07,-171.17000000000002,81.59,138.45,-353.2,125.53,544.23,-35.019999999999996
2025-08-11T16:13:45.110389,206.0,444.0,-14.0,311.0,168.0,-317.0,18.0,144.0,-378.0,89.0,440.0,28.0,204.34,381.7,9.920000000000002,295.48,152.07,-257.17,40.59,164.45,-322.2,75.53,463.23,4.98
2025-08-11T16:13:45.114622,203.0,457.0,-10.0,295.0,177.0,-209.0,1.0,233.0,-412.0,140.0,452.0,-32.0,201.34,394.7,13.920000000000002,279.48,161.07,-149.17000000000002,23.59,253.45,-356.2,126.53,475.23,-55.019999999999996
2025-08-11T16:13:45.123339,209.0,410.0,53.0,331.0,220.0,-198.0,57.0,88.0,-421.0,109.0,471.0,-42.0,207.34,347.7,76.92,315.48,204.07,-138.17000000000002,79.59,108.45,-365.2,95.53,494.23,-65.02
2025-08-11T16:13:45.130698,205.0,469.0,-19.0,342.0,200.0,-229.0,91.0,137.0,-353.0,160.0,435.0,-2.0,203.34,406.7,4.920000000000002,326.48,184.07,-169.17000000000002,113.59,157.45,-297.2,146.53,458.23,-25.02
2025-08-11T16:13:45.135360,226.0,351.0,-29.0,344.0,242.0,-180.0,-10.0,153.0,-356.0,88.0,452.0,-33.0,224.34,288.7,-5.079999999999998,328.48,226.07,-120.17,12.59,173.45,-300.2,74.53,475.23,-56.019999999999996
2025-08-11T16:13:45.143055,161.0,430.0,14.0,285.0,138.0,-192.0,51.0,127.0,-388.0,84.0,455.0,11.0,159.34,367.7,37.92,269.48,122.07,-132.17000000000002,73.59,147.45,-332.2,70.53,478.23,-12.02
2025-08-11T16:13:45.147910,224.0,477.0,25.0,290.0,180.0,-272.0,12.0,130.0,-378.0,106.0,490.0,-27.0,222.34,414.7,48.92,274.48,164.07,-212.17000000000002,34.59,150.45,-322.2,92.53,513.23,-50.019999999999996
2025-08-11T16:13:45.155835,248.0,448.0,14.0,322.0,91.0,-164.0,3.0,132.0,-330.0,114.0,501.0,-34.0,246.34,385.7,37.92,306.48,75.07,-104.17,25.59,152.45,-274.2,100.53,524.23,-57.019999999999996
2025-08-11T16:13:45.159985,164.0,402.0,64.0,297.0,163.0,-151.0,24.0,112.0,-413.0,144.0,471.0,-66.0,162.34,339.7,87.92,281.48,147.07,-91.17,46.59,132.45,-357.2,130.53,494.23,-89.02
2025-08-11T16:13:45.167968,159.0,528.0,-2.0,308.0,229.0,-203.0,1.0,96.0,-426.0,171.0,440.0,34.0,157.34,465.7,21.92,292.48,213.07,-143.17000000000002,23.59,116.45,-370.2,157.53,463.23,10.98
2025-08-11T16:13:45.176040,292.0,451.0,39.0,381.0,238.0,-198.0,76.0,123.0,-473.0,110.0,397.0,45.0,290.34,388.7,62.92,365.48,222.07,-138.17000000000002,98.59,143.45,-417.2,96.53,420.23,21.98
2025-08-11T16:13:45.180292,136.0,386.0,144.0,323.0,250.0,-236.0,-44.0,112.0,-390.0,93.0,469.0,41.0,134.34,323.7,167.92000000000002,307.48,234.07,-176.17000000000002,-21.41,132.45,-334.2,79.53,492.23,17.98
2025-08-11T16:13:45.188157,169.0,441.0,16.0,338.0,207.0,-185.0,36.0,100.0,-401.0,133.0,536.0,-73.0,167.34,378.7,39.92,322.48,191.07,-125.17,58.59,120.45,-345.2,119.53,559.23,-96.02
2025-08-11T16:13:45.192780,186.0,401.0,-16.0,245.0,217.0,-224.0,30.0,159.0,-361.0,172.0,502.0,-77.0,184.34,338.7,7.920000000000002,229.48,201.07,-164.17000000000002,52.59,179.45,-305.2,158.53,525.23,-100.02
2025-08-11T16:13:45.200835,144.0,408.0,-7.0,318.0,204.0,-247.0,1.0,118.0,-390.0,160.0,477.0,-49.0,142.34,345.7,16.92,302.48,188.07,-187.17000000000002,23.59,138.45,-334.2,146.53,500.23,-72.02
2025-08-11T16:13:45.208441,186.0,463.0,30.0,242.0,196.0,-221.0,-17.0,117.0,-408.0,74.0,389.0,-57.0,184.34,400.7,53.92,226.48,180.07,-161.17000000000002,5.59,137.45,-352.2,60.53,412.23,-80.02
2025-08-11T16:13:45.213210,150.0,425.0,-6.0,235.0,157.0,-136.0,89.0,64.0,-429.0,127.0,387.0,-38.0,148.34,362.7,17.92,219.48,141.07,-76.17,111.59,84.45,-373.2,113.53,410.23,-61.019999999999996
2025-08-11T16:13:45.220914,138.0,415.0,39.0,269.0,191.0,-199.0,46.0,169.0,-293.0,87.0,475.0,34.0,136.34,352.7,62.92,253.48,175.07,-139.17000000000002,68.59,189.45,-237.2,73.53,498.23,10.98
2025-08-11T16:13:45.225501,129.0,380.0,-21.0,212.0,152.0,-160.0,29.0,67.0,-299.0,132.0,514.0,-92.0,127.34,317.7,2.9200000000000017,196.48,136.07,-100.17,51.59,87.45,-243.2,118.53,537.23,-115.02
2025-08-11T16:13:45.233278,154.0,364.0,61.0,197.0,123.0,-228.0,49.0,120.0,-370.0,119.0,417.0,-85.0,152.34,301.7,84.92,181.48,107.07,-168.17000000000002,71.59,140.45,-314.2,105.53,440.23,-108.02
2025-08-11T16:13:45.241205,130.0,283.0,27.0,240.0,115.0,-126.0,45.0,122.0,-333.0,113.0,294.0,-55.0,128.34,220.7,50.92,224.48,99.07,-66.17,67.59,142.45,-277.2,99.53,317.23,-78.02
2025-08-11T16:13:45.245911,112.0,303.0,28.0,185.0,140.0,-128.0,-12.0,147.0,-280.0,150.0,217.0,26.0,110.34,240.7,51.92,169.48,124.07,-68.17,10.59,167.45,-224.2,136.53,240.23,2.9800000000000004
2025-08-11T16:13:45.253802,154.0,232.0,-5.0,146.0,70.0,-154.0,36.0,65.0,-252.0,-2.0,261.0,78.0,152.34,169.7,18.92,130.48,54.07,-94.17,58.59,85.45,-196.2,-15.47,284.23,54.980000000000004
2025-08-11T16:13:45.258218,139.0,247.0,108.0,133.0,155.0,-107.0,19.0,41.0,-196.0,69.0,300.0,8.0,137.34,184.7,131.92000000000002,117.48,139.07,-47.17,41.59,61.45,-140.2,55.53,323.23,-15.02
2025-08-11T16:13:45.265963,104.0,234.0,50.0,171.0,78.0,-95.0,135.0,36.0,-161.0,70.0,253.0,-22.0,102.34,171.7,73.92,155.48,62.07,-35.17,157.59,56.45,-105.2,56.53,276.23,-45.019999999999996
2025-08-11T16:13:45.271299,47.0,186.0,35.0,196.0,81.0,-143.0,-16.0,95.0,-189.0,87.0,271.0,-26.0,45.34,123.7,58.92,180.48,65.07,-83.17,6.59,115.45,-133.2,73.53,294.23,-49.019999999999996
2025-08-11T16:13:45.278516,78.0,197.0,-46.0,139.0,127.0,-52.0,1.0,58.0,-161.0,97.0,199.0,-23.0,76.34,134.7,-22.08,123.48,111.07,7.829999999999998,23.59,78.45,-105.2,83.53,222.23,-46.019999999999996
2025-08-11T16:13:45.282897,56.0,95.0,37.0,132.0,47.0,-119.0,4.0,52.0,-124.0,117.0,117.0,29.0,54.34,32.7,60.92,116.48,31.07,-59.17,26.59,72.45,-68.2,103.53,140.23,5.98
2025-08-11T16:13:45.290656,41.0,109.0,-15.0,80.0,16.0,-90.0,25.0,72.0,-151.0,161.0,152.0,77.0,39.34,46.7,8.920000000000002,64.48,0.07000000000000028,-30.17,47.59,92.45,-95.2,147.53,175.23,53.980000000000004
2025-08-11T16:13:45.295054,59.0,194.0,-18.0,130.0,13.0,-150.0,-58.0,-12.0,-147.0,31.0,132.0,57.0,57.34,131.7,5.920000000000002,114.48,-2.9299999999999997,-90.17,-35.41,8.45,-91.2,17.53,155.23,33.980000000000004
2025-08-11T16:13:45.303405,47.0,147.0,-49.0,74.0,103.0,-124.0,62.0,-42.0,-115.0,8.0,137.0,35.0,45.34,84.7,-25.08,58.480000000000004,87.07,-64.17,84.59,-21.55,-59.2,-5.470000000000001,160.23,11.98
2025-08-11T16:13:45.310895,49.0,199.0,-70.0,20.0,9.0,-140.0,-16.0,-30.0,-136.0,50.0,124.0,27.0,47.34,136.7,-46.08,4.48,-6.93,-80.17,6.59,-9.55,-80.2,36.53,147.23,3.9800000000000004
2025-08-11T16:13:45.315723,27.0,93.0,-25.0,125.0,101.0,-110.0,37.0,97.0,-75.0,54.0,71.0,54.0,25.34,30.700000000000003,-1.0799999999999983,109.48,85.07,-50.17,59.59,117.45,-19.200000000000003,40.53,94.23,30.98
2025-08-11T16:13:45.323185,111.0,97.0,0.0,31.0,81.0,-119.0,-60.0,-13.0,-129.0,7.0,103.0,19.0,109.34,34.7,23.92,15.48,65.07,-59.17,-37.41,7.449999999999999,-73.2,-6.470000000000001,126.23,-4.02
2025-08-11T16:13:45.327849,5.0,68.0,-21.0,61.0,8.0,-56.0,-5.0,40.0,-72.0,-10.0,117.0,4.0,3.34,5.700000000000003,2.9200000000000017,45.480000000000004,-7.93,3.8299999999999983,17.59,60.45,-16.200000000000003,-23.47,140.23,-19.02
2025-08-11T16:13:45.331826,3.0,36.0,-49.0,72.0,60.0,-73.0,-41.0,-4.0,-127.0,-22.0,24.0,14.0,1.34,-26.299999999999997,-25.08,56.480000000000004,44.07,-13.170000000000002,-18.41,16.45,-71.2,-35.47,47.230000000000004,-9.02
2025-08-11T16:13:45.339737,-29.0,182.0,-33.0,41.0,36.0,-66.0,-1.0,20.0,-90.0,-6.0,45.0,33.0,-30.66,119.7,-9.079999999999998,25.48,20.07,-6.170000000000002,21.59,40.45,-34.2,-19.47,68.23,9.98
2025-08-11T16:13:45.347612,10.0,125.0,-148.0,-14.0,66.0,-83.0,29.0,3.0,-108.0,-11.0,6.0,-12.0,8.34,62.7,-124.08,-29.52,50.07,-23.17,51.59,23.45,-52.2,-24.47,29.23,-35.019999999999996
2025-08-11T16:13:45.352283,59.0,84.0,-93.0,26.0,48.0,-137.0,-6.0,-50.0,-116.0,-23.0,47.0,30.0,57.34,21.700000000000003,-69.08,10.48,32.07,-77.17,16.59,-29.55,-60.2,-36.47,70.23,6.98
2025-08-11T16:13:45.356411,46.0,72.0,-68.0,49.0,34.0,-88.0,8.0,-26.0,-52.0,-42.0,50.0,13.0,44.34,9.700000000000003,-44.08,33.480000000000004,18.07,-28.17,30.59,-5.550000000000001,3.799999999999997,-55.47,73.23,-10.02
2025-08-11T16:13:45.364795,59.0,107.0,-28.0,70.0,11.0,-54.0,-18.0,-55.0,-87.0,-76.0,-2.0,3.0,57.34,44.7,-4.079999999999998,54.480000000000004,-4.93,5.829999999999998,4.59,-34.55,-31.200000000000003,-89.47,21.23,-20.02
2025-08-11T16:13:45.369250,-31.0,-25.0,-43.0,77.0,5.0,-69.0,-76.0,16.0,-63.0,-34.0,58.0,72.0,-32.66,-87.3,-19.08,61.480000000000004,-10.93,-9.170000000000002,-53.41,36.45,-7.200000000000003,-47.47,81.23,48.980000000000004
2025-08-11T16:13:45.376954,3.0,73.0,-45.0,-17.0,15.0,-17.0,19.0,-22.0,-55.0,0.0,-7.0,-7.0,1.34,10.700000000000003,-21.08,-32.519999999999996,-0.9299999999999997,42.83,41.59,-1.5500000000000007,0.7999999999999972,-13.47,16.23,-30.02
2025-08-11T16:13:45.380945,-19.0,107.0,18.0,5.0,132.0,-82.0,-47.0,-67.0,-5.0,16.0,0.0,14.0,-20.66,44.7,41.92,-10.52,116.07,-22.17,-24.41,-46.55,50.8,2.5299999999999994,23.23,-9.02
2025-08-11T16:13:45.388810,69.0,135.0,1.0,9.0,81.0,-127.0,7.0,-22.0,-105.0,20.0,-26.0,-8.0,67.34,72.7,24.92,-6.52,65.07,-67.17,29.59,-1.5500000000000007,-49.2,6.529999999999999,-2.7699999999999996,-31.02
2025-08-11T16:13:45.393287,-79.0,164.0,-9.0,38.0,27.0,-106.0,-101.0,-8.0,-78.0,-3.0,10.0,52.0,-80.66,101.7,14.920000000000002,22.48,11.07,-46.17,-78.41,12.45,-22.200000000000003,-16.47,33.230000000000004,28.98
2025-08-11T16:13:45.401409,29.0,45.0,-48.0,54.0,78.0,-103.0,27.0,1.0,-23.0,-4.0,-35.0,-63.0,27.34,-17.299999999999997,-24.08,38.480000000000004,62.07,-43.17,49.59,21.45,32.8,-17.47,-11.77,-86.02
2025-08-11T16:13:45.406578,130.0,57.0,-83.0,5.0,21.0,-97.0,-31.0,-25.0,-58.0,17.0,31.0,12.0,128.34,-5.299999999999997,-59.08,-10.52,5.07,-37.17,-8.41,-4.550000000000001,-2.200000000000003,3.5299999999999994,54.230000000000004,-11.02
2025-08-11T16:13:45.413851,16.0,70.0,-20.0,49.0,0.0,-23.0,-12.0,-19.0,-1.0,39.0,-15.0,-54.0,14.34,7.700000000000003,3.9200000000000017,33.480000000000004,-15.93,36.83,10.59,1.4499999999999993,54.8,25.53,8.23,-77.02
2025-08-11T16:13:45.418365,-48.0,24.0,33.0,-13.0,-1.0,-126.0,-17.0,49.0,-83.0,-3.0,3.0,11.0,-49.66,-38.3,56.92,-28.52,-16.93,-66.17,5.59,69.45,-27.200000000000003,-16.47,26.23,-12.02
2025-08-11T16:13:45.425758,-27.0,57.0,7.0,34.0,42.0,-90.0,-35.0,13.0,-70.0,38.0,8.0,-6.0,-28.66,-5.299999999999997,30.92,18.48,26.07,-30.17,-12.41,33.45,-14.200000000000003,24.53,31.23,-29.02
2025-08-11T16:13:45.431794,-6.0,63.0,-15.0,-7.0,32.0,-109.0,-58.0,-26.0,-50.0,1.0,-2.0,-29.0,-7.66,0.7000000000000028,8.920000000000002,-22.52,16.07,-49.17,-35.41,-5.550000000000001,5.799999999999997,-12.47,21.23,-52.019999999999996
2025-08-11T16:13:45.437962,13.0,42.0,-24.0,64.0,25.0,-89.0,56.0,21.0,-59.0,13.0,-14.0,-10.0,11.34,-20.299999999999997,-0.0799999999999983,48.480000000000004,9.07,-29.17,78.59,41.45,-3.200000000000003,-0.47000000000000064,9.23,-33.019999999999996
2025-08-11T16:13:45.442687,6.0,96.0,-38.0,32.0,32.0,-87.0,-72.0,-7.0,-55.0,-8.0,-10.0,44.0,4.34,33.7,-14.079999999999998,16.48,16.07,-27.17,-49.41,13.45,0.7999999999999972,-21.47,13.23,20.98
2025-08-11T16:13:45.450263,-56.0,135.0,-16.0,81.0,30.0,-134.0,77.0,-32.0,-99.0,-12.0,18.0,-33.0,-57.66,72.7,7.920000000000002,65.48,14.07,-74.17,99.59,-11.55,-43.2,-25.47,41.230000000000004,-56.019999999999996
2025-08-11T16:13:45.454803,-13.0,133.0,-86.0,29.0,36.0,-68.0,-110.0,-8.0,-36.0,28.0,24.0,4.0,-14.66,70.7,-62.08,13.48,20.07,-8.170000000000002,-87.41,12.45,19.799999999999997,14.53,47.230000000000004,-19.02
2025-08-11T16:13:45.462663,29.0,52.0,-127.0,11.0,5.0,-55.0,-5.0,-40.0,-108.0,-36.0,23.0,24.0,27.34,-10.299999999999997,-103.08,-4.52,-10.93,4.829999999999998,17.59,-19.55,-52.2,-49.47,46.230000000000004,0.9800000000000004
2025-08-11T16:13:45.466933,79.0,100.0,-88.0,41.0,73.0,-78.0,-77.0,-27.0,-98.0,-1.0,18.0,-49.0,77.34,37.7,-64.08,25.48,57.07,-18.17,-54.41,-6.550000000000001,-42.2,-14.47,41.230000000000004,-72.02
2025-08-11T16:13:45.474955,80.0,76.0,-39.0,9.0,85.0,-122.0,13.0,10.0,-131.0,32.0,-16.0,-63.0,78.34,13.700000000000003,-15.079999999999998,-6.52,69.07,-62.17,35.59,30.45,-75.2,18.53,7.23,-86.02
2025-08-11T16:13:45.479822,-6.0,56.0,25.0,18.0,100.0,-51.0,-47.0,-9.0,-35.0,23.0,20.0,12.0,-7.66,-6.299999999999997,48.92,2.4800000000000004,84.07,8.829999999999998,-24.41,11.45,20.799999999999997,9.53,43.230000000000004,-11.02
2025-08-11T16:13:45.487060,47.0,164.0,23.0,7.0,-2.0,-110.0,34.0,-40.0,-71.0,-5.0,31.0,16.0,45.34,101.7,46.92,-8.52,-17.93,-50.17,56.59,-19.55,-15.200000000000003,-18.47,54.230000000000004,-7.02
2025-08-11T16:13:45.492023,8.0,175.0,-33.0,-46.0,102.0,-67.0,-87.0,29.0,-133.0,2.0,29.0,-21.0,6.34,112.7,-9.079999999999998,-61.519999999999996,86.07,-7.170000000000002,-64.41,49.45,-77.2,-11.47,52.230000000000004,-44.019999999999996
2025-08-11T16:13:45.499316,34.0,109.0,-58.0,78.0,-1.0,-85.0,22.0,28.0,-92.0,5.0,42.0,52.0,32.34,46.7,-34.08,62.480000000000004,-16.93,-25.17,44.59,48.45,-36.2,-8.47,65.23,28.98
2025-08-11T16:13:45.504180,58.0,138.0,-67.0,16.0,45.0,-115.0,39.0,52.0,-86.0,-16.0,-40.0,26.0,56.34,75.7,-43.08,0.4800000000000004,29.07,-55.17,61.59,72.45,-30.200000000000003,-29.47,-16.77,2.9800000000000004
2025-08-11T16:13:45.511501,-4.0,59.0,-59.0,41.0,8.0,-91.0,-6.0,17.0,-63.0,1.0,-31.0,11.0,-5.66,-3.299999999999997,-35.08,25.48,-7.93,-31.17,16.59,37.45,-7.200000000000003,-12.47,-7.77,-12.02
2025-08-11T16:13:45.516273,31.0,51.0,-119.0,75.0,42.0,-119.0,-8.0,-89.0,-107.0,32.0,22.0,35.0,29.34,-11.299999999999997,-95.08,59.480000000000004,26.07,-59.17,14.59,-68.55,-51.2,18.53,45.230000000000004,11.98
2025-08-11T16:13:45.523870,11.0,79.0,3.0,47.0,4.0,-142.0,21.0,-70.0,-57.0,67.0,43.0,15.0,9.34,16.700000000000003,26.92,31.48,-11.93,-82.17,43.59,-49.55,-1.2000000000000028,53.53,66.23,-8.02
2025-08-11T16:13:45.528403,106.0,44.0,-5.0,6.0,63.0,-75.0,-85.0,-5.0,-21.0,23.0,-48.0,53.0,104.34,-18.299999999999997,18.92,-9.52,47.07,-15.170000000000002,-62.41,15.45,34.8,9.53,-24.77,29.98
2025-08-11T16:13:45.536334,101.0,36.0,-35.0,40.0,38.0,-54.0,-32.0,37.0,-75.0,54.0,-22.0,-13.0,99.34,-26.299999999999997,-11.079999999999998,24.48,22.07,5.829999999999998,-9.41,57.45,-19.200000000000003,40.53,1.2300000000000004,-36.019999999999996
2025-08-11T16:13:45.540796,49.0,80.0,-11.0,62.0,-30.0,-74.0,-72.0,4.0,-180.0,0.0,41.0,-1.0,47.34,17.700000000000003,12.920000000000002,46.480000000000004,-45.93,-14.170000000000002,-49.41,24.45,-124.2,-13.47,64.23,-24.02
2025-08-11T16:13:45.545039,36.0,39.0,-14.0,23.0,9.0,-70.0,-65.0,1.0,-53.0,30.0,6.0,58.0,34.34,-23.299999999999997,9.920000000000002,7.48,-6.93,-10.170000000000002,-42.41,21.45,2.799999999999997,16.53,29.23,34.980000000000004
2025-08-11T16:13:45.552678,-12.0,30.0,73.0,-52.0,32.0,-84.0,-6.0,-63.0,-79.0,59.0,42.0,35.0,-13.66,-32.3,96.92,-67.52,16.07,-24.17,16.59,-42.55,-23.200000000000003,45.53,65.23,11.98
2025-08-11T16:13:45.560686,15.0,132.0,-73.0,-16.0,3.0,-151.0,-65.0,-16.0,-60.0,21.0,-34.0,10.0,13.34,69.7,-49.08,-31.52,-12.93,-91.17,-42.41,4.449999999999999,-4.200000000000003,7.529999999999999,-10.77,-13.02
2025-08-11T16:13:45.565431,-14.0,127.0,-54.0,-3.0,64.0,-80.0,-13.0,-10.0,-54.0,17.0,32.0,-37.0,-15.66,64.7,-30.08,-18.52,48.07,-20.17,9.59,10.45,1.7999999999999972,3.5299999999999994,55.230000000000004,-60.019999999999996
2025-08-11T16:13:45.573192,46.0,127.0,-20.0,73.0,-15.0,-119.0,-55.0,84.0,-64.0,97.0,-117.0,16.0,44.34,64.7,3.9200000000000017,57.480000000000004,-30.93,-59.17,-32.41,104.45,-8.200000000000003,83.53,-93.77,-7.02
2025-08-11T16:13:45.577739,71.0,109.0,-83.0,38.0,-33.0,-110.0,-25.0,-6.0,-95.0,24.0,7.0,-2.0,69.34,46.7,-59.08,22.48,-48.93,-50.17,-2.41,14.45,-39.2,10.53,30.23,-25.02
2025-08-11T16:13:45.585362,44.0,86.0,-2.0,22.0,-14.0,-29.0,-63.0,24.0,-149.0,-65.0,-28.0,15.0,42.34,23.700000000000003,21.92,6.48,-29.93,30.83,-40.41,44.45,-93.2,-78.47,-4.77,-8.02
2025-08-11T16:13:45.590259,-65.0,57.0,-31.0,61.0,17.0,-112.0,-68.0,7.0,-108.0,45.0,12.0,-16.0,-66.66,-5.299999999999997,-7.079999999999998,45.480000000000004,1.0700000000000003,-52.17,-45.41,27.45,-52.2,31.53,35.230000000000004,-39.019999999999996
2025-08-11T16:13:45.597506,17.0,73.0,-2.0,-7.0,38.0,-89.0,-69.0,42.0,-99.0,-26.0,-24.0,-28.0,15.34,10.700000000000003,21.92,-22.52,22.07,-29.17,-46.41,62.45,-43.2,-39.47,-0.7699999999999996,-51.019999999999996
2025-08-11T16:13:45.602582,16.0,106.0,24.0,95.0,45.0,-86.0,9.0,96.0,-10.0,-1.0,17.0,-1.0,14.34,43.7,47.92,79.48,29.07,-26.17,31.59,116.45,45.8,-14.47,40.230000000000004,-24.02
2025-08-11T16:13:45.609970,48.0,134.0,-41.0,71.0,-8.0,-146.0,-34.0,14.0,-178.0,49.0,-26.0,-26.0,46.34,71.7,-17.08,55.480000000000004,-23.93,-86.17,-11.41,34.45,-122.2,35.53,-2.7699999999999996,-49.019999999999996
2025-08-11T16:13:45.614604,-53.0,132.0,-71.0,24.0,-1.0,-69.0,-28.0,-36.0,-50.0,32.0,-18.0,7.0,-54.66,69.7,-47.08,8.48,-16.93,-9.170000000000002,-5.41,-15.55,5.799999999999997,18.53,5.23,-16.02
2025-08-11T16:13:45.618668,9.0,136.0,-104.0,3.0,83.0,-54.0,-33.0,-25.0,-118.0,-4.0,-7.0,-20.0,7.34,73.7,-80.08,-12.52,67.07,5.829999999999998,-10.41,-4.550000000000001,-62.2,-17.47,16.23,-43.019999999999996
2025-08-11T16:13:45.626521,-11.0,56.0,-47.0,33.0,29.0,-62.0,-58.0,-9.0,-144.0,37.0,53.0,-1.0,-12.66,-6.299999999999997,-23.08,17.48,13.07,-2.1700000000000017,-35.41,11.45,-88.2,23.53,76.23,-24.02
2025-08-11T16:13:45.631007,81.0,22.0,-31.0,24.0,-8.0,-53.0,14.0,13.0,-138.0,40.0,-6.0,-19.0,79.34,-40.3,-7.079999999999998,8.48,-23.93,6.829999999999998,36.59,33.45,-82.2,26.53,17.23,-42.019999999999996
2025-08-11T16:13:45.638836,-63.0,80.0,-10.0,8.0,18.0,-114.0,68.0,-6.0,-155.0,3.0,-19.0,5.0,-64.66,17.700000000000003,13.920000000000002,-7.52,2.0700000000000003,-54.17,90.59,14.45,-99.2,-10.47,4.23,-18.02
2025-08-11T16:13:45.643136,18.0,39.0,-60.0,79.0,48.0,-78.0,-12.0,-61.0,-71.0,27.0,-5.0,54.0,16.34,-23.299999999999997,-36.08,63.480000000000004,32.07,-18.17,10.59,-40.55,-15.200000000000003,13.53,18.23,30.98
2025-08-11T16:13:45.651274,-35.0,95.0,-61.0,-34.0,-8.0,-42.0,28.0,-26.0,-150.0,43.0,-46.0,73.0,-36.66,32.7,-37.08,-49.519999999999996,-23.93,17.83,50.59,-5.550000000000001,-94.2,29.53,-22.77,49.980000000000004
2025-08-11T16:13:45.655857,-33.0,80.0,-83.0,18.0,5.0,-142.0,-26.0,7.0,-151.0,-12.0,33.0,45.0,-34.66,17.700000000000003,-59.08,2.4800000000000004,-10.93,-82.17,-3.41,27.45,-95.2,-25.47,56.230000000000004,21.98
2025-08-11T16:13:45.663485,-7.0,76.0,-84.0,66.0,34.0,-23.0,-32.0,-34.0,-54.0,-25.0,66.0,-12.0,-8.66,13.700000000000003,-60.08,50.480000000000004,18.07,36.83,-9.41,-13.55,1.7999999999999972,-38.47,89.23,-35.019999999999996
2025-08-11T16:13:45.668114,32.0,41.0,-92.0,-8.0,80.0,-171.0,-25.0,16.0,-71.0,3.0,-17.0,-13.0,30.34,-21.299999999999997,-68.08,-23.52,64.07,-111.17,-2.41,36.45,-15.200000000000003,-10.47,6.23,-36.019999999999996
2025-08-11T16:13:45.675446,-7.0,45.0,-27.0,52.0,16.0,-78.0,36.0,58.0,-116.0,-5.0,-65.0,18.0,-8.66,-17.299999999999997,-3.0799999999999983,36.480000000000004,0.07000000000000028,-18.17,58.59,78.45,-60.2,-18.47,-41.769999999999996,-5.02
2025-08-11T16:13:45.680362,31.0,12.0,-10.0,100.0,-7.0,-75.0,36.0,7.0,-91.0,-35.0,-12.0,-17.0,29.34,-50.3,13.920000000000002,84.48,-22.93,-15.170000000000002,58.59,27.45,-35.2,-48.47,11.23,-40.019999999999996
2025-08-11T16:13:45.687895,7.0,159.0,-29.0,32.0,47.0,-69.0,-23.0,22.0,-113.0,1.0,-20.0,36.0,5.34,96.7,-5.079999999999998,16.48,31.07,-9.170000000000002,-0.41000000000000014,42.45,-57.2,-12.47,3.2300000000000004,12.98
2025-08-11T16:13:45.692051,-60.0,84.0,-59.0,6.0,-35.0,-44.0,82.0,24.0,-92.0,54.0,-28.0,-5.0,-61.66,21.700000000000003,-35.08,-9.52,-50.93,15.829999999999998,104.59,44.45,-36.2,40.53,-4.77,-28.02
2025-08-11T16:13:45.700185,-4.0,139.0,-66.0,75.0,61.0,-49.0,-37.0,-7.0,-126.0,-49.0,16.0,-11.0,-5.66,76.7,-42.08,59.480000000000004,45.07,10.829999999999998,-14.41,13.45,-70.2,-62.47,39.230000000000004,-34.019999999999996
2025-08-11T16:13:45.704657,26.0,102.0,-67.0,59.0,48.0,-73.0,-25.0,-34.0,-60.0,-56.0,-37.0,-19.0,24.34,39.7,-43.08,43.480000000000004,32.07,-13.170000000000002,-2.41,-13.55,-4.200000000000003,-69.47,-13.77,-42.019999999999996
2025-08-11T16:13:45.712654,49.0,14.0,-83.0,77.0,89.0,-101.0,-41.0,22.0,-55.0,-5.0,-42.0,-46.0,47.34,-48.3,-59.08,61.480000000000004,73.07,-41.17,-18.41,42.45,0.7999999999999972,-18.47,-18.77,-69.02
2025-08-11T16:13:45.716800,30.0,5.0,-63.0,-4.0,-36.0,-79.0,-10.0,-37.0,-102.0,7.0,13.0,7.0,28.34,-57.3,-39.08,-19.52,-51.93,-19.17,12.59,-16.55,-46.2,-6.470000000000001,36.230000000000004,-16.02
2025-08-11T16:13:45.724785,24.0,-1.0,-33.0,56.0,-69.0,-128.0,-10.0,-10.0,-123.0,-20.0,13.0,15.0,22.34,-63.3,-9.079999999999998,40.480000000000004,-84.93,-68.17,12.59,10.45,-67.2,-33.47,36.230000000000004,-8.02
2025-08-11T16:13:45.729663,-3.0,36.0,-33.0,55.0,2.0,-80.0,-4.0,-10.0,-51.0,10.0,-46.0,14.0,-4.66,-26.299999999999997,-9.079999999999998,39.480000000000004,-13.93,-20.17,18.59,10.45,4.799999999999997,-3.4700000000000006,-22.77,-9.02
2025-08-11T16:13:45.737124,5.0,45.0,-42.0,71.0,21.0,-40.0,-36.0,23.0,-64.0,37.0,-25.0,12.0,3.34,-17.299999999999997,-18.08,55.480000000000004,5.07,19.83,-13.41,43.45,-8.200000000000003,23.53,-1.7699999999999996,-11.02
2025-08-11T16:13:45.741522,-3.0,121.0,-22.0,-14.0,-71.0,-62.0,-77.0,0.0,-117.0,54.0,-5.0,-45.0,-4.66,58.7,1.9200000000000017,-29.52,-86.93,-2.1700000000000017,-54.41,20.45,-61.2,40.53,18.23,-68.02
2025-08-11T16:13:45.749334,-122.0,109.0,-75.0,59.0,12.0,-63.0,-66.0,-29.0,-89.0,44.0,20.0,29.0,-123.66,46.7,-51.08,43.480000000000004,-3.9299999999999997,-3.1700000000000017,-43.41,-8.55,-33.2,30.53,43.230000000000004,5.98
2025-08-11T16:13:45.754119,93.0,93.0,-96.0,6.0,75.0,-124.0,10.0,-10.0,-124.0,61.0,31.0,37.0,91.34,30.700000000000003,-72.08,-9.52,59.07,-64.17,32.59,10.45,-68.2,47.53,54.230000000000004,13.98
2025-08-11T16:13:45.761490,76.0,80.0,-80.0,82.0,34.0,-148.0,-17.0,-36.0,-45.0,65.0,21.0,28.0,74.34,17.700000000000003,-56.08,66.48,18.07,-88.17,5.59,-15.55,10.799999999999997,51.53,44.230000000000004,4.98
2025-08-11T16:13:45.765892,9.0,-12.0,-34.0,6.0,-12.0,-116.0,5.0,31.0,-3.0,16.0,28.0,9.0,7.34,-74.3,-10.079999999999998,-9.52,-27.93,-56.17,27.59,51.45,52.8,2.5299999999999994,51.230000000000004,-14.02
2025-08-11T16:13:45.773804,21.0,71.0,19.0,48.0,23.0,-113.0,-35.0,1.0,-129.0,37.0,-47.0,-107.0,19.34,8.700000000000003,42.92,32.480000000000004,7.07,-53.17,-12.41,21.45,-73.2,23.53,-23.77,-130.02
2025-08-11T16:13:45.778758,26.0,89.0,-31.0,54.0,-35.0,-34.0,-8.0,-76.0,-95.0,-5.0,-8.0,-75.0,24.34,26.700000000000003,-7.079999999999998,38.480000000000004,-50.93,25.83,14.59,-55.55,-39.2,-18.47,15.23,-98.02
2025-08-11T16:13:45.786002,19.0,55.0,-34.0,71.0,9.0,-72.0,10.0,92.0,-77.0,-10.0,16.0,-31.0,17.34,-7.299999999999997,-10.079999999999998,55.480000000000004,-6.93,-12.170000000000002,32.59,112.45,-21.200000000000003,-23.47,39.230000000000004,-54.019999999999996
2025-08-11T16:13:45.790491,1.0,113.0,-29.0,24.0,53.0,-114.0,-40.0,-4.0,-104.0,-47.0,41.0,-69.0,-0.6599999999999999,50.7,-5.079999999999998,8.48,37.07,-54.17,-17.41,16.45,-48.2,-60.47,64.23,-92.02
2025-08-11T16:13:45.798461,-14.0,156.0,-62.0,8.0,42.0,-64.0,-20.0,35.0,-148.0,-13.0,13.0,-43.0,-15.66,93.7,-38.08,-7.52,26.07,-4.170000000000002,2.59,55.45,-92.2,-26.47,36.230000000000004,-66.02
2025-08-11T16:13:45.804553,10.0,70.0,-153.0,7.0,5.0,-110.0,31.0,-52.0,-80.0,-27.0,25.0,-109.0,8.34,7.700000000000003,-129.07999999999998,-8.52,-10.93,-50.17,53.59,-31.55,-24.200000000000003,-40.47,48.230000000000004,-132.02
2025-08-11T16:13:45.810685,86.0,97.0,-93.0,89.0,64.0,-104.0,-52.0,-5.0,-105.0,27.0,50.0,-33.0,84.34,34.7,-69.08,73.48,48.07,-44.17,-29.41,15.45,-49.2,13.53,73.23,-56.019999999999996
2025-08-11T16:13:45.815067,-9.0,47.0,-51.0,68.0,-2.0,-119.0,-32.0,-114.0,-113.0,11.0,11.0,-43.0,-10.66,-15.299999999999997,-27.08,52.480000000000004,-17.93,-59.17,-9.41,-93.55,-57.2,-2.4700000000000006,34.230000000000004,-66.02
2025-08-11T16:13:45.823013,25.0,27.0,1.0,61.0,-2.0,-54.0,-58.0,9.0,-110.0,-28.0,35.0,-65.0,23.34,-35.3,24.92,45.480000000000004,-17.93,5.829999999999998,-35.41,29.45,-54.2,-41.47,58.230000000000004,-88.02
2025-08-11T16:13:45.827296,-21.0,42.0,5.0,-20.0,8.0,-93.0,-80.0,65.0,-53.0,9.0,48.0,-14.0,-22.66,-20.299999999999997,28.92,-35.519999999999996,-7.93,-33.17,-57.41,85.45,2.799999999999997,-4.470000000000001,71.23,-37.019999999999996
2025-08-11T16:13:45.835227,-4.0,45.0,-8.0,-4.0,-39.0,-69.0,26.0,32.0,-103.0,-78.0,-15.0,-59.0,-5.66,-17.299999999999997,15.920000000000002,-19.52,-54.93,-9.170000000000002,48.59,52.45,-47.2,-91.47,8.23,-82.02
2025-08-11T16:13:45.840760,28.0,62.0,33.0,32.0,-16.0,-58.0,-38.0,-59.0,-108.0,-8.0,31.0,-67.0,26.34,-0.29999999999999716,56.92,16.48,-31.93,1.8299999999999983,-15.41,-38.55,-52.2,-21.47,54.230000000000004,-90.02
2025-08-11T16:13:45.847518,-2.0,64.0,22.0,-5.0,19.0,-133.0,-26.0,36.0,-68.0,-53.0,50.0,-49.0,-3.66,1.7000000000000028,45.92,-20.52,3.0700000000000003,-73.17,-3.41,56.45,-12.200000000000003,-66.47,73.23,-72.02
2025-08-11T16:13:45.851854,-14.0,137.0,-78.0,41.0,-14.0,-174.0,-45.0,6.0,-113.0,-59.0,44.0,-64.0,-15.66,74.7,-54.08,25.48,-29.93,-114.17,-22.41,26.45,-57.2,-72.47,67.23,-87.02
2025-08-11T16:13:45.859689,21.0,130.0,-52.0,34.0,-15.0,-73.0,-56.0,60.0,-64.0,-74.0,39.0,-75.0,19.34,67.7,-28.08,18.48,-30.93,-13.170000000000002,-33.41,80.45,-8.200000000000003,-87.47,62.230000000000004,-98.02
2025-08-11T16:13:45.864641,71.0,8.0,-89.0,53.0,-6.0,-12.0,11.0,-34.0,-137.0,-37.0,81.0,-22.0,69.34,-54.3,-65.08,37.480000000000004,-21.93,47.83,33.59,-13.55,-81.2,-50.47,104.23,-45.019999999999996
2025-08-11T16:13:45.872063,117.0,9.0,-100.0,24.0,42.0,-82.0,37.0,80.0,-80.0,-59.0,43.0,-48.0,115.34,-53.3,-76.08,8.48,26.07,-22.17,59.59,100.45,-24.200000000000003,-72.47,66.23,-71.02
2025-08-11T16:13:45.877433,-7.0,20.0,6.0,6.0,40.0,-79.0,51.0,-1.0,-93.0,-68.0,75.0,-87.0,-8.66,-42.3,29.92,-9.52,24.07,-19.17,73.59,19.45,-37.2,-81.47,98.23,-110.02
2025-08-11T16:13:45.884305,100.0,66.0,24.0,12.0,36.0,-106.0,21.0,5.0,-112.0,-26.0,26.0,-52.0,98.34,3.700000000000003,47.92,-3.5199999999999996,20.07,-46.17,43.59,25.45,-56.2,-39.47,49.230000000000004,-75.02
2025-08-11T16:13:45.888858,24.0,70.0,21.0,53.0,67.0,-93.0,-59.0,2.0,-49.0,-62.0,32.0,-41.0,22.34,7.700000000000003,44.92,37.480000000000004,51.07,-33.17,-36.41,22.45,6.799999999999997,-75.47,55.230000000000004,-64.02
2025-08-11T16:13:45.896617,-42.0,155.0,-23.0,31.0,-6.0,-141.0,-16.0,-10.0,-151.0,-19.0,42.0,-71.0,-43.66,92.7,0.9200000000000017,15.48,-21.93,-81.17,6.59,10.45,-95.2,-32.47,65.23,-94.02
2025-08-11T16:13:45.901381,1.0,63.0,-91.0,20.0,77.0,-107.0,13.0,-40.0,-76.0,-21.0,32.0,-53.0,-0.6599999999999999,0.7000000000000028,-67.08,4.48,61.07,-47.17,35.59,-19.55,-20.200000000000003,-34.47,55.230000000000004,-76.02
2025-08-11T16:13:45.908786,65.0,65.0,-144.0,90.0,30.0,-60.0,-51.0,-84.0,-89.0,-73.0,79.0,-70.0,63.34,2.700000000000003,-120.08,74.48,14.07,-0.1700000000000017,-28.41,-63.55,-33.2,-86.47,102.23,-93.02
2025-08-11T16:13:45.913360,42.0,49.0,-134.0,3.0,50.0,-120.0,-3.0,1.0,-57.0,-63.0,35.0,-82.0,40.34,-13.299999999999997,-110.08,-12.52,34.07,-60.17,19.59,21.45,-1.2000000000000028,-76.47,58.230000000000004,-105.02
2025-08-11T16:13:45.921076,57.0,93.0,15.0,-47.0,88.0,-68.0,-51.0,14.0,-82.0,-34.0,17.0,-79.0,55.34,30.700000000000003,38.92,-62.519999999999996,72.07,-8.170000000000002,-28.41,34.45,-26.200000000000003,-47.47,40.230000000000004,-102.02
2025-08-11T16:13:45.925880,-50.0,-7.0,7.0,-37.0,20.0,-83.0,-92.0,28.0,-105.0,-36.0,48.0,-38.0,-51.66,-69.3,30.92,-52.519999999999996,4.07,-23.17,-69.41,48.45,-49.2,-49.47,71.23,-61.019999999999996
2025-08-11T16:13:45.930563,15.0,77.0,44.0,39.0,21.0,-110.0,-73.0,11.0,-76.0,3.0,-6.0,-89.0,13.34,14.700000000000003,67.92,23.48,5.07,-50.17,-50.41,31.45,-20.200000000000003,-10.47,17.23,-112.02
2025-08-11T16:13:45.937920,-24.0,103.0,-88.0,58.0,28.0,-95.0,-47.0,-1.0,-79.0,-70.0,22.0,-117.0,-25.66,40.7,-64.08,42.480000000000004,12.07,-35.17,-24.41,19.45,-23.200000000000003,-83.47,45.230000000000004,-140.02
2025-08-11T16:13:45.942803,80.0,80.0,-74.0,37.0,-23.0,-81.0,-47.0,14.0,-85.0,-78.0,-24.0,-2.0,78.34,17.700000000000003,-50.08,21.48,-38.93,-21.17,-24.41,34.45,-29.200000000000003,-91.47,-0.7699999999999996,-25.02
2025-08-11T16:13:45.950057,15.0,40.0,-60.0,-6.0,30.0,-101.0,-70.0,51.0,-73.0,-54.0,53.0,-62.0,13.34,-22.299999999999997,-36.08,-21.52,14.07,-41.17,-47.41,71.45,-17.200000000000003,-67.47,76.23,-85.02
2025-08-11T16:13:45.957965,56.0,67.0,-51.0,43.0,42.0,-74.0,-113.0,-19.0,-119.0,-73.0,36.0,-40.0,54.34,4.700000000000003,-27.08,27.48,26.07,-14.170000000000002,-90.41,1.4499999999999993,-63.2,-86.47,59.230000000000004,-63.019999999999996
2025-08-11T16:13:45.962914,-57.0,27.0,-39.0,-19.0,84.0,-19.0,-91.0,42.0,-93.0,-44.0,100.0,-80.0,-58.66,-35.3,-15.079999999999998,-34.519999999999996,68.07,40.83,-68.41,62.45,-37.2,-57.47,123.23,-103.02
2025-08-11T16:13:45.970328,-23.0,105.0,-69.0,24.0,-9.0,-131.0,29.0,-21.0,-78.0,-78.0,41.0,-61.0,-24.66,42.7,-45.08,8.48,-24.93,-71.17,51.59,-0.5500000000000007,-22.200000000000003,-91.47,64.23,-84.02
2025-08-11T16:13:45.974885,-65.0,163.0,-4.0,41.0,9.0,-147.0,11.0,13.0,-64.0,-8.0,47.0,-85.0,-66.66,100.7,19.92,25.48,-6.93,-87.17,33.59,33.45,-8.200000000000003,-21.47,70.23,-108.02
2025-08-11T16:13:45.982567,-39.0,83.0,-107.0,53.0,41.0,-24.0,17.0,23.0,-114.0,-71.0,39.0,-24.0,-40.66,20.700000000000003,-83.08,37.480000000000004,25.07,35.83,39.59,43.45,-58.2,-84.47,62.230000000000004,-47.019999999999996
2025-08-11T16:13:45.987604,13.0,85.0,-87.0,-15.0,20.0,-115.0,-21.0,-68.0,-55.0,-76.0,37.0,-95.0,11.34,22.700000000000003,-63.08,-30.52,4.07,-55.17,1.5899999999999999,-47.55,0.7999999999999972,-89.47,60.230000000000004,-118.02
2025-08-11T16:13:45.991950,3.0,55.0,-21.0,30.0,11.0,-117.0,-28.0,15.0,-17.0,23.0,75.0,-69.0,1.34,-7.299999999999997,2.9200000000000017,14.48,-4.93,-57.17,-5.41,35.45,38.8,9.53,98.23,-92.02
2025-08-11T16:13:45.999918,57.0,-20.0,84.0,-21.0,7.0,-82.0,34.0,-34.0,-48.0,-55.0,8.0,-63.0,55.34,-82.3,107.92,-36.519999999999996,-8.93,-22.17,56.59,-13.55,7.799999999999997,-68.47,31.23,-86.02
2025-08-11T16:13:46.004359,68.0,81.0,16.0,86.0,22.0,-105.0,-105.0,22.0,-50.0,-24.0,14.0,-56.0,66.34,18.700000000000003,39.92,70.48,6.07,-45.17,-82.41,42.45,5.799999999999997,-37.47,37.230000000000004,-79.02
2025-08-11T16:13:46.011758,-75.0,35.0,8.0,31.0,28.0,-125.0,-36.0,24.0,-71.0,-51.0,79.0,-51.0,-76.66,-27.299999999999997,31.92,15.48,12.07,-65.17,-13.41,44.45,-15.200000000000003,-64.47,102.23,-74.02
2025-08-11T16:13:46.019461,-77.0,108.0,-40.0,43.0,32.0,-33.0,-103.0,22.0,-97.0,-46.0,108.0,-58.0,-78.66,45.7,-16.08,27.48,16.07,26.83,-80.41,42.45,-41.2,-59.47,131.23,-81.02
2025-08-11T16:13:46.024235,-37.0,89.0,-96.0,-17.0,0.0,-67.0,-19.0,-8.0,-63.0,-93.0,63.0,-44.0,-38.66,26.700000000000003,-72.08,-32.519999999999996,-15.93,-7.170000000000002,3.59,12.45,-7.200000000000003,-106.47,86.23,-67.02
2025-08-11T16:13:46.031746,24.0,96.0,-60.0,14.0,-15.0,-165.0,-58.0,-3.0,-89.0,-15.0,16.0,-44.0,22.34,33.7,-36.08,-1.5199999999999996,-30.93,-105.17,-35.41,17.45,-33.2,-28.47,39.230000000000004,-67.02
2025-08-11T16:13:46.036550,65.0,124.0,-70.0,-22.0,67.0,-43.0,-16.0,-39.0,-113.0,-71.0,61.0,-46.0,63.34,61.7,-46.08,-37.519999999999996,51.07,16.83,6.59,-18.55,-57.2,-84.47,84.23,-69.02
2025-08-11T16:13:46.043987,33.0,67.0,-99.0,58.0,-43.0,-149.0,55.0,-26.0,-27.0,-69.0,31.0,-95.0,31.34,4.700000000000003,-75.08,42.480000000000004,-58.93,-89.17,77.59,-5.550000000000001,28.799999999999997,-82.47,54.230000000000004,-118.02
2025-08-11T16:13:46.048457,19.0,58.0,-32.0,41.0,-36.0,-38.0,-56.0,55.0,-106.0,-96.0,54.0,-54.0,17.34,-4.299999999999997,-8.079999999999998,25.48,-51.93,21.83,-33.41,75.45,-50.2,-109.47,77.23,-77.02
2025-08-11T16:13:46.052776,6.0,53.0,13.0,36.0,5.0,-86.0,-17.0,40.0,-67.0,-88.0,41.0,-16.0,4.34,-9.299999999999997,36.92,20.48,-10.93,-26.17,5.59,60.45,-11.200000000000003,-101.47,64.23,-39.019999999999996
2025-08-11T16:13:46.060715,15.0,21.0,-54.0,27.0,11.0,-82.0,-14.0,0.0,-74.0,-15.0,14.0,-31.0,13.34,-41.3,-30.08,11.48,-4.93,-22.17,8.59,20.45,-18.200000000000003,-28.47,37.230000000000004,-54.019999999999996
2025-08-11T16:13:46.065722,-2.0,132.0,-8.0,-83.0,7.0,-109.0,75.0,53.0,-54.0,-88.0,-9.0,-84.0,-3.66,69.7,15.920000000000002,-98.52,-8.93,-49.17,97.59,73.45,1.7999999999999972,-101.47,14.23,-107.02
2025-08-11T16:13:46.073276,8.0,100.0,-71.0,43.0,19.0,-107.0,-25.0,68.0,-55.0,-5.0,79.0,-72.0,6.34,37.7,-47.08,27.48,3.0700000000000003,-47.17,-2.41,88.45,0.7999999999999972,-18.47,102.23,-95.02
2025-08-11T16:13:46.077751,-19.0,104.0,-109.0,56.0,9.0,-132.0,-37.0,63.0,-33.0,-26.0,56.0,-54.0,-20.66,41.7,-85.08,40.480000000000004,-6.93,-72.17,-14.41,83.45,22.799999999999997,-39.47,79.23,-77.02
2025-08-11T16:13:46.086133,10.0,102.0,13.0,20.0,8.0,-135.0,-61.0,27.0,-80.0,-20.0,16.0,-40.0,8.34,39.7,36.92,4.48,-7.93,-75.17,-38.41,47.45,-24.200000000000003,-33.47,39.230000000000004,-63.019999999999996
2025-08-11T16:13:46.093201,13.0,97.0,-65.0,-49.0,20.0,-74.0,-22.0,114.0,-91.0,-61.0,80.0,-33.0,11.34,34.7,-41.08,-64.52,4.07,-14.170000000000002,0.5899999999999999,134.45,-35.2,-74.47,103.23,-56.019999999999996
2025-08-11T16:13:46.097768,-31.0,108.0,-14.0,-85.0,109.0,-84.0,-19.0,-39.0,-113.0,-46.0,60.0,-27.0,-32.66,45.7,9.920000000000002,-100.52,93.07,-24.17,3.59,-18.55,-57.2,-59.47,83.23,-50.019999999999996
2025-08-11T16:13:46.105450,16.0,117.0,-11.0,40.0,51.0,-123.0,17.0,-56.0,-46.0,-44.0,27.0,-9.0,14.34,54.7,12.920000000000002,24.48,35.07,-63.17,39.59,-35.55,9.799999999999997,-57.47,50.230000000000004,-32.019999999999996
2025-08-11T16:13:46.110404,-92.0,66.0,-114.0,29.0,74.0,-106.0,-29.0,-32.0,-68.0,16.0,93.0,-27.0,-93.66,3.700000000000003,-90.08,13.48,58.07,-46.17,-6.41,-11.55,-12.200000000000003,2.5299999999999994,116.23,-50.019999999999996
2025-08-11T16:13:46.117819,-5.0,152.0,-101.0,20.0,33.0,-96.0,-37.0,47.0,-10.0,-14.0,15.0,-45.0,-6.66,89.7,-77.08,4.48,17.07,-36.17,-14.41,67.45,45.8,-27.47,38.230000000000004,-68.02
2025-08-11T16:13:46.122225,17.0,23.0,-41.0,5.0,-29.0,-19.0,6.0,8.0,-119.0,25.0,17.0,-30.0,15.34,-39.3,-17.08,-10.52,-44.93,40.83,28.59,28.45,-63.2,11.53,40.230000000000004,-53.019999999999996
2025-08-11T16:13:46.130471,56.0,110.0,-61.0,-19.0,83.0,-72.0,-34.0,-17.0,-75.0,-68.0,26.0,-45.0,54.34,47.7,-37.08,-34.519999999999996,67.07,-12.170000000000002,-11.41,3.4499999999999993,-19.200000000000003,-81.47,49.230000000000004,-68.02
2025-08-11T16:13:46.134888,49.0,21.0,-25.0,-43.0,21.0,-47.0,15.0,28.0,-90.0,-16.0,47.0,-88.0,47.34,-41.3,-1.0799999999999983,-58.519999999999996,5.07,12.829999999999998,37.59,48.45,-34.2,-29.47,70.23,-111.02
2025-08-11T16:13:46.142329,-14.0,45.0,27.0,-3.0,56.0,-37.0,-7.0,59.0,-110.0,-22.0,53.0,-76.0,-15.66,-17.299999999999997,50.92,-18.52,40.07,22.83,15.59,79.45,-54.2,-35.47,76.23,-99.02
2025-08-11T16:13:46.146911,-6.0,72.0,18.0,17.0,15.0,-103.0,-4.0,2.0,-124.0,-47.0,62.0,-53.0,-7.66,9.700000000000003,41.92,1.4800000000000004,-0.9299999999999997,-43.17,18.59,22.45,-68.2,-60.47,85.23,-76.02
2025-08-11T16:13:46.154640,-18.0,122.0,-77.0,31.0,38.0,-130.0,-20.0,27.0,-94.0,-66.0,36.0,-27.0,-19.66,59.7,-53.08,15.48,22.07,-70.17,2.59,47.45,-38.2,-79.47,59.230000000000004,-50.019999999999996
2025-08-11T16:13:46.159510,37.0,157.0,-89.0,19.0,8.0,-141.0,-12.0,13.0,-94.0,-47.0,14.0,-5.0,35.34,94.7,-65.08,3.4800000000000004,-7.93,-81.17,10.59,33.45,-38.2,-60.47,37.230000000000004,-28.02
2025-08-11T16:13:46.166883,41.0,81.0,-97.0,16.0,17.0,2.0,52.0,-39.0,-135.0,-23.0,90.0,-104.0,39.34,18.700000000000003,-73.08,0.4800000000000004,1.0700000000000003,61.83,74.59,-18.55,-79.2,-36.47,113.23,-127.02
2025-08-11T16:13:46.171419,19.0,10.0,-67.0,20.0,33.0,-115.0,-23.0,-84.0,-116.0,-45.0,61.0,-38.0,17.34,-52.3,-43.08,4.48,17.07,-55.17,-0.41000000000000014,-63.55,-60.2,-58.47,84.23,-61.019999999999996
2025-08-11T16:13:46.179320,-48.0,73.0,3.0,13.0,35.0,-112.0,30.0,-72.0,-44.0,-33.0,84.0,-30.0,-49.66,10.700000000000003,26.92,-2.5199999999999996,19.07,-52.17,52.59,-51.55,11.799999999999997,-46.47,107.23,-53.019999999999996
2025-08-11T16:13:46.183707,3.0,98.0,0.0,-26.0,26.0,-51.0,-81.0,-18.0,-32.0,-68.0,28.0,-30.0,1.34,35.7,23.92,-41.519999999999996,10.07,8.829999999999998,-58.41,2.4499999999999993,23.799999999999997,-81.47,51.230000000000004,-53.019999999999996
2025-08-11T16:13:46.191468,-3.0,117.0,-124.0,27.0,102.0,-98.0,-20.0,-39.0,-13.0,-80.0,-4.0,-57.0,-4.66,54.7,-100.08,11.48,86.07,-38.17,2.59,-18.55,42.8,-93.47,19.23,-80.02
2025-08-11T16:13:46.196615,36.0,81.0,-68.0,116.0,42.0,-97.0,45.0,12.0,-84.0,5.0,39.0,-48.0,34.34,18.700000000000003,-44.08,100.48,26.07,-37.17,67.59,32.45,-28.200000000000003,-8.47,62.230000000000004,-71.02
2025-08-11T16:13:46.200639,71.0,31.0,-26.0,109.0,0.0,-66.0,-2.0,27.0,-12.0,29.0,39.0,-83.0,69.34,-31.299999999999997,-2.0799999999999983,93.48,-15.93,-6.170000000000002,20.59,47.45,43.8,15.53,62.230000000000004,-106.02
2025-08-11T16:13:46.208242,-23.0,117.0,-15.0,63.0,-45.0,-51.0,-29.0,3.0,-36.0,-87.0,100.0,-24.0,-24.66,54.7,8.920000000000002,47.480000000000004,-60.93,8.829999999999998,-6.41,23.45,19.799999999999997,-100.47,123.23,-47.019999999999996
2025-08-11T16:13:46.212352,8.0,63.0,15.0,13.0,83.0,-69.0,-90.0,47.0,-18.0,-10.0,31.0,-74.0,6.34,0.7000000000000028,38.92,-2.5199999999999996,67.07,-9.170000000000002,-67.41,67.45,37.8,-23.47,54.230000000000004,-97.02
2025-08-11T16:13:46.221018,-11.0,97.0,15.0,33.0,0.0,-128.0,-33.0,10.0,-84.0,39.0,2.0,-92.0,-12.66,34.7,38.92,17.48,-15.93,-68.17,-10.41,30.45,-28.200000000000003,25.53,25.23,-115.02
2025-08-11T16:13:46.225557,-5.0,103.0,-76.0,32.0,49.0,-66.0,20.0,39.0,-30.0,-3.0,70.0,-51.0,-6.66,40.7,-52.08,16.48,33.07,-6.170000000000002,42.59,59.45,25.799999999999997,-16.47,93.23,-74.02
2025-08-11T16:13:46.232793,36.0,82.0,-26.0,76.0,26.0,-104.0,27.0,13.0,-85.0,-22.0,32.0,-46.0,34.34,19.700000000000003,-2.0799999999999983,60.480000000000004,10.07,-44.17,49.59,33.45,-29.200000000000003,-35.47,55.230000000000004,-69.02
2025-08-11T16:13:46.237666,70.0,60.0,-41.0,53.0,-6.0,-60.0,13.0,26.0,-68.0,-30.0,57.0,-23.0,68.34,-2.299999999999997,-17.08,37.480000000000004,-21.93,-0.1700000000000017,35.59,46.45,-12.200000000000003,-43.47,80.23,-46.019999999999996
2025-08-11T16:13:46.245010,90.0,72.0,-5.0,-54.0,-5.0,-13.0,-2.0,-9.0,-84.0,-94.0,73.0,6.0,88.34,9.700000000000003,18.92,-69.52,-20.93,46.83,20.59,11.45,-28.200000000000003,-107.47,96.23,-17.02
2025-08-11T16:13:46.249509,-10.0,52.0,-30.0,26.0,38.0,-7.0,-30.0,-16.0,-129.0,7.0,33.0,59.0,-11.66,-10.299999999999997,-6.079999999999998,10.48,22.07,52.83,-7.41,4.449999999999999,-73.2,-6.470000000000001,56.230000000000004,35.980000000000004
2025-08-11T16:13:46.257513,-57.0,4.0,-18.0,45.0,-1.0,-97.0,-21.0,38.0,-69.0,-10.0,72.0,19.0,-58.66,-58.3,5.920000000000002,29.48,-16.93,-37.17,1.5899999999999999,58.45,-13.200000000000003,-23.47,95.23,-4.02
2025-08-11T16:13:46.261990,62.0,2.0,8.0,-14.0,-7.0,-133.0,-30.0,53.0,12.0,-37.0,136.0,7.0,60.34,-60.3,31.92,-29.52,-22.93,-73.17,-7.41,73.45,67.8,-50.47,159.23,-16.02
2025-08-11T16:13:46.269992,13.0,28.0,-53.0,33.0,13.0,-29.0,21.0,-45.0,-33.0,-82.0,-56.0,-23.0,11.34,-34.3,-29.08,17.48,-2.9299999999999997,30.83,43.59,-24.55,22.799999999999997,-95.47,-32.769999999999996,-46.019999999999996
2025-08-11T16:13:46.274594,-60.0,96.0,-22.0,36.0,48.0,-53.0,-24.0,-4.0,-40.0,-1.0,-36.0,13.0,-61.66,33.7,1.9200000000000017,20.48,32.07,6.829999999999998,-1.4100000000000001,16.45,15.799999999999997,-14.47,-12.77,-10.02
2025-08-11T16:13:46.281939,-10.0,44.0,-37.0,53.0,-43.0,4.0,16.0,-20.0,-110.0,5.0,53.0,-35.0,-11.66,-18.299999999999997,-13.079999999999998,37.480000000000004,-58.93,63.83,38.59,0.4499999999999993,-54.2,-8.47,76.23,-58.019999999999996
2025-08-11T16:13:46.286640,40.0,148.0,-53.0,-25.0,-6.0,-36.0,-61.0,-32.0,-62.0,-57.0,18.0,36.0,38.34,85.7,-29.08,-40.519999999999996,-21.93,23.83,-38.41,-11.55,-6.200000000000003,-70.47,41.230000000000004,12.98
2025-08-11T16:13:46.294288,24.0,18.0,-37.0,-5.0,-12.0,-73.0,11.0,-1.0,-60.0,-20.0,-21.0,50.0,22.34,-44.3,-13.079999999999998,-20.52,-27.93,-13.170000000000002,33.59,19.45,-4.200000000000003,-33.47,2.2300000000000004,26.98
2025-08-11T16:13:46.299031,-31.0,41.0,-67.0,37.0,48.0,-112.0,5.0,-77.0,-74.0,0.0,-28.0,-8.0,-32.66,-21.299999999999997,-43.08,21.48,32.07,-52.17,27.59,-56.55,-18.200000000000003,-13.47,-4.77,-31.02
2025-08-11T16:13:46.306594,24.0,70.0,-31.0,51.0,42.0,-89.0,-8.0,-31.0,-95.0,-31.0,-53.0,27.0,22.34,7.700000000000003,-7.079999999999998,35.480000000000004,26.07,-29.17,14.59,-10.55,-39.2,-44.47,-29.77,3.9800000000000004
2025-08-11T16:13:46.311040,29.0,1.0,-4.0,-12.0,27.0,-110.0,-24.0,41.0,-136.0,-32.0,-21.0,12.0,27.34,-61.3,19.92,-27.52,11.07,-50.17,-1.4100000000000001,61.45,-80.2,-45.47,2.2300000000000004,-11.02
2025-08-11T16:13:46.318813,3.0,69.0,-37.0,24.0,48.0,-41.0,44.0,40.0,-100.0,7.0,-15.0,6.0,1.34,6.700000000000003,-13.079999999999998,8.48,32.07,18.83,66.59,60.45,-44.2,-6.470000000000001,8.23,-17.02
2025-08-11T16:13:46.323395,3.0,28.0,6.0,53.0,78.0,18.0,53.0,-34.0,-123.0,14.0,45.0,10.0,1.34,-34.3,29.92,37.480000000000004,62.07,77.83,75.59,-13.55,-67.2,0.5299999999999994,68.23,-13.02
2025-08-11T16:13:46.330707,-17.0,79.0,-1.0,26.0,23.0,-36.0,-27.0,-9.0,-96.0,-7.0,24.0,28.0,-18.66,16.700000000000003,22.92,10.48,7.07,23.83,-4.41,11.45,-40.2,-20.47,47.230000000000004,4.98
2025-08-11T16:13:46.335392,-32.0,87.0,-7.0,18.0,13.0,-40.0,23.0,-32.0,-16.0,14.0,22.0,8.0,-33.66,24.700000000000003,16.92,2.4800000000000004,-2.9299999999999997,19.83,45.59,-11.55,39.8,0.5299999999999994,45.230000000000004,-15.02
2025-08-11T16:13:46.343376,42.0,81.0,6.0,31.0,64.0,-105.0,-47.0,-12.0,-46.0,7.0,-11.0,-28.0,40.34,18.700000000000003,29.92,15.48,48.07,-45.17,-24.41,8.45,9.799999999999997,-6.470000000000001,12.23,-51.019999999999996
2025-08-11T16:13:46.347934,7.0,101.0,-40.0,33.0,47.0,-132.0,0.0,-83.0,-72.0,40.0,-1.0,-11.0,5.34,38.7,-16.08,17.48,31.07,-72.17,22.59,-62.55,-16.200000000000003,26.53,22.23,-34.019999999999996
2025-08-11T16:13:46.355766,19.0,88.0,-64.0,63.0,69.0,-71.0,-10.0,-13.0,-42.0,-34.0,-20.0,27.0,17.34,25.700000000000003,-40.08,47.480000000000004,53.07,-11.170000000000002,12.59,7.449999999999999,13.799999999999997,-47.47,3.2300000000000004,3.9800000000000004
2025-08-11T16:13:46.360224,61.0,24.0,-86.0,35.0,12.0,-69.0,-17.0,-30.0,-94.0,61.0,16.0,-39.0,59.34,-38.3,-62.08,19.48,-3.9299999999999997,-9.170000000000002,5.59,-9.55,-38.2,47.53,39.230000000000004,-62.019999999999996
2025-08-11T16:13:46.364284,50.0,-4.0,4.0,61.0,51.0,-8.0,1.0,54.0,-64.0,5.0,-38.0,49.0,48.34,-66.3,27.92,45.480000000000004,35.07,51.83,23.59,74.45,-8.200000000000003,-8.47,-14.77,25.98
2025-08-11T16:13:46.372590,17.0,122.0,13.0,47.0,-27.0,-32.0,-44.0,-87.0,-39.0,37.0,51.0,-48.0,15.34,59.7,36.92,31.48,-42.93,27.83,-21.41,-66.55,16.799999999999997,23.53,74.23,-71.02
2025-08-11T16:13:46.379803,24.0,84.0,-44.0,17.0,-21.0,-52.0,9.0,12.0,-90.0,11.0,6.0,-24.0,22.34,21.700000000000003,-20.08,1.4800000000000004,-36.93,7.829999999999998,31.59,32.45,-34.2,-2.4700000000000006,29.23,-47.019999999999996
2025-08-11T16:13:46.384304,-4.0,66.0,14.0,33.0,34.0,-92.0,-65.0,28.0,-86.0,-17.0,57.0,-62.0,-5.66,3.700000000000003,37.92,17.48,18.07,-32.17,-42.41,48.45,-30.200000000000003,-30.47,80.23,-85.02
2025-08-11T16:13:46.392178,-40.0,65.0,-42.0,35.0,66.0,-95.0,23.0,-25.0,-82.0,78.0,57.0,-14.0,-41.66,2.700000000000003,-18.08,19.48,50.07,-35.17,45.59,-4.550000000000001,-26.200000000000003,64.53,80.23,-37.019999999999996
2025-08-11T16:13:46.396790,-43.0,118.0,-54.0,21.0,50.0,-59.0,19.0,-3.0,-90.0,24.0,30.0,-36.0,-44.66,55.7,-30.08,5.48,34.07,0.8299999999999983,41.59,17.45,-34.2,10.53,53.230000000000004,-59.019999999999996
2025-08-11T16:13:46.404437,-3.0,132.0,-1.0,83.0,-16.0,-94.0,-33.0,-39.0,-131.0,19.0,10.0,-47.0,-4.66,69.7,22.92,67.48,-31.93,-34.17,-10.41,-18.55,-75.2,5.529999999999999,33.230000000000004,-70.02
2025-08-11T16:13:46.408888,59.0,6.0,-59.0,31.0,25.0,-91.0,10.0,-24.0,-21.0,25.0,42.0,-34.0,57.34,-56.3,-35.08,15.48,9.07,-31.17,32.59,-3.5500000000000007,34.8,11.53,65.23,-57.019999999999996
2025-08-11T16:13:46.416697,11.0,84.0,-80.0,17.0,-15.0,-61.0,-44.0,-25.0,-41.0,14.0,78.0,-26.0,9.34,21.700000000000003,-56.08,1.4800000000000004,-30.93,-1.1700000000000017,-21.41,-4.550000000000001,14.799999999999997,0.5299999999999994,101.23,-49.019999999999996
2025-08-11T16:13:46.421364,11.0,92.0,-69.0,-2.0,51.0,-130.0,0.0,6.0,-25.0,-28.0,6.0,-95.0,9.34,29.700000000000003,-45.08,-17.52,35.07,-70.17,22.59,26.45,30.799999999999997,-41.47,29.23,-118.02
2025-08-11T16:13:46.425952,36.0,61.0,40.0,-1.0,46.0,-29.0,-31.0,45.0,-79.0,-19.0,60.0,-47.0,34.34,-1.2999999999999972,63.92,-16.52,30.07,30.83,-8.41,65.45,-23.200000000000003,-32.47,83.23,-70.02
2025-08-11T16:13:46.433373,-13.0,61.0,-40.0,-33.0,43.0,-70.0,-9.0,-29.0,-71.0,-16.0,-4.0,-82.0,-14.66,-1.2999999999999972,-16.08,-48.519999999999996,27.07,-10.170000000000002,13.59,-8.55,-15.200000000000003,-29.47,19.23,-105.02
2025-08-11T16:13:46.438096,-14.0,70.0,-50.0,25.0,30.0,-144.0,-58.0,-20.0,-90.0,-56.0,-3.0,-27.0,-15.66,7.700000000000003,-26.08,9.48,14.07,-84.17,-35.41,0.4499999999999993,-34.2,-69.47,20.23,-50.019999999999996
2025-08-11T16:13:46.446717,-38.0,94.0,-20.0,99.0,47.0,-35.0,-43.0,7.0,-51.0,-73.0,23.0,8.0,-39.66,31.700000000000003,3.9200000000000017,83.48,31.07,24.83,-20.41,27.45,4.799999999999997,-86.47,46.230000000000004,-15.02
2025-08-11T16:13:46.450646,-5.0,64.0,-9.0,79.0,22.0,-82.0,-34.0,-55.0,-74.0,-33.0,47.0,-16.0,-6.66,1.7000000000000028,14.920000000000002,63.480000000000004,6.07,-22.17,-11.41,-34.55,-18.200000000000003,-46.47,70.23,-39.019999999999996
2025-08-11T16:13:46.457850,46.0,115.0,-27.0,-3.0,1.0,-41.0,-9.0,-60.0,-119.0,-74.0,112.0,-60.0,44.34,52.7,-3.0799999999999983,-18.52,-14.93,18.83,13.59,-39.55,-63.2,-87.47,135.23,-83.02
2025-08-11T16:13:46.462274,41.0,71.0,-69.0,57.0,-26.0,-55.0,57.0,-102.0,-23.0,6.0,96.0,-43.0,39.34,8.700000000000003,-45.08,41.480000000000004,-41.93,4.829999999999998,79.59,-81.55,32.8,-7.470000000000001,119.23,-66.02
2025-08-11T16:13:46.470609,67.0,118.0,-1.0,10.0,24.0,-122.0,-24.0,12.0,-58.0,-54.0,42.0,-94.0,65.34,55.7,22.92,-5.52,8.07,-62.17,-1.4100000000000001,32.45,-2.200000000000003,-67.47,65.23,-117.02
2025-08-11T16:13:46.474716,-43.0,55.0,5.0,81.0,24.0,-98.0,-30.0,-46.0,-76.0,-70.0,54.0,-38.0,-44.66,-7.299999999999997,28.92,65.48,8.07,-38.17,-7.41,-25.55,-20.200000000000003,-83.47,77.23,-61.019999999999996
2025-08-11T16:13:46.482704,-45.0,126.0,-38.0,12.0,10.0,-28.0,-59.0,-12.0,-41.0,-11.0,79.0,5.0,-46.66,63.7,-14.079999999999998,-3.5199999999999996,-5.93,31.83,-36.41,8.45,14.799999999999997,-24.47,102.23,-18.02
2025-08-11T16:13:46.486632,-25.0,166.0,-68.0,73.0,-34.0,-34.0,-33.0,30.0,-46.0,-35.0,55.0,1.0,-26.66,103.7,-44.08,57.480000000000004,-49.93,25.83,-10.41,50.45,9.799999999999997,-48.47,78.23,-22.02
2025-08-11T16:13:46.495356,64.0,79.0,-80.0,-18.0,34.0,-62.0,-11.0,51.0,-30.0,-22.0,19.0,-73.0,62.34,16.700000000000003,-56.08,-33.519999999999996,18.07,-2.1700000000000017,11.59,71.45,25.799999999999997,-35.47,42.230000000000004,-96.02
2025-08-11T16:13:46.499777,61.0,3.0,-42.0,63.0,40.0,-43.0,-51.0,16.0,-53.0,-84.0,0.0,-14.0,59.34,-59.3,-18.08,47.480000000000004,24.07,16.83,-28.41,36.45,2.799999999999997,-97.47,23.23,-37.019999999999996
2025-08-11T16:13:46.506915,29.0,-7.0,-6.0,-3.0,44.0,-62.0,-39.0,46.0,-72.0,-39.0,39.0,-8.0,27.34,-69.3,17.92,-18.52,28.07,-2.1700000000000017,-16.41,66.45,-16.200000000000003,-52.47,62.230000000000004,-31.02
2025-08-11T16:13:46.511589,31.0,92.0,19.0,52.0,47.0,-103.0,-23.0,47.0,-42.0,-87.0,80.0,-41.0,29.34,29.700000000000003,42.92,36.480000000000004,31.07,-43.17,-0.41000000000000014,67.45,13.799999999999997,-100.47,103.23,-64.02
2025-08-11T16:13:46.519776,-9.0,58.0,23.0,47.0,56.0,-104.0,-10.0,-47.0,-65.0,-60.0,78.0,-23.0,-10.66,-4.299999999999997,46.92,31.48,40.07,-44.17,12.59,-26.55,-9.200000000000003,-73.47,101.23,-46.019999999999996
2025-08-11T16:13:46.523879,16.0,137.0,6.0,-51.0,11.0,-118.0,-32.0,-52.0,-122.0,9.0,70.0,-56.0,14.34,74.7,29.92,-66.52,-4.93,-58.17,-9.41,-31.55,-66.2,-4.470000000000001,93.23,-79.02
2025-08-11T16:13:46.531878,-34.0,54.0,-11.0,53.0,-28.0,-17.0,-30.0,9.0,-106.0,-67.0,-24.0,-38.0,-35.66,-8.299999999999997,12.920000000000002,37.480000000000004,-43.93,42.83,-7.41,29.45,-50.2,-80.47,-0.7699999999999996,-61.019999999999996
2025-08-11T16:13:46.536327,21.0,129.0,-41.0,39.0,82.0,-62.0,-10.0,-27.0,-149.0,-30.0,31.0,-25.0,19.34,66.7,-17.08,23.48,66.07,-2.1700000000000017,12.59,-6.550000000000001,-93.2,-43.47,54.230000000000004,-48.019999999999996
2025-08-11T16:13:46.543749,42.0,36.0,-56.0,-33.0,78.0,27.0,3.0,-74.0,-68.0,12.0,34.0,0.0,40.34,-26.299999999999997,-32.08,-48.519999999999996,62.07,86.83,25.59,-53.55,-12.200000000000003,-1.4700000000000006,57.230000000000004,-23.02
2025-08-11T16:13:46.548496,80.0,26.0,-62.0,55.0,80.0,22.0,-19.0,-55.0,-85.0,-61.0,87.0,-37.0,78.34,-36.3,-38.08,39.480000000000004,64.07,81.83,3.59,-34.55,-29.200000000000003,-74.47,110.23,-60.019999999999996
2025-08-11T16:13:46.556499,29.0,53.0,19.0,-47.0,58.0,-117.0,50.0,-70.0,-85.0,-57.0,35.0,-16.0,27.34,-9.299999999999997,42.92,-62.519999999999996,42.07,-57.17,72.59,-49.55,-29.200000000000003,-70.47,58.230000000000004,-39.019999999999996
2025-08-11T16:13:46.561169,-5.0,27.0,46.0,67.0,29.0,-98.0,30.0,-11.0,-39.0,-16.0,34.0,46.0,-6.66,-35.3,69.92,51.480000000000004,13.07,-38.17,52.59,9.45,16.799999999999997,-29.47,57.230000000000004,22.98
2025-08-11T16:13:46.568660,-7.0,170.0,6.0,9.0,-26.0,-121.0,-49.0,-24.0,-11.0,-74.0,23.0,-33.0,-8.66,107.7,29.92,-6.52,-41.93,-61.17,-26.41,-3.5500000000000007,44.8,-87.47,46.230000000000004,-56.019999999999996
2025-08-11T16:13:46.573455,11.0,100.0,-81.0,-3.0,-38.0,-19.0,-2.0,50.0,-96.0,-1.0,116.0,-27.0,9.34,37.7,-57.08,-18.52,-53.93,40.83,20.59,70.45,-40.2,-14.47,139.23,-50.019999999999996
2025-08-11T16:13:46.580642,-21.0,41.0,-52.0,11.0,28.0,-72.0,-43.0,-11.0,-55.0,-108.0,17.0,-12.0,-22.66,-21.299999999999997,-28.08,-4.52,12.07,-12.170000000000002,-20.41,9.45,0.7999999999999972,-121.47,40.230000000000004,-35.019999999999996
2025-08-11T16:13:46.585234,43.0,57.0,-98.0,-22.0,8.0,-18.0,-64.0,-10.0,-81.0,-73.0,1.0,-28.0,41.34,-5.299999999999997,-74.08,-37.519999999999996,-7.93,41.83,-41.41,10.45,-25.200000000000003,-86.47,24.23,-51.019999999999996
2025-08-11T16:13:46.592877,63.0,11.0,-29.0,19.0,53.0,-78.0,-14.0,33.0,-46.0,-46.0,12.0,-38.0,61.34,-51.3,-5.079999999999998,3.4800000000000004,37.07,-18.17,8.59,53.45,9.799999999999997,-59.47,35.230000000000004,-61.019999999999996
2025-08-11T16:13:46.597553,34.0,58.0,-8.0,33.0,44.0,-66.0,-37.0,66.0,-43.0,-62.0,82.0,-34.0,32.34,-4.299999999999997,15.920000000000002,17.48,28.07,-6.170000000000002,-14.41,86.45,12.799999999999997,-75.47,105.23,-57.019999999999996
2025-08-11T16:13:46.605328,-7.0,20.0,15.0,75.0,40.0,-22.0,22.0,21.0,-81.0,-37.0,12.0,-62.0,-8.66,-42.3,38.92,59.480000000000004,24.07,37.83,44.59,41.45,-25.200000000000003,-50.47,35.230000000000004,-85.02
2025-08-11T16:13:46.609974,-44.0,133.0,-15.0,36.0,29.0,-87.0,-75.0,42.0,-13.0,-62.0,109.0,-7.0,-45.66,70.7,8.920000000000002,20.48,13.07,-27.17,-52.41,62.45,42.8,-75.47,132.23,-30.02
2025-08-11T16:13:46.617629,-78.0,75.0,-50.0,-29.0,77.0,-17.0,-44.0,35.0,-136.0,-72.0,87.0,-37.0,-79.66,12.700000000000003,-26.08,-44.519999999999996,61.07,42.83,-21.41,55.45,-80.2,-85.47,110.23,-60.019999999999996
2025-08-11T16:13:46.622278,47.0,147.0,-73.0,1.0,86.0,-64.0,-57.0,-75.0,-74.0,-40.0,76.0,-64.0,45.34,84.7,-49.08,-14.52,70.07,-4.170000000000002,-34.41,-54.55,-18.200000000000003,-53.47,99.23,-87.02
2025-08-11T16:13:46.629867,36.0,77.0,-38.0,69.0,72.0,-90.0,-52.0,-54.0,-125.0,-87.0,47.0,-47.0,34.34,14.700000000000003,-14.079999999999998,53.480000000000004,56.07,-30.17,-29.41,-33.55,-69.2,-100.47,70.23,-70.02
2025-08-11T16:13:46.634559,45.0,105.0,-23.0,49.0,50.0,-70.0,-20.0,-36.0,-94.0,-27.0,10.0,16.0,43.34,42.7,0.9200000000000017,33.480000000000004,34.07,-10.170000000000002,2.59,-15.55,-38.2,-40.47,33.230000000000004,-7.02
2025-08-11T16:13:46.642256,-72.0,32.0,-75.0,-1.0,3.0,-29.0,-18.0,-32.0,-63.0,-48.0,33.0,-50.0,-73.66,-30.299999999999997,-51.08,-16.52,-12.93,30.83,4.59,-11.55,-7.200000000000003,-61.47,56.230000000000004,-73.02
2025-08-11T16:13:46.647105,-6.0,124.0,5.0,-24.0,-1.0,-118.0,19.0,-15.0,-78.0,-61.0,-11.0,-8.0,-7.66,61.7,28.92,-39.519999999999996,-16.93,-58.17,41.59,5.449999999999999,-22.200000000000003,-74.47,12.23,-31.02
2025-08-11T16:13:46.654687,-52.0,75.0,25.0,-22.0,-12.0,-28.0,-36.0,-80.0,-30.0,-61.0,68.0,1.0,-53.66,12.700000000000003,48.92,-37.519999999999996,-27.93,31.83,-13.41,-59.55,25.799999999999997,-74.47,91.23,-22.02
2025-08-11T16:13:46.659176,-80.0,101.0,11.0,-15.0,12.0,-96.0,-20.0,-25.0,8.0,-60.0,-6.0,-42.0,-81.66,38.7,34.92,-30.52,-3.9299999999999997,-36.17,2.59,-4.550000000000001,63.8,-73.47,17.23,-65.02
2025-08-11T16:13:46.666814,-11.0,65.0,-45.0,-22.0,36.0,-145.0,-26.0,4.0,-32.0,-31.0,39.0,-34.0,-12.66,2.700000000000003,-21.08,-37.519999999999996,20.07,-85.17,-3.41,24.45,23.799999999999997,-44.47,62.230000000000004,-57.019999999999996
2025-08-11T16:13:46.671515,13.0,112.0,33.0,59.0,63.0,-96.0,-22.0,-57.0,-62.0,-2.0,-12.0,-61.0,11.34,49.7,56.92,43.480000000000004,47.07,-36.17,0.5899999999999999,-36.55,-6.200000000000003,-15.47,11.23,-84.02
2025-08-11T16:13:46.679145,13.0,16.0,11.0,-22.0,15.0,-139.0,-46.0,-79.0,-44.0,-49.0,17.0,-37.0,11.34,-46.3,34.92,-37.519999999999996,-0.9299999999999997,-79.17,-23.41,-58.55,11.799999999999997,-62.47,40.230000000000004,-60.019999999999996
2025-08-11T16:13:46.683418,-30.0,47.0,32.0,-12.0,-21.0,-49.0,24.0,47.0,-50.0,20.0,56.0,-97.0,-31.66,-15.299999999999997,55.92,-27.52,-36.93,10.829999999999998,46.59,67.45,5.799999999999997,6.529999999999999,79.23,-120.02
2025-08-11T16:13:46.691267,-38.0,33.0,51.0,18.0,14.0,-27.0,14.0,-37.0,-11.0,-95.0,41.0,-67.0,-39.66,-29.299999999999997,74.92,2.4800000000000004,-1.9299999999999997,32.83,36.59,-16.55,44.8,-108.47,64.23,-90.02
2025-08-11T16:13:46.696266,-61.0,96.0,41.0,26.0,19.0,-11.0,-8.0,-41.0,-63.0,-34.0,53.0,-11.0,-62.66,33.7,64.92,10.48,3.0700000000000003,48.83,14.59,-20.55,-7.200000000000003,-47.47,76.23,-34.019999999999996
2025-08-11T16:13:46.703751,-32.0,93.0,8.0,76.0,49.0,-114.0,-65.0,0.0,-36.0,-5.0,-24.0,-8.0,-33.66,30.700000000000003,31.92,60.480000000000004,33.07,-54.17,-42.41,20.45,19.799999999999997,-18.47,-0.7699999999999996,-31.02
2025-08-11T16:13:46.708364,-13.0,146.0,-68.0,4.0,63.0,-54.0,-6.0,26.0,-95.0,-44.0,24.0,-39.0,-14.66,83.7,-44.08,-11.52,47.07,5.829999999999998,16.59,46.45,-39.2,-57.47,47.230000000000004,-62.019999999999996
2025-08-11T16:13:46.715976,43.0,98.0,-81.0,-2.0,-15.0,-140.0,-65.0,32.0,-87.0,-125.0,20.0,-85.0,41.34,35.7,-57.08,-17.52,-30.93,-80.17,-42.41,52.45,-31.200000000000003,-138.47,43.230000000000004,-108.02
2025-08-11T16:13:46.720501,-27.0,40.0,-36.0,40.0,68.0,-122.0,-55.0,-5.0,-64.0,-106.0,64.0,-5.0,-28.66,-22.299999999999997,-12.079999999999998,24.48,52.07,-62.17,-32.41,15.45,-8.200000000000003,-119.47,87.23,-28.02
2025-08-11T16:13:46.728066,38.0,-41.0,-12.0,-1.0,-33.0,-85.0,-31.0,-8.0,-149.0,-50.0,86.0,37.0,36.34,-103.3,11.920000000000002,-16.52,-48.93,-25.17,-8.41,12.45,-93.2,-63.47,109.23,13.98
2025-08-11T16:13:46.732872,46.0,36.0,78.0,55.0,28.0,-101.0,-70.0,0.0,-109.0,-60.0,67.0,-120.0,44.34,-26.299999999999997,101.92,39.480000000000004,12.07,-41.17,-47.41,20.45,-53.2,-73.47,90.23,-143.02
2025-08-11T16:13:46.740372,-56.0,79.0,-55.0,60.0,59.0,5.0,-30.0,-26.0,-38.0,-37.0,57.0,-44.0,-57.66,16.700000000000003,-31.08,44.480000000000004,43.07,64.83,-7.41,-5.550000000000001,17.799999999999997,-50.47,80.23,-67.02
2025-08-11T16:13:46.745397,15.0,69.0,-42.0,53.0,44.0,-108.0,16.0,28.0,-93.0,-65.0,11.0,59.0,13.34,6.700000000000003,-18.08,37.480000000000004,28.07,-48.17,38.59,48.45,-37.2,-78.47,34.230000000000004,35.980000000000004
2025-08-11T16:13:46.752600,42.0,140.0,-78.0,75.0,17.0,-93.0,3.0,-14.0,-43.0,-69.0,7.0,-21.0,40.34,77.7,-54.08,59.480000000000004,1.0700000000000003,-33.17,25.59,6.449999999999999,12.799999999999997,-82.47,30.23,-44.019999999999996
2025-08-11T16:13:46.757971,58.0,73.0,-31.0,-18.0,25.0,-61.0,3.0,-8.0,-37.0,-50.0,22.0,-82.0,56.34,10.700000000000003,-7.079999999999998,-33.519999999999996,9.07,-1.1700000000000017,25.59,12.45,18.799999999999997,-63.47,45.230000000000004,-105.02
2025-08-11T16:13:46.764983,45.0,94.0,16.0,27.0,-49.0,-61.0,23.0,-33.0,-109.0,-34.0,15.0,-85.0,43.34,31.700000000000003,39.92,11.48,-64.93,-1.1700000000000017,45.59,-12.55,-53.2,-47.47,38.230000000000004,-108.02
2025-08-11T16:13:46.769721,37.0,113.0,7.0,72.0,22.0,-59.0,-38.0,-59.0,-54.0,-27.0,-5.0,12.0,35.34,50.7,30.92,56.480000000000004,6.07,0.8299999999999983,-15.41,-38.55,1.7999999999999972,-40.47,18.23,-11.02
2025-08-11T16:13:46.777147,62.0,40.0,4.0,-4.0,46.0,-16.0,-61.0,10.0,-55.0,-52.0,6.0,-35.0,60.34,-22.299999999999997,27.92,-19.52,30.07,43.83,-38.41,30.45,0.7999999999999972,-65.47,29.23,-58.019999999999996
2025-08-11T16:13:46.781856,-28.0,4.0,-14.0,-19.0,21.0,-85.0,-49.0,-1.0,-95.0,-7.0,43.0,-126.0,-29.66,-58.3,9.920000000000002,-34.519999999999996,5.07,-25.17,-26.41,19.45,-39.2,-20.47,66.23,-149.02
2025-08-11T16:13:46.786568,-62.0,86.0,-7.0,28.0,40.0,-111.0,14.0,-15.0,1.0,-63.0,20.0,4.0,-63.66,23.700000000000003,16.92,12.48,24.07,-51.17,36.59,5.449999999999999,56.8,-76.47,43.230000000000004,-19.02
2025-08-11T16:13:46.794407,21.0,20.0,65.0,52.0,18.0,-42.0,-31.0,25.0,-88.0,-67.0,3.0,-77.0,19.34,-42.3,88.92,36.480000000000004,2.0700000000000003,17.83,-8.41,45.45,-32.2,-80.47,26.23,-100.02
2025-08-11T16:13:46.798590,-23.0,131.0,24.0,58.0,-19.0,-91.0,-75.0,2.0,-55.0,-45.0,44.0,-24.0,-24.66,68.7,47.92,42.480000000000004,-34.93,-31.17,-52.41,22.45,0.7999999999999972,-58.47,67.23,-47.019999999999996
2025-08-11T16:13:46.806209,30.0,103.0,-63.0,-32.0,15.0,-41.0,-67.0,39.0,-26.0,-19.0,-14.0,-27.0,28.34,40.7,-39.08,-47.519999999999996,-0.9299999999999997,18.83,-44.41,59.45,29.799999999999997,-32.47,9.23,-50.019999999999996
2025-08-11T16:13:46.811090,56.0,88.0,-31.0,1.0,21.0,-16.0,-83.0,-54.0,-60.0,-24.0,50.0,1.0,54.34,25.700000000000003,-7.079999999999998,-14.52,5.07,43.83,-60.41,-33.55,-4.200000000000003,-37.47,73.23,-22.02
2025-08-11T16:13:46.818665,12.0,35.0,-6.0,29.0,53.0,-59.0,-57.0,3.0,-5.0,-2.0,68.0,-30.0,10.34,-27.299999999999997,17.92,13.48,37.07,0.8299999999999983,-34.41,23.45,50.8,-15.47,91.23,-53.019999999999996
2025-08-11T16:13:46.823090,18.0,72.0,-113.0,7.0,0.0,-63.0,-46.0,-32.0,-71.0,-73.0,19.0,-4.0,16.34,9.700000000000003,-89.08,-8.52,-15.93,-3.1700000000000017,-23.41,-11.55,-15.200000000000003,-86.47,42.230000000000004,-27.02
2025-08-11T16:13:46.830740,112.0,50.0,-40.0,12.0,123.0,-41.0,-41.0,-94.0,-103.0,-113.0,-42.0,-24.0,110.34,-12.299999999999997,-16.08,-3.5199999999999996,107.07,18.83,-18.41,-73.55,-47.2,-126.47,-18.77,-47.019999999999996
2025-08-11T16:13:46.835102,-21.0,6.0,44.0,-34.0,16.0,-103.0,-2.0,-28.0,-59.0,-25.0,21.0,-35.0,-22.66,-56.3,67.92,-49.519999999999996,0.07000000000000028,-43.17,20.59,-7.550000000000001,-3.200000000000003,-38.47,44.230000000000004,-58.019999999999996
2025-08-11T16:13:46.843284,25.0,53.0,-33.0,10.0,16.0,-29.0,-43.0,40.0,-60.0,27.0,-22.0,-35.0,23.34,-9.299999999999997,-9.079999999999998,-5.52,0.07000000000000028,30.83,-20.41,60.45,-4.200000000000003,13.53,1.2300000000000004,-58.019999999999996
2025-08-11T16:13:46.847659,-49.0,113.0,-30.0,-8.0,43.0,-93.0,4.0,-38.0,1.0,27.0,37.0,-26.0,-50.66,50.7,-6.079999999999998,-23.52,27.07,-33.17,26.59,-17.55,56.8,13.53,60.230000000000004,-49.019999999999996
2025-08-11T16:13:46.855461,-43.0,35.0,32.0,30.0,63.0,-117.0,-28.0,-22.0,-58.0,25.0,86.0,1.0,-44.66,-27.299999999999997,55.92,14.48,47.07,-57.17,-5.41,-1.5500000000000007,-2.200000000000003,11.53,109.23,-22.02
2025-08-11T16:13:46.859689,-26.0,82.0,-18.0,0.0,-2.0,-108.0,12.0,-12.0,-84.0,41.0,4.0,-20.0,-27.66,19.700000000000003,5.920000000000002,-15.52,-17.93,-48.17,34.59,8.45,-28.200000000000003,27.53,27.23,-43.019999999999996
2025-08-11T16:13:46.867545,8.0,86.0,-64.0,60.0,-17.0,-136.0,30.0,-14.0,-53.0,16.0,-13.0,-48.0,6.34,23.700000000000003,-40.08,44.480000000000004,-32.93,-76.17,52.59,6.449999999999999,2.799999999999997,2.5299999999999994,10.23,-71.02
2025-08-11T16:13:46.872139,59.0,95.0,-55.0,102.0,7.0,-39.0,7.0,-31.0,-36.0,41.0,44.0,-37.0,57.34,32.7,-31.08,86.48,-8.93,20.83,29.59,-10.55,19.799999999999997,27.53,67.23,-60.019999999999996
2025-08-11T16:13:46.879801,3.0,-49.0,-7.0,17.0,15.0,-9.0,-42.0,42.0,-12.0,13.0,12.0,-12.0,1.34,-111.3,16.92,1.4800000000000004,-0.9299999999999997,50.83,-19.41,62.45,43.8,-0.47000000000000064,35.230000000000004,-35.019999999999996
2025-08-11T16:13:46.884230,1.0,47.0,-22.0,-2.0,74.0,-38.0,65.0,-44.0,13.0,8.0,47.0,-35.0,-0.6599999999999999,-15.299999999999997,1.9200000000000017,-17.52,58.07,21.83,87.59,-23.55,68.8,-5.470000000000001,70.23,-58.019999999999996
2025-08-11T16:13:46.892177,53.0,27.0,-55.0,2.0,14.0,-108.0,-76.0,-69.0,-47.0,24.0,45.0,-43.0,51.34,-35.3,-31.08,-13.52,-1.9299999999999997,-48.17,-53.41,-48.55,8.799999999999997,10.53,68.23,-66.02
2025-08-11T16:13:46.896985,6.0,10.0,1.0,-9.0,25.0,-49.0,-5.0,-61.0,-35.0,1.0,91.0,1.0,4.34,-52.3,24.92,-24.52,9.07,10.829999999999998,17.59,-40.55,20.799999999999997,-12.47,114.23,-22.02
2025-08-11T16:13:46.904498,41.0,44.0,51.0,31.0,20.0,0.0,-33.0,-9.0,-57.0,-87.0,43.0,-48.0,39.34,-18.299999999999997,74.92,15.48,4.07,59.83,-10.41,11.45,-1.2000000000000028,-100.47,66.23,-71.02
2025-08-11T16:13:46.909178,-10.0,42.0,59.0,83.0,-50.0,-126.0,-66.0,1.0,-20.0,-12.0,36.0,-58.0,-11.66,-20.299999999999997,82.92,67.48,-65.93,-66.17,-43.41,21.45,35.8,-25.47,59.230000000000004,-81.02
2025-08-11T16:13:46.916823,44.0,59.0,4.0,58.0,-14.0,-26.0,-16.0,-35.0,-51.0,-4.0,97.0,-44.0,42.34,-3.299999999999997,27.92,42.480000000000004,-29.93,33.83,6.59,-14.55,4.799999999999997,-17.47,120.23,-67.02
2025-08-11T16:13:46.920907,-34.0,127.0,-112.0,18.0,4.0,-67.0,34.0,-9.0,-27.0,-55.0,30.0,41.0,-35.66,64.7,-88.08,2.4800000000000004,-11.93,-7.170000000000002,56.59,11.45,28.799999999999997,-68.47,53.230000000000004,17.98
2025-08-11T16:13:46.928794,6.0,110.0,-3.0,-7.0,82.0,-50.0,37.0,-53.0,-38.0,-61.0,-3.0,-17.0,4.34,47.7,20.92,-22.52,66.07,9.829999999999998,59.59,-32.55,17.799999999999997,-74.47,20.23,-40.019999999999996
2025-08-11T16:13:46.933627,48.0,105.0,-91.0,-101.0,40.0,-60.0,5.0,-21.0,-7.0,-14.0,33.0,-18.0,46.34,42.7,-67.08,-116.52,24.07,-0.1700000000000017,27.59,-0.5500000000000007,48.8,-27.47,56.230000000000004,-41.019999999999996
2025-08-11T16:13:46.941449,34.0,57.0,-52.0,28.0,89.0,-78.0,-21.0,-33.0,-28.0,-21.0,-35.0,-67.0,32.34,-5.299999999999997,-28.08,12.48,73.07,-18.17,1.5899999999999999,-12.55,27.799999999999997,-34.47,-11.77,-90.02
2025-08-11T16:13:46.945623,-15.0,29.0,10.0,-1.0,-93.0,-82.0,-3.0,-58.0,-36.0,-61.0,2.0,-17.0,-16.66,-33.3,33.92,-16.52,-108.93,-22.17,19.59,-37.55,19.799999999999997,-74.47,25.23,-40.019999999999996
2025-08-11T16:13:46.953581,7.0,8.0,-13.0,81.0,-4.0,-85.0,13.0,1.0,-30.0,-35.0,-13.0,-36.0,5.34,-54.3,10.920000000000002,65.48,-19.93,-25.17,35.59,21.45,25.799999999999997,-48.47,10.23,-59.019999999999996
2025-08-11T16:13:46.957820,36.0,46.0,-2.0,47.0,75.0,-109.0,-12.0,11.0,-105.0,-20.0,43.0,-46.0,34.34,-16.299999999999997,21.92,31.48,59.07,-49.17,10.59,31.45,-49.2,-33.47,66.23,-69.02
2025-08-11T16:13:46.965647,29.0,12.0,-24.0,27.0,26.0,-65.0,-92.0,-48.0,-61.0,14.0,50.0,2.0,27.34,-50.3,-0.0799999999999983,11.48,10.07,-5.170000000000002,-69.41,-27.55,-5.200000000000003,0.5299999999999994,73.23,-21.02
2025-08-11T16:13:46.970509,-45.0,98.0,8.0,-5.0,-42.0,-53.0,-54.0,-53.0,-74.0,-12.0,14.0,-24.0,-46.66,35.7,31.92,-20.52,-57.93,6.829999999999998,-31.41,-32.55,-18.200000000000003,-25.47,37.230000000000004,-47.019999999999996
2025-08-11T16:13:46.977943,-29.0,54.0,-15.0,-51.0,15.0,-72.0,11.0,-4.0,-46.0,-94.0,38.0,-9.0,-30.66,-8.299999999999997,8.920000000000002,-66.52,-0.9299999999999997,-12.170000000000002,33.59,16.45,9.799999999999997,-107.47,61.230000000000004,-32.019999999999996
2025-08-11T16:13:46.982577,-32.0,108.0,14.0,-57.0,20.0,-152.0,-63.0,1.0,-61.0,-16.0,45.0,-50.0,-33.66,45.7,37.92,-72.52,4.07,-92.17,-40.41,21.45,-5.200000000000003,-29.47,68.23,-73.02
2025-08-11T16:13:46.990052,-17.0,129.0,-59.0,58.0,62.0,-51.0,19.0,-9.0,-67.0,-21.0,40.0,-10.0,-18.66,66.7,-35.08,42.480000000000004,46.07,8.829999999999998,41.59,11.45,-11.200000000000003,-34.47,63.230000000000004,-33.019999999999996
2025-08-11T16:13:46.995182,72.0,86.0,-63.0,-21.0,-22.0,-22.0,-24.0,45.0,-76.0,-54.0,-16.0,-19.0,70.34,23.700000000000003,-39.08,-36.519999999999996,-37.93,37.83,-1.4100000000000001,65.45,-20.200000000000003,-67.47,7.23,-42.019999999999996
2025-08-11T16:13:47.002379,-5.0,28.0,-51.0,-2.0,25.0,-75.0,-58.0,6.0,-73.0,-68.0,70.0,11.0,-6.66,-34.3,-27.08,-17.52,9.07,-15.170000000000002,-35.41,26.45,-17.200000000000003,-81.47,93.23,-12.02
2025-08-11T16:13:47.006960,-17.0,79.0,-54.0,47.0,16.0,-18.0,21.0,-33.0,-94.0,-5.0,7.0,4.0,-18.66,16.700000000000003,-30.08,31.48,0.07000000000000028,41.83,43.59,-12.55,-38.2,-18.47,30.23,-19.02
2025-08-11T16:13:47.014696,-10.0,20.0,-26.0,31.0,-73.0,-57.0,-63.0,37.0,-85.0,-86.0,40.0,-4.0,-11.66,-42.3,-2.0799999999999983,15.48,-88.93,2.8299999999999983,-40.41,57.45,-29.200000000000003,-99.47,63.230000000000004,-27.02
2025-08-11T16:13:47.019364,40.0,71.0,49.0,16.0,7.0,-66.0,-5.0,31.0,-91.0,-75.0,-35.0,32.0,38.34,8.700000000000003,72.92,0.4800000000000004,-8.93,-6.170000000000002,17.59,51.45,-35.2,-88.47,-11.77,8.98
2025-08-11T16:13:47.023982,27.0,66.0,-2.0,-42.0,-41.0,-53.0,51.0,37.0,-96.0,-12.0,56.0,-25.0,25.34,3.700000000000003,21.92,-57.519999999999996,-56.93,6.829999999999998,73.59,57.45,-40.2,-25.47,79.23,-48.019999999999996
2025-08-11T16:13:47.031733,-23.0,8.0,-39.0,-29.0,52.0,-56.0,7.0,25.0,-26.0,-49.0,36.0,-22.0,-24.66,-54.3,-15.079999999999998,-44.519999999999996,36.07,3.8299999999999983,29.59,45.45,29.799999999999997,-62.47,59.230000000000004,-45.019999999999996
2025-08-11T16:13:47.036333,-11.0,101.0,17.0,-3.0,34.0,-63.0,-47.0,18.0,-93.0,-31.0,-2.0,-27.0,-12.66,38.7,40.92,-18.52,18.07,-3.1700000000000017,-24.41,38.45,-37.2,-44.47,21.23,-50.019999999999996
2025-08-11T16:13:47.044085,25.0,93.0,-29.0,-1.0,-12.0,-51.0,-85.0,-16.0,-66.0,-28.0,69.0,-16.0,23.34,30.700000000000003,-5.079999999999998,-16.52,-27.93,8.829999999999998,-62.41,4.449999999999999,-10.200000000000003,-41.47,92.23,-39.019999999999996
2025-08-11T16:13:47.048333,2.0,125.0,-4.0,61.0,0.0,-52.0,37.0,-18.0,-90.0,-64.0,14.0,-80.0,0.3400000000000001,62.7,19.92,45.480000000000004,-15.93,7.829999999999998,59.59,2.4499999999999993,-34.2,-77.47,37.230000000000004,-103.02
2025-08-11T16:13:47.055883,115.0,22.0,-40.0,-23.0,64.0,-21.0,24.0,20.0,-43.0,-44.0,24.0,-25.0,113.34,-40.3,-16.08,-38.519999999999996,48.07,38.83,46.59,40.45,12.799999999999997,-57.47,47.230000000000004,-48.019999999999996
2025-08-11T16:13:47.060658,92.0,117.0,-59.0,24.0,71.0,-71.0,33.0,-26.0,-89.0,-29.0,-31.0,-61.0,90.34,54.7,-35.08,8.48,55.07,-11.170000000000002,55.59,-5.550000000000001,-33.2,-42.47,-7.77,-84.02
2025-08-11T16:13:47.068353,53.0,41.0,-38.0,10.0,74.0,-92.0,-56.0,28.0,3.0,-62.0,60.0,-46.0,51.34,-21.299999999999997,-14.079999999999998,-5.52,58.07,-32.17,-33.41,48.45,58.8,-75.47,83.23,-69.02
2025-08-11T16:13:47.072588,12.0,53.0,-21.0,-53.0,39.0,-80.0,-67.0,-13.0,-3.0,-2.0,43.0,-4.0,10.34,-9.299999999999997,2.9200000000000017,-68.52,23.07,-20.17,-44.41,7.449999999999999,52.8,-15.47,66.23,-27.02
2025-08-11T16:13:47.080583,-43.0,10.0,-12.0,-39.0,43.0,-93.0,7.0,-27.0,-24.0,-66.0,2.0,20.0,-44.66,-52.3,11.920000000000002,-54.519999999999996,27.07,-33.17,29.59,-6.550000000000001,31.799999999999997,-79.47,25.23,-3.0199999999999996
2025-08-11T16:13:47.084864,33.0,7.0,-1.0,-18.0,55.0,-79.0,-53.0,51.0,-50.0,-25.0,14.0,-30.0,31.34,-55.3,22.92,-33.519999999999996,39.07,-19.17,-30.41,71.45,5.799999999999997,-38.47,37.230000000000004,-53.019999999999996
2025-08-11T16:13:47.092724,-11.0,-5.0,36.0,11.0,24.0,-22.0,-2.0,-53.0,19.0,-43.0,79.0,-19.0,-12.66,-67.3,59.92,-4.52,8.07,37.83,20.59,-32.55,74.8,-56.47,102.23,-42.019999999999996
2025-08-11T16:13:47.097310,-14.0,71.0,-28.0,24.0,-62.0,-32.0,25.0,56.0,-52.0,-65.0,47.0,-33.0,-15.66,8.700000000000003,-4.079999999999998,8.48,-77.93,27.83,47.59,76.45,3.799999999999997,-78.47,70.23,-56.019999999999996
2025-08-11T16:13:47.105013,5.0,166.0,-67.0,0.0,146.0,-41.0,-102.0,-107.0,-34.0,-21.0,106.0,-1.0,3.34,103.7,-43.08,-15.52,130.07,18.83,-79.41,-86.55,21.799999999999997,-34.47,129.23,-24.02
2025-08-11T16:13:47.110017,89.0,101.0,-73.0,22.0,3.0,-126.0,-112.0,1.0,-141.0,-36.0,52.0,-40.0,87.34,38.7,-49.08,6.48,-12.93,-66.17,-89.41,21.45,-85.2,-49.47,75.23,-63.019999999999996
2025-08-11T16:13:47.117606,69.0,31.0,-83.0,27.0,62.0,-90.0,-44.0,-8.0,-82.0,-50.0,50.0,6.0,67.34,-31.299999999999997,-59.08,11.48,46.07,-30.17,-21.41,12.45,-26.200000000000003,-63.47,73.23,-17.02
2025-08-11T16:13:47.122221,98.0,33.0,-41.0,64.0,6.0,-38.0,-8.0,-78.0,-87.0,-49.0,-45.0,7.0,96.34,-29.299999999999997,-17.08,48.480000000000004,-9.93,21.83,14.59,-57.55,-31.200000000000003,-62.47,-21.77,-16.02
2025-08-11T16:13:47.129564,11.0,48.0,-45.0,85.0,94.0,-69.0,-111.0,30.0,-64.0,-68.0,2.0,-15.0,9.34,-14.299999999999997,-21.08,69.48,78.07,-9.170000000000002,-88.41,50.45,-8.200000000000003,-81.47,25.23,-38.019999999999996
2025-08-11T16:13:47.133880,30.0,20.0,17.0,52.0,-10.0,-84.0,-6.0,-41.0,-92.0,-4.0,2.0,-61.0,28.34,-42.3,40.92,36.480000000000004,-25.93,-24.17,16.59,-20.55,-36.2,-17.47,25.23,-84.02
2025-08-11T16:13:47.141688,23.0,15.0,32.0,33.0,-8.0,-86.0,10.0,9.0,-86.0,-90.0,39.0,-57.0,21.34,-47.3,55.92,17.48,-23.93,-26.17,32.59,29.45,-30.200000000000003,-103.47,62.230000000000004,-80.02
2025-08-11T16:13:47.146411,-8.0,11.0,-22.0,18.0,-75.0,-14.0,-28.0,13.0,-76.0,-68.0,42.0,-89.0,-9.66,-51.3,1.9200000000000017,2.4800000000000004,-90.93,45.83,-5.41,33.45,-20.200000000000003,-81.47,65.23,-112.02
2025-08-11T16:13:47.154320,-16.0,26.0,-20.0,28.0,-36.0,-12.0,-21.0,-36.0,-94.0,-16.0,45.0,-51.0,-17.66,-36.3,3.9200000000000017,12.48,-51.93,47.83,1.5899999999999999,-15.55,-38.2,-29.47,68.23,-74.02
2025-08-11T16:13:47.158657,12.0,68.0,5.0,-60.0,34.0,-123.0,18.0,-26.0,-33.0,-27.0,-13.0,-49.0,10.34,5.700000000000003,28.92,-75.52,18.07,-63.17,40.59,-5.550000000000001,22.799999999999997,-40.47,10.23,-72.02
2025-08-11T16:13:47.166430,1.0,90.0,-64.0,22.0,46.0,-53.0,44.0,-21.0,-118.0,-14.0,57.0,-41.0,-0.6599999999999999,27.700000000000003,-40.08,6.48,30.07,6.829999999999998,66.59,-0.5500000000000007,-62.2,-27.47,80.23,-64.02
2025-08-11T16:13:47.170868,63.0,127.0,-42.0,21.0,-78.0,-97.0,20.0,-22.0,-93.0,6.0,29.0,-21.0,61.34,64.7,-18.08,5.48,-93.93,-37.17,42.59,-1.5500000000000007,-37.2,-7.470000000000001,52.230000000000004,-44.019999999999996
2025-08-11T16:13:47.178755,51.0,50.0,-53.0,-7.0,51.0,-47.0,54.0,52.0,-131.0,-27.0,107.0,-27.0,49.34,-12.299999999999997,-29.08,-22.52,35.07,12.829999999999998,76.59,72.45,-75.2,-40.47,130.23,-50.019999999999996
2025-08-11T16:13:47.183438,114.0,58.0,-1.0,31.0,64.0,-65.0,-2.0,-7.0,-85.0,-86.0,11.0,-47.0,112.34,-4.299999999999997,22.92,15.48,48.07,-5.170000000000002,20.59,13.45,-29.200000000000003,-99.47,34.230000000000004,-70.02
2025-08-11T16:13:47.190987,101.0,39.0,-34.0,-40.0,23.0,-74.0,-21.0,-70.0,-51.0,-52.0,-1.0,-64.0,99.34,-23.299999999999997,-10.079999999999998,-55.519999999999996,7.07,-14.170000000000002,1.5899999999999999,-49.55,4.799999999999997,-65.47,22.23,-87.02
2025-08-11T16:13:47.195286,-9.0,38.0,5.0,18.0,53.0,-104.0,-47.0,0.0,-23.0,-44.0,-6.0,-35.0,-10.66,-24.299999999999997,28.92,2.4800000000000004,37.07,-44.17,-24.41,20.45,32.8,-57.47,17.23,-58.019999999999996
2025-08-11T16:13:47.203196,-3.0,42.0,-20.0,15.0,14.0,-74.0,-2.0,-70.0,-75.0,-70.0,-8.0,-35.0,-4.66,-20.299999999999997,3.9200000000000017,-0.5199999999999996,-1.9299999999999997,-14.170000000000002,20.59,-49.55,-19.200000000000003,-83.47,15.23,-58.019999999999996
2025-08-11T16:13:47.208041,-41.0,22.0,29.0,-19.0,-19.0,35.0,19.0,-19.0,13.0,-23.0,83.0,-37.0,-42.66,-40.3,52.92,-34.519999999999996,-34.93,94.83,41.59,1.4499999999999993,68.8,-36.47,106.23,-60.019999999999996
2025-08-11T16:13:47.215485,-44.0,130.0,42.0,43.0,-17.0,-92.0,-16.0,-38.0,-54.0,9.0,-47.0,31.0,-45.66,67.7,65.92,27.48,-32.93,-32.17,6.59,-17.55,1.7999999999999972,-4.470000000000001,-23.77,7.98
2025-08-11T16:13:47.220442,-54.0,77.0,-50.0,3.0,51.0,-84.0,-11.0,-42.0,-105.0,-57.0,-16.0,-40.0,-55.66,14.700000000000003,-26.08,-12.52,35.07,-24.17,11.59,-21.55,-49.2,-70.47,7.23,-63.019999999999996
2025-08-11T16:13:47.227702,31.0,70.0,-28.0,17.0,-4.0,-58.0,-46.0,-34.0,-53.0,-53.0,46.0,-71.0,29.34,7.700000000000003,-4.079999999999998,1.4800000000000004,-19.93,1.8299999999999983,-23.41,-13.55,2.799999999999997,-66.47,69.23,-94.02
2025-08-11T16:13:47.232498,29.0,51.0,-68.0,45.0,45.0,-51.0,10.0,27.0,2.0,-18.0,33.0,-67.0,27.34,-11.299999999999997,-44.08,29.48,29.07,8.829999999999998,32.59,47.45,57.8,-31.47,56.230000000000004,-90.02
2025-08-11T16:13:47.239949,56.0,51.0,-65.0,5.0,19.0,-1.0,-27.0,20.0,-36.0,-33.0,55.0,-28.0,54.34,-11.299999999999997,-41.08,-10.52,3.0700000000000003,58.83,-4.41,40.45,19.799999999999997,-46.47,78.23,-51.019999999999996
2025-08-11T16:13:47.244718,129.0,61.0,-40.0,19.0,64.0,-74.0,6.0,-37.0,-80.0,-56.0,13.0,-44.0,127.34,-1.2999999999999972,-16.08,3.4800000000000004,48.07,-14.170000000000002,28.59,-16.55,-24.200000000000003,-69.47,36.230000000000004,-67.02
2025-08-11T16:13:47.252289,-93.0,4.0,10.0,55.0,-66.0,-108.0,-79.0,-17.0,-105.0,-37.0,48.0,-87.0,-94.66,-58.3,33.92,39.480000000000004,-81.93,-48.17,-56.41,3.4499999999999993,-49.2,-50.47,71.23,-110.02
2025-08-11T16:13:47.256959,-58.0,131.0,37.0,63.0,-9.0,-33.0,27.0,10.0,-70.0,-63.0,36.0,-43.0,-59.66,68.7,60.92,47.480000000000004,-24.93,26.83,49.59,30.45,-14.200000000000003,-76.47,59.230000000000004,-66.02
2025-08-11T16:13:47.264524,-89.0,133.0,-55.0,28.0,-11.0,-43.0,25.0,-53.0,-54.0,6.0,24.0,-30.0,-90.66,70.7,-31.08,12.48,-26.93,16.83,47.59,-32.55,1.7999999999999972,-7.470000000000001,47.230000000000004,-53.019999999999996
2025-08-11T16:13:47.269826,60.0,117.0,-93.0,4.0,6.0,-2.0,-8.0,46.0,-63.0,-70.0,36.0,-68.0,58.34,54.7,-69.08,-11.52,-9.93,57.83,14.59,66.45,-7.200000000000003,-83.47,59.230000000000004,-91.02
2025-08-11T16:13:47.273709,40.0,57.0,-30.0,30.0,-51.0,-18.0,-12.0,-16.0,-78.0,11.0,6.0,17.0,38.34,-5.299999999999997,-6.079999999999998,14.48,-66.93,41.83,10.59,4.449999999999999,-22.200000000000003,-2.4700000000000006,29.23,-6.02
2025-08-11T16:13:47.281580,-47.0,7.0,-15.0,-37.0,52.0,-11.0,-35.0,29.0,-141.0,14.0,70.0,16.0,-48.66,-55.3,8.920000000000002,-52.519999999999996,36.07,48.83,-12.41,49.45,-85.2,0.5299999999999994,93.23,-7.02
2025-08-11T16:13:47.285746,21.0,74.0,2.0,38.0,68.0,-135.0,62.0,58.0,-89.0,-68.0,-8.0,-18.0,19.34,11.700000000000003,25.92,22.48,52.07,-75.17,84.59,78.45,-33.2,-81.47,15.23,-41.019999999999996
2025-08-11T16:13:47.293542,-29.0,97.0,-20.0,59.0,14.0,-68.0,21.0,-6.0,-65.0,-144.0,62.0,-12.0,-30.66,34.7,3.9200000000000017,43.480000000000004,-1.9299999999999997,-8.170000000000002,43.59,14.45,-9.200000000000003,-157.47,85.23,-35.019999999999996
2025-08-11T16:13:47.297828,-2.0,90.0,36.0,3.0,-54.0,-72.0,36.0,15.0,-34.0,-75.0,31.0,-49.0,-3.66,27.700000000000003,59.92,-12.52,-69.93,-12.170000000000002,58.59,35.45,21.799999999999997,-88.47,54.230000000000004,-72.02
2025-08-11T16:13:47.305914,-50.0,106.0,-11.0,32.0,-11.0,-60.0,-37.0,51.0,-81.0,-83.0,10.0,-58.0,-51.66,43.7,12.920000000000002,16.48,-26.93,-0.1700000000000017,-14.41,71.45,-25.200000000000003,-96.47,33.230000000000004,-81.02
2025-08-11T16:13:47.310103,-48.0,81.0,-42.0,66.0,8.0,-54.0,35.0,-11.0,-48.0,-126.0,-6.0,-26.0,-49.66,18.700000000000003,-18.08,50.480000000000004,-7.93,5.829999999999998,57.59,9.45,7.799999999999997,-139.47,17.23,-49.019999999999996
2025-08-11T16:13:47.318321,21.0,80.0,-87.0,90.0,33.0,-51.0,3.0,-39.0,-65.0,1.0,70.0,-86.0,19.34,17.700000000000003,-63.08,74.48,17.07,8.829999999999998,25.59,-18.55,-9.200000000000003,-12.47,93.23,-109.02
2025-08-11T16:13:47.322689,51.0,72.0,-67.0,42.0,50.0,-43.0,-8.0,-52.0,-40.0,-48.0,63.0,-81.0,49.34,9.700000000000003,-43.08,26.48,34.07,16.83,14.59,-31.55,15.799999999999997,-61.47,86.23,-104.02
2025-08-11T16:13:47.330749,57.0,65.0,-31.0,1.0,109.0,-76.0,-25.0,-46.0,-89.0,-34.0,-14.0,-14.0,55.34,2.700000000000003,-7.079999999999998,-14.52,93.07,-16.17,-2.41,-25.55,-33.2,-47.47,9.23,-37.019999999999996
2025-08-11T16:13:47.334961,30.0,60.0,-38.0,91.0,-43.0,-109.0,-16.0,38.0,-19.0,-75.0,25.0,-40.0,28.34,-2.299999999999997,-14.079999999999998,75.48,-58.93,-49.17,6.59,58.45,36.8,-88.47,48.230000000000004,-63.019999999999996
2025-08-11T16:13:47.342527,-9.0,21.0,6.0,52.0,16.0,-64.0,-2.0,-68.0,-84.0,2.0,22.0,37.0,-10.66,-41.3,29.92,36.480000000000004,0.07000000000000028,-4.170000000000002,20.59,-47.55,-28.200000000000003,-11.47,45.230000000000004,13.98
2025-08-11T16:13:47.347478,-63.0,83.0,-19.0,-57.0,-53.0,-88.0,-66.0,-61.0,-121.0,-49.0,50.0,-29.0,-64.66,20.700000000000003,4.920000000000002,-72.52,-68.93,-28.17,-43.41,-40.55,-65.2,-62.47,73.23,-52.019999999999996
2025-08-11T16:13:47.355443,44.0,106.0,3.0,48.0,-1.0,-21.0,11.0,14.0,-40.0,-76.0,25.0,36.0,42.34,43.7,26.92,32.480000000000004,-16.93,38.83,33.59,34.45,15.799999999999997,-89.47,48.230000000000004,12.98
2025-08-11T16:13:47.359362,-44.0,89.0,-33.0,13.0,-47.0,-88.0,-40.0,-1.0,-94.0,-6.0,41.0,4.0,-45.66,26.700000000000003,-9.079999999999998,-2.5199999999999996,-62.93,-28.17,-17.41,19.45,-38.2,-19.47,64.23,-19.02
2025-08-11T16:13:47.367186,5.0,123.0,-53.0,21.0,1.0,-36.0,-40.0,-7.0,-103.0,-75.0,71.0,33.0,3.34,60.7,-29.08,5.48,-14.93,23.83,-17.41,13.45,-47.2,-88.47,94.23,9.98
2025-08-11T16:13:47.371886,98.0,189.0,-25.0,-31.0,40.0,-22.0,12.0,17.0,-91.0,-59.0,18.0,4.0,96.34,126.7,-1.0799999999999983,-46.519999999999996,24.07,37.83,34.59,37.45,-35.2,-72.47,41.230000000000004,-19.02
2025-08-11T16:13:47.379559,78.0,51.0,-55.0,20.0,32.0,-148.0,-63.0,-18.0,-18.0,-53.0,-23.0,-57.0,76.34,-11.299999999999997,-31.08,4.48,16.07,-88.17,-40.41,2.4499999999999993,37.8,-66.47,0.23000000000000043,-80.02
2025-08-11T16:13:47.384389,35.0,19.0,-28.0,35.0,80.0,-111.0,-20.0,-13.0,-112.0,-10.0,94.0,-64.0,33.34,-43.3,-4.079999999999998,19.48,64.07,-51.17,2.59,7.449999999999999,-56.2,-23.47,117.23,-87.02
2025-08-11T16:13:47.391874,21.0,37.0,9.0,79.0,14.0,-60.0,5.0,-76.0,-78.0,-4.0,20.0,-79.0,19.34,-25.299999999999997,32.92,63.480000000000004,-1.9299999999999997,-0.1700000000000017,27.59,-55.55,-22.200000000000003,-17.47,43.230000000000004,-102.02
2025-08-11T16:13:47.396162,16.0,75.0,1.0,19.0,-65.0,-133.0,-21.0,-25.0,-45.0,-12.0,57.0,-8.0,14.34,12.700000000000003,24.92,3.4800000000000004,-80.93,-73.17,1.5899999999999999,-4.550000000000001,10.799999999999997,-25.47,80.23,-31.02
2025-08-11T16:13:47.404087,-42.0,80.0,16.0,50.0,-12.0,-59.0,-4.0,9.0,-74.0,-43.0,50.0,-102.0,-43.66,17.700000000000003,39.92,34.480000000000004,-27.93,0.8299999999999983,18.59,29.45,-18.200000000000003,-56.47,73.23,-125.02
2025-08-11T16:13:47.408309,-31.0,57.0,-68.0,52.0,-14.0,-21.0,19.0,-32.0,-86.0,-74.0,28.0,33.0,-32.66,-5.299999999999997,-44.08,36.480000000000004,-29.93,38.83,41.59,-11.55,-30.200000000000003,-87.47,51.230000000000004,9.98
2025-08-11T16:13:47.416330,29.0,81.0,-39.0,30.0,58.0,-22.0,2.0,56.0,-95.0,-28.0,16.0,11.0,27.34,18.700000000000003,-15.079999999999998,14.48,42.07,37.83,24.59,76.45,-39.2,-41.47,39.230000000000004,-12.02
2025-08-11T16:13:47.421374,34.0,142.0,-54.0,3.0,128.0,-77.0,-37.0,-76.0,-117.0,-124.0,46.0,-50.0,32.34,79.7,-30.08,-12.52,112.07,-17.17,-14.41,-55.55,-61.2,-137.47,69.23,-73.02
2025-08-11T16:13:47.428547,109.0,30.0,-36.0,2.0,32.0,-17.0,-14.0,-43.0,-73.0,48.0,-9.0,-80.0,107.34,-32.3,-12.079999999999998,-13.52,16.07,42.83,8.59,-22.55,-17.200000000000003,34.53,14.23,-103.02
2025-08-11T16:13:47.432923,23.0,73.0,32.0,24.0,41.0,-53.0,38.0,-33.0,-46.0,21.0,0.0,-44.0,21.34,10.700000000000003,55.92,8.48,25.07,6.829999999999998,60.59,-12.55,9.799999999999997,7.529999999999999,23.23,-67.02
2025-08-11T16:13:47.440792,-30.0,22.0,50.0,21.0,2.0,-103.0,-47.0,-16.0,-43.0,22.0,-3.0,-22.0,-31.66,-40.3,73.92,5.48,-13.93,-43.17,-24.41,4.449999999999999,12.799999999999997,8.53,20.23,-45.019999999999996
2025-08-11T16:13:47.445121,4.0,109.0,-2.0,-53.0,50.0,23.0,-87.0,-55.0,-68.0,-4.0,45.0,16.0,2.34,46.7,21.92,-68.52,34.07,82.83,-64.41,-34.55,-12.200000000000003,-17.47,68.23,-7.02
2025-08-11T16:13:47.452988,-9.0,75.0,26.0,45.0,-5.0,-96.0,32.0,-5.0,-89.0,-28.0,50.0,-9.0,-10.66,12.700000000000003,49.92,29.48,-20.93,-36.17,54.59,15.45,-33.2,-41.47,73.23,-32.019999999999996
2025-08-11T16:13:47.457871,-10.0,27.0,1.0,-4.0,21.0,-70.0,-33.0,-59.0,-45.0,-10.0,7.0,-24.0,-11.66,-35.3,24.92,-19.52,5.07,-10.170000000000002,-10.41,-38.55,10.799999999999997,-23.47,30.23,-47.019999999999996
2025-08-11T16:13:47.465333,12.0,35.0,43.0,-14.0,74.0,-84.0,-3.0,-4.0,-64.0,-66.0,12.0,31.0,10.34,-27.299999999999997,66.92,-29.52,58.07,-24.17,19.59,16.45,-8.200000000000003,-79.47,35.230000000000004,7.98
2025-08-11T16:13:47.470105,-1.0,132.0,-10.0,41.0,43.0,-89.0,-21.0,-28.0,-65.0,-51.0,-25.0,-15.0,-2.66,69.7,13.920000000000002,25.48,27.07,-29.17,1.5899999999999999,-7.550000000000001,-9.200000000000003,-64.47,-1.7699999999999996,-38.019999999999996
2025-08-11T16:13:47.477595,7.0,81.0,-47.0,25.0,14.0,-117.0,-26.0,-47.0,-42.0,-74.0,82.0,-48.0,5.34,18.700000000000003,-23.08,9.48,-1.9299999999999997,-57.17,-3.41,-26.55,13.799999999999997,-87.47,105.23,-71.02
2025-08-11T16:13:47.481963,132.0,100.0,-40.0,42.0,1.0,-17.0,-11.0,49.0,-54.0,21.0,49.0,-24.0,130.34,37.7,-16.08,26.48,-14.93,42.83,11.59,69.45,1.7999999999999972,7.529999999999999,72.23,-47.019999999999996
2025-08-11T16:13:47.489810,6.0,52.0,-45.0,34.0,42.0,-63.0,7.0,-7.0,-83.0,-55.0,77.0,16.0,4.34,-10.299999999999997,-21.08,18.48,26.07,-3.1700000000000017,29.59,13.45,-27.200000000000003,-68.47,100.23,-7.02
2025-08-11T16:13:47.494507,35.0,62.0,-30.0,3.0,-11.0,-45.0,-37.0,1.0,-96.0,-65.0,23.0,-12.0,33.34,-0.29999999999999716,-6.079999999999998,-12.52,-26.93,14.829999999999998,-14.41,21.45,-40.2,-78.47,46.230000000000004,-35.019999999999996
2025-08-11T16:13:47.502173,71.0,-3.0,-69.0,-8.0,47.0,-58.0,-86.0,-53.0,-34.0,-88.0,108.0,-59.0,69.34,-65.3,-45.08,-23.52,31.07,1.8299999999999983,-63.41,-32.55,21.799999999999997,-101.47,131.23,-82.02
2025-08-11T16:13:47.506739,46.0,24.0,-45.0,-16.0,94.0,-113.0,-56.0,-51.0,-11.0,-32.0,74.0,-29.0,44.34,-38.3,-21.08,-31.52,78.07,-53.17,-33.41,-30.55,44.8,-45.47,97.23,-52.019999999999996
2025-08-11T16:13:47.514441,-62.0,53.0,35.0,13.0,18.0,-94.0,-30.0,18.0,-88.0,-23.0,13.0,-8.0,-63.66,-9.299999999999997,58.92,-2.5199999999999996,2.0700000000000003,-34.17,-7.41,38.45,-32.2,-36.47,36.230000000000004,-31.02
2025-08-11T16:13:47.519191,-32.0,86.0,-1.0,17.0,30.0,-83.0,-21.0,39.0,-60.0,-71.0,56.0,-67.0,-33.66,23.700000000000003,22.92,1.4800000000000004,14.07,-23.17,1.5899999999999999,59.45,-4.200000000000003,-84.47,79.23,-90.02
2025-08-11T16:13:47.526668,-21.0,48.0,-92.0,48.0,-7.0,-55.0,-71.0,14.0,-32.0,-81.0,-35.0,12.0,-22.66,-14.299999999999997,-68.08,32.480000000000004,-22.93,4.829999999999998,-48.41,34.45,23.799999999999997,-94.47,-11.77,-11.02
2025-08-11T16:13:47.531103,49.0,122.0,10.0,-22.0,-10.0,9.0,38.0,19.0,-71.0,-46.0,14.0,-10.0,47.34,59.7,33.92,-37.519999999999996,-25.93,68.83,60.59,39.45,-15.200000000000003,-59.47,37.230000000000004,-33.019999999999996
2025-08-11T16:13:47.538919,56.0,50.0,-27.0,-60.0,15.0,-26.0,-42.0,-10.0,-86.0,-42.0,40.0,-27.0,54.34,-12.299999999999997,-3.0799999999999983,-75.52,-0.9299999999999997,33.83,-19.41,10.45,-30.200000000000003,-55.47,63.230000000000004,-50.019999999999996
2025-08-11T16:13:47.543671,18.0,54.0,42.0,32.0,78.0,-109.0,-3.0,-34.0,-42.0,-54.0,40.0,-4.0,16.34,-8.299999999999997,65.92,16.48,62.07,-49.17,19.59,-13.55,13.799999999999997,-67.47,63.230000000000004,-27.02
2025-08-11T16:13:47.547625,2.0,4.0,26.0,52.0,43.0,-62.0,32.0,21.0,-110.0,-57.0,26.0,-80.0,0.3400000000000001,-58.3,49.92,36.480000000000004,27.07,-2.1700000000000017,54.59,41.45,-54.2,-70.47,49.230000000000004,-103.02
2025-08-11T16:13:47.555900,-49.0,88.0,-57.0,-31.0,-5.0,-75.0,-72.0,6.0,-101.0,-1.0,45.0,-16.0,-50.66,25.700000000000003,-33.08,-46.519999999999996,-20.93,-15.170000000000002,-49.41,26.45,-45.2,-14.47,68.23,-39.019999999999996
2025-08-11T16:13:47.560027,-65.0,108.0,25.0,84.0,-51.0,1.0,-56.0,23.0,-87.0,-35.0,101.0,10.0,-66.66,45.7,48.92,68.48,-66.93,60.83,-33.41,43.45,-31.200000000000003,-48.47,124.23,-13.02
2025-08-11T16:13:47.567870,-15.0,45.0,-44.0,39.0,2.0,-4.0,-19.0,-2.0,-132.0,-33.0,83.0,-37.0,-16.66,-17.299999999999997,-20.08,23.48,-13.93,55.83,3.59,18.45,-76.2,-46.47,106.23,-60.019999999999996
2025-08-11T16:13:47.572158,6.0,135.0,-36.0,11.0,16.0,-29.0,-10.0,-21.0,-72.0,9.0,21.0,-62.0,4.34,72.7,-12.079999999999998,-4.52,0.07000000000000028,30.83,12.59,-0.5500000000000007,-16.200000000000003,-4.470000000000001,44.230000000000004,-85.02
2025-08-11T16:13:47.580328,6.0,31.0,-52.0,4.0,81.0,-115.0,17.0,31.0,-87.0,13.0,8.0,-37.0,4.34,-31.299999999999997,-28.08,-11.52,65.07,-55.17,39.59,51.45,-31.200000000000003,-0.47000000000000064,31.23,-60.019999999999996
2025-08-11T16:13:47.584371,67.0,90.0,-70.0,-33.0,30.0,-107.0,-40.0,-56.0,-87.0,10.0,39.0,6.0,65.34,27.700000000000003,-46.08,-48.519999999999996,14.07,-47.17,-17.41,-35.55,-31.200000000000003,-3.4700000000000006,62.230000000000004,-17.02
2025-08-11T16:13:47.592549,-7.0,12.0,-23.0,60.0,16.0,-109.0,-13.0,-2.0,-33.0,-73.0,20.0,41.0,-8.66,-50.3,0.9200000000000017,44.480000000000004,0.07000000000000028,-49.17,9.59,18.45,22.799999999999997,-86.47,43.230000000000004,17.98
2025-08-11T16:13:47.596624,5.0,29.0,29.0,44.0,35.0,-90.0,-16.0,9.0,-77.0,-54.0,62.0,-34.0,3.34,-33.3,52.92,28.48,19.07,-30.17,6.59,29.45,-21.200000000000003,-67.47,85.23,-57.019999999999996
2025-08-11T16:13:47.604862,13.0,78.0,-7.0,38.0,24.0,-68.0,23.0,12.0,-50.0,-50.0,37.0,-36.0,11.34,15.700000000000003,16.92,22.48,8.07,-8.170000000000002,45.59,32.45,5.799999999999997,-63.47,60.230000000000004,-59.019999999999996
2025-08-11T16:13:47.609619,-61.0,62.0,21.0,14.0,7.0,-19.0,10.0,-29.0,-104.0,-71.0,17.0,9.0,-62.66,-0.29999999999999716,44.92,-1.5199999999999996,-8.93,40.83,32.59,-8.55,-48.2,-84.47,40.230000000000004,-14.02
2025-08-11T16:13:47.617190,-42.0,16.0,-13.0,-69.0,22.0,-22.0,24.0,25.0,-91.0,-78.0,63.0,-53.0,-43.66,-46.3,10.920000000000002,-84.52,6.07,37.83,46.59,45.45,-35.2,-91.47,86.23,-76.02
2025-08-11T16:13:47.621328,-15.0,71.0,-16.0,-4.0,64.0,-72.0,-4.0,-41.0,-52.0,-58.0,51.0,-42.0,-16.66,8.700000000000003,7.920000000000002,-19.52,48.07,-12.170000000000002,18.59,-20.55,3.799999999999997,-71.47,74.23,-65.02
2025-08-11T16:13:47.629414,-69.0,46.0,11.0,-24.0,39.0,-53.0,-54.0,22.0,-43.0,40.0,39.0,-38.0,-70.66,-16.299999999999997,34.92,-39.519999999999996,23.07,6.829999999999998,-31.41,42.45,12.799999999999997,26.53,62.230000000000004,-61.019999999999996
2025-08-11T16:13:47.633798,-36.0,125.0,-32.0,-10.0,26.0,-31.0,-22.0,7.0,-3.0,8.0,69.0,-77.0,-37.66,62.7,-8.079999999999998,-25.52,10.07,28.83,0.5899999999999999,27.45,52.8,-5.470000000000001,92.23,-100.02
2025-08-11T16:13:47.641496,-41.0,89.0,-25.0,42.0,-52.0,-30.0,37.0,-27.0,-50.0,-71.0,47.0,-30.0,-42.66,26.700000000000003,-1.0799999999999983,26.48,-67.93,29.83,59.59,-6.550000000000001,5.799999999999997,-84.47,70.23,-53.019999999999996
