timestamp,x1,y1,z1,x2,y2,z2,x3,y3,z3,x4,y4,z4,x1_calib,y1_calib,z1_calib,x2_calib,y2_calib,z2_calib,x3_calib,y3_calib,z3_calib,x4_calib,y4_calib,z4_calib
2025-07-29T20:55:11.092497,-1.0,91.0,-17.0,-18.0,-31.0,6.0,7.0,-2.0,-67.0,-22.0,26.0,-52.0,-17.69,51.68,1.379999999999999,-20.15,-51.39,11.83,-2.51,-18.45,-45.019999999999996,-18.25,33.26,-24.8
2025-07-29T20:55:11.096655,10.0,47.0,-63.0,-17.0,11.0,-15.0,-74.0,80.0,-63.0,-10.0,26.0,-50.0,-6.690000000000001,7.68,-44.620000000000005,-19.15,-9.39,-9.17,-83.51,63.55,-41.019999999999996,-6.25,33.26,-22.8
2025-07-29T20:55:11.104788,67.0,49.0,-9.0,-20.0,58.0,27.0,51.0,52.0,-41.0,-14.0,-77.0,-65.0,50.31,9.68,9.379999999999999,-22.15,37.61,32.83,41.49,35.55,-19.02,-10.25,-69.74,-37.8
2025-07-29T20:55:11.109932,38.0,6.0,-28.0,8.0,-13.0,-18.0,-10.0,33.0,41.0,43.0,-42.0,-79.0,21.31,-33.32,-9.620000000000001,5.85,-33.39,-12.17,-19.509999999999998,16.55,62.980000000000004,46.75,-34.74,-51.8
2025-07-29T20:55:11.113589,65.0,51.0,-31.0,14.0,17.0,-33.0,-30.0,40.0,-60.0,22.0,-32.0,-3.0,48.31,11.68,-12.620000000000001,11.85,-3.3900000000000006,-27.17,-39.51,23.55,-38.019999999999996,25.75,-24.740000000000002,24.2
2025-07-29T20:55:11.121533,-1.0,-50.0,-25.0,-19.0,44.0,15.0,12.0,-7.0,-25.0,6.0,-20.0,23.0,-17.69,-89.32,-6.620000000000001,-21.15,23.61,20.83,2.49,-23.45,-3.0199999999999996,9.75,-12.74,50.2
2025-07-29T20:55:11.125781,-12.0,1.0,11.0,48.0,-17.0,-49.0,52.0,75.0,-8.0,18.0,-42.0,-65.0,-28.69,-38.32,29.38,45.85,-37.39,-43.17,42.49,58.55,13.98,21.75,-34.74,-37.8
2025-07-29T20:55:11.133527,-23.0,-58.0,20.0,33.0,-16.0,23.0,4.0,29.0,-34.0,-26.0,-6.0,-24.0,-39.69,-97.32,38.379999999999995,30.85,-36.39,28.83,-5.51,12.55,-12.02,-22.25,1.2599999999999998,3.1999999999999993
2025-07-29T20:55:11.138074,-11.0,85.0,3.0,1.0,10.0,17.0,23.0,20.0,29.0,-22.0,-64.0,-19.0,-27.69,45.68,21.38,-1.15,-10.39,22.83,13.49,3.5500000000000007,50.980000000000004,-18.25,-56.74,8.2
2025-07-29T20:55:11.145713,40.0,24.0,-33.0,-63.0,24.0,2.0,-3.0,-42.0,23.0,27.0,-15.0,19.0,23.31,-15.32,-14.620000000000001,-65.15,3.6099999999999994,7.83,-12.51,-58.45,44.980000000000004,30.75,-7.74,46.2
2025-07-29T20:55:11.150191,-16.0,88.0,61.0,-24.0,13.0,-94.0,-14.0,-5.0,25.0,-13.0,39.0,-46.0,-32.69,48.68,79.38,-26.15,-7.390000000000001,-88.17,-23.509999999999998,-21.45,46.980000000000004,-9.25,46.26,-18.8
2025-07-29T20:55:11.158220,-43.0,13.0,-33.0,-21.0,9.0,-52.0,71.0,14.0,41.0,34.0,-7.0,-28.0,-59.69,-26.32,-14.620000000000001,-23.15,-11.39,-46.17,61.49,-2.4499999999999993,62.980000000000004,37.75,0.2599999999999998,-0.8000000000000007
2025-07-29T20:55:11.162281,-34.0,-15.0,44.0,1.0,-16.0,9.0,11.0,34.0,-33.0,-31.0,44.0,-26.0,-50.69,-54.32,62.379999999999995,-1.15,-36.39,14.83,1.4900000000000002,17.55,-11.02,-27.25,51.26,1.1999999999999993
2025-07-29T20:55:11.170680,31.0,-25.0,52.0,-14.0,73.0,-54.0,2.0,-10.0,-79.0,-15.0,31.0,-46.0,14.309999999999999,-64.32,70.38,-16.15,52.61,-48.17,-7.51,-26.45,-57.019999999999996,-11.25,38.26,-18.8
2025-07-29T20:55:11.176068,-17.0,1.0,-37.0,-23.0,54.0,37.0,-4.0,77.0,-71.0,0.0,45.0,-27.0,-33.69,-38.32,-18.62,-25.15,33.61,42.83,-13.51,60.55,-49.019999999999996,3.75,52.26,0.1999999999999993
2025-07-29T20:55:11.182786,-10.0,-12.0,41.0,-19.0,67.0,7.0,36.0,58.0,-16.0,-35.0,-7.0,-2.0,-26.69,-51.32,59.379999999999995,-21.15,46.61,12.83,26.490000000000002,41.55,5.98,-31.25,0.2599999999999998,25.2
2025-07-29T20:55:11.188599,11.0,-49.0,4.0,-19.0,2.0,65.0,-25.0,31.0,-67.0,-26.0,27.0,-99.0,-5.690000000000001,-88.32,22.38,-21.15,-18.39,70.83,-34.51,14.55,-45.019999999999996,-22.25,34.26,-71.8
2025-07-29T20:55:11.195239,49.0,74.0,-17.0,24.0,35.0,-30.0,56.0,-9.0,-43.0,12.0,40.0,-43.0,32.31,34.68,1.379999999999999,21.85,14.61,-24.17,46.49,-25.45,-21.02,15.75,47.26,-15.8
2025-07-29T20:55:11.199780,36.0,32.0,-38.0,67.0,54.0,-62.0,-16.0,12.0,-42.0,76.0,-12.0,-56.0,19.31,-7.32,-19.62,64.85,33.61,-56.17,-25.509999999999998,-4.449999999999999,-20.02,79.75,-4.74,-28.8
2025-07-29T20:55:11.207232,-12.0,99.0,-16.0,12.0,22.0,34.0,67.0,21.0,11.0,-88.0,61.0,19.0,-28.69,59.68,2.379999999999999,9.85,1.6099999999999994,39.83,57.49,4.550000000000001,32.980000000000004,-84.25,68.26,46.2
2025-07-29T20:55:11.211395,40.0,86.0,-22.0,24.0,31.0,-7.0,-6.0,45.0,8.0,-3.0,-35.0,21.0,23.31,46.68,-3.620000000000001,21.85,10.61,-1.17,-15.51,28.55,29.98,0.75,-27.740000000000002,48.2
2025-07-29T20:55:11.219541,-44.0,26.0,11.0,-36.0,17.0,-10.0,-38.0,32.0,-32.0,-33.0,-18.0,-18.0,-60.69,-13.32,29.38,-38.15,-3.3900000000000006,-4.17,-47.51,15.55,-10.02,-29.25,-10.74,9.2
2025-07-29T20:55:11.223938,-20.0,23.0,15.0,45.0,-3.0,-4.0,-33.0,48.0,48.0,45.0,-5.0,-24.0,-36.69,-16.32,33.379999999999995,42.85,-23.39,1.83,-42.51,31.55,69.98,48.75,2.26,3.1999999999999993
2025-07-29T20:55:11.232359,-11.0,-30.0,-12.0,-3.0,-9.0,13.0,-42.0,22.0,-10.0,-66.0,-19.0,1.0,-27.69,-69.32,6.379999999999999,-5.15,-29.39,18.83,-51.51,5.550000000000001,11.98,-62.25,-11.74,28.2
2025-07-29T20:55:11.236482,29.0,41.0,4.0,-70.0,8.0,-83.0,34.0,15.0,-26.0,31.0,26.0,24.0,12.309999999999999,1.6799999999999997,22.38,-72.15,-12.39,-77.17,24.490000000000002,-1.4499999999999993,-4.02,34.75,33.26,51.2
2025-07-29T20:55:11.244042,30.0,9.0,5.0,-31.0,61.0,-5.0,28.0,20.0,5.0,-42.0,31.0,-22.0,13.309999999999999,-30.32,23.38,-33.15,40.61,0.8300000000000001,18.490000000000002,3.5500000000000007,26.98,-38.25,38.26,5.199999999999999
2025-07-29T20:55:11.248971,50.0,-27.0,-11.0,-26.0,-5.0,-25.0,21.0,-10.0,-40.0,-8.0,-46.0,-66.0,33.31,-66.32,7.379999999999999,-28.15,-25.39,-19.17,11.49,-26.45,-18.02,-4.25,-38.74,-38.8
2025-07-29T20:55:11.256306,22.0,77.0,-52.0,-28.0,12.0,12.0,-62.0,80.0,42.0,-55.0,30.0,14.0,5.309999999999999,37.68,-33.620000000000005,-30.15,-8.39,17.83,-71.51,63.55,63.980000000000004,-51.25,37.26,41.2
2025-07-29T20:55:11.261237,-4.0,-5.0,-1.0,-4.0,41.0,6.0,-2.0,-19.0,-51.0,-46.0,15.0,-34.0,-20.69,-44.32,17.38,-6.15,20.61,11.83,-11.51,-35.45,-29.02,-42.25,22.259999999999998,-6.800000000000001
2025-07-29T20:55:11.268771,50.0,14.0,23.0,10.0,-29.0,-42.0,1.0,-3.0,-30.0,-26.0,-51.0,-17.0,33.31,-25.32,41.379999999999995,7.85,-49.39,-36.17,-8.51,-19.45,-8.02,-22.25,-43.74,10.2
2025-07-29T20:55:11.272876,14.0,38.0,-64.0,31.0,15.0,12.0,6.0,62.0,-27.0,-8.0,35.0,-38.0,-2.6900000000000013,-1.3200000000000003,-45.620000000000005,28.85,-5.390000000000001,17.83,-3.51,45.55,-5.02,-4.25,42.26,-10.8
2025-07-29T20:55:11.280908,53.0,7.0,-20.0,-52.0,33.0,-13.0,104.0,8.0,-69.0,-76.0,12.0,-73.0,36.31,-32.32,-1.620000000000001,-54.15,12.61,-7.17,94.49,-8.45,-47.019999999999996,-72.25,19.259999999999998,-45.8
2025-07-29T20:55:11.285154,87.0,40.0,29.0,14.0,46.0,62.0,18.0,-20.0,-113.0,25.0,-4.0,-62.0,70.31,0.6799999999999997,47.379999999999995,11.85,25.61,67.83,8.49,-36.45,-91.02,28.75,3.26,-34.8
2025-07-29T20:55:11.293202,3.0,-7.0,13.0,-8.0,-37.0,-15.0,-72.0,-9.0,-17.0,10.0,-71.0,22.0,-13.690000000000001,-46.32,31.38,-10.15,-57.39,-9.17,-81.51,-25.45,4.98,13.75,-63.74,49.2
2025-07-29T20:55:11.297315,30.0,-23.0,-6.0,32.0,64.0,-7.0,78.0,16.0,40.0,44.0,25.0,-52.0,13.309999999999999,-62.32,12.379999999999999,29.85,43.61,-1.17,68.49,-0.4499999999999993,61.980000000000004,47.75,32.26,-24.8
2025-07-29T20:55:11.301507,-12.0,35.0,-9.0,3.0,18.0,-16.0,-74.0,31.0,-53.0,-29.0,-28.0,24.0,-28.69,-4.32,9.379999999999999,0.8500000000000001,-2.3900000000000006,-10.17,-83.51,14.55,-31.02,-25.25,-20.740000000000002,51.2
2025-07-29T20:55:11.309757,29.0,59.0,12.0,7.0,52.0,-32.0,-38.0,5.0,-19.0,36.0,-37.0,-40.0,12.309999999999999,19.68,30.38,4.85,31.61,-26.17,-47.51,-11.45,2.9800000000000004,39.75,-29.740000000000002,-12.8
2025-07-29T20:55:11.313843,-13.0,87.0,27.0,-1.0,36.0,60.0,-33.0,-16.0,32.0,56.0,-75.0,-71.0,-29.69,47.68,45.379999999999995,-3.15,15.61,65.83,-42.51,-32.45,53.980000000000004,59.75,-67.74,-43.8
2025-07-29T20:55:11.322585,11.0,40.0,-39.0,-37.0,-29.0,10.0,-49.0,71.0,-7.0,47.0,-79.0,16.0,-5.690000000000001,0.6799999999999997,-20.62,-39.15,-49.39,15.83,-58.51,54.55,14.98,50.75,-71.74,43.2
2025-07-29T20:55:11.326560,32.0,3.0,-42.0,3.0,-2.0,0.0,45.0,61.0,5.0,-7.0,27.0,-9.0,15.309999999999999,-36.32,-23.62,0.8500000000000001,-22.39,5.83,35.49,44.55,26.98,-3.25,34.26,18.2
2025-07-29T20:55:11.334341,39.0,107.0,-37.0,-50.0,33.0,-52.0,12.0,65.0,-32.0,45.0,28.0,-30.0,22.31,67.68,-18.62,-52.15,12.61,-46.17,2.49,48.55,-10.02,48.75,35.26,-2.8000000000000007
2025-07-29T20:55:11.338736,67.0,52.0,-3.0,-37.0,0.0,62.0,21.0,-5.0,-40.0,-50.0,13.0,-124.0,50.31,12.68,15.379999999999999,-39.15,-20.39,67.83,11.49,-21.45,-18.02,-46.25,20.259999999999998,-96.8
2025-07-29T20:55:11.346988,33.0,112.0,14.0,-12.0,54.0,14.0,87.0,23.0,-71.0,37.0,15.0,-27.0,16.31,72.68,32.379999999999995,-14.15,33.61,19.83,77.49,6.550000000000001,-49.019999999999996,40.75,22.259999999999998,0.1999999999999993
2025-07-29T20:55:11.350717,71.0,8.0,-4.0,66.0,38.0,-46.0,68.0,-47.0,-21.0,-47.0,53.0,-22.0,54.31,-31.32,14.379999999999999,63.85,17.61,-40.17,58.49,-63.45,0.9800000000000004,-43.25,60.26,5.199999999999999
2025-07-29T20:55:11.359262,1.0,59.0,-51.0,-40.0,-10.0,-61.0,49.0,23.0,-18.0,-25.0,9.0,-68.0,-15.690000000000001,19.68,-32.620000000000005,-42.15,-30.39,-55.17,39.49,6.550000000000001,3.9800000000000004,-21.25,16.259999999999998,-40.8
2025-07-29T20:55:11.362953,76.0,-32.0,-34.0,-60.0,15.0,-37.0,-19.0,85.0,-19.0,-22.0,0.0,-2.0,59.31,-71.32,-15.620000000000001,-62.15,-5.390000000000001,-31.17,-28.509999999999998,68.55,2.9800000000000004,-18.25,7.26,25.2
2025-07-29T20:55:11.371231,47.0,42.0,-67.0,-6.0,50.0,18.0,-31.0,54.0,30.0,47.0,-12.0,-29.0,30.31,2.6799999999999997,-48.620000000000005,-8.15,29.61,23.83,-40.51,37.55,51.980000000000004,50.75,-4.74,-1.8000000000000007
2025-07-29T20:55:11.375543,56.0,30.0,-35.0,35.0,54.0,23.0,-50.0,95.0,10.0,-46.0,-27.0,27.0,39.31,-9.32,-16.62,32.85,33.61,28.83,-59.51,78.55,31.98,-42.25,-19.740000000000002,54.2
2025-07-29T20:55:11.383605,41.0,41.0,1.0,-18.0,29.0,-41.0,22.0,14.0,-42.0,-30.0,-53.0,-73.0,24.31,1.6799999999999997,19.38,-20.15,8.61,-35.17,12.49,-2.4499999999999993,-20.02,-26.25,-45.74,-45.8
2025-07-29T20:55:11.388345,84.0,44.0,-51.0,-7.0,25.0,68.0,-123.0,56.0,-19.0,14.0,17.0,-18.0,67.31,4.68,-32.620000000000005,-9.15,4.609999999999999,73.83,-132.51,39.55,2.9800000000000004,17.75,24.259999999999998,9.2
2025-07-29T20:55:11.395665,20.0,40.0,21.0,0.0,-53.0,36.0,-9.0,15.0,-55.0,-20.0,37.0,-51.0,3.3099999999999987,0.6799999999999997,39.379999999999995,-2.15,-73.39,41.83,-18.509999999999998,-1.4499999999999993,-33.019999999999996,-16.25,44.26,-23.8
2025-07-29T20:55:11.399850,1.0,43.0,-6.0,21.0,27.0,-14.0,38.0,4.0,-102.0,-34.0,-11.0,-74.0,-15.690000000000001,3.6799999999999997,12.379999999999999,18.85,6.609999999999999,-8.17,28.490000000000002,-12.45,-80.02,-30.25,-3.74,-46.8
2025-07-29T20:55:11.407838,-55.0,96.0,-24.0,65.0,-4.0,-34.0,20.0,6.0,-3.0,32.0,37.0,-47.0,-71.69,56.68,-5.620000000000001,62.85,-24.39,-28.17,10.49,-10.45,18.98,35.75,44.26,-19.8
2025-07-29T20:55:11.413150,-54.0,14.0,42.0,63.0,17.0,-9.0,59.0,53.0,31.0,-16.0,-28.0,-38.0,-70.69,-25.32,60.379999999999995,60.85,-3.3900000000000006,-3.17,49.49,36.55,52.980000000000004,-12.25,-20.740000000000002,-10.8
2025-07-29T20:55:11.420244,11.0,40.0,-5.0,91.0,104.0,-2.0,33.0,-36.0,23.0,-6.0,-30.0,-47.0,-5.690000000000001,0.6799999999999997,13.379999999999999,88.85,83.61,3.83,23.490000000000002,-52.45,44.980000000000004,-2.25,-22.740000000000002,-19.8
2025-07-29T20:55:11.425027,-22.0,133.0,1.0,-27.0,40.0,-40.0,-96.0,18.0,-41.0,28.0,2.0,-66.0,-38.69,93.68,19.38,-29.15,19.61,-34.17,-105.51,1.5500000000000007,-19.02,31.75,9.26,-38.8
2025-07-29T20:55:11.432610,11.0,49.0,31.0,-18.0,91.0,15.0,29.0,-11.0,-23.0,13.0,-54.0,-11.0,-5.690000000000001,9.68,49.379999999999995,-20.15,70.61,20.83,19.490000000000002,-27.45,-1.0199999999999996,16.75,-46.74,16.2
2025-07-29T20:55:11.436929,26.0,68.0,-31.0,-33.0,35.0,4.0,-38.0,16.0,8.0,-43.0,-16.0,-4.0,9.309999999999999,28.68,-12.620000000000001,-35.15,14.61,9.83,-47.51,-0.4499999999999993,29.98,-39.25,-8.74,23.2
2025-07-29T20:55:11.444853,52.0,46.0,-20.0,-53.0,-10.0,19.0,-27.0,-50.0,-25.0,14.0,-62.0,-32.0,35.31,6.68,-1.620000000000001,-55.15,-30.39,24.83,-36.51,-66.45,-3.0199999999999996,17.75,-54.74,-4.800000000000001
2025-07-29T20:55:11.448940,23.0,57.0,-11.0,-80.0,99.0,28.0,30.0,29.0,9.0,5.0,13.0,-55.0,6.309999999999999,17.68,7.379999999999999,-82.15,78.61,33.83,20.490000000000002,12.55,30.98,8.75,20.259999999999998,-27.8
2025-07-29T20:55:11.457504,24.0,67.0,-23.0,33.0,20.0,5.0,21.0,-22.0,-18.0,-88.0,-16.0,-39.0,7.309999999999999,27.68,-4.620000000000001,30.85,-0.39000000000000057,10.83,11.49,-38.45,3.9800000000000004,-84.25,-8.74,-11.8
2025-07-29T20:55:11.462115,75.0,-7.0,-51.0,-51.0,22.0,-19.0,5.0,36.0,-1.0,45.0,36.0,-41.0,58.31,-46.32,-32.620000000000005,-53.15,1.6099999999999994,-13.17,-4.51,19.55,20.98,48.75,43.26,-13.8
2025-07-29T20:55:11.469381,75.0,-14.0,-21.0,50.0,50.0,68.0,33.0,-53.0,7.0,1.0,23.0,-132.0,58.31,-53.32,-2.620000000000001,47.85,29.61,73.83,23.490000000000002,-69.45,28.98,4.75,30.259999999999998,-104.8
2025-07-29T20:55:11.474239,12.0,6.0,-22.0,25.0,-4.0,-1.0,-28.0,30.0,-44.0,60.0,-51.0,-11.0,-4.690000000000001,-33.32,-3.620000000000001,22.85,-24.39,4.83,-37.51,13.55,-22.02,63.75,-43.74,16.2
2025-07-29T20:55:11.481728,51.0,30.0,-28.0,42.0,18.0,-34.0,-3.0,-2.0,-23.0,2.0,22.0,-63.0,34.31,-9.32,-9.620000000000001,39.85,-2.3900000000000006,-28.17,-12.51,-18.45,-1.0199999999999996,5.75,29.259999999999998,-35.8
2025-07-29T20:55:11.486095,13.0,18.0,-7.0,18.0,35.0,-42.0,21.0,14.0,-41.0,14.0,45.0,-27.0,-3.6900000000000013,-21.32,11.379999999999999,15.85,14.61,-36.17,11.49,-2.4499999999999993,-19.02,17.75,52.26,0.1999999999999993
2025-07-29T20:55:11.494170,39.0,0.0,15.0,-14.0,-16.0,-23.0,0.0,-9.0,49.0,5.0,-26.0,-37.0,22.31,-39.32,33.379999999999995,-16.15,-36.39,-17.17,-9.51,-25.45,70.98,8.75,-18.740000000000002,-9.8
2025-07-29T20:55:11.498662,49.0,4.0,-59.0,4.0,47.0,49.0,5.0,2.0,-55.0,7.0,29.0,-83.0,32.31,-35.32,-40.620000000000005,1.85,26.61,54.83,-4.51,-14.45,-33.019999999999996,10.75,36.26,-55.8
2025-07-29T20:55:11.502220,23.0,70.0,-82.0,19.0,45.0,-38.0,-3.0,7.0,0.0,17.0,22.0,-74.0,6.309999999999999,30.68,-63.620000000000005,16.85,24.61,-32.17,-12.51,-9.45,21.98,20.75,29.259999999999998,-46.8
2025-07-29T20:55:11.510629,-1.0,18.0,17.0,-13.0,44.0,-28.0,0.0,10.0,-3.0,84.0,20.0,-43.0,-17.69,-21.32,35.379999999999995,-15.15,23.61,-22.17,-9.51,-6.449999999999999,18.98,87.75,27.259999999999998,-15.8
2025-07-29T20:55:11.514783,54.0,15.0,-22.0,33.0,14.0,-4.0,26.0,-15.0,9.0,57.0,-16.0,-34.0,37.31,-24.32,-3.620000000000001,30.85,-6.390000000000001,1.83,16.490000000000002,-31.45,30.98,60.75,-8.74,-6.800000000000001
2025-07-29T20:55:11.522800,65.0,28.0,-1.0,13.0,2.0,8.0,-23.0,81.0,-21.0,53.0,-27.0,-65.0,48.31,-11.32,17.38,10.85,-18.39,13.83,-32.51,64.55,0.9800000000000004,56.75,-19.740000000000002,-37.8
2025-07-29T20:55:11.526912,10.0,13.0,35.0,24.0,-10.0,-47.0,-14.0,54.0,73.0,48.0,-76.0,-87.0,-6.690000000000001,-26.32,53.379999999999995,21.85,-30.39,-41.17,-23.509999999999998,37.55,94.98,51.75,-68.74,-59.8
2025-07-29T20:55:11.534991,7.0,-1.0,-11.0,-47.0,42.0,23.0,-59.0,65.0,-83.0,65.0,-72.0,-74.0,-9.690000000000001,-40.32,7.379999999999999,-49.15,21.61,28.83,-68.51,48.55,-61.019999999999996,68.75,-64.74,-46.8
2025-07-29T20:55:11.539100,44.0,-18.0,20.0,-57.0,-2.0,-15.0,-54.0,49.0,-19.0,-6.0,-1.0,-2.0,27.31,-57.32,38.379999999999995,-59.15,-22.39,-9.17,-63.51,32.55,2.9800000000000004,-2.25,6.26,25.2
2025-07-29T20:55:11.547731,-35.0,-18.0,29.0,44.0,87.0,-24.0,30.0,59.0,-12.0,9.0,-11.0,-37.0,-51.69,-57.32,47.379999999999995,41.85,66.61,-18.17,20.490000000000002,42.55,9.98,12.75,-3.74,-9.8
2025-07-29T20:55:11.552095,29.0,70.0,9.0,32.0,95.0,-3.0,-43.0,19.0,-36.0,62.0,-19.0,14.0,12.309999999999999,30.68,27.38,29.85,74.61,2.83,-52.51,2.5500000000000007,-14.02,65.75,-11.74,41.2
2025-07-29T20:55:11.559508,-6.0,60.0,16.0,11.0,20.0,-24.0,-10.0,-13.0,-49.0,3.0,65.0,-29.0,-22.69,20.68,34.379999999999995,8.85,-0.39000000000000057,-18.17,-19.509999999999998,-29.45,-27.02,6.75,72.26,-1.8000000000000007
2025-07-29T20:55:11.563647,-31.0,61.0,3.0,24.0,34.0,0.0,54.0,-51.0,-36.0,54.0,-96.0,-56.0,-47.69,21.68,21.38,21.85,13.61,5.83,44.49,-67.45,-14.02,57.75,-88.74,-28.8
2025-07-29T20:55:11.572162,44.0,5.0,-3.0,13.0,-12.0,-4.0,26.0,-40.0,-39.0,-9.0,-4.0,-6.0,27.31,-34.32,15.379999999999999,10.85,-32.39,1.83,16.490000000000002,-56.45,-17.02,-5.25,3.26,21.2
2025-07-29T20:55:11.576076,21.0,-3.0,-39.0,-49.0,57.0,-12.0,2.0,-7.0,-9.0,83.0,3.0,-31.0,4.309999999999999,-42.32,-20.62,-51.15,36.61,-6.17,-7.51,-23.45,12.98,86.75,10.26,-3.8000000000000007
2025-07-29T20:55:11.583960,40.0,58.0,-14.0,6.0,34.0,69.0,-23.0,15.0,-59.0,1.0,7.0,-73.0,23.31,18.68,4.379999999999999,3.85,13.61,74.83,-32.51,-1.4499999999999993,-37.019999999999996,4.75,14.26,-45.8
2025-07-29T20:55:11.588895,38.0,18.0,-38.0,-45.0,-47.0,0.0,33.0,15.0,47.0,13.0,10.0,-73.0,21.31,-21.32,-19.62,-47.15,-67.39,5.83,23.490000000000002,-1.4499999999999993,68.98,16.75,17.259999999999998,-45.8
2025-07-29T20:55:11.596258,-11.0,92.0,11.0,-92.0,16.0,0.0,-36.0,-23.0,-6.0,50.0,14.0,-41.0,-27.69,52.68,29.38,-94.15,-4.390000000000001,5.83,-45.51,-39.45,15.98,53.75,21.259999999999998,-13.8
2025-07-29T20:55:11.600801,-18.0,77.0,-3.0,-46.0,53.0,39.0,-9.0,24.0,26.0,34.0,-49.0,6.0,-34.69,37.68,15.379999999999999,-48.15,32.61,44.83,-18.509999999999998,7.550000000000001,47.980000000000004,37.75,-41.74,33.2
2025-07-29T20:55:11.608566,-46.0,57.0,2.0,-6.0,24.0,2.0,-27.0,38.0,-29.0,1.0,15.0,-97.0,-62.69,17.68,20.38,-8.15,3.6099999999999994,7.83,-36.51,21.55,-7.02,4.75,22.259999999999998,-69.8
2025-07-29T20:55:11.613261,-33.0,42.0,-21.0,-2.0,55.0,3.0,19.0,-6.0,30.0,52.0,-41.0,11.0,-49.69,2.6799999999999997,-2.620000000000001,-4.15,34.61,8.83,9.49,-22.45,51.980000000000004,55.75,-33.74,38.2
2025-07-29T20:55:11.620827,18.0,59.0,9.0,-47.0,32.0,9.0,-30.0,41.0,10.0,56.0,-18.0,-39.0,1.3099999999999987,19.68,27.38,-49.15,11.61,14.83,-39.51,24.55,31.98,59.75,-10.74,-11.8
2025-07-29T20:55:11.625725,-19.0,88.0,44.0,21.0,12.0,-13.0,-42.0,59.0,-86.0,41.0,-50.0,4.0,-35.69,48.68,62.379999999999995,18.85,-8.39,-7.17,-51.51,42.55,-64.02,44.75,-42.74,31.2
2025-07-29T20:55:11.633235,-31.0,110.0,37.0,7.0,60.0,-20.0,-42.0,-11.0,59.0,-39.0,-28.0,9.0,-47.69,70.68,55.379999999999995,4.85,39.61,-14.17,-51.51,-27.45,80.98,-35.25,-20.740000000000002,36.2
2025-07-29T20:55:11.637842,26.0,10.0,-7.0,-23.0,-42.0,38.0,47.0,-7.0,-28.0,-42.0,42.0,18.0,9.309999999999999,-29.32,11.379999999999999,-25.15,-62.39,43.83,37.49,-23.45,-6.02,-38.25,49.26,45.2
2025-07-29T20:55:11.645462,-21.0,92.0,-53.0,-60.0,90.0,4.0,12.0,21.0,-18.0,-49.0,-62.0,-61.0,-37.69,52.68,-34.620000000000005,-62.15,69.61,9.83,2.49,4.550000000000001,3.9800000000000004,-45.25,-54.74,-33.8
2025-07-29T20:55:11.650148,-26.0,64.0,-98.0,35.0,-41.0,56.0,-7.0,-67.0,-33.0,-8.0,16.0,-66.0,-42.69,24.68,-79.62,32.85,-61.39,61.83,-16.509999999999998,-83.45,-11.02,-4.25,23.259999999999998,-38.8
2025-07-29T20:55:11.657781,-46.0,32.0,-35.0,74.0,-38.0,-16.0,69.0,-10.0,-53.0,-12.0,72.0,-25.0,-62.69,-7.32,-16.62,71.85,-58.39,-10.17,59.49,-26.45,-31.02,-8.25,79.26,2.1999999999999993
2025-07-29T20:55:11.662531,18.0,41.0,-51.0,20.0,-4.0,-33.0,58.0,34.0,-14.0,-26.0,-18.0,13.0,1.3099999999999987,1.6799999999999997,-32.620000000000005,17.85,-24.39,-27.17,48.49,17.55,7.98,-22.25,-10.74,40.2
2025-07-29T20:55:11.670193,15.0,-48.0,-5.0,-42.0,53.0,-39.0,-30.0,42.0,-4.0,49.0,-42.0,-23.0,-1.6900000000000013,-87.32,13.379999999999999,-44.15,32.61,-33.17,-39.51,25.55,17.98,52.75,-34.74,4.199999999999999
2025-07-29T20:55:11.674935,20.0,-4.0,-20.0,-13.0,56.0,12.0,-22.0,36.0,-19.0,-25.0,33.0,-44.0,3.3099999999999987,-43.32,-1.620000000000001,-15.15,35.61,17.83,-31.509999999999998,19.55,2.9800000000000004,-21.25,40.26,-16.8
2025-07-29T20:55:11.679299,56.0,30.0,-16.0,2.0,65.0,4.0,-17.0,31.0,-6.0,0.0,-18.0,-7.0,39.31,-9.32,2.379999999999999,-0.1499999999999999,44.61,9.83,-26.509999999999998,14.55,15.98,3.75,-10.74,20.2
2025-07-29T20:55:11.686495,14.0,76.0,-42.0,35.0,39.0,-32.0,-10.0,28.0,-61.0,24.0,17.0,-49.0,-2.6900000000000013,36.68,-23.62,32.85,18.61,-26.17,-19.509999999999998,11.55,-39.019999999999996,27.75,24.259999999999998,-21.8
2025-07-29T20:55:11.690617,-82.0,73.0,-15.0,8.0,15.0,-4.0,-2.0,8.0,-26.0,12.0,14.0,-13.0,-98.69,33.68,3.379999999999999,5.85,-5.390000000000001,1.83,-11.51,-8.45,-4.02,15.75,21.259999999999998,14.2
2025-07-29T20:55:11.698792,1.0,10.0,5.0,4.0,64.0,20.0,69.0,49.0,29.0,-39.0,-4.0,-99.0,-15.690000000000001,-29.32,23.38,1.85,43.61,25.83,59.49,32.55,50.980000000000004,-35.25,3.26,-71.8
2025-07-29T20:55:11.703324,58.0,61.0,17.0,-1.0,104.0,-47.0,7.0,22.0,51.0,-17.0,7.0,10.0,41.31,21.68,35.379999999999995,-3.15,83.61,-41.17,-2.51,5.550000000000001,72.98,-13.25,14.26,37.2
2025-07-29T20:55:11.711197,7.0,-72.0,-3.0,6.0,38.0,-49.0,-25.0,-14.0,4.0,-52.0,44.0,47.0,-9.690000000000001,-111.32,15.379999999999999,3.85,17.61,-43.17,-34.51,-30.45,25.98,-48.25,51.26,74.2
2025-07-29T20:55:11.715425,12.0,15.0,2.0,30.0,33.0,6.0,-11.0,31.0,-46.0,-5.0,24.0,11.0,-4.690000000000001,-24.32,20.38,27.85,12.61,11.83,-20.509999999999998,14.55,-24.02,-1.25,31.259999999999998,38.2
2025-07-29T20:55:11.723466,72.0,62.0,-21.0,3.0,21.0,1.0,-16.0,0.0,-55.0,-29.0,-12.0,12.0,55.31,22.68,-2.620000000000001,0.8500000000000001,0.6099999999999994,6.83,-25.509999999999998,-16.45,-33.019999999999996,-25.25,-4.74,39.2
2025-07-29T20:55:11.728958,-19.0,22.0,-15.0,-56.0,44.0,8.0,-26.0,54.0,-1.0,-51.0,37.0,6.0,-35.69,-17.32,3.379999999999999,-58.15,23.61,13.83,-35.51,37.55,20.98,-47.25,44.26,33.2
2025-07-29T20:55:11.736325,15.0,-10.0,66.0,-13.0,-23.0,-37.0,-22.0,-6.0,11.0,13.0,27.0,-38.0,-1.6900000000000013,-49.32,84.38,-15.15,-43.39,-31.17,-31.509999999999998,-22.45,32.980000000000004,16.75,34.26,-10.8
2025-07-29T20:55:11.740089,91.0,-23.0,-5.0,11.0,75.0,49.0,-4.0,7.0,-63.0,-42.0,-12.0,25.0,74.31,-62.32,13.379999999999999,8.85,54.61,54.83,-13.51,-9.45,-41.019999999999996,-38.25,-4.74,52.2
2025-07-29T20:55:11.748529,17.0,-1.0,-32.0,-9.0,-12.0,-27.0,74.0,4.0,-71.0,-37.0,-23.0,-42.0,0.3099999999999987,-40.32,-13.620000000000001,-11.15,-32.39,-21.17,64.49,-12.45,-49.019999999999996,-33.25,-15.74,-14.8
2025-07-29T20:55:11.752395,16.0,-9.0,-86.0,-2.0,-27.0,-64.0,-28.0,9.0,-41.0,-27.0,-8.0,8.0,-0.6900000000000013,-48.32,-67.62,-4.15,-47.39,-58.17,-37.51,-7.449999999999999,-19.02,-23.25,-0.7400000000000002,35.2
2025-07-29T20:55:11.760059,-2.0,13.0,-16.0,15.0,-29.0,-10.0,41.0,6.0,-35.0,24.0,18.0,-18.0,-18.69,-26.32,2.379999999999999,12.85,-49.39,-4.17,31.490000000000002,-10.45,-13.02,27.75,25.259999999999998,9.2
2025-07-29T20:55:11.765590,61.0,-35.0,23.0,-18.0,68.0,-4.0,5.0,-19.0,-18.0,32.0,10.0,-67.0,44.31,-74.32,41.379999999999995,-20.15,47.61,1.83,-4.51,-35.45,3.9800000000000004,35.75,17.259999999999998,-39.8
2025-07-29T20:55:11.772579,23.0,80.0,13.0,16.0,84.0,-16.0,19.0,-15.0,-60.0,-21.0,110.0,-12.0,6.309999999999999,40.68,31.38,13.85,63.61,-10.17,9.49,-31.45,-38.019999999999996,-17.25,117.26,15.2
2025-07-29T20:55:11.776699,2.0,69.0,44.0,53.0,28.0,-8.0,-14.0,-7.0,1.0,37.0,21.0,-20.0,-14.690000000000001,29.68,62.379999999999995,50.85,7.609999999999999,-2.17,-23.509999999999998,-23.45,22.98,40.75,28.259999999999998,7.199999999999999
2025-07-29T20:55:11.784906,22.0,44.0,-31.0,-71.0,48.0,-17.0,21.0,11.0,-1.0,46.0,19.0,-30.0,5.309999999999999,4.68,-12.620000000000001,-73.15,27.61,-11.17,11.49,-5.449999999999999,20.98,49.75,26.259999999999998,-2.8000000000000007
2025-07-29T20:55:11.789147,4.0,124.0,-93.0,1.0,-22.0,-30.0,9.0,-1.0,17.0,-68.0,-12.0,-86.0,-12.690000000000001,84.68,-74.62,-1.15,-42.39,-24.17,-0.5099999999999998,-17.45,38.980000000000004,-64.25,-4.74,-58.8
2025-07-29T20:55:11.797072,2.0,80.0,-20.0,46.0,26.0,-17.0,-21.0,57.0,52.0,10.0,-52.0,-96.0,-14.690000000000001,40.68,-1.620000000000001,43.85,5.609999999999999,-11.17,-30.509999999999998,40.55,73.98,13.75,-44.74,-68.8
2025-07-29T20:55:11.802252,22.0,81.0,-18.0,19.0,7.0,-74.0,52.0,37.0,1.0,29.0,-28.0,-28.0,5.309999999999999,41.68,0.379999999999999,16.85,-13.39,-68.17,42.49,20.55,22.98,32.75,-20.740000000000002,-0.8000000000000007
2025-07-29T20:55:11.809329,-34.0,-33.0,-45.0,38.0,-43.0,-9.0,-29.0,57.0,-25.0,7.0,-42.0,-31.0,-50.69,-72.32,-26.62,35.85,-63.39,-3.17,-38.51,40.55,-3.0199999999999996,10.75,-34.74,-3.8000000000000007
2025-07-29T20:55:11.814575,9.0,56.0,-47.0,21.0,-14.0,45.0,-57.0,23.0,25.0,32.0,5.0,-31.0,-7.690000000000001,16.68,-28.62,18.85,-34.39,50.83,-66.51,6.550000000000001,46.980000000000004,35.75,12.26,-3.8000000000000007
2025-07-29T20:55:11.821589,-22.0,90.0,-64.0,60.0,65.0,7.0,-18.0,49.0,-46.0,-7.0,-88.0,-19.0,-38.69,50.68,-45.620000000000005,57.85,44.61,12.83,-27.509999999999998,32.55,-24.02,-3.25,-80.74,8.2
2025-07-29T20:55:11.825983,81.0,25.0,-59.0,-17.0,39.0,-2.0,-50.0,38.0,-30.0,54.0,35.0,-27.0,64.31,-14.32,-40.620000000000005,-19.15,18.61,3.83,-59.51,21.55,-8.02,57.75,42.26,0.1999999999999993
2025-07-29T20:55:11.833791,-10.0,-32.0,-27.0,-27.0,65.0,-86.0,74.0,62.0,-41.0,-3.0,2.0,-37.0,-26.69,-71.32,-8.620000000000001,-29.15,44.61,-80.17,64.49,45.55,-19.02,0.75,9.26,-9.8
2025-07-29T20:55:11.838199,33.0,10.0,-36.0,12.0,-8.0,-45.0,13.0,82.0,-60.0,-38.0,-49.0,1.0,16.31,-29.32,-17.62,9.85,-28.39,-39.17,3.49,65.55,-38.019999999999996,-34.25,-41.74,28.2
2025-07-29T20:55:11.842167,13.0,23.0,-2.0,-20.0,35.0,-46.0,-51.0,71.0,-20.0,-27.0,36.0,-7.0,-3.6900000000000013,-16.32,16.38,-22.15,14.61,-40.17,-60.51,54.55,1.9800000000000004,-23.25,43.26,20.2
2025-07-29T20:55:11.850306,117.0,-22.0,22.0,4.0,64.0,7.0,32.0,-44.0,3.0,-108.0,69.0,-11.0,100.31,-61.32,40.379999999999995,1.85,43.61,12.83,22.490000000000002,-60.45,24.98,-104.25,76.26,16.2
2025-07-29T20:55:11.854474,-34.0,37.0,2.0,34.0,59.0,25.0,-23.0,11.0,7.0,31.0,-48.0,-78.0,-50.69,-2.3200000000000003,20.38,31.85,38.61,30.83,-32.51,-5.449999999999999,28.98,34.75,-40.74,-50.8
2025-07-29T20:55:11.863297,-55.0,9.0,8.0,-1.0,9.0,19.0,-33.0,18.0,-36.0,-6.0,28.0,14.0,-71.69,-30.32,26.38,-3.15,-11.39,24.83,-42.51,1.5500000000000007,-14.02,-2.25,35.26,41.2
2025-07-29T20:55:11.867728,-3.0,-3.0,-44.0,-41.0,54.0,-5.0,-21.0,0.0,-31.0,1.0,34.0,-46.0,-19.69,-42.32,-25.62,-43.15,33.61,0.8300000000000001,-30.509999999999998,-16.45,-9.02,4.75,41.26,-18.8
2025-07-29T20:55:11.875234,21.0,-4.0,-80.0,18.0,13.0,-25.0,38.0,-19.0,-30.0,18.0,52.0,-11.0,4.309999999999999,-43.32,-61.620000000000005,15.85,-7.390000000000001,-19.17,28.490000000000002,-35.45,-8.02,21.75,59.26,16.2
2025-07-29T20:55:11.879727,4.0,32.0,-9.0,42.0,-8.0,6.0,-20.0,-28.0,-32.0,28.0,-8.0,-98.0,-12.690000000000001,-7.32,9.379999999999999,39.85,-28.39,11.83,-29.509999999999998,-44.45,-10.02,31.75,-0.7400000000000002,-70.8
2025-07-29T20:55:11.887955,-43.0,55.0,19.0,-5.0,26.0,-47.0,-13.0,-11.0,-29.0,42.0,-29.0,-90.0,-59.69,15.68,37.379999999999995,-7.15,5.609999999999999,-41.17,-22.509999999999998,-27.45,-7.02,45.75,-21.740000000000002,-62.8
2025-07-29T20:55:11.891717,-57.0,2.0,9.0,-44.0,-14.0,21.0,-3.0,53.0,-20.0,-17.0,-11.0,-71.0,-73.69,-37.32,27.38,-46.15,-34.39,26.83,-12.51,36.55,1.9800000000000004,-13.25,-3.74,-43.8
2025-07-29T20:55:11.899588,-7.0,15.0,-22.0,-1.0,4.0,24.0,-107.0,38.0,-14.0,15.0,-9.0,-52.0,-23.69,-24.32,-3.620000000000001,-3.15,-16.39,29.83,-116.51,21.55,7.98,18.75,-1.7400000000000002,-24.8
2025-07-29T20:55:11.904245,-24.0,129.0,-3.0,73.0,7.0,-18.0,-24.0,-16.0,-42.0,-25.0,76.0,-62.0,-40.69,89.68,15.379999999999999,70.85,-13.39,-12.17,-33.51,-32.45,-20.02,-21.25,83.26,-34.8
2025-07-29T20:55:11.911695,-30.0,88.0,-45.0,-4.0,-6.0,-44.0,28.0,61.0,-35.0,17.0,68.0,-71.0,-46.69,48.68,-26.62,-6.15,-26.39,-38.17,18.490000000000002,44.55,-13.02,20.75,75.26,-43.8
2025-07-29T20:55:11.916032,48.0,2.0,61.0,-76.0,52.0,-33.0,41.0,24.0,-32.0,16.0,-6.0,-77.0,31.31,-37.32,79.38,-78.15,31.61,-27.17,31.490000000000002,7.550000000000001,-10.02,19.75,1.2599999999999998,-49.8
2025-07-29T20:55:11.924000,-14.0,14.0,2.0,22.0,-14.0,-32.0,24.0,-2.0,-41.0,-20.0,-40.0,-20.0,-30.69,-25.32,20.38,19.85,-34.39,-26.17,14.49,-18.45,-19.02,-16.25,-32.74,7.199999999999999
2025-07-29T20:55:11.928449,-5.0,-7.0,-54.0,17.0,-31.0,16.0,-8.0,-23.0,-28.0,53.0,-32.0,-82.0,-21.69,-46.32,-35.620000000000005,14.85,-51.39,21.83,-17.509999999999998,-39.45,-6.02,56.75,-24.740000000000002,-54.8
2025-07-29T20:55:11.936269,2.0,81.0,-15.0,-10.0,36.0,-37.0,43.0,21.0,-27.0,25.0,-7.0,-31.0,-14.690000000000001,41.68,3.379999999999999,-12.15,15.61,-31.17,33.49,4.550000000000001,-5.02,28.75,0.2599999999999998,-3.8000000000000007
2025-07-29T20:55:11.940844,-36.0,66.0,-7.0,12.0,52.0,-36.0,-30.0,21.0,-48.0,37.0,-51.0,-9.0,-52.69,26.68,11.379999999999999,9.85,31.61,-30.17,-39.51,4.550000000000001,-26.02,40.75,-43.74,18.2
2025-07-29T20:55:11.948516,-36.0,0.0,-9.0,-15.0,34.0,-94.0,7.0,35.0,-43.0,4.0,-73.0,-3.0,-52.69,-39.32,9.379999999999999,-17.15,13.61,-88.17,-2.51,18.55,-21.02,7.75,-65.74,24.2
2025-07-29T20:55:11.952711,-3.0,75.0,7.0,3.0,-5.0,-13.0,-25.0,6.0,2.0,-56.0,2.0,-11.0,-19.69,35.68,25.38,0.8500000000000001,-25.39,-7.17,-34.51,-10.45,23.98,-52.25,9.26,16.2
2025-07-29T20:55:11.956948,-31.0,62.0,24.0,4.0,-18.0,-15.0,-32.0,-8.0,-35.0,62.0,-28.0,-44.0,-47.69,22.68,42.379999999999995,1.85,-38.39,-9.17,-41.51,-24.45,-13.02,65.75,-20.740000000000002,-16.8
2025-07-29T20:55:11.964970,-20.0,29.0,-11.0,-26.0,5.0,-43.0,-63.0,67.0,12.0,-52.0,13.0,6.0,-36.69,-10.32,7.379999999999999,-28.15,-15.39,-37.17,-72.51,50.55,33.980000000000004,-48.25,20.259999999999998,33.2
2025-07-29T20:55:11.969124,-38.0,0.0,-23.0,-26.0,22.0,25.0,-38.0,27.0,7.0,-49.0,54.0,-37.0,-54.69,-39.32,-4.620000000000001,-28.15,1.6099999999999994,30.83,-47.51,10.55,28.98,-45.25,61.26,-9.8
2025-07-29T20:55:11.978064,-4.0,103.0,-15.0,3.0,-31.0,10.0,61.0,23.0,-40.0,-2.0,28.0,5.0,-20.69,63.68,3.379999999999999,0.8500000000000001,-51.39,15.83,51.49,6.550000000000001,-18.02,1.75,35.26,32.2
2025-07-29T20:55:11.982225,-12.0,72.0,-15.0,-6.0,80.0,11.0,-25.0,74.0,-37.0,40.0,-1.0,-57.0,-28.69,32.68,3.379999999999999,-8.15,59.61,16.83,-34.51,57.55,-15.02,43.75,6.26,-29.8
2025-07-29T20:55:11.989560,-20.0,96.0,-42.0,-47.0,1.0,37.0,37.0,4.0,-20.0,-26.0,-8.0,-11.0,-36.69,56.68,-23.62,-49.15,-19.39,42.83,27.490000000000002,-12.45,1.9800000000000004,-22.25,-0.7400000000000002,16.2
2025-07-29T20:55:11.993873,18.0,49.0,17.0,32.0,14.0,-33.0,26.0,-2.0,-125.0,20.0,39.0,-103.0,1.3099999999999987,9.68,35.379999999999995,29.85,-6.390000000000001,-27.17,16.490000000000002,-18.45,-103.02,23.75,46.26,-75.8
2025-07-29T20:55:12.001799,28.0,61.0,-5.0,8.0,34.0,24.0,30.0,61.0,-59.0,-10.0,-51.0,-9.0,11.309999999999999,21.68,13.379999999999999,5.85,13.61,29.83,20.490000000000002,44.55,-37.019999999999996,-6.25,-43.74,18.2
2025-07-29T20:55:12.007150,-7.0,80.0,-56.0,-24.0,0.0,32.0,-28.0,39.0,-18.0,-1.0,27.0,-27.0,-23.69,40.68,-37.620000000000005,-26.15,-20.39,37.83,-37.51,22.55,3.9800000000000004,2.75,34.26,0.1999999999999993
2025-07-29T20:55:12.014446,28.0,77.0,-13.0,15.0,54.0,0.0,10.0,12.0,-1.0,-25.0,56.0,-21.0,11.309999999999999,37.68,5.379999999999999,12.85,33.61,5.83,0.4900000000000002,-4.449999999999999,20.98,-21.25,63.26,6.199999999999999
2025-07-29T20:55:12.018880,12.0,93.0,9.0,-52.0,36.0,-5.0,-22.0,-39.0,22.0,-68.0,-43.0,-64.0,-4.690000000000001,53.68,27.38,-54.15,15.61,0.8300000000000001,-31.509999999999998,-55.45,43.980000000000004,-64.25,-35.74,-36.8
2025-07-29T20:55:12.026638,-32.0,81.0,12.0,-4.0,-11.0,-13.0,-20.0,-11.0,-17.0,25.0,10.0,-56.0,-48.69,41.68,30.38,-6.15,-31.39,-7.17,-29.509999999999998,-27.45,4.98,28.75,17.259999999999998,-28.8
2025-07-29T20:55:12.032071,44.0,72.0,-108.0,-19.0,-38.0,10.0,31.0,31.0,-17.0,-7.0,32.0,-51.0,27.31,32.68,-89.62,-21.15,-58.39,15.83,21.490000000000002,14.55,4.98,-3.25,39.26,-23.8
2025-07-29T20:55:12.038787,21.0,11.0,-33.0,44.0,-12.0,-35.0,-12.0,19.0,-65.0,-61.0,-4.0,-73.0,4.309999999999999,-28.32,-14.620000000000001,41.85,-32.39,-29.17,-21.509999999999998,2.5500000000000007,-43.019999999999996,-57.25,3.26,-45.8
2025-07-29T20:55:12.043475,33.0,-91.0,-41.0,-8.0,40.0,-23.0,83.0,14.0,-51.0,26.0,33.0,-39.0,16.31,-130.32,-22.62,-10.15,19.61,-17.17,73.49,-2.4499999999999993,-29.02,29.75,40.26,-11.8
2025-07-29T20:55:12.051152,66.0,80.0,-34.0,-23.0,26.0,-45.0,15.0,65.0,11.0,-15.0,-25.0,-63.0,49.31,40.68,-15.620000000000001,-25.15,5.609999999999999,-39.17,5.49,48.55,32.980000000000004,-11.25,-17.740000000000002,-35.8
2025-07-29T20:55:12.056718,50.0,77.0,-15.0,-9.0,1.0,-55.0,21.0,31.0,-49.0,34.0,-53.0,-41.0,33.31,37.68,3.379999999999999,-11.15,-19.39,-49.17,11.49,14.55,-27.02,37.75,-45.74,-13.8
2025-07-29T20:55:12.063583,-19.0,82.0,-36.0,20.0,42.0,-24.0,-26.0,17.0,4.0,-81.0,-5.0,-54.0,-35.69,42.68,-17.62,17.85,21.61,-18.17,-35.51,0.5500000000000007,25.98,-77.25,2.26,-26.8
2025-07-29T20:55:12.068946,60.0,81.0,-46.0,12.0,-3.0,18.0,2.0,-31.0,-34.0,-27.0,91.0,-15.0,43.31,41.68,-27.62,9.85,-23.39,23.83,-7.51,-47.45,-12.02,-23.25,98.26,12.2
2025-07-29T20:55:12.075932,-41.0,90.0,2.0,34.0,36.0,-33.0,-24.0,-12.0,-72.0,-7.0,38.0,-10.0,-57.69,50.68,20.38,31.85,15.61,-27.17,-33.51,-28.45,-50.019999999999996,-3.25,45.26,17.2
2025-07-29T20:55:12.080545,-29.0,75.0,-18.0,-2.0,1.0,-9.0,-20.0,44.0,-54.0,-36.0,58.0,-82.0,-45.69,35.68,0.379999999999999,-4.15,-19.39,-3.17,-29.509999999999998,27.55,-32.019999999999996,-32.25,65.26,-54.8
2025-07-29T20:55:12.087956,-35.0,69.0,24.0,23.0,31.0,-60.0,44.0,73.0,-38.0,-92.0,78.0,-68.0,-51.69,29.68,42.379999999999995,20.85,10.61,-54.17,34.49,56.55,-16.02,-88.25,85.26,-40.8
2025-07-29T20:55:12.093297,17.0,36.0,-19.0,30.0,34.0,-18.0,35.0,-8.0,-72.0,-47.0,26.0,-114.0,0.3099999999999987,-3.3200000000000003,-0.620000000000001,27.85,13.61,-12.17,25.490000000000002,-24.45,-50.019999999999996,-43.25,33.26,-86.8
2025-07-29T20:55:12.100139,-8.0,42.0,-18.0,-61.0,5.0,-34.0,-7.0,-105.0,-78.0,-17.0,-43.0,-54.0,-24.69,2.6799999999999997,0.379999999999999,-63.15,-15.39,-28.17,-16.509999999999998,-121.45,-56.019999999999996,-13.25,-35.74,-26.8
2025-07-29T20:55:12.105773,27.0,55.0,-59.0,16.0,50.0,-11.0,35.0,-31.0,-108.0,21.0,-25.0,-2.0,10.309999999999999,15.68,-40.620000000000005,13.85,29.61,-5.17,25.490000000000002,-47.45,-86.02,24.75,-17.740000000000002,25.2
2025-07-29T20:55:12.112411,30.0,-67.0,-5.0,-21.0,57.0,-56.0,25.0,17.0,-41.0,-20.0,-34.0,-20.0,13.309999999999999,-106.32,13.379999999999999,-23.15,36.61,-50.17,15.49,0.5500000000000007,-19.02,-16.25,-26.740000000000002,7.199999999999999
2025-07-29T20:55:12.117877,12.0,20.0,-17.0,36.0,-47.0,29.0,33.0,-38.0,-61.0,0.0,13.0,-27.0,-4.690000000000001,-19.32,1.379999999999999,33.85,-67.39,34.83,23.490000000000002,-54.45,-39.019999999999996,3.75,20.259999999999998,0.1999999999999993
2025-07-29T20:55:12.125255,116.0,22.0,-83.0,-22.0,-7.0,-23.0,69.0,-11.0,-13.0,17.0,77.0,-69.0,99.31,-17.32,-64.62,-24.15,-27.39,-17.17,59.49,-27.45,8.98,20.75,84.26,-41.8
2025-07-29T20:55:12.130162,3.0,48.0,55.0,-54.0,-26.0,-29.0,1.0,-9.0,-15.0,-2.0,-28.0,-37.0,-13.690000000000001,8.68,73.38,-56.15,-46.39,-23.17,-8.51,-25.45,6.98,1.75,-20.740000000000002,-9.8
2025-07-29T20:55:12.137632,12.0,24.0,-49.0,-16.0,29.0,-8.0,-25.0,-22.0,-35.0,-33.0,-52.0,-65.0,-4.690000000000001,-15.32,-30.62,-18.15,8.61,-2.17,-34.51,-38.45,-13.02,-29.25,-44.74,-37.8
2025-07-29T20:55:12.142064,-70.0,8.0,-70.0,-35.0,64.0,-29.0,-2.0,20.0,-40.0,-28.0,4.0,-63.0,-86.69,-31.32,-51.620000000000005,-37.15,43.61,-23.17,-11.51,3.5500000000000007,-18.02,-24.25,11.26,-35.8
2025-07-29T20:55:12.149184,15.0,48.0,8.0,12.0,49.0,-102.0,24.0,32.0,-52.0,-64.0,6.0,-55.0,-1.6900000000000013,8.68,26.38,9.85,28.61,-96.17,14.49,15.55,-30.02,-60.25,13.26,-27.8
2025-07-29T20:55:12.154663,38.0,37.0,-102.0,32.0,56.0,-37.0,12.0,28.0,-20.0,21.0,5.0,-94.0,21.31,-2.3200000000000003,-83.62,29.85,35.61,-31.17,2.49,11.55,1.9800000000000004,24.75,12.26,-66.8
2025-07-29T20:55:12.161517,30.0,26.0,-13.0,-65.0,-7.0,-78.0,-17.0,-16.0,16.0,-63.0,75.0,-69.0,13.309999999999999,-13.32,5.379999999999999,-67.15,-27.39,-72.17,-26.509999999999998,-32.45,37.980000000000004,-59.25,82.26,-41.8
2025-07-29T20:55:12.166220,44.0,115.0,-23.0,4.0,3.0,-60.0,18.0,42.0,-64.0,-59.0,6.0,-44.0,27.31,75.68,-4.620000000000001,1.85,-17.39,-54.17,8.49,25.55,-42.019999999999996,-55.25,13.26,-16.8
2025-07-29T20:55:12.173992,17.0,68.0,55.0,43.0,22.0,16.0,-32.0,19.0,-21.0,43.0,-52.0,-38.0,0.3099999999999987,28.68,73.38,40.85,1.6099999999999994,21.83,-41.51,2.5500000000000007,0.9800000000000004,46.75,-44.74,-10.8
2025-07-29T20:55:12.178288,16.0,78.0,-10.0,-4.0,-37.0,-54.0,-11.0,37.0,-57.0,10.0,33.0,-142.0,-0.6900000000000013,38.68,8.379999999999999,-6.15,-57.39,-48.17,-20.509999999999998,20.55,-35.019999999999996,13.75,40.26,-114.8
2025-07-29T20:55:12.186075,42.0,67.0,-66.0,48.0,14.0,-49.0,-58.0,50.0,-40.0,-41.0,28.0,-41.0,25.31,27.68,-47.620000000000005,45.85,-6.390000000000001,-43.17,-67.51,33.55,-18.02,-37.25,35.26,-13.8
2025-07-29T20:55:12.191063,76.0,80.0,-72.0,8.0,-14.0,-53.0,0.0,-20.0,-50.0,-19.0,-78.0,-17.0,59.31,40.68,-53.620000000000005,5.85,-34.39,-47.17,-9.51,-36.45,-28.02,-15.25,-70.74,10.2
2025-07-29T20:55:12.198565,49.0,74.0,8.0,-18.0,72.0,-30.0,44.0,-11.0,-68.0,14.0,-33.0,-45.0,32.31,34.68,26.38,-20.15,51.61,-24.17,34.49,-27.45,-46.019999999999996,17.75,-25.740000000000002,-17.8
2025-07-29T20:55:12.203048,82.0,12.0,-54.0,-8.0,57.0,-71.0,-33.0,102.0,-45.0,-32.0,55.0,-65.0,65.31,-27.32,-35.620000000000005,-10.15,36.61,-65.17,-42.51,85.55,-23.02,-28.25,62.26,-37.8
2025-07-29T20:55:12.210893,83.0,-10.0,-67.0,44.0,53.0,20.0,-21.0,-1.0,-79.0,-1.0,17.0,-52.0,66.31,-49.32,-48.620000000000005,41.85,32.61,25.83,-30.509999999999998,-17.45,-57.019999999999996,2.75,24.259999999999998,-24.8
2025-07-29T20:55:12.215201,48.0,76.0,-56.0,-43.0,4.0,-4.0,8.0,46.0,-66.0,-78.0,-15.0,-95.0,31.31,36.68,-37.620000000000005,-45.15,-16.39,1.83,-1.5099999999999998,29.55,-44.019999999999996,-74.25,-7.74,-67.8
2025-07-29T20:55:12.219113,102.0,15.0,-49.0,-11.0,42.0,-23.0,42.0,28.0,-65.0,-18.0,20.0,4.0,85.31,-24.32,-30.62,-13.15,21.61,-17.17,32.49,11.55,-43.019999999999996,-14.25,27.259999999999998,31.2
2025-07-29T20:55:12.227784,41.0,79.0,-80.0,-81.0,-8.0,-91.0,-13.0,-28.0,-66.0,-1.0,18.0,-89.0,24.31,39.68,-61.620000000000005,-83.15,-28.39,-85.17,-22.509999999999998,-44.45,-44.019999999999996,2.75,25.259999999999998,-61.8
2025-07-29T20:55:12.231614,24.0,30.0,-88.0,13.0,48.0,-80.0,24.0,34.0,-101.0,-16.0,58.0,-40.0,7.309999999999999,-9.32,-69.62,10.85,27.61,-74.17,14.49,17.55,-79.02,-12.25,65.26,-12.8
2025-07-29T20:55:12.239897,30.0,31.0,-71.0,27.0,-51.0,-70.0,16.0,17.0,-6.0,-17.0,-7.0,-82.0,13.309999999999999,-8.32,-52.620000000000005,24.85,-71.39,-64.17,6.49,0.5500000000000007,15.98,-13.25,0.2599999999999998,-54.8
2025-07-29T20:55:12.244253,69.0,-26.0,-78.0,-13.0,49.0,-18.0,-49.0,1.0,-67.0,-41.0,1.0,-40.0,52.31,-65.32,-59.620000000000005,-15.15,28.61,-12.17,-58.51,-15.45,-45.019999999999996,-37.25,8.26,-12.8
2025-07-29T20:55:12.252060,56.0,30.0,-118.0,-2.0,58.0,-68.0,34.0,26.0,-85.0,-74.0,-4.0,-113.0,39.31,-9.32,-99.62,-4.15,37.61,-62.17,24.490000000000002,9.55,-63.019999999999996,-70.25,3.26,-85.8
2025-07-29T20:55:12.255913,26.0,120.0,-19.0,-4.0,28.0,-16.0,-34.0,34.0,-37.0,-37.0,-10.0,-88.0,9.309999999999999,80.68,-0.620000000000001,-6.15,7.609999999999999,-10.17,-43.51,17.55,-15.02,-33.25,-2.74,-60.8
2025-07-29T20:55:12.264341,33.0,47.0,-91.0,48.0,3.0,-65.0,-46.0,58.0,-33.0,-47.0,24.0,-105.0,16.31,7.68,-72.62,45.85,-17.39,-59.17,-55.51,41.55,-11.02,-43.25,31.259999999999998,-77.8
2025-07-29T20:55:12.268497,37.0,119.0,-108.0,-4.0,-37.0,-49.0,-92.0,-12.0,-95.0,-35.0,2.0,-70.0,20.31,79.68,-89.62,-6.15,-57.39,-43.17,-101.51,-28.45,-73.02,-31.25,9.26,-42.8
2025-07-29T20:55:12.276609,30.0,91.0,-55.0,-27.0,-2.0,-107.0,42.0,13.0,-84.0,-57.0,1.0,-98.0,13.309999999999999,51.68,-36.620000000000005,-29.15,-22.39,-101.17,32.49,-3.4499999999999993,-62.019999999999996,-53.25,8.26,-70.8
2025-07-29T20:55:12.280808,71.0,99.0,-64.0,14.0,45.0,-61.0,6.0,100.0,-49.0,-169.0,-15.0,-15.0,54.31,59.68,-45.620000000000005,11.85,24.61,-55.17,-3.51,83.55,-27.02,-165.25,-7.74,12.2
2025-07-29T20:55:12.289068,13.0,15.0,-122.0,-46.0,33.0,-14.0,48.0,45.0,-73.0,-17.0,-5.0,-118.0,-3.6900000000000013,-24.32,-103.62,-48.15,12.61,-8.17,38.49,28.55,-51.019999999999996,-13.25,2.26,-90.8
2025-07-29T20:55:12.292786,61.0,43.0,-43.0,36.0,12.0,-104.0,-14.0,-42.0,-65.0,1.0,51.0,-44.0,44.31,3.6799999999999997,-24.62,33.85,-8.39,-98.17,-23.509999999999998,-58.45,-43.019999999999996,4.75,58.26,-16.8
2025-07-29T20:55:12.301325,16.0,8.0,-67.0,10.0,-15.0,-63.0,-34.0,-14.0,9.0,-82.0,18.0,-25.0,-0.6900000000000013,-31.32,-48.620000000000005,7.85,-35.39,-57.17,-43.51,-30.45,30.98,-78.25,25.259999999999998,2.1999999999999993
2025-07-29T20:55:12.305057,50.0,-8.0,-55.0,-22.0,90.0,-58.0,2.0,-10.0,-19.0,65.0,-21.0,-117.0,33.31,-47.32,-36.620000000000005,-24.15,69.61,-52.17,-7.51,-26.45,2.9800000000000004,68.75,-13.74,-89.8
2025-07-29T20:55:12.313760,-18.0,34.0,-86.0,36.0,34.0,-19.0,-44.0,29.0,-52.0,-1.0,-12.0,-80.0,-34.69,-5.32,-67.62,33.85,13.61,-13.17,-53.51,12.55,-30.02,2.75,-4.74,-52.8
2025-07-29T20:55:12.317344,64.0,70.0,-98.0,16.0,25.0,-32.0,-42.0,-7.0,-74.0,-25.0,-5.0,21.0,47.31,30.68,-79.62,13.85,4.609999999999999,-26.17,-51.51,-23.45,-52.019999999999996,-21.25,2.26,48.2
2025-07-29T20:55:12.325456,-31.0,96.0,21.0,-25.0,-24.0,-111.0,-22.0,-3.0,-27.0,9.0,22.0,-35.0,-47.69,56.68,39.379999999999995,-27.15,-44.39,-105.17,-31.509999999999998,-19.45,-5.02,12.75,29.259999999999998,-7.800000000000001
2025-07-29T20:55:12.329948,34.0,60.0,-1.0,-48.0,64.0,-39.0,66.0,10.0,-73.0,10.0,36.0,-89.0,17.31,20.68,17.38,-50.15,43.61,-33.17,56.49,-6.449999999999999,-51.019999999999996,13.75,43.26,-61.8
2025-07-29T20:55:12.337746,-31.0,-25.0,-107.0,-1.0,55.0,-40.0,-6.0,51.0,-137.0,19.0,41.0,-105.0,-47.69,-64.32,-88.62,-3.15,34.61,-34.17,-15.51,34.55,-115.02,22.75,48.26,-77.8
2025-07-29T20:55:12.342586,45.0,66.0,-13.0,39.0,25.0,-76.0,24.0,10.0,-81.0,-21.0,26.0,-67.0,28.31,26.68,5.379999999999999,36.85,4.609999999999999,-70.17,14.49,-6.449999999999999,-59.019999999999996,-17.25,33.26,-39.8
2025-07-29T20:55:12.350044,-12.0,158.0,-89.0,26.0,49.0,-112.0,52.0,-3.0,-71.0,-21.0,-49.0,-53.0,-28.69,118.68,-70.62,23.85,28.61,-106.17,42.49,-19.45,-49.019999999999996,-17.25,-41.74,-25.8
2025-07-29T20:55:12.354902,67.0,47.0,-95.0,42.0,84.0,-53.0,16.0,12.0,-97.0,-48.0,22.0,-121.0,50.31,7.68,-76.62,39.85,63.61,-47.17,6.49,-4.449999999999999,-75.02,-44.25,29.259999999999998,-93.8
2025-07-29T20:55:12.362856,59.0,92.0,-77.0,-14.0,31.0,-91.0,-54.0,10.0,-18.0,-18.0,49.0,-142.0,42.31,52.68,-58.620000000000005,-16.15,10.61,-85.17,-63.51,-6.449999999999999,3.9800000000000004,-14.25,56.26,-114.8
2025-07-29T20:55:12.366986,131.0,60.0,-111.0,21.0,40.0,-76.0,-38.0,-42.0,-55.0,-83.0,-18.0,-125.0,114.31,20.68,-92.62,18.85,19.61,-70.17,-47.51,-58.45,-33.019999999999996,-79.25,-10.74,-97.8
2025-07-29T20:55:12.374596,19.0,5.0,-82.0,-36.0,58.0,-70.0,-6.0,20.0,-78.0,-3.0,5.0,-68.0,2.3099999999999987,-34.32,-63.620000000000005,-38.15,37.61,-64.17,-15.51,3.5500000000000007,-56.019999999999996,0.75,12.26,-40.8
2025-07-29T20:55:12.379245,81.0,20.0,-50.0,39.0,-45.0,-55.0,-27.0,-54.0,-98.0,-72.0,5.0,-109.0,64.31,-19.32,-31.62,36.85,-65.39,-49.17,-36.51,-70.45,-76.02,-68.25,12.26,-81.8
2025-07-29T20:55:12.386790,71.0,10.0,27.0,50.0,13.0,-102.0,-44.0,-37.0,-89.0,14.0,11.0,-98.0,54.31,-29.32,45.379999999999995,47.85,-7.390000000000001,-96.17,-53.51,-53.45,-67.02,17.75,18.259999999999998,-70.8
2025-07-29T20:55:12.391986,-24.0,108.0,-78.0,-5.0,-6.0,-28.0,-10.0,-30.0,-109.0,-27.0,86.0,-106.0,-40.69,68.68,-59.620000000000005,-7.15,-26.39,-22.17,-19.509999999999998,-46.45,-87.02,-23.25,93.26,-78.8
2025-07-29T20:55:12.399455,23.0,72.0,-82.0,18.0,-9.0,-20.0,-84.0,-46.0,-54.0,7.0,-27.0,-170.0,6.309999999999999,32.68,-63.620000000000005,15.85,-29.39,-14.17,-93.51,-62.45,-32.019999999999996,10.75,-19.740000000000002,-142.8
2025-07-29T20:55:12.403825,31.0,80.0,-86.0,47.0,-18.0,-88.0,-69.0,40.0,-87.0,21.0,5.0,-93.0,14.309999999999999,40.68,-67.62,44.85,-38.39,-82.17,-78.51,23.55,-65.02,24.75,12.26,-65.8
2025-07-29T20:55:12.411602,81.0,70.0,-107.0,14.0,35.0,-61.0,-79.0,22.0,-37.0,-50.0,27.0,-137.0,64.31,30.68,-88.62,11.85,14.61,-55.17,-88.51,5.550000000000001,-15.02,-46.25,34.26,-109.8
2025-07-29T20:55:12.417007,66.0,12.0,-100.0,35.0,34.0,-105.0,-117.0,37.0,-99.0,-21.0,-52.0,-105.0,49.31,-27.32,-81.62,32.85,13.61,-99.17,-126.51,20.55,-77.02,-17.25,-44.74,-77.8
2025-07-29T20:55:12.423843,17.0,68.0,-104.0,7.0,-6.0,-82.0,-100.0,7.0,-103.0,10.0,-27.0,-44.0,0.3099999999999987,28.68,-85.62,4.85,-26.39,-76.17,-109.51,-9.45,-81.02,13.75,-19.740000000000002,-16.8
2025-07-29T20:55:12.427916,59.0,1.0,-118.0,48.0,5.0,-71.0,-10.0,0.0,-127.0,-47.0,39.0,-183.0,42.31,-38.32,-99.62,45.85,-15.39,-65.17,-19.509999999999998,-16.45,-105.02,-43.25,46.26,-155.8
2025-07-29T20:55:12.436015,23.0,44.0,-98.0,44.0,22.0,-49.0,-12.0,12.0,-7.0,-26.0,52.0,-57.0,6.309999999999999,4.68,-79.62,41.85,1.6099999999999994,-43.17,-21.509999999999998,-4.449999999999999,14.98,-22.25,59.26,-29.8
2025-07-29T20:55:12.440175,62.0,86.0,-69.0,2.0,-6.0,-77.0,21.0,66.0,-59.0,-41.0,4.0,-68.0,45.31,46.68,-50.620000000000005,-0.1499999999999999,-26.39,-71.17,11.49,49.55,-37.019999999999996,-37.25,11.26,-40.8
2025-07-29T20:55:12.448297,-38.0,117.0,-104.0,3.0,18.0,-76.0,-57.0,20.0,-140.0,28.0,43.0,-114.0,-54.69,77.68,-85.62,0.8500000000000001,-2.3900000000000006,-70.17,-66.51,3.5500000000000007,-118.02,31.75,50.26,-86.8
2025-07-29T20:55:12.453176,33.0,85.0,-142.0,41.0,18.0,-88.0,-64.0,12.0,-61.0,33.0,-59.0,-127.0,16.31,45.68,-123.62,38.85,-2.3900000000000006,-82.17,-73.51,-4.449999999999999,-39.019999999999996,36.75,-51.74,-99.8
2025-07-29T20:55:12.460761,69.0,53.0,-200.0,37.0,-25.0,-88.0,-7.0,11.0,-119.0,-47.0,2.0,-160.0,52.31,13.68,-181.62,34.85,-45.39,-82.17,-16.509999999999998,-5.449999999999999,-97.02,-43.25,9.26,-132.8
2025-07-29T20:55:12.464788,87.0,-9.0,-142.0,-51.0,34.0,-64.0,-29.0,46.0,-31.0,-57.0,-52.0,-144.0,70.31,-48.32,-123.62,-53.15,13.61,-58.17,-38.51,29.55,-9.02,-53.25,-44.74,-116.8
2025-07-29T20:55:12.472814,39.0,2.0,-123.0,55.0,7.0,-81.0,-33.0,34.0,-119.0,0.0,0.0,-113.0,22.31,-37.32,-104.62,52.85,-13.39,-75.17,-42.51,17.55,-97.02,3.75,7.26,-85.8
2025-07-29T20:55:12.477120,39.0,70.0,-86.0,27.0,17.0,-79.0,-12.0,81.0,-132.0,-51.0,-11.0,-94.0,22.31,30.68,-67.62,24.85,-3.3900000000000006,-73.17,-21.509999999999998,64.55,-110.02,-47.25,-3.74,-66.8
2025-07-29T20:55:12.485196,-63.0,43.0,-70.0,-36.0,-8.0,-86.0,-5.0,-63.0,-159.0,-33.0,-8.0,-119.0,-79.69,3.6799999999999997,-51.620000000000005,-38.15,-28.39,-80.17,-14.51,-79.45,-137.02,-29.25,-0.7400000000000002,-91.8
2025-07-29T20:55:12.493221,50.0,12.0,-102.0,-26.0,-11.0,-131.0,-39.0,-3.0,-77.0,-51.0,68.0,-149.0,33.31,-27.32,-83.62,-28.15,-31.39,-125.17,-48.51,-19.45,-55.019999999999996,-47.25,75.26,-121.8
2025-07-29T20:55:12.497737,0.0,81.0,-81.0,29.0,45.0,-100.0,-35.0,2.0,-79.0,-31.0,56.0,-226.0,-16.69,41.68,-62.620000000000005,26.85,24.61,-94.17,-44.51,-14.45,-57.019999999999996,-27.25,63.26,-198.8
2025-07-29T20:55:12.502156,114.0,60.0,-194.0,27.0,1.0,-112.0,-43.0,77.0,-30.0,-14.0,67.0,-122.0,97.31,20.68,-175.62,24.85,-19.39,-106.17,-52.51,60.55,-8.02,-10.25,74.26,-94.8
2025-07-29T20:55:12.510246,46.0,-44.0,-139.0,16.0,1.0,-16.0,-26.0,-20.0,-137.0,40.0,-21.0,-119.0,29.31,-83.32,-120.62,13.85,-19.39,-10.17,-35.51,-36.45,-115.02,43.75,-13.74,-91.8
2025-07-29T20:55:12.517896,116.0,43.0,-129.0,-15.0,26.0,-161.0,8.0,16.0,-146.0,-55.0,58.0,-99.0,99.31,3.6799999999999997,-110.62,-17.15,5.609999999999999,-155.17,-1.5099999999999998,-0.4499999999999993,-124.02,-51.25,65.26,-71.8
2025-07-29T20:55:12.522233,16.0,55.0,-85.0,50.0,6.0,-133.0,18.0,63.0,-105.0,-67.0,44.0,-147.0,-0.6900000000000013,15.68,-66.62,47.85,-14.39,-127.17,8.49,46.55,-83.02,-63.25,51.26,-119.8
2025-07-29T20:55:12.530102,73.0,76.0,-81.0,40.0,-42.0,-63.0,21.0,25.0,-62.0,13.0,-6.0,-119.0,56.31,36.68,-62.620000000000005,37.85,-62.39,-57.17,11.49,8.55,-40.019999999999996,16.75,1.2599999999999998,-91.8
2025-07-29T20:55:12.534833,6.0,75.0,-200.0,44.0,21.0,-128.0,-49.0,-44.0,-99.0,-16.0,47.0,-99.0,-10.690000000000001,35.68,-181.62,41.85,0.6099999999999994,-122.17,-58.51,-60.45,-77.02,-12.25,54.26,-71.8
2025-07-29T20:55:12.542774,118.0,77.0,-86.0,82.0,18.0,-123.0,-38.0,-20.0,-102.0,-49.0,19.0,-137.0,101.31,37.68,-67.62,79.85,-2.3900000000000006,-117.17,-47.51,-36.45,-80.02,-45.25,26.259999999999998,-109.8
2025-07-29T20:55:12.546882,64.0,42.0,-94.0,13.0,-54.0,-123.0,-28.0,62.0,-166.0,-35.0,36.0,-137.0,47.31,2.6799999999999997,-75.62,10.85,-74.39,-117.17,-37.51,45.55,-144.02,-31.25,43.26,-109.8
2025-07-29T20:55:12.555016,71.0,54.0,-75.0,-18.0,-14.0,-140.0,-29.0,24.0,-152.0,-102.0,50.0,-66.0,54.31,14.68,-56.620000000000005,-20.15,-34.39,-134.17,-38.51,7.550000000000001,-130.02,-98.25,57.26,-38.8
2025-07-29T20:55:12.559643,15.0,62.0,-105.0,37.0,26.0,-187.0,15.0,-27.0,-136.0,-48.0,-3.0,-135.0,-1.6900000000000013,22.68,-86.62,34.85,5.609999999999999,-181.17,5.49,-43.45,-114.02,-44.25,4.26,-107.8
2025-07-29T20:55:12.567630,38.0,54.0,-127.0,100.0,22.0,-121.0,-40.0,15.0,-127.0,-75.0,-19.0,-141.0,21.31,14.68,-108.62,97.85,1.6099999999999994,-115.17,-49.51,-1.4499999999999993,-105.02,-71.25,-11.74,-113.8
2025-07-29T20:55:12.572009,57.0,54.0,-164.0,2.0,-65.0,-86.0,-26.0,35.0,-120.0,-22.0,-6.0,-170.0,40.31,14.68,-145.62,-0.1499999999999999,-85.39,-80.17,-35.51,18.55,-98.02,-18.25,1.2599999999999998,-142.8
2025-07-29T20:55:12.579529,42.0,79.0,-145.0,9.0,8.0,-123.0,-67.0,33.0,-128.0,-62.0,37.0,-158.0,25.31,39.68,-126.62,6.85,-12.39,-117.17,-76.51,16.55,-106.02,-58.25,44.26,-130.8
2025-07-29T20:55:12.584353,25.0,-20.0,-142.0,37.0,-24.0,-67.0,-15.0,-2.0,-111.0,-9.0,0.0,-184.0,8.309999999999999,-59.32,-123.62,34.85,-44.39,-61.17,-24.509999999999998,-18.45,-89.02,-5.25,7.26,-156.8
2025-07-29T20:55:12.591765,-16.0,37.0,-103.0,53.0,4.0,-155.0,9.0,-121.0,-154.0,-11.0,26.0,-88.0,-32.69,-2.3200000000000003,-84.62,50.85,-16.39,-149.17,-0.5099999999999998,-137.45,-132.02,-7.25,33.26,-60.8
2025-07-29T20:55:12.596048,-59.0,38.0,-147.0,87.0,-12.0,-127.0,-61.0,-36.0,-157.0,-117.0,41.0,-111.0,-75.69,-1.3200000000000003,-128.62,84.85,-32.39,-121.17,-70.51,-52.45,-135.02,-113.25,48.26,-83.8
2025-07-29T20:55:12.604111,51.0,114.0,-116.0,-9.0,-9.0,-109.0,-52.0,43.0,-132.0,-80.0,72.0,-73.0,34.31,74.68,-97.62,-11.15,-29.39,-103.17,-61.51,26.55,-110.02,-76.25,79.26,-45.8
2025-07-29T20:55:12.608292,92.0,61.0,-128.0,40.0,11.0,-114.0,-10.0,16.0,-143.0,-36.0,7.0,-191.0,75.31,21.68,-109.62,37.85,-9.39,-108.17,-19.509999999999998,-0.4499999999999993,-121.02,-32.25,14.26,-163.8
2025-07-29T20:55:12.616429,67.0,44.0,-203.0,40.0,36.0,-141.0,-50.0,11.0,-140.0,-10.0,35.0,-149.0,50.31,4.68,-184.62,37.85,15.61,-135.17,-59.51,-5.449999999999999,-118.02,-6.25,42.26,-121.8
2025-07-29T20:55:12.624415,8.0,-20.0,-125.0,11.0,-22.0,-87.0,-10.0,-62.0,-127.0,17.0,-14.0,-129.0,-8.690000000000001,-59.32,-106.62,8.85,-42.39,-81.17,-19.509999999999998,-78.45,-105.02,20.75,-6.74,-101.8
2025-07-29T20:55:12.628617,105.0,70.0,-118.0,46.0,-24.0,-205.0,-43.0,19.0,-81.0,-104.0,44.0,-114.0,88.31,30.68,-99.62,43.85,-44.39,-199.17,-52.51,2.5500000000000007,-59.019999999999996,-100.25,51.26,-86.8
2025-07-29T20:55:12.636695,47.0,39.0,-82.0,19.0,-5.0,-103.0,-69.0,40.0,-117.0,-95.0,40.0,-77.0,30.31,-0.3200000000000003,-63.620000000000005,16.85,-25.39,-97.17,-78.51,23.55,-95.02,-91.25,47.26,-49.8
2025-07-29T20:55:12.641257,58.0,99.0,-146.0,-39.0,18.0,-142.0,-59.0,-19.0,-128.0,-43.0,20.0,-152.0,41.31,59.68,-127.62,-41.15,-2.3900000000000006,-136.17,-68.51,-35.45,-106.02,-39.25,27.259999999999998,-124.8
2025-07-29T20:55:12.649651,20.0,106.0,-183.0,58.0,-29.0,-134.0,-10.0,9.0,-179.0,-55.0,-9.0,-128.0,3.3099999999999987,66.68,-164.62,55.85,-49.39,-128.17,-19.509999999999998,-7.449999999999999,-157.02,-51.25,-1.7400000000000002,-100.8
2025-07-29T20:55:12.654610,56.0,-3.0,-121.0,-24.0,4.0,-113.0,-56.0,-26.0,-112.0,-67.0,17.0,-152.0,39.31,-42.32,-102.62,-26.15,-16.39,-107.17,-65.51,-42.45,-90.02,-63.25,24.259999999999998,-124.8
2025-07-29T20:55:12.661211,-2.0,14.0,-105.0,6.0,12.0,-140.0,-61.0,8.0,-83.0,-14.0,31.0,-112.0,-18.69,-25.32,-86.62,3.85,-8.39,-134.17,-70.51,-8.45,-61.019999999999996,-10.25,38.26,-84.8
2025-07-29T20:55:12.665936,79.0,36.0,-142.0,10.0,102.0,-129.0,1.0,-63.0,-90.0,-67.0,42.0,-130.0,62.31,-3.3200000000000003,-123.62,7.85,81.61,-123.17,-8.51,-79.45,-68.02,-63.25,49.26,-102.8
2025-07-29T20:55:12.673566,61.0,67.0,-114.0,51.0,-16.0,-86.0,-103.0,34.0,-118.0,11.0,85.0,-190.0,44.31,27.68,-95.62,48.85,-36.39,-80.17,-112.51,17.55,-96.02,14.75,92.26,-162.8
2025-07-29T20:55:12.678693,8.0,79.0,-165.0,58.0,25.0,-122.0,5.0,18.0,-132.0,-56.0,111.0,-141.0,-8.690000000000001,39.68,-146.62,55.85,4.609999999999999,-116.17,-4.51,1.5500000000000007,-110.02,-52.25,118.26,-113.8
2025-07-29T20:55:12.685846,85.0,63.0,-150.0,5.0,82.0,-147.0,7.0,11.0,-162.0,-11.0,-4.0,-154.0,68.31,23.68,-131.62,2.85,61.61,-141.17,-2.51,-5.449999999999999,-140.02,-7.25,3.26,-126.8
2025-07-29T20:55:12.690949,61.0,60.0,-176.0,26.0,-27.0,-127.0,-23.0,-20.0,-78.0,-84.0,-2.0,-158.0,44.31,20.68,-157.62,23.85,-47.39,-121.17,-32.51,-36.45,-56.019999999999996,-80.25,5.26,-130.8
2025-07-29T20:55:12.698403,34.0,-2.0,-106.0,85.0,-17.0,-103.0,52.0,-12.0,-103.0,-44.0,2.0,-180.0,17.31,-41.32,-87.62,82.85,-37.39,-97.17,42.49,-28.45,-81.02,-40.25,9.26,-152.8
2025-07-29T20:55:12.702956,33.0,42.0,-144.0,69.0,6.0,-101.0,-88.0,30.0,-37.0,-119.0,32.0,-137.0,16.31,2.6799999999999997,-125.62,66.85,-14.39,-95.17,-97.51,13.55,-15.02,-115.25,39.26,-109.8
2025-07-29T20:55:12.710466,111.0,95.0,-106.0,43.0,5.0,-144.0,-84.0,12.0,-160.0,-104.0,58.0,-158.0,94.31,55.68,-87.62,40.85,-15.39,-138.17,-93.51,-4.449999999999999,-138.02,-100.25,65.26,-130.8
2025-07-29T20:55:12.714649,70.0,88.0,-137.0,53.0,-67.0,-81.0,-72.0,1.0,-118.0,-76.0,58.0,-161.0,53.31,48.68,-118.62,50.85,-87.39,-75.17,-81.51,-15.45,-96.02,-72.25,65.26,-133.8
2025-07-29T20:55:12.724009,54.0,110.0,-145.0,53.0,0.0,-105.0,-12.0,-23.0,-124.0,-65.0,-13.0,-157.0,37.31,70.68,-126.62,50.85,-20.39,-99.17,-21.509999999999998,-39.45,-102.02,-61.25,-5.74,-129.8
2025-07-29T20:55:12.730955,45.0,22.0,-111.0,26.0,-34.0,-133.0,-21.0,-36.0,-126.0,-55.0,-67.0,-96.0,28.31,-17.32,-92.62,23.85,-54.39,-127.17,-30.509999999999998,-52.45,-104.02,-51.25,-59.74,-68.8
2025-07-29T20:55:12.735601,132.0,66.0,-114.0,30.0,6.0,-112.0,-66.0,-106.0,-49.0,-2.0,7.0,-161.0,115.31,26.68,-95.62,27.85,-14.39,-106.17,-75.51,-122.45,-27.02,1.75,14.26,-133.8
2025-07-29T20:55:12.743217,9.0,9.0,-112.0,52.0,-25.0,-112.0,-17.0,4.0,-149.0,-88.0,58.0,-147.0,-7.690000000000001,-30.32,-93.62,49.85,-45.39,-106.17,-26.509999999999998,-12.45,-127.02,-84.25,65.26,-119.8
2025-07-29T20:55:12.747776,53.0,49.0,-122.0,92.0,-18.0,-150.0,-65.0,-55.0,-164.0,-9.0,45.0,-151.0,36.31,9.68,-103.62,89.85,-38.39,-144.17,-74.51,-71.45,-142.02,-5.25,52.26,-123.8
2025-07-29T20:55:12.755750,30.0,84.0,-106.0,66.0,5.0,-176.0,-39.0,-23.0,-167.0,-102.0,-53.0,-149.0,13.309999999999999,44.68,-87.62,63.85,-15.39,-170.17,-48.51,-39.45,-145.02,-98.25,-45.74,-121.8
2025-07-29T20:55:12.760378,103.0,76.0,-70.0,22.0,-38.0,-157.0,-68.0,-36.0,-170.0,-63.0,-28.0,-132.0,86.31,36.68,-51.620000000000005,19.85,-58.39,-151.17,-77.51,-52.45,-148.02,-59.25,-20.740000000000002,-104.8
2025-07-29T20:55:12.768203,70.0,37.0,-172.0,1.0,-18.0,-139.0,0.0,-14.0,-106.0,-7.0,17.0,-119.0,53.31,-2.3200000000000003,-153.62,-1.15,-38.39,-133.17,-9.51,-30.45,-84.02,-3.25,24.259999999999998,-91.8
2025-07-29T20:55:12.772890,68.0,24.0,-72.0,-2.0,68.0,-144.0,-58.0,5.0,-113.0,-76.0,43.0,-156.0,51.31,-15.32,-53.620000000000005,-4.15,47.61,-138.17,-67.51,-11.45,-91.02,-72.25,50.26,-128.8
2025-07-29T20:55:12.780047,44.0,33.0,-171.0,53.0,-15.0,-109.0,-34.0,8.0,-109.0,-16.0,44.0,-160.0,27.31,-6.32,-152.62,50.85,-35.39,-103.17,-43.51,-8.45,-87.02,-12.25,51.26,-132.8
2025-07-29T20:55:12.785118,-51.0,51.0,-81.0,-12.0,-90.0,-146.0,-77.0,-19.0,-174.0,18.0,25.0,-172.0,-67.69,11.68,-62.620000000000005,-14.15,-110.39,-140.17,-86.51,-35.45,-152.02,21.75,32.26,-144.8
2025-07-29T20:55:12.792697,1.0,15.0,-207.0,71.0,3.0,-95.0,-41.0,-6.0,-58.0,56.0,-6.0,-207.0,-15.690000000000001,-24.32,-188.62,68.85,-17.39,-89.17,-50.51,-22.45,-36.019999999999996,59.75,1.2599999999999998,-179.8
2025-07-29T20:55:12.797224,38.0,70.0,-152.0,33.0,-32.0,-123.0,53.0,44.0,-115.0,-49.0,25.0,-117.0,21.31,30.68,-133.62,30.85,-52.39,-117.17,43.49,27.55,-93.02,-45.25,32.26,-89.8
2025-07-29T20:55:12.805203,37.0,43.0,-197.0,42.0,38.0,-157.0,-42.0,-26.0,-190.0,-20.0,28.0,-130.0,20.31,3.6799999999999997,-178.62,39.85,17.61,-151.17,-51.51,-42.45,-168.02,-16.25,35.26,-102.8
2025-07-29T20:55:12.810047,19.0,24.0,-112.0,4.0,38.0,-105.0,-1.0,-45.0,-94.0,-35.0,67.0,-122.0,2.3099999999999987,-15.32,-93.62,1.85,17.61,-99.17,-10.51,-61.45,-72.02,-31.25,74.26,-94.8
2025-07-29T20:55:12.817306,54.0,39.0,-92.0,85.0,2.0,-121.0,-115.0,-13.0,-122.0,-41.0,22.0,-104.0,37.31,-0.3200000000000003,-73.62,82.85,-18.39,-115.17,-124.51,-29.45,-100.02,-37.25,29.259999999999998,-76.8
2025-07-29T20:55:12.821104,27.0,83.0,-57.0,2.0,32.0,-145.0,-84.0,33.0,-56.0,-46.0,-23.0,-144.0,10.309999999999999,43.68,-38.620000000000005,-0.1499999999999999,11.61,-139.17,-93.51,16.55,-34.019999999999996,-42.25,-15.74,-116.8
2025-07-29T20:55:12.829524,8.0,89.0,-141.0,76.0,-13.0,-71.0,-104.0,25.0,-155.0,18.0,-17.0,-90.0,-8.690000000000001,49.68,-122.62,73.85,-33.39,-65.17,-113.51,8.55,-133.02,21.75,-9.74,-62.8
2025-07-29T20:55:12.837368,-17.0,93.0,-148.0,77.0,-47.0,-136.0,-32.0,-11.0,-148.0,-37.0,-56.0,-168.0,-33.69,53.68,-129.62,74.85,-67.39,-130.17,-41.51,-27.45,-126.02,-33.25,-48.74,-140.8
2025-07-29T20:55:12.842816,24.0,133.0,-168.0,29.0,68.0,-143.0,-64.0,-105.0,-137.0,7.0,-3.0,-142.0,7.309999999999999,93.68,-149.62,26.85,47.61,-137.17,-73.51,-121.45,-115.02,10.75,4.26,-114.8
2025-07-29T20:55:12.849969,122.0,48.0,-129.0,0.0,-29.0,-86.0,-51.0,16.0,-130.0,-29.0,51.0,-112.0,105.31,8.68,-110.62,-2.15,-49.39,-80.17,-60.51,-0.4499999999999993,-108.02,-25.25,58.26,-84.8
2025-07-29T20:55:12.854205,30.0,22.0,-105.0,-3.0,-1.0,-113.0,-44.0,-49.0,-146.0,-121.0,12.0,-104.0,13.309999999999999,-17.32,-86.62,-5.15,-21.39,-107.17,-53.51,-65.45,-124.02,-117.25,19.259999999999998,-76.8
2025-07-29T20:55:12.862005,57.0,81.0,-65.0,34.0,22.0,-144.0,-1.0,-19.0,-119.0,-22.0,15.0,-137.0,40.31,41.68,-46.620000000000005,31.85,1.6099999999999994,-138.17,-10.51,-35.45,-97.02,-18.25,22.259999999999998,-109.8
2025-07-29T20:55:12.866171,45.0,88.0,-54.0,67.0,-23.0,-122.0,-38.0,-7.0,-185.0,-96.0,22.0,-145.0,28.31,48.68,-35.620000000000005,64.85,-43.39,-116.17,-47.51,-23.45,-163.02,-92.25,29.259999999999998,-117.8
2025-07-29T20:55:12.874228,-4.0,137.0,-164.0,-43.0,-37.0,-64.0,32.0,-2.0,-108.0,-90.0,35.0,-131.0,-20.69,97.68,-145.62,-45.15,-57.39,-58.17,22.490000000000002,-18.45,-86.02,-86.25,42.26,-103.8
2025-07-29T20:55:12.879640,65.0,73.0,-154.0,48.0,-13.0,-164.0,-51.0,24.0,-124.0,-76.0,-52.0,-126.0,48.31,33.68,-135.62,45.85,-33.39,-158.17,-60.51,7.550000000000001,-102.02,-72.25,-44.74,-98.8
2025-07-29T20:55:12.886541,27.0,57.0,-132.0,16.0,-13.0,-54.0,-20.0,-30.0,-116.0,-94.0,6.0,-198.0,10.309999999999999,17.68,-113.62,13.85,-33.39,-48.17,-29.509999999999998,-46.45,-94.02,-90.25,13.26,-170.8
2025-07-29T20:55:12.892316,54.0,56.0,-73.0,16.0,42.0,-49.0,-101.0,-63.0,-104.0,-79.0,57.0,-110.0,37.31,16.68,-54.620000000000005,13.85,21.61,-43.17,-110.51,-79.45,-82.02,-75.25,64.26,-82.8
2025-07-29T20:55:12.898840,21.0,72.0,-117.0,51.0,4.0,-94.0,20.0,-17.0,-98.0,7.0,91.0,-136.0,4.309999999999999,32.68,-98.62,48.85,-16.39,-88.17,10.49,-33.45,-76.02,10.75,98.26,-108.8
2025-07-29T20:55:12.903447,73.0,130.0,-112.0,1.0,-6.0,-142.0,-49.0,-84.0,-131.0,-39.0,-26.0,-144.0,56.31,90.68,-93.62,-1.15,-26.39,-136.17,-58.51,-100.45,-109.02,-35.25,-18.740000000000002,-116.8
2025-07-29T20:55:12.911189,32.0,98.0,-192.0,-32.0,49.0,-96.0,51.0,-6.0,-146.0,-60.0,21.0,-175.0,15.309999999999999,58.68,-173.62,-34.15,28.61,-90.17,41.49,-22.45,-124.02,-56.25,28.259999999999998,-147.8
2025-07-29T20:55:12.915954,80.0,91.0,-186.0,49.0,60.0,-118.0,-36.0,8.0,-91.0,-58.0,-15.0,-81.0,63.31,51.68,-167.62,46.85,39.61,-112.17,-45.51,-8.45,-69.02,-54.25,-7.74,-53.8
2025-07-29T20:55:12.924517,121.0,70.0,-159.0,37.0,41.0,-140.0,6.0,7.0,-68.0,-52.0,-5.0,-140.0,104.31,30.68,-140.62,34.85,20.61,-134.17,-3.51,-9.45,-46.019999999999996,-48.25,2.26,-112.8
2025-07-29T20:55:12.927601,68.0,35.0,-151.0,15.0,-4.0,-123.0,-18.0,9.0,-138.0,-35.0,50.0,-158.0,51.31,-4.32,-132.62,12.85,-24.39,-117.17,-27.509999999999998,-7.449999999999999,-116.02,-31.25,57.26,-130.8
2025-07-29T20:55:12.935876,14.0,73.0,-188.0,-19.0,-15.0,-75.0,-6.0,-11.0,-126.0,-61.0,-17.0,-138.0,-2.6900000000000013,33.68,-169.62,-21.15,-35.39,-69.17,-15.51,-27.45,-104.02,-57.25,-9.74,-110.8
2025-07-29T20:55:12.943963,48.0,179.0,-134.0,7.0,35.0,-122.0,-23.0,-69.0,-145.0,-80.0,74.0,-175.0,31.31,139.68,-115.62,4.85,14.61,-116.17,-32.51,-85.45,-123.02,-76.25,81.26,-147.8
2025-07-29T20:55:12.949246,33.0,75.0,-157.0,61.0,1.0,-155.0,-19.0,-67.0,-129.0,-64.0,-22.0,-141.0,16.31,35.68,-138.62,58.85,-19.39,-149.17,-28.509999999999998,-83.45,-107.02,-60.25,-14.74,-113.8
2025-07-29T20:55:12.956033,41.0,85.0,-178.0,25.0,-14.0,-105.0,-21.0,9.0,-98.0,-80.0,0.0,-93.0,24.31,45.68,-159.62,22.85,-34.39,-99.17,-30.509999999999998,-7.449999999999999,-76.02,-76.25,7.26,-65.8
2025-07-29T20:55:12.961071,42.0,39.0,-168.0,22.0,36.0,-107.0,-32.0,-45.0,-49.0,23.0,-2.0,-118.0,25.31,-0.3200000000000003,-149.62,19.85,15.61,-101.17,-41.51,-61.45,-27.02,26.75,5.26,-90.8
2025-07-29T20:55:12.968398,37.0,18.0,-145.0,45.0,-28.0,-197.0,-68.0,-15.0,-121.0,-51.0,81.0,-162.0,20.31,-21.32,-126.62,42.85,-48.39,-191.17,-77.51,-31.45,-99.02,-47.25,88.26,-134.8
2025-07-29T20:55:12.973891,44.0,100.0,-105.0,52.0,15.0,-88.0,10.0,36.0,-142.0,-74.0,94.0,-133.0,27.31,60.68,-86.62,49.85,-5.390000000000001,-82.17,0.4900000000000002,19.55,-120.02,-70.25,101.26,-105.8
2025-07-29T20:55:12.981009,20.0,82.0,-106.0,3.0,-24.0,-115.0,-12.0,-57.0,-155.0,-2.0,46.0,-165.0,3.3099999999999987,42.68,-87.62,0.8500000000000001,-44.39,-109.17,-21.509999999999998,-73.45,-133.02,1.75,53.26,-137.8
2025-07-29T20:55:12.985682,10.0,91.0,-134.0,-23.0,72.0,-128.0,-24.0,-30.0,-105.0,-25.0,-33.0,-135.0,-6.690000000000001,51.68,-115.62,-25.15,51.61,-122.17,-33.51,-46.45,-83.02,-21.25,-25.740000000000002,-107.8
2025-07-29T20:55:12.993190,63.0,104.0,-241.0,17.0,0.0,-74.0,-26.0,8.0,-95.0,-57.0,25.0,-148.0,46.31,64.68,-222.62,14.85,-20.39,-68.17,-35.51,-8.45,-73.02,-53.25,32.26,-120.8
2025-07-29T20:55:12.997877,95.0,81.0,-195.0,20.0,-47.0,-90.0,12.0,31.0,-180.0,-15.0,12.0,-70.0,78.31,41.68,-176.62,17.85,-67.39,-84.17,2.49,14.55,-158.02,-11.25,19.259999999999998,-42.8
2025-07-29T20:55:13.005715,109.0,127.0,-82.0,-1.0,-10.0,-84.0,-7.0,-4.0,-165.0,-99.0,25.0,-95.0,92.31,87.68,-63.620000000000005,-3.15,-30.39,-78.17,-16.509999999999998,-20.45,-143.02,-95.25,32.26,-67.8
2025-07-29T20:55:13.010551,-17.0,23.0,-156.0,18.0,-7.0,-170.0,-51.0,-68.0,-69.0,-46.0,-17.0,-155.0,-33.69,-16.32,-137.62,15.85,-27.39,-164.17,-60.51,-84.45,-47.019999999999996,-42.25,-9.74,-127.8
2025-07-29T20:55:13.017991,31.0,63.0,-86.0,63.0,-18.0,-183.0,-62.0,-37.0,-136.0,3.0,-15.0,-169.0,14.309999999999999,23.68,-67.62,60.85,-38.39,-177.17,-71.51,-53.45,-114.02,6.75,-7.74,-141.8
2025-07-29T20:55:13.022564,82.0,64.0,-144.0,-14.0,0.0,-134.0,-38.0,18.0,-146.0,-28.0,41.0,-176.0,65.31,24.68,-125.62,-16.15,-20.39,-128.17,-47.51,1.5500000000000007,-124.02,-24.25,48.26,-148.8
2025-07-29T20:55:13.030425,81.0,74.0,-109.0,-25.0,-11.0,-65.0,-87.0,90.0,-118.0,-22.0,-18.0,-129.0,64.31,34.68,-90.62,-27.15,-31.39,-59.17,-96.51,73.55,-96.02,-18.25,-10.74,-101.8
2025-07-29T20:55:13.034893,110.0,53.0,-145.0,-1.0,-34.0,-148.0,36.0,-32.0,-86.0,-62.0,39.0,-137.0,93.31,13.68,-126.62,-3.15,-54.39,-142.17,26.490000000000002,-48.45,-64.02,-58.25,46.26,-109.8
2025-07-29T20:55:13.042795,20.0,101.0,-59.0,32.0,-70.0,-68.0,-59.0,-13.0,-123.0,-78.0,55.0,-157.0,3.3099999999999987,61.68,-40.620000000000005,29.85,-90.39,-62.17,-68.51,-29.45,-101.02,-74.25,62.26,-129.8
2025-07-29T20:55:13.050268,31.0,33.0,-133.0,50.0,-34.0,-132.0,-10.0,-17.0,-91.0,-15.0,-25.0,-145.0,14.309999999999999,-6.32,-114.62,47.85,-54.39,-126.17,-19.509999999999998,-33.45,-69.02,-11.25,-17.740000000000002,-117.8
2025-07-29T20:55:13.055136,40.0,59.0,-113.0,4.0,10.0,-161.0,-58.0,-17.0,-105.0,-4.0,20.0,-184.0,23.31,19.68,-94.62,1.85,-10.39,-155.17,-67.51,-33.45,-83.02,-0.25,27.259999999999998,-156.8
2025-07-29T20:55:13.062664,-13.0,94.0,-105.0,17.0,7.0,-132.0,-23.0,58.0,-51.0,-69.0,15.0,-121.0,-29.69,54.68,-86.62,14.85,-13.39,-126.17,-32.51,41.55,-29.02,-65.25,22.259999999999998,-93.8
2025-07-29T20:55:13.067117,68.0,58.0,-161.0,30.0,-26.0,-119.0,-48.0,66.0,-144.0,12.0,23.0,-151.0,51.31,18.68,-142.62,27.85,-46.39,-113.17,-57.51,49.55,-122.02,15.75,30.259999999999998,-123.8
2025-07-29T20:55:13.075364,101.0,64.0,-129.0,74.0,20.0,-125.0,-21.0,37.0,-175.0,-115.0,10.0,-191.0,84.31,24.68,-110.62,71.85,-0.39000000000000057,-119.17,-30.509999999999998,20.55,-153.02,-111.25,17.259999999999998,-163.8
2025-07-29T20:55:13.079808,78.0,46.0,-135.0,60.0,18.0,-140.0,2.0,-32.0,-113.0,-48.0,40.0,-171.0,61.31,6.68,-116.62,57.85,-2.3900000000000006,-134.17,-7.51,-48.45,-91.02,-44.25,47.26,-143.8
2025-07-29T20:55:13.088233,45.0,51.0,-130.0,19.0,24.0,-160.0,-12.0,-24.0,-86.0,18.0,-17.0,-160.0,28.31,11.68,-111.62,16.85,3.6099999999999994,-154.17,-21.509999999999998,-40.45,-64.02,21.75,-9.74,-132.8
2025-07-29T20:55:13.091896,11.0,65.0,-143.0,79.0,-22.0,-170.0,-68.0,45.0,-75.0,-26.0,5.0,-111.0,-5.690000000000001,25.68,-124.62,76.85,-42.39,-164.17,-77.51,28.55,-53.019999999999996,-22.25,12.26,-83.8
2025-07-29T20:55:13.099724,43.0,94.0,-120.0,-20.0,-49.0,-138.0,-60.0,-64.0,-171.0,-98.0,10.0,-134.0,26.31,54.68,-101.62,-22.15,-69.39,-132.17,-69.51,-80.45,-149.02,-94.25,17.259999999999998,-106.8
2025-07-29T20:55:13.104293,22.0,134.0,-130.0,51.0,-32.0,-139.0,-31.0,34.0,-128.0,-56.0,13.0,-90.0,5.309999999999999,94.68,-111.62,48.85,-52.39,-133.17,-40.51,17.55,-106.02,-52.25,20.259999999999998,-62.8
2025-07-29T20:55:13.112820,83.0,-27.0,-165.0,101.0,-25.0,-124.0,-38.0,-50.0,-108.0,-41.0,39.0,-109.0,66.31,-66.32,-146.62,98.85,-45.39,-118.17,-47.51,-66.45,-86.02,-37.25,46.26,-81.8
2025-07-29T20:55:13.117673,69.0,102.0,-136.0,34.0,-22.0,-143.0,76.0,6.0,-107.0,-115.0,16.0,-128.0,52.31,62.68,-117.62,31.85,-42.39,-137.17,66.49,-10.45,-85.02,-111.25,23.259999999999998,-100.8
2025-07-29T20:55:13.125201,23.0,34.0,-103.0,46.0,-20.0,-160.0,-13.0,15.0,-28.0,-40.0,74.0,-221.0,6.309999999999999,-5.32,-84.62,43.85,-40.39,-154.17,-22.509999999999998,-1.4499999999999993,-6.02,-36.25,81.26,-193.8
2025-07-29T20:55:13.132295,38.0,107.0,-107.0,-32.0,44.0,-56.0,-41.0,11.0,-135.0,-51.0,-7.0,-72.0,21.31,67.68,-88.62,-34.15,23.61,-50.17,-50.51,-5.449999999999999,-113.02,-47.25,0.2599999999999998,-44.8
2025-07-29T20:55:13.137603,64.0,60.0,-158.0,65.0,29.0,-120.0,-81.0,1.0,-166.0,-113.0,10.0,-96.0,47.31,20.68,-139.62,62.85,8.61,-114.17,-90.51,-15.45,-144.02,-109.25,17.259999999999998,-68.8
2025-07-29T20:55:13.144501,34.0,69.0,-123.0,36.0,36.0,-98.0,-48.0,-27.0,-146.0,-69.0,-1.0,-88.0,17.31,29.68,-104.62,33.85,15.61,-92.17,-57.51,-43.45,-124.02,-65.25,6.26,-60.8
2025-07-29T20:55:13.149920,-2.0,6.0,-155.0,24.0,38.0,-151.0,47.0,-30.0,-65.0,-40.0,26.0,-114.0,-18.69,-33.32,-136.62,21.85,17.61,-145.17,37.49,-46.45,-43.019999999999996,-36.25,33.26,-86.8
2025-07-29T20:55:13.156839,109.0,53.0,-112.0,7.0,-49.0,-126.0,-49.0,-26.0,-138.0,48.0,62.0,-254.0,92.31,13.68,-93.62,4.85,-69.39,-120.17,-58.51,-42.45,-116.02,51.75,69.26,-226.8
2025-07-29T20:55:13.162495,-2.0,60.0,-148.0,-14.0,-23.0,-101.0,-49.0,12.0,-90.0,-119.0,51.0,-218.0,-18.69,20.68,-129.62,-16.15,-43.39,-95.17,-58.51,-4.449999999999999,-68.02,-115.25,58.26,-190.8
2025-07-29T20:55:13.169102,56.0,119.0,-151.0,51.0,8.0,-174.0,-94.0,-8.0,-139.0,-68.0,3.0,-107.0,39.31,79.68,-132.62,48.85,-12.39,-168.17,-103.51,-24.45,-117.02,-64.25,10.26,-79.8
2025-07-29T20:55:13.173858,-23.0,90.0,-162.0,11.0,-4.0,-121.0,-16.0,15.0,-140.0,18.0,35.0,-117.0,-39.69,50.68,-143.62,8.85,-24.39,-115.17,-25.509999999999998,-1.4499999999999993,-118.02,21.75,42.26,-89.8
2025-07-29T20:55:13.181473,83.0,138.0,-95.0,24.0,-27.0,-86.0,30.0,-98.0,-147.0,-23.0,85.0,-133.0,66.31,98.68,-76.62,21.85,-47.39,-80.17,20.490000000000002,-114.45,-125.02,-19.25,92.26,-105.8
2025-07-29T20:55:13.185760,70.0,57.0,-182.0,38.0,-7.0,-104.0,27.0,-5.0,-140.0,-95.0,54.0,-127.0,53.31,17.68,-163.62,35.85,-27.39,-98.17,17.490000000000002,-21.45,-118.02,-91.25,61.26,-99.8
2025-07-29T20:55:13.194141,115.0,18.0,-151.0,30.0,-36.0,-75.0,-22.0,30.0,-150.0,18.0,50.0,-174.0,98.31,-21.32,-132.62,27.85,-56.39,-69.17,-31.509999999999998,13.55,-128.02,21.75,57.26,-146.8
2025-07-29T20:55:13.198544,29.0,90.0,-92.0,60.0,-5.0,-118.0,-32.0,7.0,-78.0,5.0,33.0,-144.0,12.309999999999999,50.68,-73.62,57.85,-25.39,-112.17,-41.51,-9.45,-56.019999999999996,8.75,40.26,-116.8
2025-07-29T20:55:13.206802,53.0,104.0,-81.0,84.0,-3.0,-79.0,-44.0,-36.0,-112.0,13.0,17.0,-174.0,36.31,64.68,-62.620000000000005,81.85,-23.39,-73.17,-53.51,-52.45,-90.02,16.75,24.259999999999998,-146.8
2025-07-29T20:55:13.211542,-10.0,47.0,-125.0,6.0,33.0,-153.0,-30.0,-46.0,-175.0,-61.0,23.0,-130.0,-26.69,7.68,-106.62,3.85,12.61,-147.17,-39.51,-62.45,-153.02,-57.25,30.259999999999998,-102.8
2025-07-29T20:55:13.218863,19.0,87.0,-191.0,42.0,67.0,-174.0,-61.0,12.0,-146.0,-98.0,-6.0,-137.0,2.3099999999999987,47.68,-172.62,39.85,46.61,-168.17,-70.51,-4.449999999999999,-124.02,-94.25,1.2599999999999998,-109.8
2025-07-29T20:55:13.223630,106.0,113.0,-140.0,40.0,11.0,-170.0,-21.0,-47.0,-102.0,-75.0,37.0,-166.0,89.31,73.68,-121.62,37.85,-9.39,-164.17,-30.509999999999998,-63.45,-80.02,-71.25,44.26,-138.8
2025-07-29T20:55:13.231578,131.0,127.0,-125.0,50.0,-35.0,-178.0,-49.0,-6.0,-61.0,-53.0,-18.0,-167.0,114.31,87.68,-106.62,47.85,-55.39,-172.17,-58.51,-22.45,-39.019999999999996,-49.25,-10.74,-139.8
2025-07-29T20:55:13.238801,26.0,55.0,-82.0,77.0,29.0,-109.0,-68.0,-2.0,-126.0,14.0,33.0,-119.0,9.309999999999999,15.68,-63.620000000000005,74.85,8.61,-103.17,-77.51,-18.45,-104.02,17.75,40.26,-91.8
2025-07-29T20:55:13.243306,-11.0,71.0,-116.0,15.0,49.0,-141.0,-58.0,60.0,-120.0,-9.0,71.0,-151.0,-27.69,31.68,-97.62,12.85,28.61,-135.17,-67.51,43.55,-98.02,-5.25,78.26,-123.8
2025-07-29T20:55:13.251065,44.0,88.0,-131.0,7.0,4.0,-70.0,-30.0,-35.0,-169.0,-72.0,48.0,-119.0,27.31,48.68,-112.62,4.85,-16.39,-64.17,-39.51,-51.45,-147.02,-68.25,55.26,-91.8
2025-07-29T20:55:13.255570,36.0,55.0,-121.0,108.0,34.0,-125.0,1.0,-70.0,-128.0,-80.0,3.0,-169.0,19.31,15.68,-102.62,105.85,13.61,-119.17,-8.51,-86.45,-106.02,-76.25,10.26,-141.8
2025-07-29T20:55:13.263689,82.0,-72.0,-167.0,68.0,-51.0,-147.0,-62.0,-76.0,-108.0,-21.0,71.0,-211.0,65.31,-111.32,-148.62,65.85,-71.39,-141.17,-71.51,-92.45,-86.02,-17.25,78.26,-183.8
2025-07-29T20:55:13.268450,53.0,89.0,-170.0,6.0,-79.0,-107.0,-59.0,81.0,-110.0,-52.0,98.0,-173.0,36.31,49.68,-151.62,3.85,-99.39,-101.17,-68.51,64.55,-88.02,-48.25,105.26,-145.8
2025-07-29T20:55:13.275632,33.0,23.0,-93.0,64.0,-56.0,-111.0,-27.0,0.0,-136.0,6.0,-21.0,-83.0,16.31,-16.32,-74.62,61.85,-76.39,-105.17,-36.51,-16.45,-114.02,9.75,-13.74,-55.8
2025-07-29T20:55:13.280882,29.0,168.0,-115.0,58.0,19.0,-129.0,-21.0,-71.0,-150.0,-53.0,-6.0,-191.0,12.309999999999999,128.68,-96.62,55.85,-1.3900000000000006,-123.17,-30.509999999999998,-87.45,-128.02,-49.25,1.2599999999999998,-163.8
2025-07-29T20:55:13.287962,45.0,82.0,-241.0,73.0,-72.0,-132.0,42.0,-45.0,-136.0,-64.0,8.0,-190.0,28.31,42.68,-222.62,70.85,-92.39,-126.17,32.49,-61.45,-114.02,-60.25,15.26,-162.8
2025-07-29T20:55:13.292808,27.0,83.0,-133.0,70.0,-70.0,-92.0,20.0,-70.0,-98.0,-51.0,73.0,-190.0,10.309999999999999,43.68,-114.62,67.85,-90.39,-86.17,10.49,-86.45,-76.02,-47.25,80.26,-162.8
2025-07-29T20:55:13.300801,191.0,-28.0,-204.0,33.0,-24.0,-117.0,-22.0,-25.0,-160.0,-7.0,51.0,-142.0,174.31,-67.32,-185.62,30.85,-44.39,-111.17,-31.509999999999998,-41.45,-138.02,-3.25,58.26,-114.8
2025-07-29T20:55:13.305276,178.0,3.0,-150.0,99.0,-50.0,-112.0,-40.0,-33.0,-242.0,-36.0,16.0,-221.0,161.31,-36.32,-131.62,96.85,-70.39,-106.17,-49.51,-49.45,-220.02,-32.25,23.259999999999998,-193.8
2025-07-29T20:55:13.313086,78.0,21.0,-158.0,66.0,-95.0,-195.0,21.0,-69.0,-180.0,-76.0,7.0,-215.0,61.31,-18.32,-139.62,63.85,-115.39,-189.17,11.49,-85.45,-158.02,-72.25,14.26,-187.8
2025-07-29T20:55:13.320875,112.0,77.0,-188.0,87.0,4.0,-110.0,-73.0,-146.0,-153.0,-47.0,-7.0,-198.0,95.31,37.68,-169.62,84.85,-16.39,-104.17,-82.51,-162.45,-131.02,-43.25,0.2599999999999998,-170.8
2025-07-29T20:55:13.325498,116.0,111.0,-123.0,37.0,-18.0,-178.0,-14.0,-83.0,-189.0,-7.0,-4.0,-285.0,99.31,71.68,-104.62,34.85,-38.39,-172.17,-23.509999999999998,-99.45,-167.02,-3.25,3.26,-257.8
2025-07-29T20:55:13.332976,168.0,-9.0,-228.0,102.0,-27.0,-73.0,21.0,-82.0,-138.0,-91.0,14.0,-282.0,151.31,-48.32,-209.62,99.85,-47.39,-67.17,11.49,-98.45,-116.02,-87.25,21.259999999999998,-254.8
2025-07-29T20:55:13.338011,176.0,2.0,-239.0,121.0,-38.0,-147.0,52.0,-95.0,-149.0,-17.0,75.0,-270.0,159.31,-37.32,-220.62,118.85,-58.39,-141.17,42.49,-111.45,-127.02,-13.25,82.26,-242.8
2025-07-29T20:55:13.345513,193.0,42.0,-145.0,158.0,-100.0,-178.0,21.0,-121.0,-205.0,24.0,28.0,-300.0,176.31,2.6799999999999997,-126.62,155.85,-120.39,-172.17,11.49,-137.45,-183.02,27.75,35.26,-272.8
2025-07-29T20:55:13.350320,170.0,86.0,-219.0,119.0,-83.0,-70.0,28.0,-160.0,-192.0,-97.0,46.0,-290.0,153.31,46.68,-200.62,116.85,-103.39,-64.17,18.490000000000002,-176.45,-170.02,-93.25,53.26,-262.8
2025-07-29T20:55:13.357627,133.0,47.0,-258.0,132.0,-141.0,-198.0,31.0,-121.0,-242.0,-36.0,26.0,-360.0,116.31,7.68,-239.62,129.85,-161.39,-192.17,21.490000000000002,-137.45,-220.02,-32.25,33.26,-332.8
2025-07-29T20:55:13.366018,237.0,46.0,-228.0,185.0,-92.0,-156.0,68.0,-165.0,-251.0,-27.0,-9.0,-363.0,220.31,6.68,-209.62,182.85,-112.39,-150.17,58.49,-181.45,-229.02,-23.25,-1.7400000000000002,-335.8
2025-07-29T20:55:13.370091,261.0,39.0,-135.0,220.0,-39.0,-122.0,19.0,-179.0,-203.0,-31.0,-23.0,-285.0,244.31,-0.3200000000000003,-116.62,217.85,-59.39,-116.17,9.49,-195.45,-181.02,-27.25,-15.74,-257.8
2025-07-29T20:55:13.378061,244.0,8.0,-220.0,192.0,-91.0,-161.0,-9.0,-159.0,-174.0,-77.0,4.0,-328.0,227.31,-31.32,-201.62,189.85,-111.39,-155.17,-18.509999999999998,-175.45,-152.02,-73.25,11.26,-300.8
2025-07-29T20:55:13.382707,243.0,62.0,-255.0,204.0,-96.0,-122.0,6.0,-184.0,-278.0,-19.0,-27.0,-407.0,226.31,22.68,-236.62,201.85,-116.39,-116.17,-3.51,-200.45,-256.02,-15.25,-19.740000000000002,-379.8
2025-07-29T20:55:13.390314,280.0,-60.0,-231.0,214.0,-143.0,-120.0,75.0,-162.0,-282.0,-73.0,-27.0,-419.0,263.31,-99.32,-212.62,211.85,-163.39,-114.17,65.49,-178.45,-260.02,-69.25,-19.740000000000002,-391.8
2025-07-29T20:55:13.395258,325.0,-31.0,-276.0,282.0,-88.0,-168.0,-11.0,-221.0,-280.0,5.0,26.0,-409.0,308.31,-70.32,-257.62,279.85,-108.39,-162.17,-20.509999999999998,-237.45,-258.02,8.75,33.26,-381.8
2025-07-29T20:55:13.403173,297.0,30.0,-264.0,185.0,-88.0,-70.0,72.0,-270.0,-312.0,-35.0,-51.0,-419.0,280.31,-9.32,-245.62,182.85,-108.39,-64.17,62.49,-286.45,-290.02,-31.25,-43.74,-391.8
2025-07-29T20:55:13.410847,329.0,-12.0,-223.0,308.0,-188.0,-72.0,56.0,-256.0,-287.0,21.0,24.0,-453.0,312.31,-51.32,-204.62,305.85,-208.39,-66.17,46.49,-272.45,-265.02,24.75,31.259999999999998,-425.8
2025-07-29T20:55:13.415842,450.0,-66.0,-293.0,228.0,-101.0,-122.0,65.0,-282.0,-263.0,-59.0,14.0,-425.0,433.31,-105.32,-274.62,225.85,-121.39,-116.17,55.49,-298.45,-241.02,-55.25,21.259999999999998,-397.8
2025-07-29T20:55:13.423771,379.0,12.0,-226.0,229.0,-190.0,-120.0,-3.0,-192.0,-213.0,15.0,49.0,-415.0,362.31,-27.32,-207.62,226.85,-210.39,-114.17,-12.51,-208.45,-191.02,18.75,56.26,-387.8
2025-07-29T20:55:13.428865,326.0,34.0,-201.0,233.0,-190.0,-84.0,122.0,-249.0,-294.0,20.0,-13.0,-469.0,309.31,-5.32,-182.62,230.85,-210.39,-78.17,112.49,-265.45,-272.02,23.75,-5.74,-441.8
2025-07-29T20:55:13.435838,387.0,-43.0,-329.0,232.0,-164.0,-106.0,36.0,-236.0,-273.0,4.0,-31.0,-402.0,370.31,-82.32,-310.62,229.85,-184.39,-100.17,26.490000000000002,-252.45,-251.02,7.75,-23.740000000000002,-374.8
2025-07-29T20:55:13.443480,348.0,-27.0,-252.0,296.0,-204.0,-95.0,-32.0,-133.0,-313.0,-39.0,46.0,-429.0,331.31,-66.32,-233.62,293.85,-224.39,-89.17,-41.51,-149.45,-291.02,-35.25,53.26,-401.8
2025-07-29T20:55:13.448616,314.0,-10.0,-283.0,244.0,-135.0,-128.0,68.0,-233.0,-263.0,-32.0,-24.0,-421.0,297.31,-49.32,-264.62,241.85,-155.39,-122.17,58.49,-249.45,-241.02,-28.25,-16.740000000000002,-393.8
2025-07-29T20:55:13.456355,245.0,-5.0,-309.0,251.0,-154.0,-150.0,77.0,-193.0,-276.0,22.0,36.0,-426.0,228.31,-44.32,-290.62,248.85,-174.39,-144.17,67.49,-209.45,-254.02,25.75,43.26,-398.8
2025-07-29T20:55:13.460765,317.0,-61.0,-273.0,261.0,-140.0,-122.0,14.0,-280.0,-315.0,25.0,0.0,-414.0,300.31,-100.32,-254.62,258.85,-160.39,-116.17,4.49,-296.45,-293.02,28.75,7.26,-386.8
2025-07-29T20:55:13.468157,345.0,9.0,-247.0,197.0,-165.0,-172.0,88.0,-243.0,-279.0,36.0,-48.0,-457.0,328.31,-30.32,-228.62,194.85,-185.39,-166.17,78.49,-259.45,-257.02,39.75,-40.74,-429.8
2025-07-29T20:55:13.473318,377.0,-56.0,-327.0,170.0,-105.0,-102.0,19.0,-154.0,-251.0,-13.0,30.0,-436.0,360.31,-95.32,-308.62,167.85,-125.39,-96.17,9.49,-170.45,-229.02,-9.25,37.26,-408.8
2025-07-29T20:55:13.480646,323.0,-84.0,-214.0,301.0,-146.0,-76.0,78.0,-217.0,-320.0,-11.0,3.0,-437.0,306.31,-123.32,-195.62,298.85,-166.39,-70.17,68.49,-233.45,-298.02,-7.25,10.26,-409.8
2025-07-29T20:55:13.488576,378.0,-10.0,-325.0,219.0,-175.0,-88.0,-2.0,-219.0,-199.0,0.0,53.0,-492.0,361.31,-49.32,-306.62,216.85,-195.39,-82.17,-11.51,-235.45,-177.02,3.75,60.26,-464.8
2025-07-29T20:55:13.493458,419.0,32.0,-228.0,275.0,-157.0,-99.0,27.0,-212.0,-230.0,4.0,41.0,-408.0,402.31,-7.32,-209.62,272.85,-177.39,-93.17,17.490000000000002,-228.45,-208.02,7.75,48.26,-380.8
2025-07-29T20:55:13.500895,271.0,-69.0,-225.0,218.0,-212.0,-165.0,72.0,-229.0,-272.0,-7.0,30.0,-351.0,254.31,-108.32,-206.62,215.85,-232.39,-159.17,62.49,-245.45,-250.02,-3.25,37.26,-323.8
2025-07-29T20:55:13.506119,357.0,53.0,-233.0,257.0,-165.0,-149.0,23.0,-232.0,-265.0,29.0,38.0,-433.0,340.31,13.68,-214.62,254.85,-185.39,-143.17,13.49,-248.45,-243.02,32.75,45.26,-405.8
2025-07-29T20:55:13.513211,317.0,19.0,-294.0,254.0,-179.0,-107.0,28.0,-270.0,-233.0,-20.0,-60.0,-392.0,300.31,-20.32,-275.62,251.85,-199.39,-101.17,18.490000000000002,-286.45,-211.02,-16.25,-52.74,-364.8
2025-07-29T20:55:13.521329,328.0,-51.0,-205.0,266.0,-177.0,-148.0,44.0,-200.0,-233.0,-6.0,-16.0,-409.0,311.31,-90.32,-186.62,263.85,-197.39,-142.17,34.49,-216.45,-211.02,-2.25,-8.74,-381.8
2025-07-29T20:55:13.526301,253.0,52.0,-236.0,257.0,-120.0,-121.0,56.0,-253.0,-321.0,22.0,20.0,-416.0,236.31,12.68,-217.62,254.85,-140.39,-115.17,46.49,-269.45,-299.02,25.75,27.259999999999998,-388.8
2025-07-29T20:55:13.533865,400.0,-22.0,-305.0,269.0,-149.0,-118.0,61.0,-269.0,-314.0,65.0,-2.0,-414.0,383.31,-61.32,-286.62,266.85,-169.39,-112.17,51.49,-285.45,-292.02,68.75,5.26,-386.8
2025-07-29T20:55:13.538354,309.0,-21.0,-245.0,214.0,-151.0,-111.0,51.0,-247.0,-247.0,21.0,82.0,-389.0,292.31,-60.32,-226.62,211.85,-171.39,-105.17,41.49,-263.45,-225.02,24.75,89.26,-361.8
2025-07-29T20:55:13.545998,333.0,36.0,-264.0,239.0,-148.0,-152.0,41.0,-241.0,-285.0,-15.0,-1.0,-428.0,316.31,-3.3200000000000003,-245.62,236.85,-168.39,-146.17,31.490000000000002,-257.45,-263.02,-11.25,6.26,-400.8
2025-07-29T20:55:13.551226,274.0,22.0,-262.0,231.0,-212.0,-157.0,36.0,-246.0,-296.0,20.0,-19.0,-411.0,257.31,-17.32,-243.62,228.85,-232.39,-151.17,26.490000000000002,-262.45,-274.02,23.75,-11.74,-383.8
2025-07-29T20:55:13.559022,314.0,-55.0,-262.0,273.0,-194.0,-118.0,62.0,-286.0,-292.0,17.0,16.0,-327.0,297.31,-94.32,-243.62,270.85,-214.39,-112.17,52.49,-302.45,-270.02,20.75,23.259999999999998,-299.8
2025-07-29T20:55:13.566504,346.0,-22.0,-253.0,247.0,-93.0,-124.0,53.0,-203.0,-247.0,47.0,43.0,-380.0,329.31,-61.32,-234.62,244.85,-113.39,-118.17,43.49,-219.45,-225.02,50.75,50.26,-352.8
2025-07-29T20:55:13.571668,385.0,25.0,-226.0,232.0,-142.0,-136.0,117.0,-267.0,-259.0,-27.0,61.0,-424.0,368.31,-14.32,-207.62,229.85,-162.39,-130.17,107.49,-283.45,-237.02,-23.25,68.26,-396.8
2025-07-29T20:55:13.578814,462.0,6.0,-308.0,301.0,-128.0,-163.0,32.0,-209.0,-273.0,-41.0,-6.0,-411.0,445.31,-33.32,-289.62,298.85,-148.39,-157.17,22.490000000000002,-225.45,-251.02,-37.25,1.2599999999999998,-383.8
2025-07-29T20:55:13.583843,325.0,-8.0,-227.0,206.0,-146.0,-126.0,27.0,-209.0,-274.0,-76.0,-14.0,-452.0,308.31,-47.32,-208.62,203.85,-166.39,-120.17,17.490000000000002,-225.45,-252.02,-72.25,-6.74,-424.8
2025-07-29T20:55:13.591280,301.0,36.0,-287.0,297.0,-124.0,-105.0,87.0,-203.0,-326.0,-4.0,-50.0,-414.0,284.31,-3.3200000000000003,-268.62,294.85,-144.39,-99.17,77.49,-219.45,-304.02,-0.25,-42.74,-386.8
2025-07-29T20:55:13.599244,357.0,-3.0,-272.0,230.0,-113.0,-161.0,111.0,-263.0,-250.0,-6.0,-1.0,-357.0,340.31,-42.32,-253.62,227.85,-133.39,-155.17,101.49,-279.45,-228.02,-2.25,6.26,-329.8
2025-07-29T20:55:13.604791,375.0,40.0,-191.0,217.0,-179.0,-109.0,-22.0,-244.0,-274.0,24.0,-12.0,-405.0,358.31,0.6799999999999997,-172.62,214.85,-199.39,-103.17,-31.509999999999998,-260.45,-252.02,27.75,-4.74,-377.8
2025-07-29T20:55:13.611541,308.0,24.0,-254.0,198.0,-125.0,-197.0,65.0,-214.0,-211.0,-34.0,-34.0,-478.0,291.31,-15.32,-235.62,195.85,-145.39,-191.17,55.49,-230.45,-189.02,-30.25,-26.740000000000002,-450.8
2025-07-29T20:55:13.616171,328.0,-3.0,-269.0,275.0,-133.0,-131.0,52.0,-275.0,-246.0,12.0,-30.0,-425.0,311.31,-42.32,-250.62,272.85,-153.39,-125.17,42.49,-291.45,-224.02,15.75,-22.740000000000002,-397.8
2025-07-29T20:55:13.624091,351.0,-1.0,-259.0,214.0,-229.0,-194.0,25.0,-177.0,-290.0,-24.0,-52.0,-459.0,334.31,-40.32,-240.62,211.85,-249.39,-188.17,15.49,-193.45,-268.02,-20.25,-44.74,-431.8
2025-07-29T20:55:13.628549,302.0,34.0,-262.0,267.0,-112.0,-141.0,38.0,-252.0,-272.0,11.0,-26.0,-462.0,285.31,-5.32,-243.62,264.85,-132.39,-135.17,28.490000000000002,-268.45,-250.02,14.75,-18.740000000000002,-434.8
2025-07-29T20:55:13.637458,401.0,-23.0,-243.0,253.0,-177.0,-108.0,59.0,-246.0,-293.0,-30.0,-48.0,-404.0,384.31,-62.32,-224.62,250.85,-197.39,-102.17,49.49,-262.45,-271.02,-26.25,-40.74,-376.8
2025-07-29T20:55:13.644361,330.0,8.0,-195.0,254.0,-109.0,-84.0,103.0,-194.0,-325.0,17.0,23.0,-433.0,313.31,-31.32,-176.62,251.85,-129.39,-78.17,93.49,-210.45,-303.02,20.75,30.259999999999998,-405.8
2025-07-29T20:55:13.649272,313.0,12.0,-230.0,292.0,-171.0,-148.0,46.0,-242.0,-307.0,41.0,-37.0,-463.0,296.31,-27.32,-211.62,289.85,-191.39,-142.17,36.49,-258.45,-285.02,44.75,-29.740000000000002,-435.8
2025-07-29T20:55:13.657183,368.0,19.0,-253.0,270.0,-143.0,-102.0,55.0,-246.0,-325.0,8.0,2.0,-445.0,351.31,-20.32,-234.62,267.85,-163.39,-96.17,45.49,-262.45,-303.02,11.75,9.26,-417.8
2025-07-29T20:55:13.662158,322.0,-13.0,-242.0,254.0,-144.0,-136.0,17.0,-210.0,-318.0,-2.0,83.0,-428.0,305.31,-52.32,-223.62,251.85,-164.39,-130.17,7.49,-226.45,-296.02,1.75,90.26,-400.8
2025-07-29T20:55:13.669586,302.0,-35.0,-297.0,250.0,-104.0,-157.0,81.0,-232.0,-283.0,36.0,17.0,-411.0,285.31,-74.32,-278.62,247.85,-124.39,-151.17,71.49,-248.45,-261.02,39.75,24.259999999999998,-383.8
2025-07-29T20:55:13.677006,316.0,-45.0,-251.0,212.0,-125.0,-156.0,2.0,-226.0,-262.0,0.0,-23.0,-473.0,299.31,-84.32,-232.62,209.85,-145.39,-150.17,-7.51,-242.45,-240.02,3.75,-15.74,-445.8
2025-07-29T20:55:13.681528,390.0,-52.0,-191.0,308.0,-98.0,-90.0,-8.0,-195.0,-282.0,-73.0,7.0,-447.0,373.31,-91.32,-172.62,305.85,-118.39,-84.17,-17.509999999999998,-211.45,-260.02,-69.25,14.26,-419.8
2025-07-29T20:55:13.689608,263.0,19.0,-207.0,255.0,-199.0,-117.0,101.0,-185.0,-236.0,-39.0,9.0,-440.0,246.31,-20.32,-188.62,252.85,-219.39,-111.17,91.49,-201.45,-214.02,-35.25,16.259999999999998,-412.8
2025-07-29T20:55:13.694321,332.0,-8.0,-304.0,252.0,-159.0,-170.0,96.0,-258.0,-297.0,13.0,-38.0,-444.0,315.31,-47.32,-285.62,249.85,-179.39,-164.17,86.49,-274.45,-275.02,16.75,-30.740000000000002,-416.8
2025-07-29T20:55:13.701785,358.0,-6.0,-269.0,286.0,-145.0,-160.0,5.0,-163.0,-271.0,8.0,-22.0,-439.0,341.31,-45.32,-250.62,283.85,-165.39,-154.17,-4.51,-179.45,-249.02,11.75,-14.74,-411.8
2025-07-29T20:55:13.706910,396.0,6.0,-283.0,287.0,-186.0,-162.0,77.0,-212.0,-272.0,5.0,7.0,-427.0,379.31,-33.32,-264.62,284.85,-206.39,-156.17,67.49,-228.45,-250.02,8.75,14.26,-399.8
2025-07-29T20:55:13.714055,326.0,-12.0,-219.0,262.0,-192.0,-143.0,84.0,-250.0,-274.0,11.0,9.0,-444.0,309.31,-51.32,-200.62,259.85,-212.39,-137.17,74.49,-266.45,-252.02,14.75,16.259999999999998,-416.8
2025-07-29T20:55:13.722204,283.0,-3.0,-290.0,263.0,-157.0,-96.0,88.0,-190.0,-257.0,-60.0,-13.0,-450.0,266.31,-42.32,-271.62,260.85,-177.39,-90.17,78.49,-206.45,-235.02,-56.25,-5.74,-422.8
2025-07-29T20:55:13.726795,356.0,-23.0,-280.0,258.0,-89.0,-128.0,53.0,-236.0,-274.0,-84.0,14.0,-488.0,339.31,-62.32,-261.62,255.85,-109.39,-122.17,43.49,-252.45,-252.02,-80.25,21.259999999999998,-460.8
2025-07-29T20:55:13.734515,369.0,-46.0,-245.0,225.0,-114.0,-162.0,98.0,-232.0,-310.0,36.0,27.0,-457.0,352.31,-85.32,-226.62,222.85,-134.39,-156.17,88.49,-248.45,-288.02,39.75,34.26,-429.8
2025-07-29T20:55:13.739283,347.0,29.0,-286.0,231.0,-153.0,-105.0,30.0,-305.0,-245.0,-20.0,14.0,-396.0,330.31,-10.32,-267.62,228.85,-173.39,-99.17,20.490000000000002,-321.45,-223.02,-16.25,21.259999999999998,-368.8
2025-07-29T20:55:13.746630,410.0,-2.0,-283.0,290.0,-208.0,-115.0,6.0,-204.0,-274.0,22.0,32.0,-409.0,393.31,-41.32,-264.62,287.85,-228.39,-109.17,-3.51,-220.45,-252.02,25.75,39.26,-381.8
2025-07-29T20:55:13.754769,324.0,-12.0,-215.0,281.0,-224.0,-155.0,113.0,-246.0,-291.0,-53.0,64.0,-445.0,307.31,-51.32,-196.62,278.85,-244.39,-149.17,103.49,-262.45,-269.02,-49.25,71.26,-417.8
2025-07-29T20:55:13.759802,292.0,-72.0,-234.0,295.0,-161.0,-173.0,75.0,-283.0,-249.0,-61.0,-2.0,-391.0,275.31,-111.32,-215.62,292.85,-181.39,-167.17,65.49,-299.45,-227.02,-57.25,5.26,-363.8
2025-07-29T20:55:13.767563,398.0,43.0,-276.0,314.0,-130.0,-165.0,-27.0,-230.0,-299.0,1.0,31.0,-409.0,381.31,3.6799999999999997,-257.62,311.85,-150.39,-159.17,-36.51,-246.45,-277.02,4.75,38.26,-381.8
2025-07-29T20:55:13.772062,377.0,-101.0,-231.0,259.0,-143.0,-153.0,19.0,-262.0,-314.0,63.0,24.0,-431.0,360.31,-140.32,-212.62,256.85,-163.39,-147.17,9.49,-278.45,-292.02,66.75,31.259999999999998,-403.8
2025-07-29T20:55:13.779735,314.0,103.0,-203.0,245.0,-110.0,-121.0,109.0,-262.0,-238.0,49.0,-44.0,-404.0,297.31,63.68,-184.62,242.85,-130.39,-115.17,99.49,-278.45,-216.02,52.75,-36.74,-376.8
2025-07-29T20:55:13.787865,362.0,37.0,-283.0,326.0,-159.0,-138.0,45.0,-220.0,-324.0,-22.0,45.0,-465.0,345.31,-2.3200000000000003,-264.62,323.85,-179.39,-132.17,35.49,-236.45,-302.02,-18.25,52.26,-437.8
2025-07-29T20:55:13.792430,308.0,-12.0,-253.0,295.0,-180.0,-150.0,126.0,-217.0,-315.0,8.0,14.0,-473.0,291.31,-51.32,-234.62,292.85,-200.39,-144.17,116.49,-233.45,-293.02,11.75,21.259999999999998,-445.8
2025-07-29T20:55:13.799957,317.0,-20.0,-285.0,301.0,-167.0,-124.0,-4.0,-235.0,-248.0,-5.0,-33.0,-443.0,300.31,-59.32,-266.62,298.85,-187.39,-118.17,-13.51,-251.45,-226.02,-1.25,-25.740000000000002,-415.8
2025-07-29T20:55:13.804613,314.0,55.0,-274.0,244.0,-158.0,-115.0,56.0,-199.0,-286.0,-15.0,19.0,-460.0,297.31,15.68,-255.62,241.85,-178.39,-109.17,46.49,-215.45,-264.02,-11.25,26.259999999999998,-432.8
2025-07-29T20:55:13.812696,331.0,9.0,-296.0,246.0,-150.0,-163.0,87.0,-276.0,-280.0,38.0,-60.0,-447.0,314.31,-30.32,-277.62,243.85,-170.39,-157.17,77.49,-292.45,-258.02,41.75,-52.74,-419.8
2025-07-29T20:55:13.817338,319.0,-74.0,-191.0,288.0,-105.0,-135.0,22.0,-186.0,-260.0,-8.0,24.0,-427.0,302.31,-113.32,-172.62,285.85,-125.39,-129.17,12.49,-202.45,-238.02,-4.25,31.259999999999998,-399.8
2025-07-29T20:55:13.825026,321.0,63.0,-286.0,242.0,-119.0,-150.0,12.0,-151.0,-246.0,92.0,15.0,-435.0,304.31,23.68,-267.62,239.85,-139.39,-144.17,2.49,-167.45,-224.02,95.75,22.259999999999998,-407.8
2025-07-29T20:55:13.832720,381.0,9.0,-302.0,208.0,-153.0,-171.0,68.0,-230.0,-263.0,24.0,10.0,-393.0,364.31,-30.32,-283.62,205.85,-173.39,-165.17,58.49,-246.45,-241.02,27.75,17.259999999999998,-365.8
2025-07-29T20:55:13.837025,345.0,3.0,-287.0,228.0,-147.0,-152.0,39.0,-321.0,-264.0,14.0,4.0,-374.0,328.31,-36.32,-268.62,225.85,-167.39,-146.17,29.490000000000002,-337.45,-242.02,17.75,11.26,-346.8
2025-07-29T20:55:13.845097,366.0,50.0,-193.0,284.0,-210.0,-129.0,31.0,-195.0,-283.0,24.0,1.0,-385.0,349.31,10.68,-174.62,281.85,-230.39,-123.17,21.490000000000002,-211.45,-261.02,27.75,8.26,-357.8
2025-07-29T20:55:13.850113,275.0,20.0,-312.0,232.0,-154.0,-146.0,20.0,-243.0,-331.0,31.0,32.0,-446.0,258.31,-19.32,-293.62,229.85,-174.39,-140.17,10.49,-259.45,-309.02,34.75,39.26,-418.8
2025-07-29T20:55:13.857987,294.0,-63.0,-252.0,278.0,-208.0,-173.0,36.0,-190.0,-259.0,17.0,-9.0,-391.0,277.31,-102.32,-233.62,275.85,-228.39,-167.17,26.490000000000002,-206.45,-237.02,20.75,-1.7400000000000002,-363.8
2025-07-29T20:55:13.862282,337.0,-33.0,-277.0,214.0,-219.0,-141.0,20.0,-249.0,-301.0,7.0,19.0,-404.0,320.31,-72.32,-258.62,211.85,-239.39,-135.17,10.49,-265.45,-279.02,10.75,26.259999999999998,-376.8
2025-07-29T20:55:13.870019,333.0,-16.0,-238.0,237.0,-102.0,-119.0,104.0,-210.0,-363.0,30.0,-40.0,-387.0,316.31,-55.32,-219.62,234.85,-122.39,-113.17,94.49,-226.45,-341.02,33.75,-32.74,-359.8
2025-07-29T20:55:13.877791,373.0,5.0,-275.0,258.0,-124.0,-113.0,19.0,-247.0,-229.0,-76.0,6.0,-449.0,356.31,-34.32,-256.62,255.85,-144.39,-107.17,9.49,-263.45,-207.02,-72.25,13.26,-421.8
2025-07-29T20:55:13.882386,346.0,-17.0,-224.0,306.0,-108.0,-114.0,110.0,-193.0,-335.0,-8.0,-8.0,-462.0,329.31,-56.32,-205.62,303.85,-128.39,-108.17,100.49,-209.45,-313.02,-4.25,-0.7400000000000002,-434.8
2025-07-29T20:55:13.890248,337.0,-20.0,-205.0,245.0,-207.0,-132.0,35.0,-243.0,-313.0,31.0,-8.0,-434.0,320.31,-59.32,-186.62,242.85,-227.39,-126.17,25.490000000000002,-259.45,-291.02,34.75,-0.7400000000000002,-406.8
2025-07-29T20:55:13.894855,352.0,89.0,-223.0,240.0,-198.0,-136.0,64.0,-265.0,-229.0,-27.0,19.0,-463.0,335.31,49.68,-204.62,237.85,-218.39,-130.17,54.49,-281.45,-207.02,-23.25,26.259999999999998,-435.8
2025-07-29T20:55:13.902710,365.0,-66.0,-194.0,189.0,-97.0,-112.0,50.0,-212.0,-295.0,-45.0,16.0,-401.0,348.31,-105.32,-175.62,186.85,-117.39,-106.17,40.49,-228.45,-273.02,-41.25,23.259999999999998,-373.8
2025-07-29T20:55:13.910459,346.0,67.0,-195.0,301.0,-140.0,-139.0,24.0,-269.0,-309.0,19.0,-46.0,-457.0,329.31,27.68,-176.62,298.85,-160.39,-133.17,14.49,-285.45,-287.02,22.75,-38.74,-429.8
2025-07-29T20:55:13.915512,413.0,-13.0,-278.0,230.0,-205.0,-145.0,32.0,-221.0,-210.0,0.0,16.0,-433.0,396.31,-52.32,-259.62,227.85,-225.39,-139.17,22.490000000000002,-237.45,-188.02,3.75,23.259999999999998,-405.8
2025-07-29T20:55:13.922710,304.0,-3.0,-245.0,275.0,-160.0,-94.0,80.0,-158.0,-283.0,26.0,53.0,-432.0,287.31,-42.32,-226.62,272.85,-180.39,-88.17,70.49,-174.45,-261.02,29.75,60.26,-404.8
2025-07-29T20:55:13.927831,324.0,118.0,-269.0,323.0,-76.0,-172.0,64.0,-246.0,-236.0,-19.0,36.0,-442.0,307.31,78.68,-250.62,320.85,-96.39,-166.17,54.49,-262.45,-214.02,-15.25,43.26,-414.8
2025-07-29T20:55:13.935700,390.0,104.0,-282.0,301.0,-141.0,-116.0,100.0,-218.0,-232.0,36.0,12.0,-405.0,373.31,64.68,-263.62,298.85,-161.39,-110.17,90.49,-234.45,-210.02,39.75,19.259999999999998,-377.8
2025-07-29T20:55:13.943469,352.0,26.0,-253.0,221.0,-112.0,-158.0,27.0,-181.0,-347.0,4.0,22.0,-381.0,335.31,-13.32,-234.62,218.85,-132.39,-152.17,17.490000000000002,-197.45,-325.02,7.75,29.259999999999998,-353.8
2025-07-29T20:55:13.948131,346.0,-24.0,-220.0,229.0,-150.0,-88.0,163.0,-208.0,-295.0,34.0,23.0,-437.0,329.31,-63.32,-201.62,226.85,-170.39,-82.17,153.49,-224.45,-273.02,37.75,30.259999999999998,-409.8
2025-07-29T20:55:13.955534,375.0,66.0,-249.0,194.0,-114.0,-65.0,3.0,-233.0,-321.0,8.0,-49.0,-392.0,358.31,26.68,-230.62,191.85,-134.39,-59.17,-6.51,-249.45,-299.02,11.75,-41.74,-364.8
2025-07-29T20:55:13.960510,374.0,-68.0,-276.0,298.0,-191.0,-220.0,56.0,-183.0,-346.0,56.0,25.0,-443.0,357.31,-107.32,-257.62,295.85,-211.39,-214.17,46.49,-199.45,-324.02,59.75,32.26,-415.8
2025-07-29T20:55:13.968019,348.0,-11.0,-186.0,282.0,-159.0,-99.0,22.0,-228.0,-264.0,14.0,-31.0,-494.0,331.31,-50.32,-167.62,279.85,-179.39,-93.17,12.49,-244.45,-242.02,17.75,-23.740000000000002,-466.8
2025-07-29T20:55:13.976322,381.0,35.0,-272.0,232.0,-152.0,-197.0,-20.0,-223.0,-263.0,-17.0,-20.0,-425.0,364.31,-4.32,-253.62,229.85,-172.39,-191.17,-29.509999999999998,-239.45,-241.02,-13.25,-12.74,-397.8
2025-07-29T20:55:13.980564,376.0,-61.0,-208.0,244.0,-181.0,-121.0,58.0,-161.0,-287.0,-21.0,-39.0,-363.0,359.31,-100.32,-189.62,241.85,-201.39,-115.17,48.49,-177.45,-265.02,-17.25,-31.740000000000002,-335.8
2025-07-29T20:55:13.988358,313.0,-27.0,-224.0,265.0,-153.0,-115.0,19.0,-178.0,-346.0,27.0,10.0,-387.0,296.31,-66.32,-205.62,262.85,-173.39,-109.17,9.49,-194.45,-324.02,30.75,17.259999999999998,-359.8
2025-07-29T20:55:13.992723,356.0,15.0,-286.0,277.0,-54.0,-71.0,40.0,-209.0,-297.0,65.0,-48.0,-429.0,339.31,-24.32,-267.62,274.85,-74.39,-65.17,30.490000000000002,-225.45,-275.02,68.75,-40.74,-401.8
2025-07-29T20:55:14.000948,350.0,30.0,-213.0,274.0,-159.0,-109.0,74.0,-208.0,-295.0,-43.0,18.0,-420.0,333.31,-9.32,-194.62,271.85,-179.39,-103.17,64.49,-224.45,-273.02,-39.25,25.259999999999998,-392.8
2025-07-29T20:55:14.005382,311.0,68.0,-252.0,267.0,-142.0,-119.0,61.0,-275.0,-314.0,-24.0,-56.0,-398.0,294.31,28.68,-233.62,264.85,-162.39,-113.17,51.49,-291.45,-292.02,-20.25,-48.74,-370.8
2025-07-29T20:55:14.013363,382.0,-2.0,-280.0,265.0,-179.0,-134.0,67.0,-226.0,-251.0,10.0,-67.0,-397.0,365.31,-41.32,-261.62,262.85,-199.39,-128.17,57.49,-242.45,-229.02,13.75,-59.74,-369.8
2025-07-29T20:55:14.021297,374.0,-26.0,-272.0,254.0,-172.0,-123.0,10.0,-253.0,-303.0,-32.0,41.0,-445.0,357.31,-65.32,-253.62,251.85,-192.39,-117.17,0.4900000000000002,-269.45,-281.02,-28.25,48.26,-417.8
2025-07-29T20:55:14.025714,286.0,12.0,-275.0,213.0,-197.0,-100.0,158.0,-221.0,-336.0,9.0,-46.0,-418.0,269.31,-27.32,-256.62,210.85,-217.39,-94.17,148.49,-237.45,-314.02,12.75,-38.74,-390.8
2025-07-29T20:55:14.033525,348.0,15.0,-241.0,222.0,-123.0,-152.0,78.0,-217.0,-218.0,-3.0,42.0,-414.0,331.31,-24.32,-222.62,219.85,-143.39,-146.17,68.49,-233.45,-196.02,0.75,49.26,-386.8
2025-07-29T20:55:14.038409,379.0,-60.0,-196.0,234.0,-152.0,-162.0,65.0,-198.0,-298.0,-115.0,38.0,-470.0,362.31,-99.32,-177.62,231.85,-172.39,-156.17,55.49,-214.45,-276.02,-111.25,45.26,-442.8
2025-07-29T20:55:14.045961,310.0,25.0,-226.0,233.0,-123.0,-151.0,87.0,-226.0,-291.0,-35.0,-66.0,-451.0,293.31,-14.32,-207.62,230.85,-143.39,-145.17,77.49,-242.45,-269.02,-31.25,-58.74,-423.8
2025-07-29T20:55:14.053842,261.0,-28.0,-237.0,187.0,-139.0,-156.0,39.0,-159.0,-267.0,-28.0,38.0,-391.0,244.31,-67.32,-218.62,184.85,-159.39,-150.17,29.490000000000002,-175.45,-245.02,-24.25,45.26,-363.8
2025-07-29T20:55:14.058424,394.0,-38.0,-205.0,183.0,-187.0,-121.0,-4.0,-205.0,-297.0,57.0,10.0,-480.0,377.31,-77.32,-186.62,180.85,-207.39,-115.17,-13.51,-221.45,-275.02,60.75,17.259999999999998,-452.8
2025-07-29T20:55:14.066456,318.0,60.0,-162.0,314.0,-115.0,-160.0,88.0,-274.0,-251.0,61.0,37.0,-455.0,301.31,20.68,-143.62,311.85,-135.39,-154.17,78.49,-290.45,-229.02,64.75,44.26,-427.8
2025-07-29T20:55:14.071005,306.0,36.0,-256.0,298.0,-146.0,-102.0,49.0,-188.0,-235.0,-9.0,-42.0,-326.0,289.31,-3.3200000000000003,-237.62,295.85,-166.39,-96.17,39.49,-204.45,-213.02,-5.25,-34.74,-298.8
2025-07-29T20:55:14.078633,366.0,-76.0,-217.0,238.0,-133.0,-115.0,95.0,-247.0,-322.0,33.0,-46.0,-405.0,349.31,-115.32,-198.62,235.85,-153.39,-109.17,85.49,-263.45,-300.02,36.75,-38.74,-377.8
2025-07-29T20:55:14.086526,341.0,50.0,-203.0,227.0,-149.0,-131.0,62.0,-273.0,-258.0,-1.0,-60.0,-427.0,324.31,10.68,-184.62,224.85,-169.39,-125.17,52.49,-289.45,-236.02,2.75,-52.74,-399.8
2025-07-29T20:55:14.090829,323.0,69.0,-241.0,290.0,-169.0,-78.0,31.0,-167.0,-264.0,-76.0,3.0,-346.0,306.31,29.68,-222.62,287.85,-189.39,-72.17,21.490000000000002,-183.45,-242.02,-72.25,10.26,-318.8
2025-07-29T20:55:14.098964,285.0,-14.0,-177.0,202.0,-138.0,-178.0,-46.0,-155.0,-298.0,-42.0,-6.0,-325.0,268.31,-53.32,-158.62,199.85,-158.39,-172.17,-55.51,-171.45,-276.02,-38.25,1.2599999999999998,-297.8
2025-07-29T20:55:14.104232,250.0,-45.0,-148.0,191.0,-124.0,-105.0,41.0,-185.0,-214.0,31.0,-38.0,-363.0,233.31,-84.32,-129.62,188.85,-144.39,-99.17,31.490000000000002,-201.45,-192.02,34.75,-30.740000000000002,-335.8
2025-07-29T20:55:14.111252,314.0,-6.0,-200.0,187.0,-107.0,-88.0,-37.0,-190.0,-223.0,-7.0,-35.0,-303.0,297.31,-45.32,-181.62,184.85,-127.39,-82.17,-46.51,-206.45,-201.02,-3.25,-27.740000000000002,-275.8
2025-07-29T20:55:14.116835,149.0,18.0,-211.0,92.0,-106.0,-76.0,39.0,-158.0,-220.0,28.0,-5.0,-338.0,132.31,-21.32,-192.62,89.85,-126.39,-70.17,29.490000000000002,-174.45,-198.02,31.75,2.26,-310.8
2025-07-29T20:55:14.123770,205.0,3.0,-192.0,96.0,-110.0,-166.0,46.0,-126.0,-146.0,91.0,-56.0,-276.0,188.31,-36.32,-173.62,93.85,-130.39,-160.17,36.49,-142.45,-124.02,94.75,-48.74,-248.8
2025-07-29T20:55:14.127931,201.0,-13.0,-191.0,92.0,-71.0,-191.0,8.0,-160.0,-152.0,43.0,0.0,-229.0,184.31,-52.32,-172.62,89.85,-91.39,-185.17,-1.5099999999999998,-176.45,-130.02,46.75,7.26,-201.8
2025-07-29T20:55:14.135822,238.0,61.0,-173.0,55.0,-100.0,-190.0,67.0,-88.0,-149.0,-8.0,-33.0,-286.0,221.31,21.68,-154.62,52.85,-120.39,-184.17,57.49,-104.45,-127.02,-4.25,-25.740000000000002,-258.8
2025-07-29T20:55:14.143945,151.0,41.0,-168.0,153.0,-54.0,-99.0,14.0,-75.0,-208.0,-34.0,19.0,-260.0,134.31,1.6799999999999997,-149.62,150.85,-74.39,-93.17,4.49,-91.45,-186.02,-30.25,26.259999999999998,-232.8
2025-07-29T20:55:14.148925,117.0,63.0,-128.0,60.0,-97.0,-167.0,21.0,-15.0,-220.0,-65.0,49.0,-347.0,100.31,23.68,-109.62,57.85,-117.39,-161.17,11.49,-31.45,-198.02,-61.25,56.26,-319.8
2025-07-29T20:55:14.156262,141.0,107.0,-178.0,68.0,-29.0,-107.0,3.0,-182.0,-217.0,-25.0,8.0,-172.0,124.31,67.68,-159.62,65.85,-49.39,-101.17,-6.51,-198.45,-195.02,-21.25,15.26,-144.8
2025-07-29T20:55:14.161323,91.0,30.0,-95.0,133.0,-81.0,-126.0,32.0,-39.0,-234.0,-75.0,12.0,-211.0,74.31,-9.32,-76.62,130.85,-101.39,-120.17,22.490000000000002,-55.45,-212.02,-71.25,19.259999999999998,-183.8
2025-07-29T20:55:14.168568,95.0,35.0,-166.0,-9.0,-2.0,-174.0,-23.0,-42.0,-140.0,-55.0,25.0,-240.0,78.31,-4.32,-147.62,-11.15,-22.39,-168.17,-32.51,-58.45,-118.02,-51.25,32.26,-212.8
2025-07-29T20:55:14.173860,169.0,51.0,-128.0,71.0,-47.0,-115.0,-37.0,11.0,-200.0,-44.0,71.0,-159.0,152.31,11.68,-109.62,68.85,-67.39,-109.17,-46.51,-5.449999999999999,-178.02,-40.25,78.26,-131.8
2025-07-29T20:55:14.180889,61.0,74.0,-104.0,71.0,-96.0,-64.0,-34.0,-101.0,-160.0,25.0,14.0,-230.0,44.31,34.68,-85.62,68.85,-116.39,-58.17,-43.51,-117.45,-138.02,28.75,21.259999999999998,-202.8
2025-07-29T20:55:14.186423,70.0,43.0,-128.0,117.0,-40.0,-104.0,-15.0,-10.0,-125.0,-103.0,1.0,-156.0,53.31,3.6799999999999997,-109.62,114.85,-60.39,-98.17,-24.509999999999998,-26.45,-103.02,-99.25,8.26,-128.8
2025-07-29T20:55:14.193548,47.0,60.0,-209.0,14.0,-11.0,-167.0,-59.0,-36.0,-160.0,-82.0,32.0,-199.0,30.31,20.68,-190.62,11.85,-31.39,-161.17,-68.51,-52.45,-138.02,-78.25,39.26,-171.8
2025-07-29T20:55:14.198442,83.0,92.0,-97.0,66.0,3.0,-93.0,59.0,13.0,-140.0,24.0,40.0,-205.0,66.31,52.68,-78.62,63.85,-17.39,-87.17,49.49,-3.4499999999999993,-118.02,27.75,47.26,-177.8
2025-07-29T20:55:14.205671,-23.0,84.0,-36.0,61.0,45.0,-166.0,-8.0,-18.0,-138.0,-48.0,33.0,-163.0,-39.69,44.68,-17.62,58.85,24.61,-160.17,-17.509999999999998,-34.45,-116.02,-44.25,40.26,-135.8
2025-07-29T20:55:14.210394,23.0,72.0,-70.0,32.0,4.0,-52.0,-36.0,-12.0,-134.0,21.0,65.0,-100.0,6.309999999999999,32.68,-51.620000000000005,29.85,-16.39,-46.17,-45.51,-28.45,-112.02,24.75,72.26,-72.8
2025-07-29T20:55:14.218969,38.0,129.0,-158.0,-49.0,-7.0,-135.0,-90.0,-45.0,-115.0,-22.0,35.0,-95.0,21.31,89.68,-139.62,-51.15,-27.39,-129.17,-99.51,-61.45,-93.02,-18.25,42.26,-67.8
2025-07-29T20:55:14.225801,67.0,120.0,-156.0,-27.0,-35.0,-84.0,-45.0,-49.0,-99.0,-42.0,-23.0,-97.0,50.31,80.68,-137.62,-29.15,-55.39,-78.17,-54.51,-65.45,-77.02,-38.25,-15.74,-69.8
2025-07-29T20:55:14.230036,100.0,43.0,-220.0,21.0,-38.0,-130.0,-70.0,-13.0,-105.0,-34.0,86.0,-138.0,83.31,3.6799999999999997,-201.62,18.85,-58.39,-124.17,-79.51,-29.45,-83.02,-30.25,93.26,-110.8
2025-07-29T20:55:14.238163,33.0,48.0,-107.0,17.0,-113.0,-102.0,-57.0,-32.0,-129.0,-83.0,28.0,-156.0,16.31,8.68,-88.62,14.85,-133.39,-96.17,-66.51,-48.45,-107.02,-79.25,35.26,-128.8
2025-07-29T20:55:14.243745,14.0,54.0,-124.0,87.0,28.0,-175.0,37.0,-40.0,-115.0,9.0,-34.0,-172.0,-2.6900000000000013,14.68,-105.62,84.85,7.609999999999999,-169.17,27.490000000000002,-56.45,-93.02,12.75,-26.740000000000002,-144.8
2025-07-29T20:55:14.250434,69.0,60.0,-112.0,-26.0,16.0,-86.0,-59.0,17.0,-89.0,-54.0,-7.0,-134.0,52.31,20.68,-93.62,-28.15,-4.390000000000001,-80.17,-68.51,0.5500000000000007,-67.02,-50.25,0.2599999999999998,-106.8
2025-07-29T20:55:14.254893,90.0,105.0,-139.0,26.0,-63.0,-96.0,49.0,32.0,-162.0,-55.0,38.0,-139.0,73.31,65.68,-120.62,23.85,-83.39,-90.17,39.49,15.55,-140.02,-51.25,45.26,-111.8
2025-07-29T20:55:14.262962,125.0,97.0,-168.0,19.0,1.0,-83.0,-60.0,-43.0,-69.0,-10.0,39.0,-135.0,108.31,57.68,-149.62,16.85,-19.39,-77.17,-69.51,-59.45,-47.019999999999996,-6.25,46.26,-107.8
2025-07-29T20:55:14.267713,86.0,27.0,-158.0,-10.0,1.0,-139.0,-21.0,25.0,-150.0,6.0,53.0,-185.0,69.31,-12.32,-139.62,-12.15,-19.39,-133.17,-30.509999999999998,8.55,-128.02,9.75,60.26,-157.8
2025-07-29T20:55:14.275363,178.0,6.0,-203.0,47.0,-16.0,-135.0,-30.0,-95.0,-120.0,-32.0,-4.0,-176.0,161.31,-33.32,-184.62,44.85,-36.39,-129.17,-39.51,-111.45,-98.02,-28.25,3.26,-148.8
2025-07-29T20:55:14.280211,-17.0,44.0,-77.0,19.0,-46.0,-157.0,-86.0,-21.0,-148.0,-126.0,-32.0,-164.0,-33.69,4.68,-58.620000000000005,16.85,-66.39,-151.17,-95.51,-37.45,-126.02,-122.25,-24.740000000000002,-136.8
2025-07-29T20:55:14.287797,59.0,49.0,-117.0,69.0,-69.0,-116.0,-63.0,-49.0,-122.0,-66.0,54.0,-170.0,42.31,9.68,-98.62,66.85,-89.39,-110.17,-72.51,-65.45,-100.02,-62.25,61.26,-142.8
2025-07-29T20:55:14.295605,2.0,35.0,-136.0,58.0,-1.0,-105.0,-21.0,-17.0,-107.0,-76.0,-28.0,-59.0,-14.690000000000001,-4.32,-117.62,55.85,-21.39,-99.17,-30.509999999999998,-33.45,-85.02,-72.25,-20.740000000000002,-31.8
2025-07-29T20:55:14.299686,95.0,70.0,-219.0,37.0,-90.0,-88.0,19.0,-10.0,-128.0,10.0,44.0,-141.0,78.31,30.68,-200.62,34.85,-110.39,-82.17,9.49,-26.45,-106.02,13.75,51.26,-113.8
2025-07-29T20:55:14.308081,124.0,-6.0,-146.0,-6.0,-71.0,-127.0,30.0,-32.0,-165.0,-36.0,37.0,-183.0,107.31,-45.32,-127.62,-8.15,-91.39,-121.17,20.490000000000002,-48.45,-143.02,-32.25,44.26,-155.8
2025-07-29T20:55:14.312189,107.0,23.0,-123.0,100.0,-11.0,-125.0,-30.0,-76.0,-70.0,-48.0,-29.0,-118.0,90.31,-16.32,-104.62,97.85,-31.39,-119.17,-39.51,-92.45,-48.019999999999996,-44.25,-21.740000000000002,-90.8
2025-07-29T20:55:14.320558,-14.0,72.0,-120.0,74.0,-9.0,-119.0,-82.0,-16.0,-138.0,-15.0,-24.0,-114.0,-30.69,32.68,-101.62,71.85,-29.39,-113.17,-91.51,-32.45,-116.02,-11.25,-16.740000000000002,-86.8
2025-07-29T20:55:14.325073,86.0,134.0,-162.0,-27.0,0.0,-82.0,-6.0,-62.0,-135.0,-26.0,41.0,-150.0,69.31,94.68,-143.62,-29.15,-20.39,-76.17,-15.51,-78.45,-113.02,-22.25,48.26,-122.8
2025-07-29T20:55:14.332390,47.0,85.0,-139.0,61.0,12.0,-62.0,-77.0,-12.0,-168.0,-31.0,78.0,-145.0,30.31,45.68,-120.62,58.85,-8.39,-56.17,-86.51,-28.45,-146.02,-27.25,85.26,-117.8
2025-07-29T20:55:14.337540,21.0,18.0,-121.0,37.0,-91.0,-133.0,-45.0,-35.0,-130.0,-66.0,-12.0,-197.0,4.309999999999999,-21.32,-102.62,34.85,-111.39,-127.17,-54.51,-51.45,-108.02,-62.25,-4.74,-169.8
2025-07-29T20:55:14.344833,109.0,36.0,-64.0,9.0,68.0,-120.0,-6.0,-69.0,-98.0,-36.0,40.0,-137.0,92.31,-3.3200000000000003,-45.620000000000005,6.85,47.61,-114.17,-15.51,-85.45,-76.02,-32.25,47.26,-109.8
2025-07-29T20:55:14.349610,63.0,16.0,-64.0,16.0,16.0,-146.0,-30.0,-14.0,-71.0,-20.0,18.0,-145.0,46.31,-23.32,-45.620000000000005,13.85,-4.390000000000001,-140.17,-39.51,-30.45,-49.019999999999996,-16.25,25.259999999999998,-117.8
2025-07-29T20:55:14.357576,89.0,49.0,-112.0,47.0,-62.0,-119.0,19.0,5.0,-129.0,-82.0,-27.0,-150.0,72.31,9.68,-93.62,44.85,-82.39,-113.17,9.49,-11.45,-107.02,-78.25,-19.740000000000002,-122.8
2025-07-29T20:55:14.361746,11.0,157.0,-134.0,-20.0,-57.0,-163.0,-66.0,-28.0,-140.0,-91.0,-7.0,-127.0,-5.690000000000001,117.68,-115.62,-22.15,-77.39,-157.17,-75.51,-44.45,-118.02,-87.25,0.2599999999999998,-99.8
2025-07-29T20:55:14.369993,46.0,103.0,-143.0,62.0,21.0,-97.0,-29.0,-61.0,-177.0,-55.0,52.0,-170.0,29.31,63.68,-124.62,59.85,0.6099999999999994,-91.17,-38.51,-77.45,-155.02,-51.25,59.26,-142.8
2025-07-29T20:55:14.377330,115.0,36.0,-142.0,13.0,-23.0,-92.0,18.0,-40.0,-115.0,-58.0,22.0,-120.0,98.31,-3.3200000000000003,-123.62,10.85,-43.39,-86.17,8.49,-56.45,-93.02,-54.25,29.259999999999998,-92.8
2025-07-29T20:55:14.381970,36.0,39.0,-86.0,27.0,-20.0,-141.0,-19.0,-2.0,-125.0,-20.0,75.0,-130.0,19.31,-0.3200000000000003,-67.62,24.85,-40.39,-135.17,-28.509999999999998,-18.45,-103.02,-16.25,82.26,-102.8
2025-07-29T20:55:14.389888,56.0,11.0,-121.0,55.0,-25.0,-127.0,-15.0,-55.0,-158.0,11.0,-61.0,-194.0,39.31,-28.32,-102.62,52.85,-45.39,-121.17,-24.509999999999998,-71.45,-136.02,14.75,-53.74,-166.8
2025-07-29T20:55:14.394718,29.0,111.0,-73.0,48.0,-20.0,-112.0,-85.0,23.0,-156.0,-83.0,54.0,-105.0,12.309999999999999,71.68,-54.620000000000005,45.85,-40.39,-106.17,-94.51,6.550000000000001,-134.02,-79.25,61.26,-77.8
2025-07-29T20:55:14.402324,48.0,78.0,-146.0,71.0,-22.0,-133.0,-57.0,-35.0,-126.0,-61.0,14.0,-93.0,31.31,38.68,-127.62,68.85,-42.39,-127.17,-66.51,-51.45,-104.02,-57.25,21.259999999999998,-65.8
2025-07-29T20:55:14.406322,93.0,38.0,-166.0,18.0,23.0,-56.0,-13.0,-11.0,-159.0,-61.0,84.0,-144.0,76.31,-1.3200000000000003,-147.62,15.85,2.6099999999999994,-50.17,-22.509999999999998,-27.45,-137.02,-57.25,91.26,-116.8
2025-07-29T20:55:14.414471,84.0,79.0,-193.0,65.0,-81.0,-155.0,-12.0,-38.0,-116.0,4.0,60.0,-152.0,67.31,39.68,-174.62,62.85,-101.39,-149.17,-21.509999999999998,-54.45,-94.02,7.75,67.26,-124.8
2025-07-29T20:55:14.419038,139.0,58.0,-109.0,-9.0,-62.0,-128.0,-59.0,-38.0,-75.0,10.0,61.0,-131.0,122.31,18.68,-90.62,-11.15,-82.39,-122.17,-68.51,-54.45,-53.019999999999996,13.75,68.26,-103.8
2025-07-29T20:55:14.426542,69.0,13.0,-129.0,28.0,-10.0,-132.0,26.0,37.0,-75.0,-78.0,33.0,-83.0,52.31,-26.32,-110.62,25.85,-30.39,-126.17,16.490000000000002,20.55,-53.019999999999996,-74.25,40.26,-55.8
2025-07-29T20:55:14.431915,110.0,60.0,-84.0,71.0,62.0,-144.0,21.0,89.0,-148.0,18.0,-1.0,-148.0,93.31,20.68,-65.62,68.85,41.61,-138.17,11.49,72.55,-126.02,21.75,6.26,-120.8
2025-07-29T20:55:14.439313,19.0,112.0,-143.0,63.0,-11.0,-85.0,25.0,-48.0,-197.0,-56.0,48.0,-100.0,2.3099999999999987,72.68,-124.62,60.85,-31.39,-79.17,15.49,-64.45,-175.02,-52.25,55.26,-72.8
2025-07-29T20:55:14.444429,84.0,106.0,-175.0,8.0,38.0,-162.0,-9.0,-14.0,-157.0,-55.0,70.0,-153.0,67.31,66.68,-156.62,5.85,17.61,-156.17,-18.509999999999998,-30.45,-135.02,-51.25,77.26,-125.8
2025-07-29T20:55:14.451821,80.0,24.0,-195.0,44.0,-10.0,-126.0,-60.0,-98.0,-107.0,-17.0,16.0,-167.0,63.31,-15.32,-176.62,41.85,-30.39,-120.17,-69.51,-114.45,-85.02,-13.25,23.259999999999998,-139.8
2025-07-29T20:55:14.456396,56.0,124.0,-165.0,-1.0,-11.0,-102.0,-48.0,-12.0,-104.0,3.0,57.0,-181.0,39.31,84.68,-146.62,-3.15,-31.39,-96.17,-57.51,-28.45,-82.02,6.75,64.26,-153.8
2025-07-29T20:55:14.464446,52.0,77.0,-106.0,15.0,-9.0,-150.0,74.0,-16.0,-68.0,2.0,9.0,-167.0,35.31,37.68,-87.62,12.85,-29.39,-144.17,64.49,-32.45,-46.019999999999996,5.75,16.259999999999998,-139.8
2025-07-29T20:55:14.468276,47.0,112.0,-82.0,25.0,31.0,-61.0,-3.0,-12.0,-155.0,-65.0,10.0,-169.0,30.31,72.68,-63.620000000000005,22.85,10.61,-55.17,-12.51,-28.45,-133.02,-61.25,17.259999999999998,-141.8
2025-07-29T20:55:14.476435,-7.0,98.0,-160.0,57.0,-77.0,-114.0,-39.0,-55.0,-157.0,-25.0,0.0,-146.0,-23.69,58.68,-141.62,54.85,-97.39,-108.17,-48.51,-71.45,-135.02,-21.25,7.26,-118.8
2025-07-29T20:55:14.483945,146.0,111.0,-215.0,-54.0,34.0,-109.0,10.0,-6.0,-141.0,-109.0,2.0,-134.0,129.31,71.68,-196.62,-56.15,13.61,-103.17,0.4900000000000002,-22.45,-119.02,-105.25,9.26,-106.8
2025-07-29T20:55:14.488917,70.0,29.0,-119.0,25.0,-22.0,-204.0,-35.0,-22.0,-99.0,-57.0,20.0,-96.0,53.31,-10.32,-100.62,22.85,-42.39,-198.17,-44.51,-38.45,-77.02,-53.25,27.259999999999998,-68.8
2025-07-29T20:55:14.496553,30.0,98.0,-122.0,136.0,2.0,-109.0,-68.0,-33.0,-57.0,-33.0,22.0,-150.0,13.309999999999999,58.68,-103.62,133.85,-18.39,-103.17,-77.51,-49.45,-35.019999999999996,-29.25,29.259999999999998,-122.8
2025-07-29T20:55:14.501052,41.0,38.0,-129.0,72.0,4.0,-132.0,-70.0,6.0,-126.0,-36.0,23.0,-92.0,24.31,-1.3200000000000003,-110.62,69.85,-16.39,-126.17,-79.51,-10.45,-104.02,-32.25,30.259999999999998,-64.8
2025-07-29T20:55:14.508531,-26.0,104.0,-87.0,98.0,-39.0,-92.0,-82.0,-8.0,-136.0,-51.0,28.0,-165.0,-42.69,64.68,-68.62,95.85,-59.39,-86.17,-91.51,-24.45,-114.02,-47.25,35.26,-137.8
2025-07-29T20:55:14.513248,5.0,38.0,-135.0,40.0,-12.0,-159.0,-59.0,35.0,-162.0,-89.0,16.0,-102.0,-11.690000000000001,-1.3200000000000003,-116.62,37.85,-32.39,-153.17,-68.51,18.55,-140.02,-85.25,23.259999999999998,-74.8
2025-07-29T20:55:14.520784,47.0,80.0,-171.0,78.0,-11.0,-159.0,-61.0,-63.0,-131.0,-41.0,43.0,-107.0,30.31,40.68,-152.62,75.85,-31.39,-153.17,-70.51,-79.45,-109.02,-37.25,50.26,-79.8
2025-07-29T20:55:14.525575,92.0,109.0,-181.0,100.0,-35.0,-135.0,-78.0,21.0,-159.0,-35.0,35.0,-139.0,75.31,69.68,-162.62,97.85,-55.39,-129.17,-87.51,4.550000000000001,-137.02,-31.25,42.26,-111.8
2025-07-29T20:55:14.533109,82.0,-4.0,-41.0,-13.0,-49.0,-161.0,-3.0,7.0,-135.0,0.0,66.0,-146.0,65.31,-43.32,-22.62,-15.15,-69.39,-155.17,-12.51,-9.45,-113.02,3.75,73.26,-118.8
2025-07-29T20:55:14.538022,130.0,80.0,-98.0,23.0,-36.0,-121.0,-44.0,36.0,-173.0,-152.0,28.0,-149.0,113.31,40.68,-79.62,20.85,-56.39,-115.17,-53.51,19.55,-151.02,-148.25,35.26,-121.8
2025-07-29T20:55:14.545527,34.0,70.0,-139.0,-29.0,-26.0,-144.0,9.0,-15.0,-136.0,-42.0,19.0,-111.0,17.31,30.68,-120.62,-31.15,-46.39,-138.17,-0.5099999999999998,-31.45,-114.02,-38.25,26.259999999999998,-83.8
2025-07-29T20:55:14.550528,92.0,125.0,-43.0,-11.0,-29.0,-181.0,10.0,-39.0,-165.0,-103.0,53.0,-94.0,75.31,85.68,-24.62,-13.15,-49.39,-175.17,0.4900000000000002,-55.45,-143.02,-99.25,60.26,-66.8
2025-07-29T20:55:14.557674,53.0,105.0,-164.0,79.0,-27.0,-114.0,-35.0,-59.0,-55.0,-33.0,-69.0,-162.0,36.31,65.68,-145.62,76.85,-47.39,-108.17,-44.51,-75.45,-33.019999999999996,-29.25,-61.74,-134.8
2025-07-29T20:55:14.565980,104.0,46.0,-183.0,28.0,-3.0,-141.0,-46.0,2.0,-158.0,-51.0,-22.0,-94.0,87.31,6.68,-164.62,25.85,-23.39,-135.17,-55.51,-14.45,-136.02,-47.25,-14.74,-66.8
2025-07-29T20:55:14.571023,39.0,95.0,-152.0,-39.0,-7.0,-126.0,66.0,6.0,-93.0,-79.0,38.0,-118.0,22.31,55.68,-133.62,-41.15,-27.39,-120.17,56.49,-10.45,-71.02,-75.25,45.26,-90.8
2025-07-29T20:55:14.578068,99.0,50.0,-80.0,-73.0,10.0,-92.0,-49.0,-39.0,-113.0,-51.0,122.0,-116.0,82.31,10.68,-61.620000000000005,-75.15,-10.39,-86.17,-58.51,-55.45,-91.02,-47.25,129.26,-88.8
2025-07-29T20:55:14.582316,29.0,34.0,-68.0,1.0,-36.0,-103.0,-6.0,-68.0,-105.0,-48.0,67.0,-156.0,12.309999999999999,-5.32,-49.620000000000005,-1.15,-56.39,-97.17,-15.51,-84.45,-83.02,-44.25,74.26,-128.8
2025-07-29T20:55:14.590512,110.0,101.0,-90.0,22.0,-34.0,-149.0,-45.0,-28.0,-110.0,-4.0,15.0,-150.0,93.31,61.68,-71.62,19.85,-54.39,-143.17,-54.51,-44.45,-88.02,-0.25,22.259999999999998,-122.8
2025-07-29T20:55:14.595283,58.0,104.0,-89.0,96.0,37.0,-149.0,-108.0,55.0,-95.0,-37.0,37.0,-94.0,41.31,64.68,-70.62,93.85,16.61,-143.17,-117.51,38.55,-73.02,-33.25,44.26,-66.8
2025-07-29T20:55:14.603020,75.0,158.0,-132.0,73.0,-18.0,-111.0,-44.0,-22.0,-151.0,3.0,10.0,-131.0,58.31,118.68,-113.62,70.85,-38.39,-105.17,-53.51,-38.45,-129.02,6.75,17.259999999999998,-103.8
2025-07-29T20:55:14.607301,67.0,37.0,-120.0,-34.0,13.0,-109.0,41.0,-33.0,-174.0,-50.0,41.0,-175.0,50.31,-2.3200000000000003,-101.62,-36.15,-7.390000000000001,-103.17,31.490000000000002,-49.45,-152.02,-46.25,48.26,-147.8
2025-07-29T20:55:14.615192,69.0,38.0,-139.0,-37.0,39.0,-102.0,-54.0,-14.0,-109.0,-27.0,31.0,-154.0,52.31,-1.3200000000000003,-120.62,-39.15,18.61,-96.17,-63.51,-30.45,-87.02,-23.25,38.26,-126.8
2025-07-29T20:55:14.619429,28.0,95.0,-74.0,6.0,-49.0,-83.0,-33.0,2.0,-91.0,-94.0,8.0,-178.0,11.309999999999999,55.68,-55.620000000000005,3.85,-69.39,-77.17,-42.51,-14.45,-69.02,-90.25,15.26,-150.8
2025-07-29T20:55:14.627523,56.0,-14.0,-78.0,44.0,-75.0,-78.0,-102.0,-34.0,-78.0,-74.0,9.0,-146.0,39.31,-53.32,-59.620000000000005,41.85,-95.39,-72.17,-111.51,-50.45,-56.019999999999996,-70.25,16.259999999999998,-118.8
2025-07-29T20:55:14.632449,33.0,110.0,-115.0,-16.0,20.0,-70.0,-41.0,-36.0,-113.0,-15.0,87.0,-141.0,16.31,70.68,-96.62,-18.15,-0.39000000000000057,-64.17,-50.51,-52.45,-91.02,-11.25,94.26,-113.8
2025-07-29T20:55:14.639642,18.0,92.0,-150.0,-7.0,-28.0,-151.0,-37.0,-4.0,-131.0,35.0,14.0,-133.0,1.3099999999999987,52.68,-131.62,-9.15,-48.39,-145.17,-46.51,-20.45,-109.02,38.75,21.259999999999998,-105.8
2025-07-29T20:55:14.645019,54.0,24.0,-124.0,17.0,-45.0,-111.0,-16.0,33.0,-159.0,-71.0,2.0,-141.0,37.31,-15.32,-105.62,14.85,-65.39,-105.17,-25.509999999999998,16.55,-137.02,-67.25,9.26,-113.8
2025-07-29T20:55:14.652045,32.0,31.0,-113.0,74.0,8.0,-76.0,-35.0,-28.0,-111.0,25.0,22.0,-112.0,15.309999999999999,-8.32,-94.62,71.85,-12.39,-70.17,-44.51,-44.45,-89.02,28.75,29.259999999999998,-84.8
2025-07-29T20:55:14.656941,71.0,70.0,-54.0,0.0,-9.0,-102.0,0.0,16.0,-102.0,-21.0,0.0,-93.0,54.31,30.68,-35.620000000000005,-2.15,-29.39,-96.17,-9.51,-0.4499999999999993,-80.02,-17.25,7.26,-65.8
2025-07-29T20:55:14.664132,79.0,31.0,-120.0,101.0,-27.0,-124.0,-36.0,21.0,-143.0,-31.0,-9.0,-114.0,62.31,-8.32,-101.62,98.85,-47.39,-118.17,-45.51,4.550000000000001,-121.02,-27.25,-1.7400000000000002,-86.8
2025-07-29T20:55:14.668556,-31.0,25.0,-129.0,59.0,1.0,-141.0,12.0,14.0,-101.0,9.0,8.0,-137.0,-47.69,-14.32,-110.62,56.85,-19.39,-135.17,2.49,-2.4499999999999993,-79.02,12.75,15.26,-109.8
2025-07-29T20:55:14.677469,2.0,81.0,-115.0,38.0,-56.0,-105.0,21.0,-16.0,-152.0,-33.0,51.0,-123.0,-14.690000000000001,41.68,-96.62,35.85,-76.39,-99.17,11.49,-32.45,-130.02,-29.25,58.26,-95.8
2025-07-29T20:55:14.681587,52.0,60.0,-125.0,147.0,-19.0,-124.0,-5.0,5.0,-86.0,-37.0,6.0,-102.0,35.31,20.68,-106.62,144.85,-39.39,-118.17,-14.51,-11.45,-64.02,-33.25,13.26,-74.8
2025-07-29T20:55:14.689263,79.0,65.0,-146.0,-23.0,39.0,-100.0,-6.0,3.0,-182.0,-43.0,6.0,-138.0,62.31,25.68,-127.62,-25.15,18.61,-94.17,-15.51,-13.45,-160.02,-39.25,13.26,-110.8
2025-07-29T20:55:14.696780,3.0,-5.0,-138.0,64.0,-26.0,-104.0,-14.0,3.0,-67.0,-60.0,-2.0,-152.0,-13.690000000000001,-44.32,-119.62,61.85,-46.39,-98.17,-23.509999999999998,-13.45,-45.019999999999996,-56.25,5.26,-124.8
2025-07-29T20:55:14.702025,-30.0,49.0,-244.0,46.0,-43.0,-136.0,-31.0,16.0,-66.0,-78.0,9.0,-98.0,-46.69,9.68,-225.62,43.85,-63.39,-130.17,-40.51,-0.4499999999999993,-44.019999999999996,-74.25,16.259999999999998,-70.8
2025-07-29T20:55:14.709160,56.0,50.0,-140.0,12.0,-3.0,-112.0,-67.0,15.0,-86.0,-121.0,74.0,-171.0,39.31,10.68,-121.62,9.85,-23.39,-106.17,-76.51,-1.4499999999999993,-64.02,-117.25,81.26,-143.8
2025-07-29T20:55:14.714066,35.0,39.0,-152.0,14.0,-51.0,-102.0,-50.0,-6.0,-137.0,-16.0,38.0,-165.0,18.31,-0.3200000000000003,-133.62,11.85,-71.39,-96.17,-59.51,-22.45,-115.02,-12.25,45.26,-137.8
2025-07-29T20:55:14.721421,6.0,68.0,-117.0,31.0,-21.0,-84.0,60.0,-72.0,-181.0,-71.0,-36.0,-204.0,-10.690000000000001,28.68,-98.62,28.85,-41.39,-78.17,50.49,-88.45,-159.02,-67.25,-28.740000000000002,-176.8
2025-07-29T20:55:14.725634,-6.0,50.0,-145.0,-14.0,-9.0,-143.0,-64.0,-52.0,-136.0,-39.0,26.0,-175.0,-22.69,10.68,-126.62,-16.15,-29.39,-137.17,-73.51,-68.45,-114.02,-35.25,33.26,-147.8
2025-07-29T20:55:14.733744,18.0,90.0,-133.0,45.0,33.0,-145.0,-9.0,-49.0,-116.0,-27.0,73.0,-231.0,1.3099999999999987,50.68,-114.62,42.85,12.61,-139.17,-18.509999999999998,-65.45,-94.02,-23.25,80.26,-203.8
2025-07-29T20:55:14.739231,60.0,45.0,-138.0,19.0,22.0,-51.0,-72.0,-39.0,-195.0,-105.0,28.0,-169.0,43.31,5.68,-119.62,16.85,1.6099999999999994,-45.17,-81.51,-55.45,-173.02,-101.25,35.26,-141.8
2025-07-29T20:55:14.746742,87.0,43.0,-110.0,-21.0,-4.0,-135.0,-48.0,-47.0,-150.0,8.0,14.0,-182.0,70.31,3.6799999999999997,-91.62,-23.15,-24.39,-129.17,-57.51,-63.45,-128.02,11.75,21.259999999999998,-154.8
2025-07-29T20:55:14.750735,51.0,50.0,-89.0,57.0,-41.0,-144.0,-57.0,18.0,-154.0,31.0,82.0,-154.0,34.31,10.68,-70.62,54.85,-61.39,-138.17,-66.51,1.5500000000000007,-132.02,34.75,89.26,-126.8
2025-07-29T20:55:14.758529,42.0,87.0,-81.0,26.0,59.0,-134.0,-27.0,27.0,-134.0,-21.0,-31.0,-132.0,25.31,47.68,-62.620000000000005,23.85,38.61,-128.17,-36.51,10.55,-112.02,-17.25,-23.740000000000002,-104.8
2025-07-29T20:55:14.763189,-21.0,68.0,-174.0,27.0,-20.0,-112.0,-20.0,-1.0,-142.0,-19.0,33.0,-125.0,-37.69,28.68,-155.62,24.85,-40.39,-106.17,-29.509999999999998,-17.45,-120.02,-15.25,40.26,-97.8
2025-07-29T20:55:14.770683,90.0,80.0,-136.0,25.0,-40.0,-88.0,-18.0,4.0,-70.0,-86.0,35.0,-112.0,73.31,40.68,-117.62,22.85,-60.39,-82.17,-27.509999999999998,-12.45,-48.019999999999996,-82.25,42.26,-84.8
2025-07-29T20:55:14.775710,32.0,76.0,-109.0,27.0,48.0,-128.0,-39.0,23.0,-161.0,4.0,21.0,-144.0,15.309999999999999,36.68,-90.62,24.85,27.61,-122.17,-48.51,6.550000000000001,-139.02,7.75,28.259999999999998,-116.8
2025-07-29T20:55:14.783555,113.0,81.0,-47.0,56.0,-62.0,-156.0,-42.0,-52.0,-147.0,-76.0,0.0,-177.0,96.31,41.68,-28.62,53.85,-82.39,-150.17,-51.51,-68.45,-125.02,-72.25,7.26,-149.8
2025-07-29T20:55:14.788377,-1.0,-21.0,-110.0,-5.0,1.0,-137.0,50.0,55.0,-102.0,-45.0,38.0,-141.0,-17.69,-60.32,-91.62,-7.15,-19.39,-131.17,40.49,38.55,-80.02,-41.25,45.26,-113.8
2025-07-29T20:55:14.795202,-36.0,143.0,-96.0,33.0,-32.0,-139.0,-74.0,-77.0,-169.0,0.0,54.0,-112.0,-52.69,103.68,-77.62,30.85,-52.39,-133.17,-83.51,-93.45,-147.02,3.75,61.26,-84.8
2025-07-29T20:55:14.803480,25.0,155.0,-127.0,69.0,1.0,-117.0,-13.0,-41.0,-94.0,-30.0,10.0,-145.0,8.309999999999999,115.68,-108.62,66.85,-19.39,-111.17,-22.509999999999998,-57.45,-72.02,-26.25,17.259999999999998,-117.8
2025-07-29T20:55:14.807804,44.0,125.0,-92.0,85.0,-40.0,-84.0,9.0,-47.0,-159.0,-77.0,27.0,-150.0,27.31,85.68,-73.62,82.85,-60.39,-78.17,-0.5099999999999998,-63.45,-137.02,-73.25,34.26,-122.8
2025-07-29T20:55:14.815661,107.0,65.0,-183.0,58.0,-29.0,-107.0,-54.0,56.0,-91.0,-80.0,71.0,-116.0,90.31,25.68,-164.62,55.85,-49.39,-101.17,-63.51,39.55,-69.02,-76.25,78.26,-88.8
2025-07-29T20:55:14.820300,40.0,50.0,-104.0,-31.0,65.0,-101.0,-42.0,-5.0,-140.0,-18.0,30.0,-221.0,23.31,10.68,-85.62,-33.15,44.61,-95.17,-51.51,-21.45,-118.02,-14.25,37.26,-193.8
2025-07-29T20:55:14.828004,53.0,37.0,-86.0,44.0,-65.0,-69.0,-73.0,29.0,-109.0,-57.0,72.0,-95.0,36.31,-2.3200000000000003,-67.62,41.85,-85.39,-63.17,-82.51,12.55,-87.02,-53.25,79.26,-67.8
2025-07-29T20:55:14.832948,32.0,62.0,-33.0,45.0,17.0,-108.0,-80.0,-40.0,-155.0,19.0,35.0,-157.0,15.309999999999999,22.68,-14.620000000000001,42.85,-3.3900000000000006,-102.17,-89.51,-56.45,-133.02,22.75,42.26,-129.8
2025-07-29T20:55:14.840681,24.0,100.0,-160.0,0.0,-21.0,-211.0,-3.0,-54.0,-155.0,-67.0,77.0,-126.0,7.309999999999999,60.68,-141.62,-2.15,-41.39,-205.17,-12.51,-70.45,-133.02,-63.25,84.26,-98.8
2025-07-29T20:55:14.844809,90.0,105.0,-150.0,-3.0,-76.0,-179.0,9.0,16.0,-109.0,8.0,5.0,-113.0,73.31,65.68,-131.62,-5.15,-96.39,-173.17,-0.5099999999999998,-0.4499999999999993,-87.02,11.75,12.26,-85.8
2025-07-29T20:55:14.852561,119.0,67.0,-89.0,27.0,10.0,-134.0,-54.0,-20.0,-109.0,-44.0,95.0,-122.0,102.31,27.68,-70.62,24.85,-10.39,-128.17,-63.51,-36.45,-87.02,-40.25,102.26,-94.8
2025-07-29T20:55:14.857675,89.0,41.0,-114.0,83.0,-103.0,-164.0,-26.0,-67.0,-97.0,-52.0,49.0,-169.0,72.31,1.6799999999999997,-95.62,80.85,-123.39,-158.17,-35.51,-83.45,-75.02,-48.25,56.26,-141.8
2025-07-29T20:55:14.864831,22.0,-24.0,-136.0,86.0,-52.0,-141.0,11.0,-47.0,-92.0,-14.0,50.0,-154.0,5.309999999999999,-63.32,-117.62,83.85,-72.39,-135.17,1.4900000000000002,-63.45,-70.02,-10.25,57.26,-126.8
2025-07-29T20:55:14.870031,55.0,134.0,-149.0,-1.0,-27.0,-93.0,-56.0,57.0,-149.0,-46.0,16.0,-130.0,38.31,94.68,-130.62,-3.15,-47.39,-87.17,-65.51,40.55,-127.02,-42.25,23.259999999999998,-102.8
2025-07-29T20:55:14.877334,31.0,53.0,-147.0,47.0,-59.0,-116.0,-21.0,4.0,-97.0,10.0,-1.0,-175.0,14.309999999999999,13.68,-128.62,44.85,-79.39,-110.17,-30.509999999999998,-12.45,-75.02,13.75,6.26,-147.8
2025-07-29T20:55:14.882457,81.0,53.0,-159.0,29.0,-19.0,-94.0,-73.0,5.0,-142.0,-24.0,-31.0,-153.0,64.31,13.68,-140.62,26.85,-39.39,-88.17,-82.51,-11.45,-120.02,-20.25,-23.740000000000002,-125.8
2025-07-29T20:55:14.889666,93.0,-28.0,-188.0,51.0,-14.0,-107.0,5.0,-20.0,-107.0,-55.0,10.0,-107.0,76.31,-67.32,-169.62,48.85,-34.39,-101.17,-4.51,-36.45,-85.02,-51.25,17.259999999999998,-79.8
2025-07-29T20:55:14.897481,68.0,83.0,-93.0,-37.0,-3.0,-117.0,-73.0,-16.0,-159.0,-60.0,20.0,-196.0,51.31,43.68,-74.62,-39.15,-23.39,-111.17,-82.51,-32.45,-137.02,-56.25,27.259999999999998,-168.8
2025-07-29T20:55:14.902194,16.0,21.0,-70.0,77.0,-19.0,-114.0,24.0,1.0,-128.0,10.0,72.0,-211.0,-0.6900000000000013,-18.32,-51.620000000000005,74.85,-39.39,-108.17,14.49,-15.45,-106.02,13.75,79.26,-183.8
2025-07-29T20:55:14.909832,-5.0,78.0,-60.0,11.0,-15.0,-91.0,-21.0,-6.0,-167.0,-76.0,-42.0,-126.0,-21.69,38.68,-41.620000000000005,8.85,-35.39,-85.17,-30.509999999999998,-22.45,-145.02,-72.25,-34.74,-98.8
2025-07-29T20:55:14.914671,-17.0,82.0,-94.0,-61.0,-51.0,-158.0,43.0,0.0,-93.0,-33.0,8.0,-113.0,-33.69,42.68,-75.62,-63.15,-71.39,-152.17,33.49,-16.45,-71.02,-29.25,15.26,-85.8
2025-07-29T20:55:14.922124,24.0,107.0,-110.0,43.0,17.0,-157.0,-49.0,-22.0,-68.0,-17.0,55.0,-87.0,7.309999999999999,67.68,-91.62,40.85,-3.3900000000000006,-151.17,-58.51,-38.45,-46.019999999999996,-13.25,62.26,-59.8
2025-07-29T20:55:14.927618,18.0,53.0,-129.0,32.0,-12.0,-52.0,79.0,-26.0,-102.0,-95.0,-51.0,-130.0,1.3099999999999987,13.68,-110.62,29.85,-32.39,-46.17,69.49,-42.45,-80.02,-91.25,-43.74,-102.8
2025-07-29T20:55:14.934407,105.0,31.0,-59.0,25.0,1.0,-77.0,-30.0,6.0,-143.0,-50.0,1.0,-111.0,88.31,-8.32,-40.620000000000005,22.85,-19.39,-71.17,-39.51,-10.45,-121.02,-46.25,8.26,-83.8
2025-07-29T20:55:14.938913,10.0,-16.0,-150.0,-6.0,45.0,-157.0,-60.0,47.0,-100.0,-15.0,2.0,-142.0,-6.690000000000001,-55.32,-131.62,-8.15,24.61,-151.17,-69.51,30.55,-78.02,-11.25,9.26,-114.8
2025-07-29T20:55:14.946714,95.0,127.0,-80.0,54.0,-49.0,-155.0,22.0,-66.0,-135.0,20.0,8.0,-126.0,78.31,87.68,-61.620000000000005,51.85,-69.39,-149.17,12.49,-82.45,-113.02,23.75,15.26,-98.8
2025-07-29T20:55:14.951371,13.0,85.0,-83.0,24.0,-12.0,-72.0,-33.0,-24.0,-21.0,-57.0,-12.0,-124.0,-3.6900000000000013,45.68,-64.62,21.85,-32.39,-66.17,-42.51,-40.45,0.9800000000000004,-53.25,-4.74,-96.8
2025-07-29T20:55:14.959025,146.0,114.0,-106.0,50.0,-50.0,-61.0,-57.0,5.0,-82.0,-52.0,-50.0,-102.0,129.31,74.68,-87.62,47.85,-70.39,-55.17,-66.51,-11.45,-60.019999999999996,-48.25,-42.74,-74.8
2025-07-29T20:55:14.964458,62.0,14.0,-99.0,16.0,-10.0,-128.0,-6.0,28.0,-89.0,-35.0,92.0,-106.0,45.31,-25.32,-80.62,13.85,-30.39,-122.17,-15.51,11.55,-67.02,-31.25,99.26,-78.8
2025-07-29T20:55:14.971317,105.0,-4.0,-59.0,40.0,30.0,-40.0,-31.0,78.0,-107.0,-49.0,101.0,-178.0,88.31,-43.32,-40.620000000000005,37.85,9.61,-34.17,-40.51,61.55,-85.02,-45.25,108.26,-150.8
2025-07-29T20:55:14.976061,18.0,43.0,-85.0,9.0,-10.0,-80.0,-32.0,49.0,-65.0,-9.0,15.0,-85.0,1.3099999999999987,3.6799999999999997,-66.62,6.85,-30.39,-74.17,-41.51,32.55,-43.019999999999996,-5.25,22.259999999999998,-57.8
2025-07-29T20:55:14.983519,6.0,28.0,15.0,38.0,13.0,-107.0,27.0,18.0,-120.0,-12.0,66.0,-83.0,-10.690000000000001,-11.32,33.379999999999995,35.85,-7.390000000000001,-101.17,17.490000000000002,1.5500000000000007,-98.02,-8.25,73.26,-55.8
2025-07-29T20:55:14.988468,36.0,36.0,-97.0,-25.0,21.0,-71.0,31.0,37.0,-113.0,-63.0,14.0,-153.0,19.31,-3.3200000000000003,-78.62,-27.15,0.6099999999999994,-65.17,21.490000000000002,20.55,-91.02,-59.25,21.259999999999998,-125.8
2025-07-29T20:55:14.995844,-7.0,114.0,-175.0,46.0,-41.0,-92.0,66.0,-58.0,-48.0,48.0,78.0,-146.0,-23.69,74.68,-156.62,43.85,-61.39,-86.17,56.49,-74.45,-26.02,51.75,85.26,-118.8
2025-07-29T20:55:15.000917,18.0,78.0,-154.0,47.0,50.0,-148.0,-42.0,28.0,-142.0,-70.0,-33.0,-97.0,1.3099999999999987,38.68,-135.62,44.85,29.61,-142.17,-51.51,11.55,-120.02,-66.25,-25.740000000000002,-69.8
2025-07-29T20:55:15.008621,61.0,41.0,-136.0,12.0,77.0,-84.0,-13.0,44.0,-131.0,-2.0,12.0,-83.0,44.31,1.6799999999999997,-117.62,9.85,56.61,-78.17,-22.509999999999998,27.55,-109.02,1.75,19.259999999999998,-55.8
2025-07-29T20:55:15.012938,46.0,55.0,-113.0,-7.0,19.0,-59.0,-3.0,48.0,-113.0,-108.0,59.0,-64.0,29.31,15.68,-94.62,-9.15,-1.3900000000000006,-53.17,-12.51,31.55,-91.02,-104.25,66.26,-36.8
2025-07-29T20:55:15.020701,39.0,-20.0,-30.0,101.0,15.0,-86.0,-52.0,-6.0,-100.0,-122.0,16.0,-123.0,22.31,-59.32,-11.620000000000001,98.85,-5.390000000000001,-80.17,-61.51,-22.45,-78.02,-118.25,23.259999999999998,-95.8
2025-07-29T20:55:15.025633,42.0,70.0,-66.0,-52.0,-26.0,-97.0,-62.0,-27.0,-67.0,-70.0,12.0,-115.0,25.31,30.68,-47.620000000000005,-54.15,-46.39,-91.17,-71.51,-43.45,-45.019999999999996,-66.25,19.259999999999998,-87.8
2025-07-29T20:55:15.033517,43.0,44.0,-61.0,34.0,42.0,-68.0,-9.0,-51.0,-100.0,-33.0,-14.0,-81.0,26.31,4.68,-42.620000000000005,31.85,21.61,-62.17,-18.509999999999998,-67.45,-78.02,-29.25,-6.74,-53.8
2025-07-29T20:55:15.037636,-1.0,91.0,-122.0,-12.0,48.0,-37.0,-23.0,0.0,-75.0,-5.0,20.0,-136.0,-17.69,51.68,-103.62,-14.15,27.61,-31.17,-32.51,-16.45,-53.019999999999996,-1.25,27.259999999999998,-108.8
2025-07-29T20:55:15.045167,110.0,55.0,-40.0,27.0,-39.0,-64.0,-57.0,26.0,-62.0,-26.0,-69.0,-106.0,93.31,15.68,-21.62,24.85,-59.39,-58.17,-66.51,9.55,-40.019999999999996,-22.25,-61.74,-78.8
2025-07-29T20:55:15.049702,33.0,62.0,-57.0,-43.0,3.0,-84.0,71.0,29.0,-111.0,22.0,39.0,-76.0,16.31,22.68,-38.620000000000005,-45.15,-17.39,-78.17,61.49,12.55,-89.02,25.75,46.26,-48.8
2025-07-29T20:55:15.057583,60.0,25.0,-35.0,8.0,-49.0,-41.0,28.0,-17.0,-120.0,-41.0,59.0,-116.0,43.31,-14.32,-16.62,5.85,-69.39,-35.17,18.490000000000002,-33.45,-98.02,-37.25,66.26,-88.8
2025-07-29T20:55:15.062005,19.0,88.0,-54.0,41.0,-5.0,-112.0,37.0,46.0,-128.0,-79.0,73.0,-101.0,2.3099999999999987,48.68,-35.620000000000005,38.85,-25.39,-106.17,27.490000000000002,29.55,-106.02,-75.25,80.26,-73.8
2025-07-29T20:55:15.070108,-32.0,40.0,-102.0,-9.0,-48.0,-85.0,-19.0,-43.0,-29.0,-31.0,36.0,-100.0,-48.69,0.6799999999999997,-83.62,-11.15,-68.39,-79.17,-28.509999999999998,-59.45,-7.02,-27.25,43.26,-72.8
2025-07-29T20:55:15.074317,42.0,58.0,-122.0,-45.0,44.0,-120.0,10.0,34.0,-105.0,-26.0,-59.0,-67.0,25.31,18.68,-103.62,-47.15,23.61,-114.17,0.4900000000000002,17.55,-83.02,-22.25,-51.74,-39.8
2025-07-29T20:55:15.082290,32.0,110.0,-89.0,16.0,29.0,-27.0,-29.0,-3.0,-121.0,14.0,9.0,-30.0,15.309999999999999,70.68,-70.62,13.85,8.61,-21.17,-38.51,-19.45,-99.02,17.75,16.259999999999998,-2.8000000000000007
2025-07-29T20:55:15.086576,19.0,5.0,-108.0,37.0,10.0,-70.0,-90.0,-23.0,-68.0,-20.0,13.0,-78.0,2.3099999999999987,-34.32,-89.62,34.85,-10.39,-64.17,-99.51,-39.45,-46.019999999999996,-16.25,20.259999999999998,-50.8
2025-07-29T20:55:15.094559,42.0,12.0,-69.0,-28.0,22.0,-21.0,-20.0,-8.0,-78.0,18.0,-22.0,-83.0,25.31,-27.32,-50.620000000000005,-30.15,1.6099999999999994,-15.17,-29.509999999999998,-24.45,-56.019999999999996,21.75,-14.74,-55.8
2025-07-29T20:55:15.098820,73.0,63.0,-25.0,0.0,1.0,-91.0,3.0,-30.0,-58.0,-9.0,41.0,-88.0,56.31,23.68,-6.620000000000001,-2.15,-19.39,-85.17,-6.51,-46.45,-36.019999999999996,-5.25,48.26,-60.8
2025-07-29T20:55:15.107220,60.0,26.0,-101.0,28.0,-40.0,-53.0,-40.0,-54.0,-119.0,-25.0,91.0,-102.0,43.31,-13.32,-82.62,25.85,-60.39,-47.17,-49.51,-70.45,-97.02,-21.25,98.26,-74.8
2025-07-29T20:55:15.111084,-13.0,8.0,-88.0,-37.0,26.0,18.0,31.0,-86.0,-53.0,12.0,-15.0,-127.0,-29.69,-31.32,-69.62,-39.15,5.609999999999999,23.83,21.490000000000002,-102.45,-31.02,15.75,-7.74,-99.8
2025-07-29T20:55:15.118818,37.0,45.0,-32.0,-24.0,2.0,-55.0,-39.0,25.0,-112.0,5.0,-57.0,-233.0,20.31,5.68,-13.620000000000001,-26.15,-18.39,-49.17,-48.51,8.55,-90.02,8.75,-49.74,-205.8
2025-07-29T20:55:15.123432,-10.0,109.0,30.0,49.0,-71.0,7.0,25.0,-23.0,-65.0,-54.0,-53.0,-41.0,-26.69,69.68,48.379999999999995,46.85,-91.39,12.83,15.49,-39.45,-43.019999999999996,-50.25,-45.74,-13.8
2025-07-29T20:55:15.131714,57.0,59.0,-151.0,-15.0,74.0,-108.0,-48.0,77.0,-31.0,24.0,-34.0,-71.0,40.31,19.68,-132.62,-17.15,53.61,-102.17,-57.51,60.55,-9.02,27.75,-26.740000000000002,-43.8
2025-07-29T20:55:15.135602,97.0,12.0,-115.0,34.0,-20.0,-102.0,-21.0,-18.0,-45.0,-62.0,47.0,-110.0,80.31,-27.32,-96.62,31.85,-40.39,-96.17,-30.509999999999998,-34.45,-23.02,-58.25,54.26,-82.8
2025-07-29T20:55:15.143556,21.0,71.0,-11.0,74.0,-4.0,-10.0,51.0,47.0,-110.0,24.0,66.0,-127.0,4.309999999999999,31.68,7.379999999999999,71.85,-24.39,-4.17,41.49,30.55,-88.02,27.75,73.26,-99.8
2025-07-29T20:55:15.147867,85.0,22.0,-65.0,45.0,-57.0,-94.0,11.0,12.0,-38.0,-2.0,-28.0,-147.0,68.31,-17.32,-46.620000000000005,42.85,-77.39,-88.17,1.4900000000000002,-4.449999999999999,-16.02,1.75,-20.740000000000002,-119.8
2025-07-29T20:55:15.156223,9.0,29.0,-93.0,-2.0,-11.0,-125.0,-35.0,26.0,-22.0,74.0,41.0,-85.0,-7.690000000000001,-10.32,-74.62,-4.15,-31.39,-119.17,-44.51,9.55,-0.019999999999999574,77.75,48.26,-57.8
2025-07-29T20:55:15.160098,19.0,40.0,3.0,-22.0,-40.0,-75.0,44.0,-28.0,-80.0,-1.0,-42.0,-76.0,2.3099999999999987,0.6799999999999997,21.38,-24.15,-60.39,-69.17,34.49,-44.45,-58.019999999999996,2.75,-34.74,-48.8
2025-07-29T20:55:15.168506,44.0,46.0,-23.0,10.0,-43.0,37.0,5.0,-73.0,-72.0,3.0,-7.0,-145.0,27.31,6.68,-4.620000000000001,7.85,-63.39,42.83,-4.51,-89.45,-50.019999999999996,6.75,0.2599999999999998,-117.8
2025-07-29T20:55:15.172605,-7.0,126.0,-5.0,11.0,24.0,-55.0,-64.0,6.0,-63.0,-11.0,-32.0,-108.0,-23.69,86.68,13.379999999999999,8.85,3.6099999999999994,-49.17,-73.51,-10.45,-41.019999999999996,-7.25,-24.740000000000002,-80.8
2025-07-29T20:55:15.180816,22.0,28.0,28.0,50.0,3.0,-53.0,-19.0,-14.0,-20.0,-42.0,37.0,-29.0,5.309999999999999,-11.32,46.379999999999995,47.85,-17.39,-47.17,-28.509999999999998,-30.45,1.9800000000000004,-38.25,44.26,-1.8000000000000007
2025-07-29T20:55:15.185342,-6.0,79.0,-33.0,42.0,4.0,-70.0,55.0,44.0,-118.0,-3.0,-59.0,-66.0,-22.69,39.68,-14.620000000000001,39.85,-16.39,-64.17,45.49,27.55,-96.02,0.75,-51.74,-38.8
2025-07-29T20:55:15.192817,-7.0,72.0,-87.0,-4.0,14.0,-64.0,-6.0,71.0,-8.0,-1.0,-34.0,-90.0,-23.69,32.68,-68.62,-6.15,-6.390000000000001,-58.17,-15.51,54.55,13.98,2.75,-26.740000000000002,-62.8
2025-07-29T20:55:15.197447,37.0,35.0,-45.0,30.0,52.0,-36.0,-55.0,30.0,-82.0,-2.0,9.0,-41.0,20.31,-4.32,-26.62,27.85,31.61,-30.17,-64.51,13.55,-60.019999999999996,1.75,16.259999999999998,-13.8
2025-07-29T20:55:15.205193,-51.0,74.0,-52.0,-63.0,6.0,-51.0,20.0,-33.0,-59.0,-25.0,48.0,-55.0,-67.69,34.68,-33.620000000000005,-65.15,-14.39,-45.17,10.49,-49.45,-37.019999999999996,-21.25,55.26,-27.8
2025-07-29T20:55:15.209435,41.0,-7.0,-155.0,20.0,35.0,-27.0,18.0,-38.0,-82.0,-38.0,72.0,-68.0,24.31,-46.32,-136.62,17.85,14.61,-21.17,8.49,-54.45,-60.019999999999996,-34.25,79.26,-40.8
2025-07-29T20:55:15.217048,23.0,59.0,-51.0,-17.0,40.0,-63.0,40.0,64.0,-21.0,5.0,6.0,-19.0,6.309999999999999,19.68,-32.620000000000005,-19.15,19.61,-57.17,30.490000000000002,47.55,0.9800000000000004,8.75,13.26,8.2
2025-07-29T20:55:15.221702,64.0,77.0,-43.0,51.0,49.0,-75.0,91.0,-74.0,-133.0,-53.0,43.0,-105.0,47.31,37.68,-24.62,48.85,28.61,-69.17,81.49,-90.45,-111.02,-49.25,50.26,-77.8
2025-07-29T20:55:15.229680,24.0,45.0,14.0,85.0,-44.0,-49.0,-74.0,-37.0,-37.0,-42.0,20.0,-51.0,7.309999999999999,5.68,32.379999999999995,82.85,-64.39,-43.17,-83.51,-53.45,-15.02,-38.25,27.259999999999998,-23.8
2025-07-29T20:55:15.234323,34.0,-7.0,-66.0,-9.0,59.0,-82.0,-23.0,-7.0,-44.0,-52.0,-15.0,-102.0,17.31,-46.32,-47.620000000000005,-11.15,38.61,-76.17,-32.51,-23.45,-22.02,-48.25,-7.74,-74.8
2025-07-29T20:55:15.241622,-44.0,19.0,-34.0,16.0,24.0,-26.0,15.0,13.0,-55.0,-50.0,-10.0,-55.0,-60.69,-20.32,-15.620000000000001,13.85,3.6099999999999994,-20.17,5.49,-3.4499999999999993,-33.019999999999996,-46.25,-2.74,-27.8
2025-07-29T20:55:15.246584,-36.0,57.0,-40.0,-21.0,48.0,-61.0,-34.0,9.0,-3.0,17.0,-1.0,-74.0,-52.69,17.68,-21.62,-23.15,27.61,-55.17,-43.51,-7.449999999999999,18.98,20.75,6.26,-46.8
2025-07-29T20:55:15.254283,4.0,38.0,-75.0,-30.0,51.0,-48.0,-18.0,-14.0,-81.0,-46.0,17.0,-54.0,-12.690000000000001,-1.3200000000000003,-56.620000000000005,-32.15,30.61,-42.17,-27.509999999999998,-30.45,-59.019999999999996,-42.25,24.259999999999998,-26.8
2025-07-29T20:55:15.258855,13.0,43.0,-16.0,27.0,31.0,-38.0,3.0,3.0,-73.0,24.0,22.0,-96.0,-3.6900000000000013,3.6799999999999997,2.379999999999999,24.85,10.61,-32.17,-6.51,-13.45,-51.019999999999996,27.75,29.259999999999998,-68.8
2025-07-29T20:55:15.266150,-37.0,80.0,-68.0,33.0,9.0,-52.0,-32.0,59.0,-143.0,17.0,25.0,-80.0,-53.69,40.68,-49.620000000000005,30.85,-11.39,-46.17,-41.51,42.55,-121.02,20.75,32.26,-52.8
2025-07-29T20:55:15.271133,3.0,78.0,-1.0,32.0,15.0,-31.0,1.0,-1.0,-108.0,-17.0,20.0,-70.0,-13.690000000000001,38.68,17.38,29.85,-5.390000000000001,-25.17,-8.51,-17.45,-86.02,-13.25,27.259999999999998,-42.8
2025-07-29T20:55:15.278694,53.0,51.0,-60.0,15.0,62.0,-51.0,16.0,-23.0,-33.0,20.0,65.0,-55.0,36.31,11.68,-41.620000000000005,12.85,41.61,-45.17,6.49,-39.45,-11.02,23.75,72.26,-27.8
2025-07-29T20:55:15.283332,-15.0,79.0,-105.0,-3.0,24.0,-66.0,3.0,12.0,-77.0,13.0,11.0,-91.0,-31.69,39.68,-86.62,-5.15,3.6099999999999994,-60.17,-6.51,-4.449999999999999,-55.019999999999996,16.75,18.259999999999998,-63.8
2025-07-29T20:55:15.290747,17.0,29.0,-53.0,9.0,25.0,-34.0,28.0,3.0,-65.0,-35.0,26.0,-74.0,0.3099999999999987,-10.32,-34.620000000000005,6.85,4.609999999999999,-28.17,18.490000000000002,-13.45,-43.019999999999996,-31.25,33.26,-46.8
2025-07-29T20:55:15.295162,90.0,104.0,-75.0,-53.0,33.0,-36.0,17.0,57.0,-36.0,-25.0,-29.0,-9.0,73.31,64.68,-56.620000000000005,-55.15,12.61,-30.17,7.49,40.55,-14.02,-21.25,-21.740000000000002,18.2
2025-07-29T20:55:15.303393,31.0,71.0,-96.0,18.0,-20.0,-34.0,23.0,1.0,-48.0,-23.0,44.0,-48.0,14.309999999999999,31.68,-77.62,15.85,-40.39,-28.17,13.49,-15.45,-26.02,-19.25,51.26,-20.8
2025-07-29T20:55:15.307738,-2.0,37.0,26.0,14.0,46.0,-15.0,28.0,17.0,-28.0,-53.0,7.0,-79.0,-18.69,-2.3200000000000003,44.379999999999995,11.85,25.61,-9.17,18.490000000000002,0.5500000000000007,-6.02,-49.25,14.26,-51.8
2025-07-29T20:55:15.315248,33.0,11.0,-53.0,2.0,11.0,20.0,31.0,5.0,-41.0,-16.0,44.0,-118.0,16.31,-28.32,-34.620000000000005,-0.1499999999999999,-9.39,25.83,21.490000000000002,-11.45,-19.02,-12.25,51.26,-90.8
2025-07-29T20:55:15.319972,33.0,-2.0,-107.0,21.0,5.0,-43.0,12.0,-31.0,-5.0,-42.0,51.0,-38.0,16.31,-41.32,-88.62,18.85,-15.39,-37.17,2.49,-47.45,16.98,-38.25,58.26,-10.8
2025-07-29T20:55:15.327516,47.0,111.0,-91.0,-22.0,-20.0,24.0,79.0,-9.0,-37.0,-72.0,54.0,-63.0,30.31,71.68,-72.62,-24.15,-40.39,29.83,69.49,-25.45,-15.02,-68.25,61.26,-35.8
2025-07-29T20:55:15.332139,52.0,50.0,-68.0,7.0,56.0,-24.0,-17.0,70.0,-36.0,-44.0,-4.0,-53.0,35.31,10.68,-49.620000000000005,4.85,35.61,-18.17,-26.509999999999998,53.55,-14.02,-40.25,3.26,-25.8
2025-07-29T20:55:15.339901,40.0,23.0,4.0,-54.0,-61.0,-109.0,-69.0,-11.0,-45.0,-50.0,30.0,-79.0,23.31,-16.32,22.38,-56.15,-81.39,-103.17,-78.51,-27.45,-23.02,-46.25,37.26,-51.8
2025-07-29T20:55:15.344562,-34.0,48.0,-94.0,-26.0,-19.0,-40.0,-23.0,51.0,-6.0,17.0,41.0,-117.0,-50.69,8.68,-75.62,-28.15,-39.39,-34.17,-32.51,34.55,15.98,20.75,48.26,-89.8
2025-07-29T20:55:15.348577,-3.0,25.0,12.0,2.0,-3.0,-47.0,29.0,9.0,-44.0,-3.0,36.0,-68.0,-19.69,-14.32,30.38,-0.1499999999999999,-23.39,-41.17,19.490000000000002,-7.449999999999999,-22.02,0.75,43.26,-40.8
2025-07-29T20:55:15.356447,73.0,57.0,-78.0,37.0,105.0,-21.0,22.0,59.0,-48.0,-6.0,-24.0,-28.0,56.31,17.68,-59.620000000000005,34.85,84.61,-15.17,12.49,42.55,-26.02,-2.25,-16.740000000000002,-0.8000000000000007
2025-07-29T20:55:15.360789,25.0,50.0,-25.0,-23.0,3.0,-48.0,50.0,23.0,-73.0,24.0,23.0,-83.0,8.309999999999999,10.68,-6.620000000000001,-25.15,-17.39,-42.17,40.49,6.550000000000001,-51.019999999999996,27.75,30.259999999999998,-55.8
2025-07-29T20:55:15.369176,-16.0,35.0,-63.0,70.0,8.0,-52.0,81.0,28.0,-81.0,-19.0,-15.0,-50.0,-32.69,-4.32,-44.620000000000005,67.85,-12.39,-46.17,71.49,11.55,-59.019999999999996,-15.25,-7.74,-22.8
2025-07-29T20:55:15.373116,-46.0,115.0,-66.0,18.0,54.0,-93.0,-46.0,11.0,-110.0,-7.0,-7.0,-27.0,-62.69,75.68,-47.620000000000005,15.85,33.61,-87.17,-55.51,-5.449999999999999,-88.02,-3.25,0.2599999999999998,0.1999999999999993
2025-07-29T20:55:15.380990,85.0,28.0,-37.0,49.0,26.0,-17.0,-28.0,6.0,-51.0,6.0,68.0,-13.0,68.31,-11.32,-18.62,46.85,5.609999999999999,-11.17,-37.51,-10.45,-29.02,9.75,75.26,14.2
2025-07-29T20:55:15.385506,-15.0,82.0,-34.0,-36.0,41.0,-63.0,-46.0,10.0,15.0,-43.0,23.0,-96.0,-31.69,42.68,-15.620000000000001,-38.15,20.61,-57.17,-55.51,-6.449999999999999,36.980000000000004,-39.25,30.259999999999998,-68.8
2025-07-29T20:55:15.393737,66.0,60.0,-94.0,-23.0,-43.0,-22.0,-50.0,-31.0,-33.0,43.0,6.0,-31.0,49.31,20.68,-75.62,-25.15,-63.39,-16.17,-59.51,-47.45,-11.02,46.75,13.26,-3.8000000000000007
2025-07-29T20:55:15.397633,22.0,23.0,-39.0,-29.0,87.0,-46.0,-28.0,51.0,-44.0,-31.0,13.0,-72.0,5.309999999999999,-16.32,-20.62,-31.15,66.61,-40.17,-37.51,34.55,-22.02,-27.25,20.259999999999998,-44.8
2025-07-29T20:55:15.405519,46.0,-33.0,7.0,17.0,19.0,-30.0,20.0,70.0,-47.0,-6.0,-17.0,-130.0,29.31,-72.32,25.38,14.85,-1.3900000000000006,-24.17,10.49,53.55,-25.02,-2.25,-9.74,-102.8
2025-07-29T20:55:15.409642,14.0,-13.0,54.0,15.0,5.0,6.0,31.0,-45.0,-33.0,8.0,4.0,-90.0,-2.6900000000000013,-52.32,72.38,12.85,-15.39,11.83,21.490000000000002,-61.45,-11.02,11.75,11.26,-62.8
2025-07-29T20:55:15.418004,-6.0,2.0,8.0,-20.0,34.0,-31.0,52.0,-55.0,-23.0,37.0,-56.0,-75.0,-22.69,-37.32,26.38,-22.15,13.61,-25.17,42.49,-71.45,-1.0199999999999996,40.75,-48.74,-47.8
2025-07-29T20:55:15.422226,44.0,-9.0,-69.0,63.0,48.0,-47.0,24.0,-15.0,22.0,-31.0,16.0,-89.0,27.31,-48.32,-50.620000000000005,60.85,27.61,-41.17,14.49,-31.45,43.980000000000004,-27.25,23.259999999999998,-61.8
2025-07-29T20:55:15.430134,75.0,40.0,34.0,-59.0,53.0,-55.0,-25.0,47.0,-29.0,3.0,4.0,-55.0,58.31,0.6799999999999997,52.379999999999995,-61.15,32.61,-49.17,-34.51,30.55,-7.02,6.75,11.26,-27.8
2025-07-29T20:55:15.435060,11.0,51.0,25.0,68.0,10.0,-31.0,4.0,11.0,-6.0,18.0,-66.0,-44.0,-5.690000000000001,11.68,43.379999999999995,65.85,-10.39,-25.17,-5.51,-5.449999999999999,15.98,21.75,-58.74,-16.8
2025-07-29T20:55:15.442262,62.0,79.0,24.0,-34.0,71.0,-56.0,-27.0,93.0,26.0,7.0,-9.0,-54.0,45.31,39.68,42.379999999999995,-36.15,50.61,-50.17,-36.51,76.55,47.980000000000004,10.75,-1.7400000000000002,-26.8
2025-07-29T20:55:15.447243,-5.0,32.0,-95.0,-29.0,22.0,-55.0,-36.0,16.0,-18.0,-61.0,-4.0,-23.0,-21.69,-7.32,-76.62,-31.15,1.6099999999999994,-49.17,-45.51,-0.4499999999999993,3.9800000000000004,-57.25,3.26,4.199999999999999
2025-07-29T20:55:15.454720,21.0,-39.0,12.0,8.0,30.0,-8.0,-52.0,-40.0,-14.0,1.0,48.0,-33.0,4.309999999999999,-78.32,30.38,5.85,9.61,-2.17,-61.51,-56.45,7.98,4.75,55.26,-5.800000000000001
2025-07-29T20:55:15.459158,66.0,13.0,10.0,37.0,34.0,7.0,34.0,84.0,70.0,-72.0,-4.0,-38.0,49.31,-26.32,28.38,34.85,13.61,12.83,24.490000000000002,67.55,91.98,-68.25,3.26,-10.8
2025-07-29T20:55:15.466881,40.0,39.0,-21.0,-12.0,-13.0,-44.0,-36.0,11.0,-72.0,-38.0,6.0,-64.0,23.31,-0.3200000000000003,-2.620000000000001,-14.15,-33.39,-38.17,-45.51,-5.449999999999999,-50.019999999999996,-34.25,13.26,-36.8
2025-07-29T20:55:15.471834,33.0,-29.0,-73.0,-1.0,12.0,-6.0,-38.0,-10.0,-3.0,-16.0,86.0,-65.0,16.31,-68.32,-54.620000000000005,-3.15,-8.39,-0.16999999999999993,-47.51,-26.45,18.98,-12.25,93.26,-37.8
2025-07-29T20:55:15.479150,86.0,15.0,-16.0,-42.0,21.0,-7.0,-28.0,20.0,-38.0,-92.0,9.0,-16.0,69.31,-24.32,2.379999999999999,-44.15,0.6099999999999994,-1.17,-37.51,3.5500000000000007,-16.02,-88.25,16.259999999999998,11.2
2025-07-29T20:55:15.483705,-7.0,30.0,-7.0,8.0,34.0,-30.0,35.0,61.0,-17.0,-28.0,24.0,-74.0,-23.69,-9.32,11.379999999999999,5.85,13.61,-24.17,25.490000000000002,44.55,4.98,-24.25,31.259999999999998,-46.8
2025-07-29T20:55:15.491375,90.0,-24.0,-16.0,34.0,1.0,-19.0,31.0,35.0,-27.0,-7.0,9.0,-53.0,73.31,-63.32,2.379999999999999,31.85,-19.39,-13.17,21.490000000000002,18.55,-5.02,-3.25,16.259999999999998,-25.8
2025-07-29T20:55:15.496247,37.0,101.0,-7.0,18.0,25.0,6.0,26.0,61.0,-75.0,35.0,16.0,-61.0,20.31,61.68,11.379999999999999,15.85,4.609999999999999,11.83,16.490000000000002,44.55,-53.019999999999996,38.75,23.259999999999998,-33.8
2025-07-29T20:55:15.503678,84.0,66.0,26.0,12.0,12.0,-5.0,12.0,39.0,-68.0,-71.0,-35.0,-101.0,67.31,26.68,44.379999999999995,9.85,-8.39,0.8300000000000001,2.49,22.55,-46.019999999999996,-67.25,-27.740000000000002,-73.8
2025-07-29T20:55:15.508594,31.0,30.0,-27.0,-33.0,-50.0,-3.0,46.0,69.0,17.0,-75.0,28.0,-33.0,14.309999999999999,-9.32,-8.620000000000001,-35.15,-70.39,2.83,36.49,52.55,38.980000000000004,-71.25,35.26,-5.800000000000001
2025-07-29T20:55:15.513010,5.0,38.0,19.0,2.0,-60.0,-71.0,47.0,60.0,-18.0,80.0,6.0,-58.0,-11.690000000000001,-1.3200000000000003,37.379999999999995,-0.1499999999999999,-80.39,-65.17,37.49,43.55,3.9800000000000004,83.75,13.26,-30.8
2025-07-29T20:55:15.520915,-5.0,81.0,8.0,16.0,47.0,-40.0,30.0,-60.0,-45.0,15.0,-72.0,-106.0,-21.69,41.68,26.38,13.85,26.61,-34.17,20.490000000000002,-76.45,-23.02,18.75,-64.74,-78.8
2025-07-29T20:55:15.524520,-9.0,51.0,21.0,-13.0,15.0,-50.0,-27.0,55.0,19.0,-3.0,-29.0,-115.0,-25.69,11.68,39.379999999999995,-15.15,-5.390000000000001,-44.17,-36.51,38.55,40.980000000000004,0.75,-21.740000000000002,-87.8
2025-07-29T20:55:15.532821,49.0,35.0,-95.0,12.0,76.0,-42.0,-63.0,61.0,23.0,-19.0,-45.0,-24.0,32.31,-4.32,-76.62,9.85,55.61,-36.17,-72.51,44.55,44.980000000000004,-15.25,-37.74,3.1999999999999993
2025-07-29T20:55:15.536842,33.0,38.0,-70.0,-43.0,-3.0,43.0,-2.0,-19.0,-71.0,-12.0,58.0,-11.0,16.31,-1.3200000000000003,-51.620000000000005,-45.15,-23.39,48.83,-11.51,-35.45,-49.019999999999996,-8.25,65.26,16.2
2025-07-29T20:55:15.545241,40.0,63.0,-46.0,10.0,-65.0,-56.0,26.0,0.0,-54.0,-37.0,-3.0,56.0,23.31,23.68,-27.62,7.85,-85.39,-50.17,16.490000000000002,-16.45,-32.019999999999996,-33.25,4.26,83.2
2025-07-29T20:55:15.549054,19.0,56.0,2.0,67.0,46.0,31.0,92.0,39.0,19.0,-45.0,55.0,-65.0,2.3099999999999987,16.68,20.38,64.85,25.61,36.83,82.49,22.55,40.980000000000004,-41.25,62.26,-37.8
2025-07-29T20:55:15.556938,72.0,91.0,26.0,-17.0,-8.0,-45.0,30.0,7.0,-42.0,-40.0,18.0,-37.0,55.31,51.68,44.379999999999995,-19.15,-28.39,-39.17,20.490000000000002,-9.45,-20.02,-36.25,25.259999999999998,-9.8
2025-07-29T20:55:15.561442,45.0,37.0,-18.0,-27.0,-31.0,34.0,-3.0,61.0,-13.0,-37.0,67.0,-98.0,28.31,-2.3200000000000003,0.379999999999999,-29.15,-51.39,39.83,-12.51,44.55,8.98,-33.25,74.26,-70.8
2025-07-29T20:55:15.569367,40.0,99.0,-69.0,27.0,49.0,6.0,26.0,-18.0,-29.0,48.0,78.0,-44.0,23.31,59.68,-50.620000000000005,24.85,28.61,11.83,16.490000000000002,-34.45,-7.02,51.75,85.26,-16.8
2025-07-29T20:55:15.573835,69.0,43.0,-23.0,-20.0,-36.0,78.0,35.0,-13.0,-5.0,-44.0,22.0,-52.0,52.31,3.6799999999999997,-4.620000000000001,-22.15,-56.39,83.83,25.490000000000002,-29.45,16.98,-40.25,29.259999999999998,-24.8
2025-07-29T20:55:15.581548,-16.0,81.0,-30.0,18.0,-30.0,19.0,9.0,45.0,18.0,-3.0,10.0,-66.0,-32.69,41.68,-11.620000000000001,15.85,-50.39,24.83,-0.5099999999999998,28.55,39.980000000000004,0.75,17.259999999999998,-38.8
2025-07-29T20:55:15.586500,3.0,16.0,-73.0,-42.0,67.0,0.0,38.0,-40.0,37.0,-6.0,75.0,-20.0,-13.690000000000001,-23.32,-54.620000000000005,-44.15,46.61,5.83,28.490000000000002,-56.45,58.980000000000004,-2.25,82.26,7.199999999999999
2025-07-29T20:55:15.594448,95.0,44.0,-50.0,-16.0,-6.0,-14.0,-31.0,0.0,-53.0,-34.0,37.0,-90.0,78.31,4.68,-31.62,-18.15,-26.39,-8.17,-40.51,-16.45,-31.02,-30.25,44.26,-62.8
2025-07-29T20:55:15.598275,44.0,73.0,-61.0,-20.0,5.0,41.0,30.0,-24.0,0.0,27.0,62.0,-52.0,27.31,33.68,-42.620000000000005,-22.15,-15.39,46.83,20.490000000000002,-40.45,21.98,30.75,69.26,-24.8
2025-07-29T20:55:15.606550,44.0,109.0,-21.0,56.0,-3.0,-33.0,81.0,43.0,20.0,12.0,63.0,-46.0,27.31,69.68,-2.620000000000001,53.85,-23.39,-27.17,71.49,26.55,41.980000000000004,15.75,70.26,-18.8
2025-07-29T20:55:15.611246,29.0,44.0,-29.0,62.0,23.0,17.0,-25.0,-33.0,45.0,-9.0,-79.0,-91.0,12.309999999999999,4.68,-10.620000000000001,59.85,2.6099999999999994,22.83,-34.51,-49.45,66.98,-5.25,-71.74,-63.8
2025-07-29T20:55:15.619780,70.0,-6.0,-35.0,-29.0,-4.0,-61.0,17.0,-35.0,14.0,74.0,-12.0,-140.0,53.31,-45.32,-16.62,-31.15,-24.39,-55.17,7.49,-51.45,35.980000000000004,77.75,-4.74,-112.8
2025-07-29T20:55:15.622786,20.0,-1.0,-11.0,44.0,70.0,-65.0,-2.0,82.0,-45.0,31.0,-27.0,-41.0,3.3099999999999987,-40.32,7.379999999999999,41.85,49.61,-59.17,-11.51,65.55,-23.02,34.75,-19.740000000000002,-13.8
2025-07-29T20:55:15.631211,-58.0,-24.0,-49.0,-44.0,72.0,-43.0,-28.0,-46.0,17.0,41.0,-57.0,-50.0,-74.69,-63.32,-30.62,-46.15,51.61,-37.17,-37.51,-62.45,38.980000000000004,44.75,-49.74,-22.8
2025-07-29T20:55:15.636294,54.0,27.0,17.0,-79.0,-9.0,17.0,14.0,13.0,-87.0,-44.0,17.0,-19.0,37.31,-12.32,35.379999999999995,-81.15,-29.39,22.83,4.49,-3.4499999999999993,-65.02,-40.25,24.259999999999998,8.2
2025-07-29T20:55:15.643476,83.0,61.0,-42.0,14.0,-13.0,-35.0,10.0,11.0,-112.0,-63.0,0.0,0.0,66.31,21.68,-23.62,11.85,-33.39,-29.17,0.4900000000000002,-5.449999999999999,-90.02,-59.25,7.26,27.2
2025-07-29T20:55:15.647496,83.0,31.0,17.0,-24.0,52.0,-27.0,6.0,-55.0,-43.0,10.0,-8.0,-60.0,66.31,-8.32,35.379999999999995,-26.15,31.61,-21.17,-3.51,-71.45,-21.02,13.75,-0.7400000000000002,-32.8
2025-07-29T20:55:15.655731,6.0,79.0,-12.0,23.0,-9.0,-117.0,51.0,56.0,-22.0,-25.0,-34.0,-67.0,-10.690000000000001,39.68,6.379999999999999,20.85,-29.39,-111.17,41.49,39.55,-0.019999999999999574,-21.25,-26.740000000000002,-39.8
2025-07-29T20:55:15.659759,9.0,60.0,-35.0,15.0,32.0,-80.0,-1.0,22.0,-18.0,-51.0,59.0,-48.0,-7.690000000000001,20.68,-16.62,12.85,11.61,-74.17,-10.51,5.550000000000001,3.9800000000000004,-47.25,66.26,-20.8
2025-07-29T20:55:15.667905,81.0,17.0,-17.0,-26.0,5.0,-44.0,39.0,43.0,-51.0,-14.0,22.0,-69.0,64.31,-22.32,1.379999999999999,-28.15,-15.39,-38.17,29.490000000000002,26.55,-29.02,-10.25,29.259999999999998,-41.8
2025-07-29T20:55:15.673035,80.0,-54.0,29.0,-55.0,39.0,-74.0,58.0,-14.0,40.0,29.0,-10.0,-35.0,63.31,-93.32,47.379999999999995,-57.15,18.61,-68.17,48.49,-30.45,61.980000000000004,32.75,-2.74,-7.800000000000001
2025-07-29T20:55:15.679809,-18.0,14.0,-18.0,49.0,71.0,0.0,-22.0,-40.0,-26.0,-35.0,-4.0,-68.0,-34.69,-25.32,0.379999999999999,46.85,50.61,5.83,-31.509999999999998,-56.45,-4.02,-31.25,3.26,-40.8
2025-07-29T20:55:15.684033,63.0,41.0,-20.0,-18.0,-10.0,22.0,6.0,3.0,24.0,-5.0,8.0,-17.0,46.31,1.6799999999999997,-1.620000000000001,-20.15,-30.39,27.83,-3.51,-13.45,45.980000000000004,-1.25,15.26,10.2
2025-07-29T20:55:15.692127,-52.0,1.0,-10.0,67.0,-30.0,-20.0,17.0,-43.0,-36.0,37.0,9.0,-61.0,-68.69,-38.32,8.379999999999999,64.85,-50.39,-14.17,7.49,-59.45,-14.02,40.75,16.259999999999998,-33.8
2025-07-29T20:55:15.696841,-15.0,5.0,-27.0,-16.0,24.0,-84.0,16.0,-10.0,-23.0,-14.0,21.0,-59.0,-31.69,-34.32,-8.620000000000001,-18.15,3.6099999999999994,-78.17,6.49,-26.45,-1.0199999999999996,-10.25,28.259999999999998,-31.8
2025-07-29T20:55:15.704349,17.0,-32.0,38.0,-9.0,12.0,-12.0,-25.0,-9.0,-89.0,21.0,-8.0,-32.0,0.3099999999999987,-71.32,56.379999999999995,-11.15,-8.39,-6.17,-34.51,-25.45,-67.02,24.75,-0.7400000000000002,-4.800000000000001
2025-07-29T20:55:15.709227,-18.0,-3.0,-44.0,58.0,-26.0,-13.0,12.0,32.0,-34.0,-113.0,-25.0,-41.0,-34.69,-42.32,-25.62,55.85,-46.39,-7.17,2.49,15.55,-12.02,-109.25,-17.740000000000002,-13.8
2025-07-29T20:55:15.716951,38.0,74.0,55.0,-2.0,-29.0,-22.0,-18.0,-36.0,-69.0,-36.0,-84.0,-107.0,21.31,34.68,73.38,-4.15,-49.39,-16.17,-27.509999999999998,-52.45,-47.019999999999996,-32.25,-76.74,-79.8
2025-07-29T20:55:15.721476,-1.0,84.0,-65.0,48.0,-52.0,34.0,26.0,-34.0,-50.0,34.0,25.0,-28.0,-17.69,44.68,-46.620000000000005,45.85,-72.39,39.83,16.490000000000002,-50.45,-28.02,37.75,32.26,-0.8000000000000007
2025-07-29T20:55:15.728940,-51.0,124.0,14.0,70.0,-33.0,62.0,52.0,4.0,-9.0,-52.0,-83.0,-34.0,-67.69,84.68,32.379999999999995,67.85,-53.39,67.83,42.49,-12.45,12.98,-48.25,-75.74,-6.800000000000001
2025-07-29T20:55:15.733815,-34.0,70.0,7.0,-72.0,24.0,-38.0,-25.0,-25.0,-48.0,-31.0,4.0,-28.0,-50.69,30.68,25.38,-74.15,3.6099999999999994,-32.17,-34.51,-41.45,-26.02,-27.25,11.26,-0.8000000000000007
2025-07-29T20:55:15.741505,37.0,128.0,-24.0,-40.0,-7.0,-16.0,7.0,42.0,-41.0,-32.0,62.0,-39.0,20.31,88.68,-5.620000000000001,-42.15,-27.39,-10.17,-2.51,25.55,-19.02,-28.25,69.26,-11.8
2025-07-29T20:55:15.746055,85.0,12.0,-84.0,-5.0,38.0,41.0,-48.0,26.0,-52.0,18.0,-45.0,-65.0,68.31,-27.32,-65.62,-7.15,17.61,46.83,-57.51,9.55,-30.02,21.75,-37.74,-37.8
2025-07-29T20:55:15.750010,-5.0,83.0,-28.0,-5.0,88.0,1.0,-28.0,-18.0,-30.0,-69.0,13.0,-45.0,-21.69,43.68,-9.620000000000001,-7.15,67.61,6.83,-37.51,-34.45,-8.02,-65.25,20.259999999999998,-17.8
2025-07-29T20:55:15.758536,11.0,70.0,-48.0,-22.0,55.0,-36.0,-72.0,-10.0,-39.0,-17.0,34.0,10.0,-5.690000000000001,30.68,-29.62,-24.15,34.61,-30.17,-81.51,-26.45,-17.02,-13.25,41.26,37.2
2025-07-29T20:55:15.762664,38.0,17.0,35.0,8.0,74.0,-79.0,-4.0,18.0,-1.0,55.0,-18.0,-88.0,21.31,-22.32,53.379999999999995,5.85,53.61,-73.17,-13.51,1.5500000000000007,20.98,58.75,-10.74,-60.8
2025-07-29T20:55:15.770596,22.0,62.0,-61.0,0.0,31.0,-12.0,32.0,7.0,-114.0,30.0,54.0,-59.0,5.309999999999999,22.68,-42.620000000000005,-2.15,10.61,-6.17,22.490000000000002,-9.45,-92.02,33.75,61.26,-31.8
2025-07-29T20:55:15.774184,23.0,-26.0,-42.0,-18.0,10.0,22.0,-9.0,-17.0,-14.0,-50.0,4.0,-14.0,6.309999999999999,-65.32,-23.62,-20.15,-10.39,27.83,-18.509999999999998,-33.45,7.98,-46.25,11.26,13.2
2025-07-29T20:55:15.783282,137.0,36.0,-57.0,18.0,2.0,22.0,31.0,42.0,9.0,18.0,19.0,-28.0,120.31,-3.3200000000000003,-38.620000000000005,15.85,-18.39,27.83,21.490000000000002,25.55,30.98,21.75,26.259999999999998,-0.8000000000000007
2025-07-29T20:55:15.787306,44.0,13.0,13.0,-45.0,66.0,-11.0,116.0,-22.0,3.0,36.0,31.0,0.0,27.31,-26.32,31.38,-47.15,45.61,-5.17,106.49,-38.45,24.98,39.75,38.26,27.2
2025-07-29T20:55:15.794631,-31.0,52.0,39.0,-5.0,60.0,-48.0,60.0,-92.0,-53.0,-28.0,-4.0,-67.0,-47.69,12.68,57.379999999999995,-7.15,39.61,-42.17,50.49,-108.45,-31.02,-24.25,3.26,-39.8
2025-07-29T20:55:15.799882,73.0,58.0,64.0,8.0,35.0,7.0,-10.0,-26.0,-15.0,-39.0,-43.0,7.0,56.31,18.68,82.38,5.85,14.61,12.83,-19.509999999999998,-42.45,6.98,-35.25,-35.74,34.2
2025-07-29T20:55:15.806933,63.0,6.0,43.0,-73.0,11.0,-21.0,15.0,-33.0,-1.0,-51.0,-49.0,-61.0,46.31,-33.32,61.379999999999995,-75.15,-9.39,-15.17,5.49,-49.45,20.98,-47.25,-41.74,-33.8
2025-07-29T20:55:15.811394,29.0,-44.0,14.0,96.0,-11.0,-18.0,-27.0,45.0,30.0,-35.0,-52.0,5.0,12.309999999999999,-83.32,32.379999999999995,93.85,-31.39,-12.17,-36.51,28.55,51.980000000000004,-31.25,-44.74,32.2
2025-07-29T20:55:15.819257,21.0,-20.0,-2.0,-9.0,32.0,20.0,46.0,26.0,-31.0,-19.0,-32.0,7.0,4.309999999999999,-59.32,16.38,-11.15,11.61,25.83,36.49,9.55,-9.02,-15.25,-24.740000000000002,34.2
2025-07-29T20:55:15.824183,32.0,21.0,19.0,-10.0,-3.0,5.0,-11.0,-8.0,-31.0,18.0,-31.0,-34.0,15.309999999999999,-18.32,37.379999999999995,-12.15,-23.39,10.83,-20.509999999999998,-24.45,-9.02,21.75,-23.740000000000002,-6.800000000000001
2025-07-29T20:55:15.831896,-24.0,21.0,-10.0,0.0,59.0,-53.0,-13.0,11.0,47.0,13.0,11.0,-38.0,-40.69,-18.32,8.379999999999999,-2.15,38.61,-47.17,-22.509999999999998,-5.449999999999999,68.98,16.75,18.259999999999998,-10.8
2025-07-29T20:55:15.836128,3.0,18.0,-44.0,-28.0,85.0,-17.0,-20.0,29.0,13.0,19.0,83.0,-15.0,-13.690000000000001,-21.32,-25.62,-30.15,64.61,-11.17,-29.509999999999998,12.55,34.980000000000004,22.75,90.26,12.2
2025-07-29T20:55:15.843744,64.0,118.0,21.0,9.0,43.0,37.0,39.0,113.0,0.0,-46.0,14.0,-62.0,47.31,78.68,39.379999999999995,6.85,22.61,42.83,29.490000000000002,96.55,21.98,-42.25,21.259999999999998,-34.8
2025-07-29T20:55:15.848093,54.0,98.0,-47.0,-46.0,31.0,31.0,25.0,41.0,-4.0,22.0,18.0,-15.0,37.31,58.68,-28.62,-48.15,10.61,36.83,15.49,24.55,17.98,25.75,25.259999999999998,12.2
2025-07-29T20:55:15.856278,73.0,12.0,3.0,11.0,40.0,5.0,19.0,-7.0,-33.0,-21.0,2.0,-17.0,56.31,-27.32,21.38,8.85,19.61,10.83,9.49,-23.45,-11.02,-17.25,9.26,10.2
2025-07-29T20:55:15.861036,32.0,37.0,-58.0,-89.0,70.0,-3.0,-12.0,0.0,-86.0,2.0,-63.0,-36.0,15.309999999999999,-2.3200000000000003,-39.620000000000005,-91.15,49.61,2.83,-21.509999999999998,-16.45,-64.02,5.75,-55.74,-8.8
2025-07-29T20:55:15.868516,66.0,7.0,-29.0,-3.0,51.0,25.0,41.0,-4.0,-21.0,-5.0,-41.0,-66.0,49.31,-32.32,-10.620000000000001,-5.15,30.61,30.83,31.490000000000002,-20.45,0.9800000000000004,-1.25,-33.74,-38.8
2025-07-29T20:55:15.873220,-24.0,-7.0,-38.0,18.0,37.0,-10.0,48.0,-40.0,-2.0,8.0,-5.0,-55.0,-40.69,-46.32,-19.62,15.85,16.61,-4.17,38.49,-56.45,19.98,11.75,2.26,-27.8
2025-07-29T20:55:15.880854,52.0,-2.0,26.0,-9.0,74.0,-34.0,61.0,14.0,-38.0,-34.0,-28.0,-42.0,35.31,-41.32,44.379999999999995,-11.15,53.61,-28.17,51.49,-2.4499999999999993,-16.02,-30.25,-20.740000000000002,-14.8
2025-07-29T20:55:15.885546,56.0,24.0,-64.0,-15.0,99.0,-3.0,-30.0,-30.0,-24.0,-58.0,68.0,-18.0,39.31,-15.32,-45.620000000000005,-17.15,78.61,2.83,-39.51,-46.45,-2.0199999999999996,-54.25,75.26,9.2
2025-07-29T20:55:15.893267,70.0,53.0,10.0,-80.0,26.0,45.0,-30.0,-52.0,51.0,-70.0,-29.0,-4.0,53.31,13.68,28.38,-82.15,5.609999999999999,50.83,-39.51,-68.45,72.98,-66.25,-21.740000000000002,23.2
2025-07-29T20:55:15.897485,35.0,79.0,52.0,49.0,21.0,31.0,44.0,-30.0,-40.0,-18.0,5.0,-41.0,18.31,39.68,70.38,46.85,0.6099999999999994,36.83,34.49,-46.45,-18.02,-14.25,12.26,-13.8
2025-07-29T20:55:15.905211,41.0,21.0,-3.0,5.0,77.0,17.0,11.0,-31.0,-53.0,-38.0,29.0,-86.0,24.31,-18.32,15.379999999999999,2.85,56.61,22.83,1.4900000000000002,-47.45,-31.02,-34.25,36.26,-58.8
2025-07-29T20:55:15.909997,52.0,74.0,79.0,20.0,1.0,1.0,-3.0,46.0,-49.0,-57.0,-26.0,-16.0,35.31,34.68,97.38,17.85,-19.39,6.83,-12.51,29.55,-27.02,-53.25,-18.740000000000002,11.2
2025-07-29T20:55:15.917560,28.0,77.0,62.0,-16.0,35.0,-71.0,30.0,53.0,-51.0,6.0,-36.0,-27.0,11.309999999999999,37.68,80.38,-18.15,14.61,-65.17,20.490000000000002,36.55,-29.02,9.75,-28.740000000000002,0.1999999999999993
2025-07-29T20:55:15.921927,-74.0,44.0,27.0,71.0,0.0,0.0,43.0,-10.0,-33.0,-49.0,42.0,-26.0,-90.69,4.68,45.379999999999995,68.85,-20.39,5.83,33.49,-26.45,-11.02,-45.25,49.26,1.1999999999999993
2025-07-29T20:55:15.929750,-7.0,52.0,11.0,46.0,-22.0,-45.0,54.0,72.0,-17.0,-52.0,11.0,-28.0,-23.69,12.68,29.38,43.85,-42.39,-39.17,44.49,55.55,4.98,-48.25,18.259999999999998,-0.8000000000000007
2025-07-29T20:55:15.934561,30.0,43.0,21.0,-22.0,19.0,-7.0,47.0,33.0,10.0,51.0,18.0,-1.0,13.309999999999999,3.6799999999999997,39.379999999999995,-24.15,-1.3900000000000006,-1.17,37.49,16.55,31.98,54.75,25.259999999999998,26.2
2025-07-29T20:55:15.937950,0.0,0.0,25.0,-37.0,21.0,33.0,50.0,-4.0,-21.0,8.0,34.0,25.0,-16.69,-39.32,43.379999999999995,-39.15,0.6099999999999994,38.83,40.49,-20.45,0.9800000000000004,11.75,41.26,52.2
2025-07-29T20:55:15.946771,26.0,43.0,35.0,-37.0,-24.0,26.0,20.0,38.0,-14.0,32.0,21.0,-53.0,9.309999999999999,3.6799999999999997,53.379999999999995,-39.15,-44.39,31.83,10.49,21.55,7.98,35.75,28.259999999999998,-25.8
2025-07-29T20:55:15.950551,13.0,39.0,-56.0,-14.0,-25.0,44.0,3.0,16.0,29.0,-4.0,-11.0,-27.0,-3.6900000000000013,-0.3200000000000003,-37.620000000000005,-16.15,-45.39,49.83,-6.51,-0.4499999999999993,50.980000000000004,-0.25,-3.74,0.1999999999999993
2025-07-29T20:55:15.958990,-60.0,102.0,-74.0,-5.0,41.0,-39.0,-8.0,-17.0,7.0,-10.0,-6.0,9.0,-76.69,62.68,-55.620000000000005,-7.15,20.61,-33.17,-17.509999999999998,-33.45,28.98,-6.25,1.2599999999999998,36.2
2025-07-29T20:55:15.962676,7.0,84.0,-59.0,-36.0,63.0,6.0,-34.0,6.0,9.0,-26.0,-18.0,12.0,-9.690000000000001,44.68,-40.620000000000005,-38.15,42.61,11.83,-43.51,-10.45,30.98,-22.25,-10.74,39.2
2025-07-29T20:55:15.970851,-10.0,129.0,-28.0,21.0,8.0,-2.0,-61.0,-92.0,20.0,-11.0,-15.0,-91.0,-26.69,89.68,-9.620000000000001,18.85,-12.39,3.83,-70.51,-108.45,41.980000000000004,-7.25,-7.74,-63.8
2025-07-29T20:55:15.975012,10.0,54.0,5.0,-97.0,50.0,-18.0,1.0,9.0,49.0,39.0,41.0,-38.0,-6.690000000000001,14.68,23.38,-99.15,29.61,-12.17,-8.51,-7.449999999999999,70.98,42.75,48.26,-10.8
2025-07-29T20:55:15.983139,51.0,95.0,-43.0,29.0,53.0,16.0,-24.0,23.0,7.0,-15.0,-2.0,-80.0,34.31,55.68,-24.62,26.85,32.61,21.83,-33.51,6.550000000000001,28.98,-11.25,5.26,-52.8
2025-07-29T20:55:15.988394,-2.0,30.0,10.0,-40.0,-36.0,-10.0,-12.0,57.0,35.0,-66.0,-42.0,-29.0,-18.69,-9.32,28.38,-42.15,-56.39,-4.17,-21.509999999999998,40.55,56.980000000000004,-62.25,-34.74,-1.8000000000000007
2025-07-29T20:55:15.995482,38.0,2.0,18.0,20.0,-24.0,43.0,-36.0,62.0,-12.0,-2.0,-10.0,0.0,21.31,-37.32,36.379999999999995,17.85,-44.39,48.83,-45.51,45.55,9.98,1.75,-2.74,27.2
2025-07-29T20:55:15.999977,80.0,74.0,9.0,-14.0,26.0,-22.0,-16.0,100.0,-33.0,-48.0,46.0,-49.0,63.31,34.68,27.38,-16.15,5.609999999999999,-16.17,-25.509999999999998,83.55,-11.02,-44.25,53.26,-21.8
2025-07-29T20:55:16.008079,-37.0,8.0,-43.0,-34.0,-14.0,-50.0,10.0,21.0,-48.0,-26.0,7.0,-65.0,-53.69,-31.32,-24.62,-36.15,-34.39,-44.17,0.4900000000000002,4.550000000000001,-26.02,-22.25,14.26,-37.8
2025-07-29T20:55:16.012153,75.0,21.0,-71.0,48.0,8.0,-22.0,54.0,19.0,-16.0,12.0,34.0,-45.0,58.31,-18.32,-52.620000000000005,45.85,-12.39,-16.17,44.49,2.5500000000000007,5.98,15.75,41.26,-17.8
2025-07-29T20:55:16.019788,75.0,41.0,-51.0,44.0,-15.0,67.0,125.0,61.0,-25.0,-40.0,-59.0,-42.0,58.31,1.6799999999999997,-32.620000000000005,41.85,-35.39,72.83,115.49,44.55,-3.0199999999999996,-36.25,-51.74,-14.8
2025-07-29T20:55:16.024535,74.0,27.0,-40.0,-26.0,18.0,1.0,24.0,-14.0,-63.0,15.0,12.0,-7.0,57.31,-12.32,-21.62,-28.15,-2.3900000000000006,6.83,14.49,-30.45,-41.019999999999996,18.75,19.259999999999998,20.2
2025-07-29T20:55:16.032479,69.0,-23.0,-29.0,-32.0,-23.0,17.0,-37.0,-26.0,-63.0,-21.0,4.0,34.0,52.31,-62.32,-10.620000000000001,-34.15,-43.39,22.83,-46.51,-42.45,-41.019999999999996,-17.25,11.26,61.2
2025-07-29T20:55:16.037210,66.0,-17.0,-17.0,-4.0,104.0,-34.0,13.0,-8.0,-57.0,-25.0,-16.0,-38.0,49.31,-56.32,1.379999999999999,-6.15,83.61,-28.17,3.49,-24.45,-35.019999999999996,-21.25,-8.74,-10.8
2025-07-29T20:55:16.044447,38.0,33.0,11.0,-34.0,-30.0,-51.0,15.0,-8.0,-51.0,36.0,-83.0,-30.0,21.31,-6.32,29.38,-36.15,-50.39,-45.17,5.49,-24.45,-29.02,39.75,-75.74,-2.8000000000000007
2025-07-29T20:55:16.049328,-23.0,105.0,-28.0,46.0,-21.0,48.0,-15.0,-21.0,3.0,-7.0,75.0,-29.0,-39.69,65.68,-9.620000000000001,43.85,-41.39,53.83,-24.509999999999998,-37.45,24.98,-3.25,82.26,-1.8000000000000007
2025-07-29T20:55:16.056739,32.0,53.0,-23.0,-10.0,73.0,-40.0,-8.0,65.0,-48.0,15.0,-24.0,48.0,15.309999999999999,13.68,-4.620000000000001,-12.15,52.61,-34.17,-17.509999999999998,48.55,-26.02,18.75,-16.740000000000002,75.2
2025-07-29T20:55:16.062255,73.0,75.0,-65.0,7.0,1.0,-40.0,2.0,17.0,-7.0,-44.0,-26.0,-33.0,56.31,35.68,-46.620000000000005,4.85,-19.39,-34.17,-7.51,0.5500000000000007,14.98,-40.25,-18.740000000000002,-5.800000000000001
2025-07-29T20:55:16.069222,23.0,85.0,-59.0,0.0,32.0,-27.0,36.0,63.0,-48.0,-20.0,0.0,-2.0,6.309999999999999,45.68,-40.620000000000005,-2.15,11.61,-21.17,26.490000000000002,46.55,-26.02,-16.25,7.26,25.2
2025-07-29T20:55:16.073688,50.0,37.0,-16.0,-20.0,32.0,-10.0,-33.0,62.0,-47.0,-31.0,0.0,42.0,33.31,-2.3200000000000003,2.379999999999999,-22.15,11.61,-4.17,-42.51,45.55,-25.02,-27.25,7.26,69.2
2025-07-29T20:55:16.081701,94.0,1.0,-25.0,35.0,80.0,-84.0,12.0,63.0,3.0,3.0,36.0,-26.0,77.31,-38.32,-6.620000000000001,32.85,59.61,-78.17,2.49,46.55,24.98,6.75,43.26,1.1999999999999993
2025-07-29T20:55:16.086054,-33.0,-3.0,2.0,-25.0,17.0,-37.0,25.0,51.0,-62.0,-27.0,5.0,-47.0,-49.69,-42.32,20.38,-27.15,-3.3900000000000006,-31.17,15.49,34.55,-40.019999999999996,-23.25,12.26,-19.8
2025-07-29T20:55:16.093507,-33.0,65.0,16.0,-68.0,122.0,-3.0,64.0,72.0,-20.0,27.0,16.0,-9.0,-49.69,25.68,34.379999999999995,-70.15,101.61,2.83,54.49,55.55,1.9800000000000004,30.75,23.259999999999998,18.2
2025-07-29T20:55:16.098100,6.0,-22.0,36.0,8.0,-26.0,13.0,26.0,-54.0,10.0,-49.0,51.0,-9.0,-10.690000000000001,-61.32,54.379999999999995,5.85,-46.39,18.83,16.490000000000002,-70.45,31.98,-45.25,58.26,18.2
2025-07-29T20:55:16.106026,58.0,28.0,6.0,-33.0,-25.0,26.0,-41.0,-28.0,-74.0,6.0,39.0,-54.0,41.31,-11.32,24.38,-35.15,-45.39,31.83,-50.51,-44.45,-52.019999999999996,9.75,46.26,-26.8
2025-07-29T20:55:16.110809,124.0,7.0,5.0,-12.0,21.0,-10.0,55.0,-52.0,-56.0,-44.0,80.0,-108.0,107.31,-32.32,23.38,-14.15,0.6099999999999994,-4.17,45.49,-68.45,-34.019999999999996,-40.25,87.26,-80.8
2025-07-29T20:55:16.118034,2.0,-40.0,35.0,0.0,-26.0,10.0,-21.0,-24.0,-60.0,30.0,26.0,-43.0,-14.690000000000001,-79.32,53.379999999999995,-2.15,-46.39,15.83,-30.509999999999998,-40.45,-38.019999999999996,33.75,33.26,-15.8
2025-07-29T20:55:16.123044,-40.0,42.0,-18.0,0.0,69.0,-35.0,13.0,1.0,-40.0,69.0,-38.0,13.0,-56.69,2.6799999999999997,0.379999999999999,-2.15,48.61,-29.17,3.49,-15.45,-18.02,72.75,-30.740000000000002,40.2
2025-07-29T20:55:16.127067,-4.0,41.0,42.0,-5.0,13.0,26.0,5.0,54.0,36.0,10.0,-22.0,-46.0,-20.69,1.6799999999999997,60.379999999999995,-7.15,-7.390000000000001,31.83,-4.51,37.55,57.980000000000004,13.75,-14.74,-18.8
2025-07-29T20:55:16.134859,3.0,44.0,-26.0,-1.0,82.0,-23.0,-36.0,60.0,54.0,-25.0,3.0,-66.0,-13.690000000000001,4.68,-7.620000000000001,-3.15,61.61,-17.17,-45.51,43.55,75.98,-21.25,10.26,-38.8
2025-07-29T20:55:16.142605,-36.0,-24.0,21.0,37.0,-19.0,-39.0,27.0,79.0,22.0,-47.0,36.0,-47.0,-52.69,-63.32,39.379999999999995,34.85,-39.39,-33.17,17.490000000000002,62.55,43.980000000000004,-43.25,43.26,-19.8
2025-07-29T20:55:16.147031,35.0,8.0,80.0,28.0,-16.0,-30.0,29.0,-10.0,-99.0,-62.0,-36.0,-4.0,18.31,-31.32,98.38,25.85,-36.39,-24.17,19.490000000000002,-26.45,-77.02,-58.25,-28.740000000000002,23.2
2025-07-29T20:55:16.151504,-7.0,103.0,19.0,-64.0,76.0,-22.0,31.0,57.0,-53.0,4.0,4.0,18.0,-23.69,63.68,37.379999999999995,-66.15,55.61,-16.17,21.490000000000002,40.55,-31.02,7.75,11.26,45.2
2025-07-29T20:55:16.159773,-12.0,74.0,16.0,51.0,16.0,-14.0,39.0,33.0,45.0,-22.0,-29.0,29.0,-28.69,34.68,34.379999999999995,48.85,-4.390000000000001,-8.17,29.490000000000002,16.55,66.98,-18.25,-21.740000000000002,56.2
2025-07-29T20:55:16.167546,-65.0,47.0,-64.0,-14.0,121.0,-14.0,39.0,54.0,-16.0,54.0,64.0,-47.0,-81.69,7.68,-45.620000000000005,-16.15,100.61,-8.17,29.490000000000002,37.55,5.98,57.75,71.26,-19.8
2025-07-29T20:55:16.171654,58.0,-22.0,-40.0,-1.0,49.0,9.0,61.0,7.0,20.0,-59.0,14.0,11.0,41.31,-61.32,-21.62,-3.15,28.61,14.83,51.49,-9.45,41.980000000000004,-55.25,21.259999999999998,38.2
2025-07-29T20:55:16.175665,53.0,27.0,-58.0,-16.0,18.0,22.0,27.0,36.0,-2.0,18.0,-28.0,-32.0,36.31,-12.32,-39.620000000000005,-18.15,-2.3900000000000006,27.83,17.490000000000002,19.55,19.98,21.75,-20.740000000000002,-4.800000000000001
2025-07-29T20:55:16.183780,32.0,74.0,15.0,24.0,-21.0,-34.0,-35.0,16.0,-7.0,43.0,29.0,-39.0,15.309999999999999,34.68,33.379999999999995,21.85,-41.39,-28.17,-44.51,-0.4499999999999993,14.98,46.75,36.26,-11.8
2025-07-29T20:55:16.187965,74.0,7.0,67.0,16.0,-1.0,65.0,-6.0,38.0,11.0,-2.0,-13.0,-19.0,57.31,-32.32,85.38,13.85,-21.39,70.83,-15.51,21.55,32.980000000000004,1.75,-5.74,8.2
2025-07-29T20:55:16.195942,108.0,17.0,39.0,20.0,-21.0,33.0,1.0,64.0,-6.0,-42.0,-9.0,30.0,91.31,-22.32,57.379999999999995,17.85,-41.39,38.83,-8.51,47.55,15.98,-38.25,-1.7400000000000002,57.2
2025-07-29T20:55:16.200378,48.0,55.0,-24.0,23.0,51.0,-18.0,-79.0,-2.0,4.0,-14.0,-33.0,26.0,31.31,15.68,-5.620000000000001,20.85,30.61,-12.17,-88.51,-18.45,25.98,-10.25,-25.740000000000002,53.2
2025-07-29T20:55:16.208801,48.0,18.0,17.0,-31.0,30.0,62.0,29.0,-6.0,19.0,-64.0,60.0,-31.0,31.31,-21.32,35.379999999999995,-33.15,9.61,67.83,19.490000000000002,-22.45,40.980000000000004,-60.25,67.26,-3.8000000000000007
2025-07-29T20:55:16.212649,99.0,49.0,-22.0,15.0,-53.0,-12.0,9.0,71.0,15.0,-27.0,-23.0,32.0,82.31,9.68,-3.620000000000001,12.85,-73.39,-6.17,-0.5099999999999998,54.55,36.980000000000004,-23.25,-15.74,59.2
2025-07-29T20:55:16.220649,-30.0,50.0,-10.0,11.0,-19.0,14.0,47.0,-36.0,-5.0,-13.0,23.0,-26.0,-46.69,10.68,8.379999999999999,8.85,-39.39,19.83,37.49,-52.45,16.98,-9.25,30.259999999999998,1.1999999999999993
2025-07-29T20:55:16.224847,-15.0,-23.0,-62.0,-34.0,33.0,43.0,43.0,18.0,-7.0,-35.0,81.0,-15.0,-31.69,-62.32,-43.620000000000005,-36.15,12.61,48.83,33.49,1.5500000000000007,14.98,-31.25,88.26,12.2
2025-07-29T20:55:16.233368,-3.0,54.0,-45.0,-18.0,80.0,29.0,-20.0,35.0,-40.0,-12.0,-42.0,-89.0,-19.69,14.68,-26.62,-20.15,59.61,34.83,-29.509999999999998,18.55,-18.02,-8.25,-34.74,-61.8
2025-07-29T20:55:16.237106,-3.0,-5.0,-58.0,-56.0,37.0,-14.0,-58.0,62.0,46.0,-3.0,24.0,14.0,-19.69,-44.32,-39.620000000000005,-58.15,16.61,-8.17,-67.51,45.55,67.98,0.75,31.259999999999998,41.2
2025-07-29T20:55:16.245287,-23.0,109.0,-33.0,-45.0,-22.0,57.0,4.0,33.0,-21.0,18.0,10.0,-69.0,-39.69,69.68,-14.620000000000001,-47.15,-42.39,62.83,-5.51,16.55,0.9800000000000004,21.75,17.259999999999998,-41.8
2025-07-29T20:55:16.249528,63.0,66.0,-56.0,-51.0,13.0,-44.0,9.0,103.0,-16.0,75.0,25.0,-94.0,46.31,26.68,-37.620000000000005,-53.15,-7.390000000000001,-38.17,-0.5099999999999998,86.55,5.98,78.75,32.26,-66.8
2025-07-29T20:55:16.257924,65.0,1.0,21.0,25.0,9.0,-33.0,17.0,7.0,-61.0,-57.0,-37.0,11.0,48.31,-38.32,39.379999999999995,22.85,-11.39,-27.17,7.49,-9.45,-39.019999999999996,-53.25,-29.740000000000002,38.2
2025-07-29T20:55:16.262044,-43.0,68.0,-46.0,-15.0,20.0,8.0,-5.0,6.0,-32.0,47.0,-19.0,-21.0,-59.69,28.68,-27.62,-17.15,-0.39000000000000057,13.83,-14.51,-10.45,-10.02,50.75,-11.74,6.199999999999999
2025-07-29T20:55:16.269821,54.0,-22.0,-62.0,-30.0,46.0,-1.0,-54.0,62.0,-29.0,-2.0,-49.0,10.0,37.31,-61.32,-43.620000000000005,-32.15,25.61,4.83,-63.51,45.55,-7.02,1.75,-41.74,37.2
2025-07-29T20:55:16.274488,16.0,20.0,41.0,48.0,29.0,2.0,14.0,33.0,-76.0,27.0,3.0,-15.0,-0.6900000000000013,-19.32,59.379999999999995,45.85,8.61,7.83,4.49,16.55,-54.019999999999996,30.75,10.26,12.2
2025-07-29T20:55:16.282172,9.0,71.0,-68.0,8.0,-19.0,-18.0,-47.0,105.0,-19.0,9.0,-1.0,25.0,-7.690000000000001,31.68,-49.620000000000005,5.85,-39.39,-12.17,-56.51,88.55,2.9800000000000004,12.75,6.26,52.2
2025-07-29T20:55:16.286993,-2.0,-49.0,-73.0,-17.0,27.0,-2.0,24.0,34.0,-62.0,35.0,-49.0,37.0,-18.69,-88.32,-54.620000000000005,-19.15,6.609999999999999,3.83,14.49,17.55,-40.019999999999996,38.75,-41.74,64.2
2025-07-29T20:55:16.294597,-18.0,79.0,9.0,28.0,71.0,-34.0,40.0,31.0,4.0,-9.0,-38.0,12.0,-34.69,39.68,27.38,25.85,50.61,-28.17,30.490000000000002,14.55,25.98,-5.25,-30.740000000000002,39.2
2025-07-29T20:55:16.299196,19.0,48.0,-39.0,80.0,-38.0,25.0,4.0,-11.0,0.0,-3.0,-20.0,38.0,2.3099999999999987,8.68,-20.62,77.85,-58.39,30.83,-5.51,-27.45,21.98,0.75,-12.74,65.2
2025-07-29T20:55:16.306870,66.0,86.0,-23.0,33.0,61.0,-52.0,52.0,-38.0,-93.0,33.0,-33.0,-67.0,49.31,46.68,-4.620000000000001,30.85,40.61,-46.17,42.49,-54.45,-71.02,36.75,-25.740000000000002,-39.8
2025-07-29T20:55:16.310976,-5.0,47.0,-36.0,57.0,9.0,-5.0,-6.0,-32.0,-58.0,-33.0,-54.0,-37.0,-21.69,7.68,-17.62,54.85,-11.39,0.8300000000000001,-15.51,-48.45,-36.019999999999996,-29.25,-46.74,-9.8
2025-07-29T20:55:16.318989,46.0,-9.0,-45.0,-38.0,-39.0,-46.0,-4.0,30.0,-92.0,30.0,51.0,-26.0,29.31,-48.32,-26.62,-40.15,-59.39,-40.17,-13.51,13.55,-70.02,33.75,58.26,1.1999999999999993
2025-07-29T20:55:16.323669,76.0,40.0,11.0,36.0,-4.0,5.0,26.0,33.0,31.0,-10.0,2.0,-38.0,59.31,0.6799999999999997,29.38,33.85,-24.39,10.83,16.490000000000002,16.55,52.980000000000004,-6.25,9.26,-10.8
2025-07-29T20:55:16.331155,64.0,19.0,54.0,-5.0,-7.0,41.0,80.0,45.0,-36.0,-4.0,-42.0,10.0,47.31,-20.32,72.38,-7.15,-27.39,46.83,70.49,28.55,-14.02,-0.25,-34.74,37.2
2025-07-29T20:55:16.335946,42.0,30.0,-20.0,4.0,-12.0,-4.0,-8.0,57.0,-15.0,4.0,27.0,-28.0,25.31,-9.32,-1.620000000000001,1.85,-32.39,1.83,-17.509999999999998,40.55,6.98,7.75,34.26,-0.8000000000000007
2025-07-29T20:55:16.343549,69.0,73.0,-6.0,79.0,70.0,-17.0,93.0,28.0,-28.0,-45.0,-73.0,-29.0,52.31,33.68,12.379999999999999,76.85,49.61,-11.17,83.49,11.55,-6.02,-41.25,-65.74,-1.8000000000000007
2025-07-29T20:55:16.347843,-14.0,17.0,13.0,89.0,-23.0,-9.0,6.0,10.0,-59.0,-7.0,-47.0,-28.0,-30.69,-22.32,31.38,86.85,-43.39,-3.17,-3.51,-6.449999999999999,-37.019999999999996,-3.25,-39.74,-0.8000000000000007
2025-07-29T20:55:16.351746,-19.0,-3.0,16.0,-44.0,0.0,-28.0,-88.0,-11.0,-89.0,-42.0,-5.0,14.0,-35.69,-42.32,34.379999999999995,-46.15,-20.39,-22.17,-97.51,-27.45,-67.02,-38.25,2.26,41.2
2025-07-29T20:55:16.360208,-49.0,33.0,3.0,3.0,16.0,50.0,40.0,9.0,-83.0,-57.0,21.0,-27.0,-65.69,-6.32,21.38,0.8500000000000001,-4.390000000000001,55.83,30.490000000000002,-7.449999999999999,-61.019999999999996,-53.25,28.259999999999998,0.1999999999999993
2025-07-29T20:55:16.363979,-12.0,10.0,-2.0,-1.0,53.0,50.0,-7.0,30.0,-29.0,-23.0,18.0,-6.0,-28.69,-29.32,16.38,-3.15,32.61,55.83,-16.509999999999998,13.55,-7.02,-19.25,25.259999999999998,21.2
2025-07-29T20:55:16.372093,5.0,11.0,-10.0,-16.0,28.0,6.0,22.0,-13.0,29.0,-31.0,-23.0,-49.0,-11.690000000000001,-28.32,8.379999999999999,-18.15,7.609999999999999,11.83,12.49,-29.45,50.980000000000004,-27.25,-15.74,-21.8
2025-07-29T20:55:16.376296,29.0,24.0,-37.0,54.0,94.0,22.0,-94.0,1.0,14.0,89.0,-20.0,-22.0,12.309999999999999,-15.32,-18.62,51.85,73.61,27.83,-103.51,-15.45,35.980000000000004,92.75,-12.74,5.199999999999999
2025-07-29T20:55:16.384722,17.0,81.0,33.0,33.0,-4.0,-21.0,-23.0,-18.0,-86.0,21.0,60.0,-35.0,0.3099999999999987,41.68,51.379999999999995,30.85,-24.39,-15.17,-32.51,-34.45,-64.02,24.75,67.26,-7.800000000000001
2025-07-29T20:55:16.389043,-12.0,44.0,30.0,22.0,71.0,-9.0,-9.0,6.0,-15.0,53.0,3.0,-55.0,-28.69,4.68,48.379999999999995,19.85,50.61,-3.17,-18.509999999999998,-10.45,6.98,56.75,10.26,-27.8
2025-07-29T20:55:16.396651,-30.0,77.0,46.0,30.0,-4.0,-31.0,-46.0,29.0,-33.0,-17.0,1.0,-96.0,-46.69,37.68,64.38,27.85,-24.39,-25.17,-55.51,12.55,-11.02,-13.25,8.26,-68.8
2025-07-29T20:55:16.401540,-17.0,-32.0,3.0,-36.0,-33.0,41.0,-15.0,24.0,20.0,-13.0,5.0,-12.0,-33.69,-71.32,21.38,-38.15,-53.39,46.83,-24.509999999999998,7.550000000000001,41.980000000000004,-9.25,12.26,15.2
2025-07-29T20:55:16.408977,29.0,69.0,-2.0,38.0,88.0,7.0,8.0,-1.0,-53.0,62.0,41.0,-59.0,12.309999999999999,29.68,16.38,35.85,67.61,12.83,-1.5099999999999998,-17.45,-31.02,65.75,48.26,-31.8
2025-07-29T20:55:16.413329,47.0,102.0,14.0,-29.0,-44.0,29.0,-21.0,33.0,-44.0,71.0,-5.0,-22.0,30.31,62.68,32.379999999999995,-31.15,-64.39,34.83,-30.509999999999998,16.55,-22.02,74.75,2.26,5.199999999999999
2025-07-29T20:55:16.421568,-14.0,62.0,-58.0,-3.0,74.0,24.0,17.0,80.0,-18.0,65.0,-30.0,-13.0,-30.69,22.68,-39.620000000000005,-5.15,53.61,29.83,7.49,63.55,3.9800000000000004,68.75,-22.740000000000002,14.2
2025-07-29T20:55:16.426881,54.0,16.0,-80.0,-30.0,0.0,-10.0,4.0,6.0,-83.0,-8.0,-31.0,-29.0,37.31,-23.32,-61.620000000000005,-32.15,-20.39,-4.17,-5.51,-10.45,-61.019999999999996,-4.25,-23.740000000000002,-1.8000000000000007
2025-07-29T20:55:16.434067,64.0,28.0,21.0,20.0,18.0,-5.0,36.0,-45.0,19.0,9.0,-60.0,-43.0,47.31,-11.32,39.379999999999995,17.85,-2.3900000000000006,0.8300000000000001,26.490000000000002,-61.45,40.980000000000004,12.75,-52.74,-15.8
2025-07-29T20:55:16.438904,43.0,4.0,-22.0,-35.0,20.0,-2.0,13.0,-2.0,-45.0,-32.0,-86.0,58.0,26.31,-35.32,-3.620000000000001,-37.15,-0.39000000000000057,3.83,3.49,-18.45,-23.02,-28.25,-78.74,85.2
2025-07-29T20:55:16.446181,53.0,52.0,-77.0,8.0,80.0,-4.0,-22.0,16.0,-92.0,-40.0,7.0,-56.0,36.31,12.68,-58.620000000000005,5.85,59.61,1.83,-31.509999999999998,-0.4499999999999993,-70.02,-36.25,14.26,-28.8
2025-07-29T20:55:16.451131,28.0,23.0,10.0,-15.0,30.0,18.0,74.0,-19.0,-25.0,41.0,-33.0,-15.0,11.309999999999999,-16.32,28.38,-17.15,9.61,23.83,64.49,-35.45,-3.0199999999999996,44.75,-25.740000000000002,12.2
2025-07-29T20:55:16.457999,78.0,-8.0,33.0,28.0,53.0,-63.0,23.0,-9.0,-22.0,-22.0,81.0,57.0,61.31,-47.32,51.379999999999995,25.85,32.61,-57.17,13.49,-25.45,-0.019999999999999574,-18.25,88.26,84.2
2025-07-29T20:55:16.463633,25.0,50.0,20.0,-3.0,28.0,47.0,15.0,-93.0,-50.0,-31.0,41.0,-18.0,8.309999999999999,10.68,38.379999999999995,-5.15,7.609999999999999,52.83,5.49,-109.45,-28.02,-27.25,48.26,9.2
2025-07-29T20:55:16.470871,-36.0,15.0,38.0,-17.0,60.0,-7.0,46.0,36.0,-23.0,-3.0,-2.0,-29.0,-52.69,-24.32,56.379999999999995,-19.15,39.61,-1.17,36.49,19.55,-1.0199999999999996,0.75,5.26,-1.8000000000000007
2025-07-29T20:55:16.475019,-36.0,27.0,35.0,18.0,102.0,59.0,6.0,-71.0,12.0,-27.0,15.0,-85.0,-52.69,-12.32,53.379999999999995,15.85,81.61,64.83,-3.51,-87.45,33.980000000000004,-23.25,22.259999999999998,-57.8
2025-07-29T20:55:16.482641,10.0,12.0,-6.0,-33.0,-17.0,9.0,0.0,-4.0,48.0,14.0,45.0,-32.0,-6.690000000000001,-27.32,12.379999999999999,-35.15,-37.39,14.83,-9.51,-20.45,69.98,17.75,52.26,-4.800000000000001
2025-07-29T20:55:16.487135,-34.0,-32.0,-5.0,8.0,26.0,5.0,16.0,71.0,-103.0,45.0,-14.0,-34.0,-50.69,-71.32,13.379999999999999,5.85,5.609999999999999,10.83,6.49,54.55,-81.02,48.75,-6.74,-6.800000000000001
2025-07-29T20:55:16.494888,-14.0,38.0,60.0,29.0,-3.0,-27.0,-12.0,-19.0,10.0,34.0,34.0,-1.0,-30.69,-1.3200000000000003,78.38,26.85,-23.39,-21.17,-21.509999999999998,-35.45,31.98,37.75,41.26,26.2
2025-07-29T20:55:16.500229,15.0,23.0,0.0,-7.0,41.0,4.0,-6.0,1.0,-48.0,18.0,-31.0,-72.0,-1.6900000000000013,-16.32,18.38,-9.15,20.61,9.83,-15.51,-15.45,-26.02,21.75,-23.740000000000002,-44.8
2025-07-29T20:55:16.504292,-28.0,62.0,-26.0,68.0,40.0,94.0,20.0,70.0,-58.0,7.0,-57.0,-38.0,-44.69,22.68,-7.620000000000001,65.85,19.61,99.83,10.49,53.55,-36.019999999999996,10.75,-49.74,-10.8
2025-07-29T20:55:16.512133,10.0,88.0,-37.0,-22.0,34.0,24.0,12.0,35.0,-19.0,-32.0,-23.0,-34.0,-6.690000000000001,48.68,-18.62,-24.15,13.61,29.83,2.49,18.55,2.9800000000000004,-28.25,-15.74,-6.800000000000001
2025-07-29T20:55:16.516595,29.0,9.0,38.0,-81.0,41.0,37.0,-2.0,31.0,-1.0,25.0,-3.0,-31.0,12.309999999999999,-30.32,56.379999999999995,-83.15,20.61,42.83,-11.51,14.55,20.98,28.75,4.26,-3.8000000000000007
