timestamp,x1,y1,z1,x2,y2,z2,x3,y3,z3,x4,y4,z4,x1_calib,y1_calib,z1_calib,x2_calib,y2_calib,z2_calib,x3_calib,y3_calib,z3_calib,x4_calib,y4_calib,z4_calib
2025-07-30T15:39:04.286665,14.0,9.0,-18.0,2.0,-57.0,41.0,4.0,77.0,29.0,-19.0,5.0,-41.0,-14.39,23.34,-9.82,-19.88,-22.35,38.63,-19.9,95.95,24.71,-14.96,-5.449999999999999,-58.269999999999996
2025-07-30T15:39:04.290807,66.0,49.0,-59.0,18.0,-2.0,-8.0,-21.0,-81.0,-21.0,-42.0,60.0,1.0,37.61,63.34,-50.82,-3.879999999999999,32.65,-10.370000000000001,-44.9,-62.05,-25.29,-37.96,49.55,-16.27
2025-07-30T15:39:04.299123,48.0,15.0,-7.0,12.0,16.0,15.0,71.0,-44.0,-28.0,-46.0,57.0,-40.0,19.61,29.34,1.1799999999999997,-9.879999999999999,50.65,12.629999999999999,47.1,-25.05,-32.29,-41.96,46.55,-57.269999999999996
2025-07-30T15:39:04.303090,-48.0,-16.0,-51.0,13.0,-144.0,0.0,76.0,-25.0,1.0,29.0,32.0,12.0,-76.39,-1.6600000000000001,-42.82,-8.879999999999999,-109.35,-2.37,52.1,-6.050000000000001,-3.29,33.04,21.55,-5.27
2025-07-30T15:39:04.311319,60.0,-76.0,26.0,68.0,-40.0,-26.0,9.0,-7.0,24.0,-42.0,74.0,-2.0,31.61,-61.66,34.18,46.120000000000005,-5.350000000000001,-28.37,-14.899999999999999,11.95,19.71,-37.96,63.55,-19.27
2025-07-30T15:39:04.315822,81.0,2.0,2.0,51.0,-4.0,6.0,45.0,13.0,-3.0,-80.0,63.0,-37.0,52.61,16.34,10.18,29.12,30.65,3.63,21.1,31.95,-7.29,-75.96,52.55,-54.269999999999996
2025-07-30T15:39:04.323560,135.0,19.0,28.0,55.0,-67.0,1.0,81.0,-13.0,-24.0,-81.0,35.0,9.0,106.61,33.34,36.18,33.120000000000005,-32.35,-1.37,57.1,5.949999999999999,-28.29,-76.96,24.55,-8.27
2025-07-30T15:39:04.327723,55.0,-23.0,71.0,55.0,-91.0,14.0,65.0,42.0,-8.0,48.0,10.0,83.0,26.61,-8.66,79.18,33.120000000000005,-56.35,11.629999999999999,41.1,60.95,-12.29,52.04,-0.4499999999999993,65.73
2025-07-30T15:39:04.335883,-16.0,-67.0,-19.0,67.0,-49.0,58.0,51.0,61.0,-11.0,-39.0,-21.0,13.0,-44.39,-52.66,-10.82,45.120000000000005,-14.350000000000001,55.63,27.1,79.95,-15.29,-34.96,-31.45,-4.27
2025-07-30T15:39:04.339957,-10.0,55.0,11.0,57.0,-78.0,42.0,-24.0,0.0,24.0,-12.0,14.0,21.0,-38.39,69.34,19.18,35.120000000000005,-43.35,39.63,-47.9,18.95,19.71,-7.96,3.5500000000000007,3.7300000000000004
2025-07-30T15:39:04.348248,19.0,86.0,-46.0,-41.0,-15.0,-8.0,40.0,8.0,-24.0,58.0,-38.0,6.0,-9.39,100.34,-37.82,-62.879999999999995,19.65,-10.370000000000001,16.1,26.95,-28.29,62.04,-48.45,-11.27
2025-07-30T15:39:04.352525,-38.0,24.0,-11.0,107.0,-61.0,-34.0,-1.0,-37.0,-18.0,-30.0,-15.0,91.0,-66.39,38.34,-2.8200000000000003,85.12,-26.35,-36.37,-24.9,-18.05,-22.29,-25.96,-25.45,73.73
2025-07-30T15:39:04.360611,26.0,10.0,-113.0,105.0,-32.0,-54.0,4.0,-10.0,-1.0,-64.0,11.0,84.0,-2.3900000000000006,24.34,-104.82,83.12,2.6499999999999986,-56.37,-19.9,8.95,-5.29,-59.96,0.5500000000000007,66.73
2025-07-30T15:39:04.364725,-11.0,13.0,-56.0,18.0,-41.0,37.0,-1.0,-11.0,8.0,-91.0,-56.0,66.0,-39.39,27.34,-47.82,-3.879999999999999,-6.350000000000001,34.63,-24.9,7.949999999999999,3.71,-86.96,-66.45,48.730000000000004
2025-07-30T15:39:04.372719,71.0,-120.0,-25.0,2.0,-80.0,36.0,40.0,-80.0,36.0,-27.0,69.0,25.0,42.61,-105.66,-16.82,-19.88,-45.35,33.63,16.1,-61.05,31.71,-22.96,58.55,7.73
2025-07-30T15:39:04.376881,24.0,3.0,50.0,-19.0,-3.0,41.0,28.0,-2.0,31.0,-23.0,1.0,37.0,-4.390000000000001,17.34,58.18,-40.879999999999995,31.65,38.63,4.100000000000001,16.95,26.71,-18.96,-9.45,19.73
2025-07-30T15:39:04.385096,92.0,-116.0,50.0,-9.0,-48.0,51.0,102.0,-6.0,72.0,-7.0,-5.0,-5.0,63.61,-101.66,58.18,-30.88,-13.350000000000001,48.63,78.1,12.95,67.71,-2.96,-15.45,-22.27
2025-07-30T15:39:04.389276,62.0,-72.0,21.0,-7.0,-45.0,15.0,2.0,-5.0,44.0,18.0,-32.0,11.0,33.61,-57.66,29.18,-28.88,-10.350000000000001,12.629999999999999,-21.9,13.95,39.71,22.04,-42.45,-6.27
2025-07-30T15:39:04.397367,145.0,-28.0,35.0,39.0,-34.0,-70.0,12.0,-31.0,23.0,38.0,-6.0,41.0,116.61,-13.66,43.18,17.12,0.6499999999999986,-72.37,-11.899999999999999,-12.05,18.71,42.04,-16.45,23.73
2025-07-30T15:39:04.401691,-26.0,-41.0,-30.0,47.0,-32.0,-19.0,61.0,30.0,62.0,13.0,-61.0,87.0,-54.39,-26.66,-21.82,25.12,2.6499999999999986,-21.37,37.1,48.95,57.71,17.04,-71.45,69.73
2025-07-30T15:39:04.409495,-7.0,89.0,-19.0,58.0,-2.0,-21.0,-5.0,-64.0,36.0,-14.0,-43.0,90.0,-35.39,103.34,-10.82,36.120000000000005,32.65,-23.37,-28.9,-45.05,31.71,-9.96,-53.45,72.73
2025-07-30T15:39:04.413831,45.0,3.0,58.0,-4.0,9.0,-57.0,-42.0,-72.0,21.0,-21.0,-32.0,25.0,16.61,17.34,66.18,-25.88,43.65,-59.37,-65.9,-53.05,16.71,-16.96,-42.45,7.73
2025-07-30T15:39:04.421750,24.0,56.0,-1.0,2.0,-64.0,-38.0,54.0,4.0,9.0,80.0,-33.0,-4.0,-4.390000000000001,70.34,7.18,-19.88,-29.35,-40.37,30.1,22.95,4.71,84.04,-43.45,-21.27
2025-07-30T15:39:04.426029,-8.0,38.0,30.0,85.0,-22.0,-28.0,72.0,-114.0,-9.0,-5.0,-6.0,62.0,-36.39,52.34,38.18,63.120000000000005,12.649999999999999,-30.37,48.1,-95.05,-13.29,-0.96,-16.45,44.730000000000004
2025-07-30T15:39:04.434002,-19.0,-50.0,4.0,12.0,-29.0,95.0,59.0,-8.0,21.0,18.0,-4.0,66.0,-47.39,-35.66,12.18,-9.879999999999999,5.649999999999999,92.63,35.1,10.95,16.71,22.04,-14.45,48.730000000000004
2025-07-30T15:39:04.438312,80.0,20.0,20.0,52.0,-22.0,-20.0,-16.0,59.0,1.0,39.0,-9.0,60.0,51.61,34.34,28.18,30.12,12.649999999999999,-22.37,-39.9,77.95,-3.29,43.04,-19.45,42.730000000000004
2025-07-30T15:39:04.446263,-8.0,23.0,-16.0,21.0,-78.0,15.0,21.0,-87.0,22.0,-21.0,-47.0,40.0,-36.39,37.34,-7.82,-0.879999999999999,-43.35,12.629999999999999,-2.8999999999999986,-68.05,17.71,-16.96,-57.45,22.73
2025-07-30T15:39:04.450727,73.0,89.0,-66.0,47.0,-10.0,46.0,-10.0,-90.0,-20.0,70.0,-120.0,51.0,44.61,103.34,-57.82,25.12,24.65,43.63,-33.9,-71.05,-24.29,74.04,-130.45,33.730000000000004
2025-07-30T15:39:04.458642,42.0,-30.0,-76.0,-29.0,-4.0,-3.0,-1.0,-13.0,-35.0,13.0,-42.0,38.0,13.61,-15.66,-67.82,-50.879999999999995,30.65,-5.37,-24.9,5.949999999999999,-39.29,17.04,-52.45,20.73
2025-07-30T15:39:04.462889,71.0,8.0,-68.0,-7.0,14.0,-5.0,56.0,71.0,34.0,24.0,-48.0,54.0,42.61,22.34,-59.82,-28.88,48.65,-7.37,32.1,89.95,29.71,28.04,-58.45,36.730000000000004
2025-07-30T15:39:04.466932,37.0,-4.0,-55.0,-70.0,-26.0,-53.0,-4.0,67.0,21.0,96.0,-62.0,110.0,8.61,10.34,-46.82,-91.88,8.649999999999999,-55.37,-27.9,85.95,16.71,100.04,-72.45,92.73
2025-07-30T15:39:04.475208,14.0,-11.0,3.0,49.0,3.0,4.0,0.0,-22.0,17.0,4.0,-64.0,83.0,-14.39,3.34,11.18,27.12,37.65,1.63,-23.9,-3.0500000000000007,12.71,8.04,-74.45,65.73
2025-07-30T15:39:04.479828,98.0,-56.0,61.0,29.0,-83.0,-29.0,23.0,17.0,-29.0,14.0,-41.0,70.0,69.61,-41.66,69.18,7.120000000000001,-48.35,-31.37,-0.8999999999999986,35.95,-33.29,18.04,-51.45,52.730000000000004
2025-07-30T15:39:04.487516,-5.0,-30.0,-24.0,8.0,23.0,-76.0,38.0,-95.0,43.0,49.0,-23.0,-8.0,-33.39,-15.66,-15.82,-13.879999999999999,57.65,-78.37,14.100000000000001,-76.05,38.71,53.04,-33.45,-25.27
2025-07-30T15:39:04.491692,-11.0,-29.0,36.0,23.0,-91.0,-77.0,1.0,-17.0,-11.0,38.0,27.0,-19.0,-39.39,-14.66,44.18,1.120000000000001,-56.35,-79.37,-22.9,1.9499999999999993,-15.29,42.04,16.55,-36.269999999999996
2025-07-30T15:39:04.499664,-16.0,38.0,60.0,26.0,-40.0,42.0,-38.0,-59.0,24.0,-52.0,26.0,1.0,-44.39,52.34,68.18,4.120000000000001,-5.350000000000001,39.63,-61.9,-40.05,19.71,-47.96,15.55,-16.27
2025-07-30T15:39:04.504060,-15.0,7.0,-74.0,-36.0,-111.0,60.0,-19.0,-44.0,76.0,89.0,100.0,-47.0,-43.39,21.34,-65.82,-57.879999999999995,-76.35,57.63,-42.9,-25.05,71.71,93.04,89.55,-64.27
2025-07-30T15:39:04.512108,95.0,90.0,-57.0,1.0,13.0,46.0,34.0,-24.0,77.0,30.0,50.0,6.0,66.61,104.34,-48.82,-20.88,47.65,43.63,10.100000000000001,-5.050000000000001,72.71,34.04,39.55,-11.27
2025-07-30T15:39:04.516346,34.0,-36.0,-65.0,49.0,-5.0,-8.0,15.0,-41.0,61.0,-40.0,67.0,10.0,5.609999999999999,-21.66,-56.82,27.12,29.65,-10.370000000000001,-8.899999999999999,-22.05,56.71,-35.96,56.55,-7.27
2025-07-30T15:39:04.524413,35.0,2.0,18.0,-18.0,-45.0,-8.0,15.0,-15.0,-22.0,-46.0,27.0,-26.0,6.609999999999999,16.34,26.18,-39.879999999999995,-10.350000000000001,-10.370000000000001,-8.899999999999999,3.9499999999999993,-26.29,-41.96,16.55,-43.269999999999996
2025-07-30T15:39:04.528681,6.0,-35.0,-69.0,43.0,-51.0,13.0,-41.0,4.0,50.0,-36.0,20.0,29.0,-22.39,-20.66,-60.82,21.12,-16.35,10.629999999999999,-64.9,22.95,45.71,-31.96,9.55,11.73
2025-07-30T15:39:04.536659,114.0,-39.0,-42.0,30.0,-18.0,67.0,30.0,4.0,51.0,-116.0,-46.0,18.0,85.61,-24.66,-33.82,8.120000000000001,16.65,64.63,6.100000000000001,22.95,46.71,-111.96,-56.45,0.7300000000000004
2025-07-30T15:39:04.540945,64.0,-61.0,-8.0,13.0,-77.0,-50.0,68.0,66.0,86.0,-29.0,13.0,4.0,35.61,-46.66,0.17999999999999972,-8.879999999999999,-42.35,-52.37,44.1,84.95,81.71,-24.96,2.5500000000000007,-13.27
2025-07-30T15:39:04.548772,59.0,-93.0,0.0,-5.0,-50.0,56.0,33.0,-21.0,49.0,5.0,27.0,19.0,30.61,-78.66,8.18,-26.88,-15.350000000000001,53.63,9.100000000000001,-2.0500000000000007,44.71,9.04,16.55,1.7300000000000004
2025-07-30T15:39:04.553189,39.0,-17.0,0.0,-16.0,-97.0,18.0,25.0,-60.0,-6.0,-7.0,65.0,2.0,10.61,-2.66,8.18,-37.879999999999995,-62.35,15.629999999999999,1.1000000000000014,-41.05,-10.29,-2.96,54.55,-15.27
2025-07-30T15:39:04.561190,-6.0,-36.0,35.0,54.0,0.0,52.0,32.0,-17.0,-28.0,-76.0,-37.0,-42.0,-34.39,-21.66,43.18,32.120000000000005,34.65,49.63,8.100000000000001,1.9499999999999993,-32.29,-71.96,-47.45,-59.269999999999996
2025-07-30T15:39:04.565417,-6.0,-53.0,5.0,-23.0,-58.0,45.0,3.0,51.0,21.0,17.0,61.0,3.0,-34.39,-38.66,13.18,-44.879999999999995,-23.35,42.63,-20.9,69.95,16.71,21.04,50.55,-14.27
2025-07-30T15:39:04.573471,-22.0,-31.0,24.0,24.0,-55.0,20.0,55.0,-25.0,64.0,-58.0,69.0,17.0,-50.39,-16.66,32.18,2.120000000000001,-20.35,17.63,31.1,-6.050000000000001,59.71,-53.96,58.55,-0.2699999999999996
2025-07-30T15:39:04.577659,-30.0,1.0,47.0,71.0,-12.0,-69.0,49.0,-18.0,-8.0,-30.0,29.0,7.0,-58.39,15.34,55.18,49.120000000000005,22.65,-71.37,25.1,0.9499999999999993,-12.29,-25.96,18.55,-10.27
2025-07-30T15:39:04.585757,-29.0,33.0,-5.0,47.0,5.0,-26.0,19.0,28.0,-14.0,-41.0,16.0,-72.0,-57.39,47.34,3.1799999999999997,25.12,39.65,-28.37,-4.899999999999999,46.95,-18.29,-36.96,5.550000000000001,-89.27
2025-07-30T15:39:04.589805,34.0,25.0,34.0,90.0,5.0,-21.0,16.0,33.0,59.0,6.0,37.0,15.0,5.609999999999999,39.34,42.18,68.12,39.65,-23.37,-7.899999999999999,51.95,54.71,10.04,26.55,-2.2699999999999996
2025-07-30T15:39:04.594368,10.0,25.0,-65.0,31.0,-52.0,-4.0,35.0,19.0,-38.0,-56.0,48.0,-36.0,-18.39,39.34,-56.82,9.120000000000001,-17.35,-6.37,11.100000000000001,37.95,-42.29,-51.96,37.55,-53.269999999999996
2025-07-30T15:39:04.602120,41.0,51.0,-19.0,73.0,-87.0,19.0,0.0,-28.0,39.0,-71.0,72.0,-11.0,12.61,65.34,-10.82,51.120000000000005,-52.35,16.63,-23.9,-9.05,34.71,-66.96,61.55,-28.27
2025-07-30T15:39:04.610154,31.0,-28.0,-52.0,26.0,-24.0,21.0,16.0,-5.0,41.0,-26.0,-11.0,31.0,2.6099999999999994,-13.66,-43.82,4.120000000000001,10.649999999999999,18.63,-7.899999999999999,13.95,36.71,-21.96,-21.45,13.73
2025-07-30T15:39:04.614475,50.0,-43.0,8.0,-9.0,-24.0,22.0,31.0,-26.0,-15.0,-56.0,20.0,6.0,21.61,-28.66,16.18,-30.88,10.649999999999999,19.63,7.100000000000001,-7.050000000000001,-19.29,-51.96,9.55,-11.27
2025-07-30T15:39:04.619104,-4.0,-64.0,13.0,23.0,-27.0,-22.0,5.0,24.0,14.0,37.0,-3.0,-19.0,-32.39,-49.66,21.18,1.120000000000001,7.649999999999999,-24.37,-18.9,42.95,9.71,41.04,-13.45,-36.269999999999996
2025-07-30T15:39:04.626731,13.0,-90.0,27.0,-52.0,-27.0,-38.0,-42.0,48.0,-48.0,-46.0,39.0,-57.0,-15.39,-75.66,35.18,-73.88,7.649999999999999,-40.37,-65.9,66.95,-52.29,-41.96,28.55,-74.27
2025-07-30T15:39:04.630922,-24.0,47.0,-16.0,53.0,-82.0,-17.0,71.0,30.0,3.0,-1.0,-2.0,42.0,-52.39,61.34,-7.82,31.12,-47.35,-19.37,47.1,48.95,-1.29,3.04,-12.45,24.73
2025-07-30T15:39:04.639069,10.0,4.0,-1.0,11.0,15.0,44.0,28.0,-17.0,-17.0,-5.0,24.0,-44.0,-18.39,18.34,7.18,-10.879999999999999,49.65,41.63,4.100000000000001,1.9499999999999993,-21.29,-0.96,13.55,-61.269999999999996
2025-07-30T15:39:04.643069,-36.0,12.0,36.0,-61.0,8.0,44.0,30.0,23.0,-41.0,-72.0,55.0,-13.0,-64.39,26.34,44.18,-82.88,42.65,41.63,6.100000000000001,41.95,-45.29,-67.96,44.55,-30.27
2025-07-30T15:39:04.651206,11.0,31.0,-80.0,30.0,15.0,7.0,70.0,-3.0,-22.0,47.0,51.0,41.0,-17.39,45.34,-71.82,8.120000000000001,49.65,4.63,46.1,15.95,-26.29,51.04,40.55,23.73
2025-07-30T15:39:04.655381,1.0,20.0,19.0,12.0,4.0,11.0,22.0,12.0,17.0,-4.0,37.0,8.0,-27.39,34.34,27.18,-9.879999999999999,38.65,8.629999999999999,-1.8999999999999986,30.95,12.71,0.040000000000000036,26.55,-9.27
2025-07-30T15:39:04.663632,-29.0,22.0,-75.0,-12.0,20.0,-3.0,61.0,-25.0,-29.0,-9.0,4.0,-14.0,-57.39,36.34,-66.82,-33.879999999999995,54.65,-5.37,37.1,-6.050000000000001,-33.29,-4.96,-6.449999999999999,-31.27
2025-07-30T15:39:04.667676,54.0,8.0,-42.0,53.0,-36.0,-5.0,8.0,28.0,17.0,-51.0,-6.0,-59.0,25.61,22.34,-33.82,31.12,-1.3500000000000014,-7.37,-15.899999999999999,46.95,12.71,-46.96,-16.45,-76.27
2025-07-30T15:39:04.675895,-13.0,6.0,-50.0,-11.0,-61.0,52.0,24.0,-7.0,25.0,-21.0,54.0,-66.0,-41.39,20.34,-41.82,-32.879999999999995,-26.35,49.63,0.10000000000000142,11.95,20.71,-16.96,43.55,-83.27
2025-07-30T15:39:04.680123,51.0,-1.0,-41.0,42.0,-6.0,-64.0,76.0,-47.0,-33.0,-9.0,94.0,-14.0,22.61,13.34,-32.82,20.12,28.65,-66.37,52.1,-28.05,-37.29,-4.96,83.55,-31.27
2025-07-30T15:39:04.688133,1.0,-30.0,-40.0,47.0,32.0,-68.0,9.0,-48.0,26.0,-20.0,18.0,38.0,-27.39,-15.66,-31.82,25.12,66.65,-70.37,-14.899999999999999,-29.05,21.71,-15.96,7.550000000000001,20.73
2025-07-30T15:39:04.692296,-36.0,27.0,-80.0,16.0,-45.0,-55.0,48.0,24.0,10.0,-61.0,37.0,-23.0,-64.39,41.34,-71.82,-5.879999999999999,-10.350000000000001,-57.37,24.1,42.95,5.71,-56.96,26.55,-40.269999999999996
2025-07-30T15:39:04.700512,27.0,26.0,-14.0,36.0,-12.0,-17.0,33.0,9.0,-28.0,6.0,39.0,-12.0,-1.3900000000000006,40.34,-5.82,14.120000000000001,22.65,-19.37,9.100000000000001,27.95,-32.29,10.04,28.55,-29.27
2025-07-30T15:39:04.704788,22.0,-34.0,-6.0,5.0,-40.0,-5.0,44.0,-24.0,33.0,-3.0,45.0,-1.0,-6.390000000000001,-19.66,2.1799999999999997,-16.88,-5.350000000000001,-7.37,20.1,-5.050000000000001,28.71,1.04,34.55,-18.27
2025-07-30T15:39:04.712599,106.0,-52.0,-17.0,22.0,-64.0,12.0,-5.0,7.0,35.0,3.0,48.0,47.0,77.61,-37.66,-8.82,0.120000000000001,-29.35,9.629999999999999,-28.9,25.95,30.71,7.04,37.55,29.73
2025-07-30T15:39:04.716785,10.0,-31.0,45.0,59.0,-77.0,-32.0,45.0,24.0,6.0,-8.0,76.0,43.0,-18.39,-16.66,53.18,37.120000000000005,-42.35,-34.37,21.1,42.95,1.71,-3.96,65.55,25.73
2025-07-30T15:39:04.725062,-38.0,17.0,-26.0,-59.0,-53.0,18.0,47.0,-1.0,-38.0,0.0,10.0,-43.0,-66.39,31.34,-17.82,-80.88,-18.35,15.629999999999999,23.1,17.95,-42.29,4.04,-0.4499999999999993,-60.269999999999996
2025-07-30T15:39:04.729258,13.0,21.0,36.0,58.0,6.0,-8.0,35.0,-5.0,-30.0,-64.0,90.0,-36.0,-15.39,35.34,44.18,36.120000000000005,40.65,-10.370000000000001,11.100000000000001,13.95,-34.29,-59.96,79.55,-53.269999999999996
2025-07-30T15:39:04.737336,37.0,13.0,9.0,60.0,-40.0,36.0,69.0,-24.0,16.0,-99.0,23.0,-42.0,8.61,27.34,17.18,38.120000000000005,-5.350000000000001,33.63,45.1,-5.050000000000001,11.71,-94.96,12.55,-59.269999999999996
2025-07-30T15:39:04.741484,-31.0,40.0,-25.0,117.0,-43.0,-56.0,85.0,66.0,-58.0,-23.0,33.0,0.0,-59.39,54.34,-16.82,95.12,-8.350000000000001,-58.37,61.1,84.95,-62.29,-18.96,22.55,-17.27
2025-07-30T15:39:04.749478,51.0,-17.0,-63.0,80.0,-68.0,5.0,23.0,-72.0,10.0,-24.0,42.0,40.0,22.61,-2.66,-54.82,58.120000000000005,-33.35,2.63,-0.8999999999999986,-53.05,5.71,-19.96,31.55,22.73
2025-07-30T15:39:04.753739,72.0,94.0,9.0,3.0,-42.0,-58.0,5.0,3.0,-21.0,-25.0,28.0,-34.0,43.61,108.34,17.18,-18.88,-7.350000000000001,-60.37,-18.9,21.95,-25.29,-20.96,17.55,-51.269999999999996
2025-07-30T15:39:04.761710,75.0,11.0,-36.0,-33.0,-75.0,47.0,23.0,-47.0,13.0,-44.0,14.0,-18.0,46.61,25.34,-27.82,-54.879999999999995,-40.35,44.63,-0.8999999999999986,-28.05,8.71,-39.96,3.5500000000000007,-35.269999999999996
2025-07-30T15:39:04.765972,49.0,-16.0,-3.0,46.0,-13.0,1.0,94.0,-98.0,-1.0,-48.0,-15.0,7.0,20.61,-1.6600000000000001,5.18,24.12,21.65,-1.37,70.1,-79.05,-5.29,-43.96,-25.45,-10.27
2025-07-30T15:39:04.770559,63.0,-2.0,-9.0,59.0,-11.0,62.0,15.0,-19.0,22.0,9.0,92.0,-9.0,34.61,12.34,-0.8200000000000003,37.120000000000005,23.65,59.63,-8.899999999999999,-0.05000000000000071,17.71,13.04,81.55,-26.27
2025-07-30T15:39:04.778162,75.0,36.0,-3.0,-33.0,1.0,51.0,54.0,13.0,-10.0,-4.0,16.0,81.0,46.61,50.34,5.18,-54.879999999999995,35.65,48.63,30.1,31.95,-14.29,0.040000000000000036,5.550000000000001,63.730000000000004
2025-07-30T15:39:04.782947,68.0,-50.0,-45.0,5.0,-1.0,-13.0,44.0,35.0,51.0,-41.0,-30.0,45.0,39.61,-35.66,-36.82,-16.88,33.65,-15.370000000000001,20.1,53.95,46.71,-36.96,-40.45,27.73
2025-07-30T15:39:04.790514,39.0,-62.0,-9.0,35.0,-14.0,2.0,12.0,-84.0,37.0,-59.0,-47.0,25.0,10.61,-47.66,-0.8200000000000003,13.120000000000001,20.65,-0.3700000000000001,-11.899999999999999,-65.05,32.71,-54.96,-57.45,7.73
2025-07-30T15:39:04.795012,16.0,-65.0,83.0,-31.0,-39.0,8.0,39.0,68.0,-1.0,-62.0,-43.0,47.0,-12.39,-50.66,91.18,-52.879999999999995,-4.350000000000001,5.63,15.100000000000001,86.95,-5.29,-57.96,-53.45,29.73
2025-07-30T15:39:04.802745,-35.0,-96.0,90.0,9.0,-39.0,-4.0,79.0,-79.0,56.0,-62.0,-85.0,71.0,-63.39,-81.66,98.18,-12.879999999999999,-4.350000000000001,-6.37,55.1,-60.05,51.71,-57.96,-95.45,53.730000000000004
2025-07-30T15:39:04.807038,12.0,13.0,3.0,69.0,-47.0,-10.0,21.0,-48.0,40.0,-54.0,-57.0,-10.0,-16.39,27.34,11.18,47.120000000000005,-12.350000000000001,-12.370000000000001,-2.8999999999999986,-29.05,35.71,-49.96,-67.45,-27.27
2025-07-30T15:39:04.815096,-68.0,25.0,9.0,82.0,-67.0,11.0,27.0,-16.0,60.0,-16.0,-23.0,50.0,-96.39,39.34,17.18,60.120000000000005,-32.35,8.629999999999999,3.1000000000000014,2.9499999999999993,55.71,-11.96,-33.45,32.730000000000004
2025-07-30T15:39:04.819289,-23.0,-25.0,-65.0,33.0,-27.0,12.0,-14.0,7.0,-3.0,-58.0,-53.0,98.0,-51.39,-10.66,-56.82,11.120000000000001,7.649999999999999,9.629999999999999,-37.9,25.95,-7.29,-53.96,-63.45,80.73
2025-07-30T15:39:04.827571,39.0,11.0,2.0,50.0,14.0,-42.0,-25.0,-28.0,-9.0,-24.0,-42.0,46.0,10.61,25.34,10.18,28.12,48.65,-44.37,-48.9,-9.05,-13.29,-19.96,-52.45,28.73
2025-07-30T15:39:04.831668,13.0,17.0,-77.0,21.0,31.0,-10.0,33.0,-19.0,66.0,-57.0,3.0,25.0,-15.39,31.34,-68.82,-0.879999999999999,65.65,-12.370000000000001,9.100000000000001,-0.05000000000000071,61.71,-52.96,-7.449999999999999,7.73
2025-07-30T15:39:04.839669,21.0,-32.0,-16.0,94.0,-71.0,31.0,-31.0,-110.0,46.0,-28.0,-61.0,114.0,-7.390000000000001,-17.66,-7.82,72.12,-36.35,28.63,-54.9,-91.05,41.71,-23.96,-71.45,96.73
2025-07-30T15:39:04.843861,-10.0,-5.0,13.0,7.0,-96.0,25.0,-50.0,21.0,38.0,-16.0,-64.0,78.0,-38.39,9.34,21.18,-14.879999999999999,-61.35,22.63,-73.9,39.95,33.71,-11.96,-74.45,60.730000000000004
2025-07-30T15:39:04.851919,84.0,14.0,57.0,-26.0,-45.0,17.0,3.0,-25.0,4.0,12.0,70.0,8.0,55.61,28.34,65.18,-47.879999999999995,-10.350000000000001,14.629999999999999,-20.9,-6.050000000000001,-0.29000000000000004,16.04,59.55,-9.27
2025-07-30T15:39:04.856180,93.0,-65.0,40.0,18.0,-77.0,2.0,2.0,-9.0,14.0,8.0,-48.0,21.0,64.61,-50.66,48.18,-3.879999999999999,-42.35,-0.3700000000000001,-21.9,9.95,9.71,12.04,-58.45,3.7300000000000004
2025-07-30T15:39:04.864378,28.0,-57.0,14.0,38.0,35.0,-38.0,60.0,43.0,19.0,50.0,-64.0,85.0,-0.39000000000000057,-42.66,22.18,16.12,69.65,-40.37,36.1,61.95,14.71,54.04,-74.45,67.73
2025-07-30T15:39:04.868495,0.0,-99.0,-21.0,44.0,-82.0,23.0,-27.0,-24.0,22.0,34.0,-16.0,60.0,-28.39,-84.66,-12.82,22.12,-47.35,20.63,-50.9,-5.050000000000001,17.71,38.04,-26.45,42.730000000000004
2025-07-30T15:39:04.876624,-45.0,-9.0,30.0,22.0,-33.0,42.0,-63.0,-46.0,18.0,8.0,-44.0,98.0,-73.39,5.34,38.18,0.120000000000001,1.6499999999999986,39.63,-86.9,-27.05,13.71,12.04,-54.45,80.73
2025-07-30T15:39:04.880906,-8.0,17.0,-38.0,37.0,-42.0,-31.0,-66.0,-54.0,-56.0,48.0,-16.0,68.0,-36.39,31.34,-29.82,15.120000000000001,-7.350000000000001,-33.37,-89.9,-35.05,-60.29,52.04,-26.45,50.730000000000004
2025-07-30T15:39:04.888690,42.0,62.0,22.0,58.0,-62.0,6.0,47.0,29.0,92.0,-6.0,-68.0,43.0,13.61,76.34,30.18,36.120000000000005,-27.35,3.63,23.1,47.95,87.71,-1.96,-78.45,25.73
2025-07-30T15:39:04.893007,26.0,62.0,16.0,11.0,-14.0,-33.0,13.0,-23.0,-2.0,105.0,-30.0,69.0,-2.3900000000000006,76.34,24.18,-10.879999999999999,20.65,-35.37,-10.899999999999999,-4.050000000000001,-6.29,109.04,-40.45,51.730000000000004
2025-07-30T15:39:04.901018,59.0,-15.0,-44.0,25.0,-6.0,13.0,48.0,14.0,-16.0,8.0,-13.0,6.0,30.61,-0.6600000000000001,-35.82,3.120000000000001,28.65,10.629999999999999,24.1,32.95,-20.29,12.04,-23.45,-11.27
2025-07-30T15:39:04.905244,27.0,84.0,1.0,1.0,-26.0,-14.0,34.0,-16.0,14.0,80.0,-1.0,-3.0,-1.3900000000000006,98.34,9.18,-20.88,8.649999999999999,-16.37,10.100000000000001,2.9499999999999993,9.71,84.04,-11.45,-20.27
2025-07-30T15:39:04.909675,53.0,88.0,-32.0,59.0,60.0,10.0,45.0,29.0,-38.0,29.0,-25.0,47.0,24.61,102.34,-23.82,37.120000000000005,94.65,7.63,21.1,47.95,-42.29,33.04,-35.45,29.73
2025-07-30T15:39:04.917503,17.0,-61.0,-19.0,-2.0,-33.0,-23.0,13.0,-39.0,-54.0,30.0,-60.0,90.0,-11.39,-46.66,-10.82,-23.88,1.6499999999999986,-25.37,-10.899999999999999,-20.05,-58.29,34.04,-70.45,72.73
2025-07-30T15:39:04.922203,13.0,-57.0,131.0,118.0,1.0,13.0,80.0,29.0,6.0,-42.0,-27.0,-10.0,-15.39,-42.66,139.18,96.12,35.65,10.629999999999999,56.1,47.95,1.71,-37.96,-37.45,-27.27
2025-07-30T15:39:04.929642,16.0,-30.0,57.0,74.0,-61.0,10.0,2.0,0.0,16.0,13.0,3.0,62.0,-12.39,-15.66,65.18,52.120000000000005,-26.35,7.63,-21.9,18.95,11.71,17.04,-7.449999999999999,44.730000000000004
2025-07-30T15:39:04.934258,34.0,-131.0,8.0,63.0,-16.0,32.0,67.0,-20.0,17.0,19.0,5.0,38.0,5.609999999999999,-116.66,16.18,41.120000000000005,18.65,29.63,43.1,-1.0500000000000007,12.71,23.04,-5.449999999999999,20.73
2025-07-30T15:39:04.942191,17.0,49.0,-5.0,49.0,-127.0,-33.0,92.0,-25.0,-36.0,20.0,-68.0,28.0,-11.39,63.34,3.1799999999999997,27.12,-92.35,-35.37,68.1,-6.050000000000001,-40.29,24.04,-78.45,10.73
2025-07-30T15:39:04.946527,-48.0,31.0,-34.0,4.0,-91.0,1.0,24.0,-18.0,-46.0,69.0,-85.0,60.0,-76.39,45.34,-25.82,-17.88,-56.35,-1.37,0.10000000000000142,0.9499999999999993,-50.29,73.04,-95.45,42.730000000000004
2025-07-30T15:39:04.954429,31.0,20.0,-28.0,28.0,4.0,-2.0,60.0,32.0,33.0,71.0,-64.0,6.0,2.6099999999999994,34.34,-19.82,6.120000000000001,38.65,-4.37,36.1,50.95,28.71,75.04,-74.45,-11.27
2025-07-30T15:39:04.958854,56.0,65.0,-159.0,9.0,-5.0,5.0,59.0,-91.0,-11.0,77.0,-30.0,84.0,27.61,79.34,-150.82,-12.879999999999999,29.65,2.63,35.1,-72.05,-15.29,81.04,-40.45,66.73
2025-07-30T15:39:04.966648,59.0,62.0,-92.0,23.0,-46.0,-8.0,51.0,-38.0,-70.0,31.0,26.0,-27.0,30.61,76.34,-83.82,1.120000000000001,-11.350000000000001,-10.370000000000001,27.1,-19.05,-74.29,35.04,15.55,-44.269999999999996
2025-07-30T15:39:04.971166,79.0,-46.0,-87.0,103.0,4.0,3.0,41.0,-53.0,11.0,20.0,37.0,98.0,50.61,-31.66,-78.82,81.12,38.65,0.6299999999999999,17.1,-34.05,6.71,24.04,26.55,80.73
2025-07-30T15:39:04.978947,-43.0,-52.0,58.0,28.0,-62.0,18.0,-6.0,-12.0,-13.0,25.0,11.0,121.0,-71.39,-37.66,66.18,6.120000000000001,-27.35,15.629999999999999,-29.9,6.949999999999999,-17.29,29.04,0.5500000000000007,103.73
2025-07-30T15:39:04.984205,-38.0,-50.0,35.0,21.0,-78.0,-24.0,46.0,-8.0,7.0,52.0,-54.0,28.0,-66.39,-35.66,43.18,-0.879999999999999,-43.35,-26.37,22.1,10.95,2.71,56.04,-64.45,10.73
2025-07-30T15:39:04.991196,71.0,25.0,40.0,-89.0,24.0,22.0,15.0,-41.0,-26.0,33.0,-21.0,31.0,42.61,39.34,48.18,-110.88,58.65,19.63,-8.899999999999999,-22.05,-30.29,37.04,-31.45,13.73
2025-07-30T15:39:04.995544,3.0,28.0,-40.0,14.0,-21.0,-31.0,97.0,69.0,46.0,47.0,-66.0,84.0,-25.39,42.34,-31.82,-7.879999999999999,13.649999999999999,-33.37,73.1,87.95,41.71,51.04,-76.45,66.73
2025-07-30T15:39:05.003635,69.0,1.0,-40.0,23.0,50.0,-36.0,41.0,26.0,12.0,58.0,-45.0,22.0,40.61,15.34,-31.82,1.120000000000001,84.65,-38.37,17.1,44.95,7.71,62.04,-55.45,4.73
2025-07-30T15:39:05.007809,28.0,-62.0,-74.0,5.0,-40.0,-85.0,13.0,7.0,-10.0,-50.0,-29.0,28.0,-0.39000000000000057,-47.66,-65.82,-16.88,-5.350000000000001,-87.37,-10.899999999999999,25.95,-14.29,-45.96,-39.45,10.73
2025-07-30T15:39:05.015751,70.0,-33.0,-9.0,-20.0,-48.0,55.0,-1.0,6.0,23.0,-9.0,-39.0,38.0,41.61,-18.66,-0.8200000000000003,-41.879999999999995,-13.350000000000001,52.63,-24.9,24.95,18.71,-4.96,-49.45,20.73
2025-07-30T15:39:05.020044,48.0,61.0,-39.0,57.0,-11.0,93.0,-4.0,-7.0,-5.0,22.0,9.0,16.0,19.61,75.34,-30.82,35.120000000000005,23.65,90.63,-27.9,11.95,-9.29,26.04,-1.4499999999999993,-1.2699999999999996
2025-07-30T15:39:05.028099,85.0,-18.0,-82.0,8.0,-105.0,7.0,23.0,-46.0,14.0,44.0,-2.0,-11.0,56.61,-3.66,-73.82,-13.879999999999999,-70.35,4.63,-0.8999999999999986,-27.05,9.71,48.04,-12.45,-28.27
2025-07-30T15:39:05.032492,60.0,-34.0,-105.0,17.0,19.0,-14.0,16.0,-53.0,19.0,-6.0,-8.0,37.0,31.61,-19.66,-96.82,-4.879999999999999,53.65,-16.37,-7.899999999999999,-34.05,14.71,-1.96,-18.45,19.73
2025-07-30T15:39:05.040359,66.0,-31.0,44.0,-8.0,-90.0,-44.0,70.0,-21.0,36.0,58.0,33.0,9.0,37.61,-16.66,52.18,-29.88,-55.35,-46.37,46.1,-2.0500000000000007,31.71,62.04,22.55,-8.27
2025-07-30T15:39:05.044602,3.0,-11.0,62.0,72.0,46.0,23.0,19.0,-35.0,24.0,95.0,47.0,6.0,-25.39,3.34,70.18,50.120000000000005,80.65,20.63,-4.899999999999999,-16.05,19.71,99.04,36.55,-11.27
2025-07-30T15:39:05.052604,90.0,-79.0,44.0,-13.0,-27.0,40.0,69.0,-70.0,-21.0,36.0,19.0,-31.0,61.61,-64.66,52.18,-34.879999999999995,7.649999999999999,37.63,45.1,-51.05,-25.29,40.04,8.55,-48.269999999999996
2025-07-30T15:39:05.056747,33.0,-43.0,12.0,46.0,-89.0,15.0,2.0,-19.0,53.0,-69.0,6.0,13.0,4.609999999999999,-28.66,20.18,24.12,-54.35,12.629999999999999,-21.9,-0.05000000000000071,48.71,-64.96,-4.449999999999999,-4.27
2025-07-30T15:39:05.064859,44.0,-7.0,-52.0,41.0,50.0,-2.0,25.0,-100.0,48.0,-11.0,13.0,41.0,15.61,7.34,-43.82,19.12,84.65,-4.37,1.1000000000000014,-81.05,43.71,-6.96,2.5500000000000007,23.73
2025-07-30T15:39:05.069292,40.0,57.0,-107.0,-18.0,-27.0,30.0,46.0,-11.0,17.0,-110.0,32.0,-51.0,11.61,71.34,-98.82,-39.879999999999995,7.649999999999999,27.63,22.1,7.949999999999999,12.71,-105.96,21.55,-68.27
2025-07-30T15:39:05.077163,124.0,-37.0,-45.0,15.0,-5.0,0.0,21.0,16.0,-7.0,-15.0,78.0,-42.0,95.61,-22.66,-36.82,-6.879999999999999,29.65,-2.37,-2.8999999999999986,34.95,-11.29,-10.96,67.55,-59.269999999999996
2025-07-30T15:39:05.081643,59.0,-26.0,47.0,21.0,-20.0,3.0,-26.0,-8.0,41.0,-5.0,10.0,-42.0,30.61,-11.66,55.18,-0.879999999999999,14.649999999999999,0.6299999999999999,-49.9,10.95,36.71,-0.96,-0.4499999999999993,-59.269999999999996
2025-07-30T15:39:05.089476,74.0,-35.0,69.0,39.0,-20.0,-11.0,33.0,11.0,46.0,-31.0,11.0,-23.0,45.61,-20.66,77.18,17.12,14.649999999999999,-13.370000000000001,9.100000000000001,29.95,41.71,-26.96,0.5500000000000007,-40.269999999999996
2025-07-30T15:39:05.093821,79.0,-57.0,-16.0,-8.0,-63.0,-53.0,32.0,-50.0,-11.0,-35.0,80.0,-18.0,50.61,-42.66,-7.82,-29.88,-28.35,-55.37,8.100000000000001,-31.05,-15.29,-30.96,69.55,-35.269999999999996
2025-07-30T15:39:05.101753,-10.0,37.0,-29.0,9.0,-56.0,17.0,42.0,-15.0,10.0,-33.0,5.0,-30.0,-38.39,51.34,-20.82,-12.879999999999999,-21.35,14.629999999999999,18.1,3.9499999999999993,5.71,-28.96,-5.449999999999999,-47.269999999999996
2025-07-30T15:39:05.106129,98.0,-26.0,-45.0,-26.0,-45.0,7.0,-36.0,-44.0,15.0,-61.0,38.0,12.0,69.61,-11.66,-36.82,-47.879999999999995,-10.350000000000001,4.63,-59.9,-25.05,10.71,-56.96,27.55,-5.27
2025-07-30T15:39:05.113983,49.0,-5.0,-54.0,23.0,-28.0,-2.0,-3.0,20.0,28.0,40.0,-31.0,78.0,20.61,9.34,-45.82,1.120000000000001,6.649999999999999,-4.37,-26.9,38.95,23.71,44.04,-41.45,60.730000000000004
2025-07-30T15:39:05.118224,65.0,-7.0,-52.0,43.0,8.0,63.0,-48.0,51.0,-39.0,-9.0,47.0,13.0,36.61,7.34,-43.82,21.12,42.65,60.63,-71.9,69.95,-43.29,-4.96,36.55,-4.27
2025-07-30T15:39:05.126187,47.0,11.0,-13.0,-29.0,10.0,4.0,112.0,-15.0,-43.0,-33.0,82.0,42.0,18.61,25.34,-4.82,-50.879999999999995,44.65,1.63,88.1,3.9499999999999993,-47.29,-28.96,71.55,24.73
2025-07-30T15:39:05.130618,79.0,-7.0,19.0,57.0,2.0,-49.0,29.0,-21.0,15.0,-37.0,49.0,-29.0,50.61,7.34,27.18,35.120000000000005,36.65,-51.37,5.100000000000001,-2.0500000000000007,10.71,-32.96,38.55,-46.269999999999996
2025-07-30T15:39:05.138704,106.0,-80.0,43.0,-10.0,-15.0,-10.0,62.0,-11.0,-11.0,-36.0,95.0,-24.0,77.61,-65.66,51.18,-31.88,19.65,-12.370000000000001,38.1,7.949999999999999,-15.29,-31.96,84.55,-41.269999999999996
2025-07-30T15:39:05.142742,3.0,-47.0,27.0,-9.0,-19.0,-31.0,60.0,19.0,2.0,-71.0,42.0,-32.0,-25.39,-32.66,35.18,-30.88,15.649999999999999,-33.37,36.1,37.95,-2.29,-66.96,31.55,-49.269999999999996
2025-07-30T15:39:05.150730,-20.0,-46.0,60.0,3.0,-42.0,63.0,-26.0,-44.0,-2.0,-37.0,95.0,20.0,-48.39,-31.66,68.18,-18.88,-7.350000000000001,60.63,-49.9,-25.05,-6.29,-32.96,84.55,2.7300000000000004
2025-07-30T15:39:05.155129,47.0,-63.0,9.0,27.0,-71.0,-16.0,43.0,-47.0,21.0,-25.0,57.0,-55.0,18.61,-48.66,17.18,5.120000000000001,-36.35,-18.37,19.1,-28.05,16.71,-20.96,46.55,-72.27
2025-07-30T15:39:05.160174,-22.0,10.0,-25.0,-9.0,-34.0,7.0,63.0,-34.0,64.0,-3.0,61.0,52.0,-50.39,24.34,-16.82,-30.88,0.6499999999999986,4.63,39.1,-15.05,59.71,1.04,50.55,34.730000000000004
2025-07-30T15:39:05.167424,21.0,-21.0,71.0,43.0,-73.0,-40.0,28.0,-91.0,-1.0,-8.0,36.0,-6.0,-7.390000000000001,-6.66,79.18,21.12,-38.35,-42.37,4.100000000000001,-72.05,-5.29,-3.96,25.55,-23.27
2025-07-30T15:39:05.172471,-9.0,-31.0,61.0,38.0,22.0,15.0,85.0,-37.0,84.0,-48.0,46.0,-11.0,-37.39,-16.66,69.18,16.12,56.65,12.629999999999999,61.1,-18.05,79.71,-43.96,35.55,-28.27
2025-07-30T15:39:05.179620,33.0,-3.0,-39.0,29.0,-21.0,-3.0,40.0,25.0,-8.0,-54.0,48.0,62.0,4.609999999999999,11.34,-30.82,7.120000000000001,13.649999999999999,-5.37,16.1,43.95,-12.29,-49.96,37.55,44.730000000000004
2025-07-30T15:39:05.183859,-31.0,-12.0,-90.0,40.0,-39.0,8.0,42.0,-45.0,37.0,-37.0,9.0,34.0,-59.39,2.34,-81.82,18.12,-4.350000000000001,5.63,18.1,-26.05,32.71,-32.96,-1.4499999999999993,16.73
2025-07-30T15:39:05.192059,-30.0,-23.0,-25.0,-1.0,5.0,32.0,100.0,19.0,12.0,-78.0,6.0,-54.0,-58.39,-8.66,-16.82,-22.88,39.65,29.63,76.1,37.95,7.71,-73.96,-4.449999999999999,-71.27
2025-07-30T15:39:05.196346,78.0,-40.0,-69.0,103.0,18.0,-15.0,53.0,-36.0,59.0,-17.0,38.0,30.0,49.61,-25.66,-60.82,81.12,52.65,-17.37,29.1,-17.05,54.71,-12.96,27.55,12.73
2025-07-30T15:39:05.204272,80.0,-37.0,-57.0,22.0,-84.0,-7.0,31.0,-2.0,9.0,-48.0,37.0,-34.0,51.61,-22.66,-48.82,0.120000000000001,-49.35,-9.370000000000001,7.100000000000001,16.95,4.71,-43.96,26.55,-51.269999999999996
2025-07-30T15:39:05.208674,89.0,-38.0,-16.0,46.0,3.0,51.0,-10.0,-109.0,82.0,-16.0,-8.0,-22.0,60.61,-23.66,-7.82,24.12,37.65,48.63,-33.9,-90.05,77.71,-11.96,-18.45,-39.269999999999996
2025-07-30T15:39:05.216491,5.0,-61.0,5.0,-80.0,-65.0,9.0,9.0,-43.0,5.0,-72.0,16.0,-34.0,-23.39,-46.66,13.18,-101.88,-30.35,6.63,-14.899999999999999,-24.05,0.71,-67.96,5.550000000000001,-51.269999999999996
2025-07-30T15:39:05.220802,-3.0,-56.0,28.0,-12.0,-44.0,65.0,-4.0,-64.0,107.0,-1.0,8.0,10.0,-31.39,-41.66,36.18,-33.879999999999995,-9.350000000000001,62.63,-27.9,-45.05,102.71,3.04,-2.4499999999999993,-7.27
2025-07-30T15:39:05.228778,72.0,-5.0,0.0,12.0,-45.0,12.0,26.0,-78.0,22.0,-13.0,-8.0,-33.0,43.61,9.34,8.18,-9.879999999999999,-10.350000000000001,9.629999999999999,2.1000000000000014,-59.05,17.71,-8.96,-18.45,-50.269999999999996
2025-07-30T15:39:05.233124,-6.0,60.0,20.0,10.0,20.0,-5.0,14.0,-86.0,20.0,-67.0,11.0,36.0,-34.39,74.34,28.18,-11.879999999999999,54.65,-7.37,-9.899999999999999,-67.05,15.71,-62.96,0.5500000000000007,18.73
2025-07-30T15:39:05.241143,44.0,14.0,-16.0,-88.0,-95.0,8.0,45.0,-38.0,-24.0,-86.0,73.0,-17.0,15.61,28.34,-7.82,-109.88,-60.35,5.63,21.1,-19.05,-28.29,-81.96,62.55,-34.269999999999996
2025-07-30T15:39:05.245468,26.0,60.0,-19.0,41.0,30.0,-45.0,-3.0,-62.0,23.0,-98.0,29.0,-14.0,-2.3900000000000006,74.34,-10.82,19.12,64.65,-47.37,-26.9,-43.05,18.71,-93.96,18.55,-31.27
2025-07-30T15:39:05.253518,37.0,68.0,-3.0,62.0,-38.0,-24.0,50.0,-64.0,51.0,-49.0,-1.0,18.0,8.61,82.34,5.18,40.120000000000005,-3.3500000000000014,-26.37,26.1,-45.05,46.71,-44.96,-11.45,0.7300000000000004
2025-07-30T15:39:05.257670,67.0,-47.0,-12.0,-36.0,-54.0,-1.0,31.0,5.0,-45.0,-20.0,27.0,-34.0,38.61,-32.66,-3.8200000000000003,-57.879999999999995,-19.35,-3.37,7.100000000000001,23.95,-49.29,-15.96,16.55,-51.269999999999996
2025-07-30T15:39:05.265707,32.0,-52.0,48.0,-39.0,17.0,-13.0,83.0,-12.0,-8.0,10.0,68.0,57.0,3.6099999999999994,-37.66,56.18,-60.879999999999995,51.65,-15.370000000000001,59.1,6.949999999999999,-12.29,14.04,57.55,39.730000000000004
2025-07-30T15:39:05.269839,41.0,-65.0,30.0,-43.0,-55.0,-18.0,61.0,0.0,3.0,33.0,82.0,5.0,12.61,-50.66,38.18,-64.88,-20.35,-20.37,37.1,18.95,-1.29,37.04,71.55,-12.27
2025-07-30T15:39:05.277984,-38.0,13.0,51.0,84.0,9.0,-25.0,-42.0,35.0,19.0,-33.0,48.0,-30.0,-66.39,27.34,59.18,62.120000000000005,43.65,-27.37,-65.9,53.95,14.71,-28.96,37.55,-47.269999999999996
2025-07-30T15:39:05.282088,-7.0,49.0,22.0,94.0,-20.0,17.0,29.0,-10.0,-21.0,-22.0,45.0,-46.0,-35.39,63.34,30.18,72.12,14.649999999999999,14.629999999999999,5.100000000000001,8.95,-25.29,-17.96,34.55,-63.269999999999996
2025-07-30T15:39:05.290446,-23.0,89.0,-60.0,-27.0,-65.0,-22.0,-2.0,30.0,8.0,-75.0,30.0,-9.0,-51.39,103.34,-51.82,-48.879999999999995,-30.35,-24.37,-25.9,48.95,3.71,-70.96,19.55,-26.27
2025-07-30T15:39:05.294406,39.0,57.0,-63.0,27.0,-87.0,21.0,32.0,34.0,-33.0,-29.0,25.0,-7.0,10.61,71.34,-54.82,5.120000000000001,-52.35,18.63,8.100000000000001,52.95,-37.29,-24.96,14.55,-24.27
2025-07-30T15:39:05.302477,26.0,16.0,-77.0,2.0,-86.0,7.0,-39.0,-7.0,-76.0,-48.0,-6.0,-32.0,-2.3900000000000006,30.34,-68.82,-19.88,-51.35,4.63,-62.9,11.95,-80.29,-43.96,-16.45,-49.269999999999996
2025-07-30T15:39:05.306624,49.0,9.0,-28.0,-32.0,8.0,29.0,33.0,53.0,68.0,-57.0,7.0,-53.0,20.61,23.34,-19.82,-53.879999999999995,42.65,26.63,9.100000000000001,71.95,63.71,-52.96,-3.4499999999999993,-70.27
2025-07-30T15:39:05.311020,79.0,-34.0,-35.0,24.0,-100.0,2.0,45.0,22.0,-2.0,1.0,35.0,-36.0,50.61,-19.66,-26.82,2.120000000000001,-65.35,-0.3700000000000001,21.1,40.95,-6.29,5.04,24.55,-53.269999999999996
2025-07-30T15:39:05.318863,61.0,-16.0,-56.0,3.0,-23.0,31.0,66.0,-81.0,-32.0,-36.0,60.0,56.0,32.61,-1.6600000000000001,-47.82,-18.88,11.649999999999999,28.63,42.1,-62.05,-36.29,-31.96,49.55,38.730000000000004
2025-07-30T15:39:05.326846,61.0,-101.0,-57.0,45.0,-24.0,-49.0,2.0,51.0,-6.0,-55.0,31.0,21.0,32.61,-86.66,-48.82,23.12,10.649999999999999,-51.37,-21.9,69.95,-10.29,-50.96,20.55,3.7300000000000004
2025-07-30T15:39:05.331091,24.0,-79.0,-10.0,96.0,-100.0,-5.0,-2.0,15.0,9.0,41.0,10.0,3.0,-4.390000000000001,-64.66,-1.8200000000000003,74.12,-65.35,-7.37,-25.9,33.95,4.71,45.04,-0.4499999999999993,-14.27
2025-07-30T15:39:05.335620,-15.0,1.0,50.0,47.0,-61.0,5.0,18.0,1.0,-5.0,28.0,54.0,38.0,-43.39,15.34,58.18,25.12,-26.35,2.63,-5.899999999999999,19.95,-9.29,32.04,43.55,20.73
2025-07-30T15:39:05.343403,70.0,-76.0,-3.0,15.0,25.0,-3.0,8.0,-31.0,4.0,-27.0,21.0,10.0,41.61,-61.66,5.18,-6.879999999999999,59.65,-5.37,-15.899999999999999,-12.05,-0.29000000000000004,-22.96,10.55,-7.27
2025-07-30T15:39:05.347987,20.0,-80.0,39.0,15.0,8.0,37.0,30.0,-8.0,6.0,-8.0,-26.0,-45.0,-8.39,-65.66,47.18,-6.879999999999999,42.65,34.63,6.100000000000001,10.95,1.71,-3.96,-36.45,-62.269999999999996
2025-07-30T15:39:05.355795,10.0,3.0,41.0,-29.0,-26.0,-54.0,-35.0,-4.0,25.0,-51.0,57.0,1.0,-18.39,17.34,49.18,-50.879999999999995,8.649999999999999,-56.37,-58.9,14.95,20.71,-46.96,46.55,-16.27
2025-07-30T15:39:05.360048,-1.0,-97.0,-26.0,-20.0,-10.0,-46.0,60.0,34.0,7.0,-23.0,22.0,-40.0,-29.39,-82.66,-17.82,-41.879999999999995,24.65,-48.37,36.1,52.95,2.71,-18.96,11.55,-57.269999999999996
2025-07-30T15:39:05.367997,92.0,88.0,66.0,-24.0,-78.0,43.0,-33.0,-1.0,15.0,-16.0,2.0,4.0,63.61,102.34,74.18,-45.879999999999995,-43.35,40.63,-56.9,17.95,10.71,-11.96,-8.45,-13.27
2025-07-30T15:39:05.372423,30.0,38.0,-5.0,-8.0,-70.0,3.0,-7.0,42.0,78.0,-76.0,-14.0,-27.0,1.6099999999999994,52.34,3.1799999999999997,-29.88,-35.35,0.6299999999999999,-30.9,60.95,73.71,-71.96,-24.45,-44.269999999999996
2025-07-30T15:39:05.380236,-40.0,-36.0,-27.0,34.0,-40.0,25.0,52.0,17.0,3.0,2.0,-28.0,-18.0,-68.39,-21.66,-18.82,12.120000000000001,-5.350000000000001,22.63,28.1,35.95,-1.29,6.04,-38.45,-35.269999999999996
2025-07-30T15:39:05.384493,-85.0,31.0,-7.0,13.0,-12.0,-51.0,36.0,-15.0,-3.0,-23.0,63.0,13.0,-113.39,45.34,1.1799999999999997,-8.879999999999999,22.65,-53.37,12.100000000000001,3.9499999999999993,-7.29,-18.96,52.55,-4.27
2025-07-30T15:39:05.392474,73.0,51.0,-94.0,0.0,-21.0,-1.0,3.0,-25.0,9.0,28.0,54.0,15.0,44.61,65.34,-85.82,-21.88,13.649999999999999,-3.37,-20.9,-6.050000000000001,4.71,32.04,43.55,-2.2699999999999996
2025-07-30T15:39:05.396867,24.0,-18.0,-30.0,47.0,-56.0,41.0,91.0,-17.0,40.0,-63.0,15.0,24.0,-4.390000000000001,-3.66,-21.82,25.12,-21.35,38.63,67.1,1.9499999999999993,35.71,-58.96,4.550000000000001,6.73
2025-07-30T15:39:05.404949,11.0,-15.0,-35.0,20.0,-35.0,-39.0,80.0,-60.0,-30.0,-52.0,44.0,23.0,-17.39,-0.6600000000000001,-26.82,-1.879999999999999,-0.3500000000000014,-41.37,56.1,-41.05,-34.29,-47.96,33.55,5.73
2025-07-30T15:39:05.409272,14.0,-15.0,85.0,-1.0,-29.0,20.0,46.0,50.0,-52.0,-64.0,27.0,90.0,-14.39,-0.6600000000000001,93.18,-22.88,5.649999999999999,17.63,22.1,68.95,-56.29,-59.96,16.55,72.73
2025-07-30T15:39:05.417239,105.0,-40.0,34.0,49.0,-63.0,41.0,60.0,11.0,-19.0,-34.0,-13.0,88.0,76.61,-25.66,42.18,27.12,-28.35,38.63,36.1,29.95,-23.29,-29.96,-23.45,70.73
2025-07-30T15:39:05.421469,-25.0,-65.0,31.0,50.0,-72.0,35.0,63.0,8.0,-12.0,-130.0,120.0,38.0,-53.39,-50.66,39.18,28.12,-37.35,32.63,39.1,26.95,-16.29,-125.96,109.55,20.73
2025-07-30T15:39:05.429423,38.0,51.0,13.0,48.0,-10.0,4.0,70.0,-64.0,-60.0,-65.0,49.0,26.0,9.61,65.34,21.18,26.12,24.65,1.63,46.1,-45.05,-64.29,-60.96,38.55,8.73
2025-07-30T15:39:05.433877,22.0,61.0,35.0,25.0,65.0,-7.0,12.0,-40.0,32.0,-13.0,23.0,96.0,-6.390000000000001,75.34,43.18,3.120000000000001,99.65,-9.370000000000001,-11.899999999999999,-21.05,27.71,-8.96,12.55,78.73
2025-07-30T15:39:05.441700,-67.0,-9.0,-25.0,96.0,-51.0,-23.0,22.0,20.0,-20.0,5.0,76.0,67.0,-95.39,5.34,-16.82,74.12,-16.35,-25.37,-1.8999999999999986,38.95,-24.29,9.04,65.55,49.730000000000004
2025-07-30T15:39:05.446076,39.0,10.0,-30.0,65.0,-43.0,33.0,50.0,-55.0,29.0,12.0,41.0,44.0,10.61,24.34,-21.82,43.120000000000005,-8.350000000000001,30.63,26.1,-36.05,24.71,16.04,30.55,26.73
2025-07-30T15:39:05.454067,99.0,2.0,-36.0,46.0,10.0,48.0,16.0,18.0,60.0,3.0,-7.0,19.0,70.61,16.34,-27.82,24.12,44.65,45.63,-7.899999999999999,36.95,55.71,7.04,-17.45,1.7300000000000004
2025-07-30T15:39:05.458346,125.0,30.0,-45.0,17.0,-63.0,-52.0,-21.0,29.0,-5.0,97.0,-48.0,62.0,96.61,44.34,-36.82,-4.879999999999999,-28.35,-54.37,-44.9,47.95,-9.29,101.04,-58.45,44.730000000000004
2025-07-30T15:39:05.466453,36.0,-7.0,-41.0,41.0,16.0,-41.0,-23.0,-38.0,37.0,57.0,-19.0,39.0,7.609999999999999,7.34,-32.82,19.12,50.65,-43.37,-46.9,-19.05,32.71,61.04,-29.45,21.73
2025-07-30T15:39:05.470634,28.0,-22.0,65.0,-6.0,-41.0,1.0,-15.0,48.0,29.0,17.0,-37.0,34.0,-0.39000000000000057,-7.66,73.18,-27.88,-6.350000000000001,-1.37,-38.9,66.95,24.71,21.04,-47.45,16.73
2025-07-30T15:39:05.478577,-9.0,-57.0,13.0,-21.0,-2.0,-42.0,49.0,-35.0,-13.0,-4.0,-3.0,30.0,-37.39,-42.66,21.18,-42.879999999999995,32.65,-44.37,25.1,-16.05,-17.29,0.040000000000000036,-13.45,12.73
2025-07-30T15:39:05.482803,66.0,-22.0,29.0,36.0,-28.0,9.0,27.0,-28.0,-41.0,38.0,-6.0,43.0,37.61,-7.66,37.18,14.120000000000001,6.649999999999999,6.63,3.1000000000000014,-9.05,-45.29,42.04,-16.45,25.73
2025-07-30T15:39:05.490824,52.0,-39.0,44.0,-53.0,-18.0,-35.0,-3.0,17.0,58.0,29.0,-27.0,-2.0,23.61,-24.66,52.18,-74.88,16.65,-37.37,-26.9,35.95,53.71,33.04,-37.45,-19.27
2025-07-30T15:39:05.495177,-12.0,29.0,-16.0,77.0,51.0,49.0,14.0,-55.0,-12.0,8.0,-60.0,43.0,-40.39,43.34,-7.82,55.120000000000005,85.65,46.63,-9.899999999999999,-36.05,-16.29,12.04,-70.45,25.73
2025-07-30T15:39:05.499635,63.0,41.0,-8.0,1.0,-4.0,-41.0,-76.0,-66.0,8.0,64.0,-55.0,83.0,34.61,55.34,0.17999999999999972,-20.88,30.65,-43.37,-99.9,-47.05,3.71,68.04,-65.45,65.73
2025-07-30T15:39:05.507363,62.0,63.0,-1.0,12.0,27.0,-19.0,31.0,-58.0,9.0,31.0,-34.0,-18.0,33.61,77.34,7.18,-9.879999999999999,61.65,-21.37,7.100000000000001,-39.05,4.71,35.04,-44.45,-35.269999999999996
2025-07-30T15:39:05.515386,20.0,11.0,-58.0,12.0,-64.0,-23.0,13.0,-75.0,7.0,-40.0,-54.0,-12.0,-8.39,25.34,-49.82,-9.879999999999999,-29.35,-25.37,-10.899999999999999,-56.05,2.71,-35.96,-64.45,-29.27
2025-07-30T15:39:05.519680,74.0,-59.0,-95.0,46.0,46.0,-49.0,-10.0,50.0,14.0,63.0,3.0,57.0,45.61,-44.66,-86.82,24.12,80.65,-51.37,-33.9,68.95,9.71,67.04,-7.449999999999999,39.730000000000004
2025-07-30T15:39:05.527684,101.0,-117.0,20.0,-4.0,-30.0,-48.0,83.0,48.0,12.0,-7.0,-10.0,110.0,72.61,-102.66,28.18,-25.88,4.649999999999999,-50.37,59.1,66.95,7.71,-2.96,-20.45,92.73
2025-07-30T15:39:05.531916,-14.0,-19.0,43.0,29.0,-52.0,18.0,35.0,38.0,-19.0,67.0,-59.0,20.0,-42.39,-4.66,51.18,7.120000000000001,-17.35,15.629999999999999,11.100000000000001,56.95,-23.29,71.04,-69.45,2.7300000000000004
2025-07-30T15:39:05.536478,-13.0,64.0,13.0,84.0,-53.0,29.0,19.0,-89.0,44.0,50.0,-8.0,22.0,-41.39,78.34,21.18,62.120000000000005,-18.35,26.63,-4.899999999999999,-70.05,39.71,54.04,-18.45,4.73
2025-07-30T15:39:05.544341,17.0,58.0,-88.0,1.0,12.0,-27.0,-6.0,-10.0,-45.0,-34.0,-74.0,46.0,-11.39,72.34,-79.82,-20.88,46.65,-29.37,-29.9,8.95,-49.29,-29.96,-84.45,28.73
2025-07-30T15:39:05.548803,1.0,37.0,-28.0,1.0,-28.0,-17.0,36.0,112.0,-43.0,-25.0,-61.0,3.0,-27.39,51.34,-19.82,-20.88,6.649999999999999,-19.37,12.100000000000001,130.95,-47.29,-20.96,-71.45,-14.27
2025-07-30T15:39:05.556525,36.0,-2.0,-63.0,13.0,-36.0,36.0,80.0,-42.0,-46.0,34.0,-51.0,39.0,7.609999999999999,12.34,-54.82,-8.879999999999999,-1.3500000000000014,33.63,56.1,-23.05,-50.29,38.04,-61.45,21.73
2025-07-30T15:39:05.560472,27.0,21.0,-37.0,106.0,-27.0,38.0,29.0,35.0,25.0,65.0,-41.0,-17.0,-1.3900000000000006,35.34,-28.82,84.12,7.649999999999999,35.63,5.100000000000001,53.95,20.71,69.04,-51.45,-34.269999999999996
2025-07-30T15:39:05.568735,82.0,-118.0,43.0,28.0,14.0,77.0,30.0,-59.0,-73.0,73.0,-23.0,-13.0,53.61,-103.66,51.18,6.120000000000001,48.65,74.63,6.100000000000001,-40.05,-77.29,77.04,-33.45,-30.27
2025-07-30T15:39:05.572787,-38.0,17.0,-1.0,-4.0,-37.0,54.0,58.0,17.0,-22.0,34.0,-3.0,0.0,-66.39,31.34,7.18,-25.88,-2.3500000000000014,51.63,34.1,35.95,-26.29,38.04,-13.45,-17.27
2025-07-30T15:39:05.581102,-51.0,4.0,11.0,10.0,-57.0,3.0,-47.0,29.0,-7.0,18.0,-41.0,2.0,-79.39,18.34,19.18,-11.879999999999999,-22.35,0.6299999999999999,-70.9,47.95,-11.29,22.04,-51.45,-15.27
2025-07-30T15:39:05.585296,38.0,-37.0,-13.0,15.0,8.0,-15.0,80.0,-12.0,0.0,-61.0,-22.0,49.0,9.61,-22.66,-4.82,-6.879999999999999,42.65,-17.37,56.1,6.949999999999999,-4.29,-56.96,-32.45,31.73
2025-07-30T15:39:05.593460,17.0,-17.0,43.0,-42.0,-37.0,-35.0,-65.0,-24.0,0.0,-3.0,7.0,84.0,-11.39,-2.66,51.18,-63.879999999999995,-2.3500000000000014,-37.37,-88.9,-5.050000000000001,-4.29,1.04,-3.4499999999999993,66.73
2025-07-30T15:39:05.597423,26.0,-16.0,7.0,24.0,-27.0,19.0,31.0,-35.0,58.0,88.0,15.0,56.0,-2.3900000000000006,-1.6600000000000001,15.18,2.120000000000001,7.649999999999999,16.63,7.100000000000001,-16.05,53.71,92.04,4.550000000000001,38.730000000000004
2025-07-30T15:39:05.605560,46.0,-19.0,-51.0,11.0,-63.0,-24.0,66.0,-51.0,15.0,-14.0,-30.0,22.0,17.61,-4.66,-42.82,-10.879999999999999,-28.35,-26.37,42.1,-32.05,10.71,-9.96,-40.45,4.73
2025-07-30T15:39:05.609713,16.0,34.0,-62.0,41.0,-36.0,-51.0,73.0,-128.0,-30.0,56.0,-20.0,17.0,-12.39,48.34,-53.82,19.12,-1.3500000000000014,-53.37,49.1,-109.05,-34.29,60.04,-30.45,-0.2699999999999996
2025-07-30T15:39:05.617958,50.0,-33.0,-53.0,67.0,-21.0,36.0,-22.0,-30.0,30.0,65.0,-26.0,-15.0,21.61,-18.66,-44.82,45.120000000000005,13.649999999999999,33.63,-45.9,-11.05,25.71,69.04,-36.45,-32.269999999999996
2025-07-30T15:39:05.622058,-15.0,-54.0,44.0,18.0,-15.0,36.0,-47.0,-14.0,-8.0,24.0,-56.0,80.0,-43.39,-39.66,52.18,-3.879999999999999,19.65,33.63,-70.9,4.949999999999999,-12.29,28.04,-66.45,62.730000000000004
2025-07-30T15:39:05.630229,-17.0,-84.0,22.0,32.0,3.0,4.0,-21.0,-41.0,-12.0,30.0,-65.0,24.0,-45.39,-69.66,30.18,10.120000000000001,37.65,1.63,-44.9,-22.05,-16.29,34.04,-75.45,6.73
2025-07-30T15:39:05.634587,-42.0,50.0,19.0,39.0,-39.0,8.0,-43.0,-62.0,-19.0,18.0,8.0,3.0,-70.39,64.34,27.18,17.12,-4.350000000000001,5.63,-66.9,-43.05,-23.29,22.04,-2.4499999999999993,-14.27
2025-07-30T15:39:05.642544,2.0,96.0,-4.0,56.0,-20.0,-80.0,-85.0,-6.0,-25.0,26.0,-22.0,77.0,-26.39,110.34,4.18,34.120000000000005,14.649999999999999,-82.37,-108.9,12.95,-29.29,30.04,-32.45,59.730000000000004
2025-07-30T15:39:05.646547,76.0,43.0,12.0,-25.0,9.0,-8.0,28.0,24.0,33.0,56.0,-7.0,50.0,47.61,57.34,20.18,-46.879999999999995,43.65,-10.370000000000001,4.100000000000001,42.95,28.71,60.04,-17.45,32.730000000000004
2025-07-30T15:39:05.654781,35.0,34.0,-49.0,76.0,-87.0,-23.0,-42.0,-18.0,-68.0,62.0,-10.0,84.0,6.609999999999999,48.34,-40.82,54.120000000000005,-52.35,-25.37,-65.9,0.9499999999999993,-72.29,66.04,-20.45,66.73
2025-07-30T15:39:05.659000,149.0,44.0,-41.0,64.0,7.0,-25.0,-22.0,0.0,-95.0,27.0,-75.0,-3.0,120.61,58.34,-32.82,42.120000000000005,41.65,-27.37,-45.9,18.95,-99.29,31.04,-85.45,-20.27
2025-07-30T15:39:05.667041,78.0,39.0,-15.0,-22.0,-20.0,0.0,31.0,-21.0,-13.0,14.0,22.0,20.0,49.61,53.34,-6.82,-43.879999999999995,14.649999999999999,-2.37,7.100000000000001,-2.0500000000000007,-17.29,18.04,11.55,2.7300000000000004
2025-07-30T15:39:05.671166,9.0,-65.0,-53.0,27.0,-39.0,9.0,18.0,-84.0,-31.0,19.0,-68.0,71.0,-19.39,-50.66,-44.82,5.120000000000001,-4.350000000000001,6.63,-5.899999999999999,-65.05,-35.29,23.04,-78.45,53.730000000000004
2025-07-30T15:39:05.679238,35.0,-22.0,-87.0,-18.0,-14.0,-25.0,8.0,17.0,4.0,41.0,-13.0,0.0,6.609999999999999,-7.66,-78.82,-39.879999999999995,20.65,-27.37,-15.899999999999999,35.95,-0.29000000000000004,45.04,-23.45,-17.27
2025-07-30T15:39:05.683575,103.0,-70.0,-70.0,21.0,2.0,-19.0,59.0,1.0,-56.0,21.0,-27.0,33.0,74.61,-55.66,-61.82,-0.879999999999999,36.65,-21.37,35.1,19.95,-60.29,25.04,-37.45,15.73
2025-07-30T15:39:05.691429,86.0,8.0,-16.0,-4.0,34.0,8.0,49.0,27.0,6.0,50.0,-21.0,39.0,57.61,22.34,-7.82,-25.88,68.65,5.63,25.1,45.95,1.71,54.04,-31.45,21.73
2025-07-30T15:39:05.695881,52.0,-11.0,-46.0,7.0,-41.0,-77.0,32.0,44.0,-49.0,9.0,-24.0,23.0,23.61,3.34,-37.82,-14.879999999999999,-6.350000000000001,-79.37,8.100000000000001,62.95,-53.29,13.04,-34.45,5.73
2025-07-30T15:39:05.703899,95.0,1.0,-57.0,-29.0,-62.0,-81.0,58.0,-6.0,-31.0,95.0,63.0,4.0,66.61,15.34,-48.82,-50.879999999999995,-27.35,-83.37,34.1,12.95,-35.29,99.04,52.55,-13.27
2025-07-30T15:39:05.708194,64.0,-1.0,-17.0,106.0,-51.0,-40.0,-4.0,43.0,-26.0,53.0,-23.0,22.0,35.61,13.34,-8.82,84.12,-16.35,-42.37,-27.9,61.95,-30.29,57.04,-33.45,4.73
2025-07-30T15:39:05.716131,68.0,-43.0,-5.0,79.0,-24.0,-20.0,33.0,-27.0,-44.0,17.0,-64.0,34.0,39.61,-28.66,3.1799999999999997,57.120000000000005,10.649999999999999,-22.37,9.100000000000001,-8.05,-48.29,21.04,-74.45,16.73
2025-07-30T15:39:05.720470,69.0,-37.0,-35.0,-29.0,-26.0,22.0,89.0,-35.0,-16.0,113.0,-54.0,3.0,40.61,-22.66,-26.82,-50.879999999999995,8.649999999999999,19.63,65.1,-16.05,-20.29,117.04,-64.45,-14.27
2025-07-30T15:39:05.728434,18.0,10.0,6.0,38.0,-31.0,-19.0,30.0,-67.0,-21.0,-2.0,-5.0,47.0,-10.39,24.34,14.18,16.12,3.6499999999999986,-21.37,6.100000000000001,-48.05,-25.29,2.04,-15.45,29.73
2025-07-30T15:39:05.732601,-22.0,2.0,17.0,-16.0,86.0,-65.0,22.0,-79.0,-33.0,50.0,9.0,8.0,-50.39,16.34,25.18,-37.879999999999995,120.65,-67.37,-1.8999999999999986,-60.05,-37.29,54.04,-1.4499999999999993,-9.27
2025-07-30T15:39:05.736654,-2.0,53.0,9.0,-25.0,25.0,-40.0,100.0,-30.0,20.0,-10.0,-9.0,38.0,-30.39,67.34,17.18,-46.879999999999995,59.65,-42.37,76.1,-11.05,15.71,-5.96,-19.45,20.73
2025-07-30T15:39:05.744859,59.0,62.0,-59.0,50.0,-42.0,-50.0,70.0,-7.0,-1.0,39.0,-9.0,41.0,30.61,76.34,-50.82,28.12,-7.350000000000001,-52.37,46.1,11.95,-5.29,43.04,-19.45,23.73
2025-07-30T15:39:05.749345,11.0,13.0,-14.0,-38.0,-80.0,-33.0,46.0,-47.0,5.0,41.0,-8.0,51.0,-17.39,27.34,-5.82,-59.879999999999995,-45.35,-35.37,22.1,-28.05,0.71,45.04,-18.45,33.730000000000004
2025-07-30T15:39:05.757278,65.0,40.0,-43.0,16.0,-39.0,-11.0,78.0,-41.0,34.0,-4.0,-19.0,-2.0,36.61,54.34,-34.82,-5.879999999999999,-4.350000000000001,-13.370000000000001,54.1,-22.05,29.71,0.040000000000000036,-29.45,-19.27
2025-07-30T15:39:05.761651,82.0,1.0,-87.0,-18.0,-22.0,67.0,-18.0,-30.0,-3.0,49.0,1.0,63.0,53.61,15.34,-78.82,-39.879999999999995,12.649999999999999,64.63,-41.9,-11.05,-7.29,53.04,-9.45,45.730000000000004
2025-07-30T15:39:05.769541,40.0,-11.0,-35.0,3.0,-73.0,29.0,-20.0,-31.0,11.0,59.0,-38.0,74.0,11.61,3.34,-26.82,-18.88,-38.35,26.63,-43.9,-12.05,6.71,63.04,-48.45,56.730000000000004
2025-07-30T15:39:05.773973,116.0,-18.0,-52.0,39.0,-1.0,6.0,29.0,-69.0,4.0,78.0,-68.0,91.0,87.61,-3.66,-43.82,17.12,33.65,3.63,5.100000000000001,-50.05,-0.29000000000000004,82.04,-78.45,73.73
2025-07-30T15:39:05.781616,19.0,-50.0,-97.0,-32.0,-38.0,-48.0,15.0,-33.0,31.0,11.0,12.0,-3.0,-9.39,-35.66,-88.82,-53.879999999999995,-3.3500000000000014,-50.37,-8.899999999999999,-14.05,26.71,15.04,1.5500000000000007,-20.27
2025-07-30T15:39:05.786134,72.0,-28.0,-41.0,80.0,-76.0,-78.0,52.0,30.0,34.0,73.0,1.0,7.0,43.61,-13.66,-32.82,58.120000000000005,-41.35,-80.37,28.1,48.95,29.71,77.04,-9.45,-10.27
2025-07-30T15:39:05.794058,125.0,2.0,13.0,34.0,-24.0,-88.0,-35.0,1.0,-23.0,55.0,-5.0,27.0,96.61,16.34,21.18,12.120000000000001,10.649999999999999,-90.37,-58.9,19.95,-27.29,59.04,-15.45,9.73
2025-07-30T15:39:05.798226,49.0,13.0,41.0,3.0,38.0,-1.0,23.0,-75.0,4.0,-4.0,22.0,34.0,20.61,27.34,49.18,-18.88,72.65,-3.37,-0.8999999999999986,-56.05,-0.29000000000000004,0.040000000000000036,11.55,16.73
2025-07-30T15:39:05.806225,106.0,-10.0,0.0,-17.0,15.0,-28.0,32.0,-55.0,13.0,85.0,-28.0,42.0,77.61,4.34,8.18,-38.879999999999995,49.65,-30.37,8.100000000000001,-36.05,8.71,89.04,-38.45,24.73
2025-07-30T15:39:05.810513,-31.0,-11.0,-13.0,155.0,0.0,-20.0,17.0,-31.0,12.0,112.0,-23.0,-9.0,-59.39,3.34,-4.82,133.12,34.65,-22.37,-6.899999999999999,-12.05,7.71,116.04,-33.45,-26.27
2025-07-30T15:39:05.818554,70.0,31.0,-8.0,14.0,16.0,-35.0,-16.0,25.0,-44.0,-62.0,-34.0,56.0,41.61,45.34,0.17999999999999972,-7.879999999999999,50.65,-37.37,-39.9,43.95,-48.29,-57.96,-44.45,38.730000000000004
2025-07-30T15:39:05.822940,52.0,39.0,-87.0,62.0,-25.0,44.0,-44.0,-43.0,-28.0,0.0,2.0,57.0,23.61,53.34,-78.82,40.120000000000005,9.649999999999999,41.63,-67.9,-24.05,-32.29,4.04,-8.45,39.730000000000004
2025-07-30T15:39:05.830842,30.0,32.0,-77.0,95.0,15.0,16.0,12.0,-15.0,-36.0,-50.0,-75.0,36.0,1.6099999999999994,46.34,-68.82,73.12,49.65,13.629999999999999,-11.899999999999999,3.9499999999999993,-40.29,-45.96,-85.45,18.73
2025-07-30T15:39:05.835145,67.0,14.0,-58.0,49.0,50.0,-60.0,1.0,-16.0,-65.0,3.0,-5.0,55.0,38.61,28.34,-49.82,27.12,84.65,-62.37,-22.9,2.9499999999999993,-69.29,7.04,-15.45,37.730000000000004
2025-07-30T15:39:05.843047,53.0,57.0,-68.0,40.0,-13.0,-26.0,7.0,-45.0,29.0,8.0,27.0,88.0,24.61,71.34,-59.82,18.12,21.65,-28.37,-16.9,-26.05,24.71,12.04,16.55,70.73
2025-07-30T15:39:05.847464,62.0,3.0,-128.0,74.0,-27.0,-8.0,-21.0,-44.0,-5.0,7.0,-28.0,17.0,33.61,17.34,-119.82,52.120000000000005,7.649999999999999,-10.370000000000001,-44.9,-25.05,-9.29,11.04,-38.45,-0.2699999999999996
2025-07-30T15:39:05.855306,46.0,60.0,-38.0,98.0,33.0,-83.0,-14.0,21.0,8.0,-16.0,-37.0,40.0,17.61,74.34,-29.82,76.12,67.65,-85.37,-37.9,39.95,3.71,-11.96,-47.45,22.73
2025-07-30T15:39:05.859581,147.0,-24.0,-110.0,54.0,-39.0,-74.0,9.0,-8.0,-45.0,-27.0,-71.0,26.0,118.61,-9.66,-101.82,32.120000000000005,-4.350000000000001,-76.37,-14.899999999999999,10.95,-49.29,-22.96,-81.45,8.73
2025-07-30T15:39:05.863786,88.0,46.0,21.0,41.0,-15.0,-57.0,38.0,-4.0,2.0,-4.0,3.0,16.0,59.61,60.34,29.18,19.12,19.65,-59.37,14.100000000000001,14.95,-2.29,0.040000000000000036,-7.449999999999999,-1.2699999999999996
2025-07-30T15:39:05.871734,48.0,-18.0,35.0,51.0,-65.0,1.0,1.0,-41.0,-79.0,30.0,29.0,14.0,19.61,-3.66,43.18,29.12,-30.35,-1.37,-22.9,-22.05,-83.29,34.04,18.55,-3.2699999999999996
2025-07-30T15:39:05.880089,55.0,-4.0,-10.0,11.0,39.0,23.0,-38.0,74.0,-18.0,13.0,-70.0,-21.0,26.61,10.34,-1.8200000000000003,-10.879999999999999,73.65,20.63,-61.9,92.95,-22.29,17.04,-80.45,-38.269999999999996
2025-07-30T15:39:05.884128,-24.0,-9.0,7.0,50.0,-46.0,-27.0,-3.0,-18.0,-36.0,2.0,-61.0,28.0,-52.39,5.34,15.18,28.12,-11.350000000000001,-29.37,-26.9,0.9499999999999993,-40.29,6.04,-71.45,10.73
2025-07-30T15:39:05.888176,-11.0,-36.0,-17.0,61.0,-68.0,29.0,11.0,-12.0,27.0,32.0,34.0,74.0,-39.39,-21.66,-8.82,39.120000000000005,-33.35,26.63,-12.899999999999999,6.949999999999999,22.71,36.04,23.55,56.730000000000004
2025-07-30T15:39:05.896522,29.0,49.0,32.0,69.0,-27.0,-17.0,74.0,-68.0,-43.0,2.0,12.0,-30.0,0.6099999999999994,63.34,40.18,47.120000000000005,7.649999999999999,-19.37,50.1,-49.05,-47.29,6.04,1.5500000000000007,-47.269999999999996
2025-07-30T15:39:05.900459,16.0,-15.0,-72.0,-18.0,-3.0,5.0,40.0,-36.0,-19.0,19.0,32.0,0.0,-12.39,-0.6600000000000001,-63.82,-39.879999999999995,31.65,2.63,16.1,-17.05,-23.29,23.04,21.55,-17.27
2025-07-30T15:39:05.908723,-12.0,7.0,-50.0,-5.0,-72.0,7.0,47.0,-58.0,19.0,15.0,-6.0,-11.0,-40.39,21.34,-41.82,-26.88,-37.35,4.63,23.1,-39.05,14.71,19.04,-16.45,-28.27
2025-07-30T15:39:05.912798,-6.0,2.0,-72.0,38.0,-7.0,-29.0,52.0,-47.0,9.0,9.0,-19.0,-19.0,-34.39,16.34,-63.82,16.12,27.65,-31.37,28.1,-28.05,4.71,13.04,-29.45,-36.269999999999996
2025-07-30T15:39:05.921088,66.0,13.0,-1.0,-22.0,-75.0,-44.0,49.0,-70.0,20.0,14.0,-40.0,-11.0,37.61,27.34,7.18,-43.879999999999995,-40.35,-46.37,25.1,-51.05,15.71,18.04,-50.45,-28.27
2025-07-30T15:39:05.925495,80.0,-4.0,-96.0,17.0,-12.0,-73.0,31.0,-84.0,58.0,89.0,20.0,-39.0,51.61,10.34,-87.82,-4.879999999999999,22.65,-75.37,7.100000000000001,-65.05,53.71,93.04,9.55,-56.269999999999996
2025-07-30T15:39:05.933402,99.0,-36.0,-21.0,82.0,-59.0,9.0,36.0,-22.0,20.0,23.0,2.0,26.0,70.61,-21.66,-12.82,60.120000000000005,-24.35,6.63,12.100000000000001,-3.0500000000000007,15.71,27.04,-8.45,8.73
2025-07-30T15:39:05.937737,105.0,-3.0,-16.0,-31.0,-7.0,42.0,4.0,-28.0,-16.0,47.0,37.0,-59.0,76.61,11.34,-7.82,-52.879999999999995,27.65,39.63,-19.9,-9.05,-20.29,51.04,26.55,-76.27
2025-07-30T15:39:05.945542,8.0,-26.0,-15.0,-1.0,-1.0,-21.0,28.0,-24.0,17.0,21.0,24.0,-29.0,-20.39,-11.66,-6.82,-22.88,33.65,-23.37,4.100000000000001,-5.050000000000001,12.71,25.04,13.55,-46.269999999999996
2025-07-30T15:39:05.949765,26.0,75.0,-4.0,58.0,-6.0,3.0,27.0,-33.0,-40.0,2.0,23.0,-54.0,-2.3900000000000006,89.34,4.18,36.120000000000005,28.65,0.6299999999999999,3.1000000000000014,-14.05,-44.29,6.04,12.55,-71.27
2025-07-30T15:39:05.957745,-3.0,54.0,24.0,8.0,-31.0,-65.0,-59.0,-13.0,65.0,18.0,-20.0,-72.0,-31.39,68.34,32.18,-13.879999999999999,3.6499999999999986,-67.37,-82.9,5.949999999999999,60.71,22.04,-30.45,-89.27
2025-07-30T15:39:05.962166,15.0,-13.0,-11.0,45.0,43.0,43.0,52.0,11.0,-9.0,-51.0,32.0,-24.0,-13.39,1.3399999999999999,-2.8200000000000003,23.12,77.65,40.63,28.1,29.95,-13.29,-46.96,21.55,-41.269999999999996
2025-07-30T15:39:05.970234,42.0,-46.0,-73.0,86.0,-53.0,-84.0,-34.0,-30.0,-8.0,50.0,38.0,-131.0,13.61,-31.66,-64.82,64.12,-18.35,-86.37,-57.9,-11.05,-12.29,54.04,27.55,-148.27
2025-07-30T15:39:05.974272,55.0,50.0,-23.0,70.0,-54.0,-30.0,-16.0,-68.0,-2.0,-33.0,-4.0,-62.0,26.61,64.34,-14.82,48.120000000000005,-19.35,-32.37,-39.9,-49.05,-6.29,-28.96,-14.45,-79.27
2025-07-30T15:39:05.982307,85.0,7.0,-30.0,-4.0,-29.0,-34.0,40.0,-89.0,12.0,-31.0,60.0,2.0,56.61,21.34,-21.82,-25.88,5.649999999999999,-36.37,16.1,-70.05,7.71,-26.96,49.55,-15.27
2025-07-30T15:39:05.986755,61.0,-24.0,-72.0,37.0,18.0,15.0,0.0,-30.0,-45.0,-64.0,62.0,-50.0,32.61,-9.66,-63.82,15.120000000000001,52.65,12.629999999999999,-23.9,-11.05,-49.29,-59.96,51.55,-67.27
2025-07-30T15:39:05.994589,72.0,-16.0,-7.0,5.0,11.0,0.0,10.0,-11.0,-11.0,2.0,22.0,-97.0,43.61,-1.6600000000000001,1.1799999999999997,-16.88,45.65,-2.37,-13.899999999999999,7.949999999999999,-15.29,6.04,11.55,-114.27
2025-07-30T15:39:05.998812,70.0,-37.0,-103.0,30.0,7.0,-29.0,63.0,4.0,-33.0,-75.0,27.0,34.0,41.61,-22.66,-94.82,8.120000000000001,41.65,-31.37,39.1,22.95,-37.29,-70.96,16.55,16.73
2025-07-30T15:39:06.007001,30.0,16.0,-20.0,26.0,-67.0,-31.0,7.0,-45.0,0.0,-64.0,-19.0,19.0,1.6099999999999994,30.34,-11.82,4.120000000000001,-32.35,-33.37,-16.9,-26.05,-4.29,-59.96,-29.45,1.7300000000000004
2025-07-30T15:39:06.011359,-1.0,-34.0,-18.0,46.0,-66.0,-49.0,55.0,-2.0,-43.0,-41.0,24.0,53.0,-29.39,-19.66,-9.82,24.12,-31.35,-51.37,31.1,16.95,-47.29,-36.96,13.55,35.730000000000004
2025-07-30T15:39:06.019188,-24.0,13.0,1.0,64.0,-61.0,-61.0,-25.0,-109.0,-15.0,-31.0,61.0,33.0,-52.39,27.34,9.18,42.120000000000005,-26.35,-63.37,-48.9,-90.05,-19.29,-26.96,50.55,15.73
2025-07-30T15:39:06.023614,-77.0,47.0,-72.0,-14.0,-22.0,2.0,22.0,-53.0,-1.0,-15.0,16.0,24.0,-105.39,61.34,-63.82,-35.879999999999995,12.649999999999999,-0.3700000000000001,-1.8999999999999986,-34.05,-5.29,-10.96,5.550000000000001,6.73
2025-07-30T15:39:06.027733,30.0,21.0,-7.0,-35.0,38.0,-64.0,40.0,-3.0,-10.0,-1.0,23.0,24.0,1.6099999999999994,35.34,1.1799999999999997,-56.879999999999995,72.65,-66.37,16.1,15.95,-14.29,3.04,12.55,6.73
2025-07-30T15:39:06.035729,52.0,-13.0,-79.0,-7.0,-20.0,70.0,30.0,34.0,41.0,-29.0,-34.0,10.0,23.61,1.3399999999999999,-70.82,-28.88,14.649999999999999,67.63,6.100000000000001,52.95,36.71,-24.96,-44.45,-7.27
2025-07-30T15:39:06.039741,70.0,10.0,-30.0,99.0,-8.0,-43.0,28.0,-60.0,32.0,-36.0,-5.0,-32.0,41.61,24.34,-21.82,77.12,26.65,-45.37,4.100000000000001,-41.05,27.71,-31.96,-15.45,-49.269999999999996
2025-07-30T15:39:06.047826,57.0,11.0,-51.0,92.0,31.0,-30.0,6.0,11.0,19.0,-78.0,-50.0,18.0,28.61,25.34,-42.82,70.12,65.65,-32.37,-17.9,29.95,14.71,-73.96,-60.45,0.7300000000000004
2025-07-30T15:39:06.056159,72.0,-26.0,-37.0,70.0,-72.0,-41.0,28.0,-41.0,-29.0,10.0,-79.0,17.0,43.61,-11.66,-28.82,48.120000000000005,-37.35,-43.37,4.100000000000001,-22.05,-33.29,14.04,-89.45,-0.2699999999999996
2025-07-30T15:39:06.060428,12.0,4.0,15.0,63.0,-60.0,-11.0,-2.0,38.0,-26.0,-32.0,-62.0,-34.0,-16.39,18.34,23.18,41.120000000000005,-25.35,-13.370000000000001,-25.9,56.95,-30.29,-27.96,-72.45,-51.269999999999996
2025-07-30T15:39:06.064763,4.0,74.0,25.0,16.0,-34.0,8.0,34.0,27.0,-3.0,-45.0,99.0,26.0,-24.39,88.34,33.18,-5.879999999999999,0.6499999999999986,5.63,10.100000000000001,45.95,-7.29,-40.96,88.55,8.73
2025-07-30T15:39:06.072644,-5.0,40.0,36.0,17.0,-57.0,-7.0,-3.0,-54.0,-30.0,-3.0,57.0,37.0,-33.39,54.34,44.18,-4.879999999999999,-22.35,-9.370000000000001,-26.9,-35.05,-34.29,1.04,46.55,19.73
2025-07-30T15:39:06.077059,40.0,27.0,-38.0,29.0,-12.0,24.0,-26.0,26.0,-20.0,38.0,2.0,33.0,11.61,41.34,-29.82,7.120000000000001,22.65,21.63,-49.9,44.95,-24.29,42.04,-8.45,15.73
2025-07-30T15:39:06.084727,-24.0,60.0,-37.0,-9.0,21.0,-65.0,-30.0,7.0,-28.0,4.0,-38.0,20.0,-52.39,74.34,-28.82,-30.88,55.65,-67.37,-53.9,25.95,-32.29,8.04,-48.45,2.7300000000000004
2025-07-30T15:39:06.089401,49.0,83.0,-63.0,59.0,-80.0,-62.0,58.0,32.0,-51.0,12.0,-8.0,-2.0,20.61,97.34,-54.82,37.120000000000005,-45.35,-64.37,34.1,50.95,-55.29,16.04,-18.45,-19.27
2025-07-30T15:39:06.097242,25.0,57.0,-105.0,81.0,-68.0,-31.0,-74.0,-93.0,-35.0,59.0,-44.0,-22.0,-3.3900000000000006,71.34,-96.82,59.120000000000005,-33.35,-33.37,-97.9,-74.05,-39.29,63.04,-54.45,-39.269999999999996
2025-07-30T15:39:06.101982,99.0,90.0,-34.0,41.0,-36.0,-13.0,-48.0,15.0,-41.0,117.0,-1.0,53.0,70.61,104.34,-25.82,19.12,-1.3500000000000014,-15.370000000000001,-71.9,33.95,-45.29,121.04,-11.45,35.730000000000004
2025-07-30T15:39:06.109578,85.0,-71.0,-76.0,71.0,-68.0,-55.0,43.0,-45.0,-12.0,30.0,-35.0,29.0,56.61,-56.66,-67.82,49.120000000000005,-33.35,-57.37,19.1,-26.05,-16.29,34.04,-45.45,11.73
2025-07-30T15:39:06.114643,20.0,-82.0,-34.0,12.0,-61.0,-53.0,24.0,-1.0,-55.0,42.0,-43.0,25.0,-8.39,-67.66,-25.82,-9.879999999999999,-26.35,-55.37,0.10000000000000142,17.95,-59.29,46.04,-53.45,7.73
2025-07-30T15:39:06.121579,6.0,-44.0,8.0,59.0,18.0,-4.0,59.0,-78.0,-22.0,-14.0,0.0,24.0,-22.39,-29.66,16.18,37.120000000000005,52.65,-6.37,35.1,-59.05,-26.29,-9.96,-10.45,6.73
2025-07-30T15:39:06.125983,48.0,-15.0,-49.0,1.0,-12.0,-13.0,36.0,-38.0,-36.0,33.0,-42.0,45.0,19.61,-0.6600000000000001,-40.82,-20.88,22.65,-15.370000000000001,12.100000000000001,-19.05,-40.29,37.04,-52.45,27.73
2025-07-30T15:39:06.133905,71.0,-2.0,31.0,106.0,17.0,-41.0,79.0,-30.0,-5.0,70.0,8.0,-7.0,42.61,12.34,39.18,84.12,51.65,-43.37,55.1,-11.05,-9.29,74.04,-2.4499999999999993,-24.27
2025-07-30T15:39:06.138347,52.0,35.0,-58.0,110.0,-54.0,-46.0,43.0,-8.0,-29.0,21.0,-9.0,-36.0,23.61,49.34,-49.82,88.12,-19.35,-48.37,19.1,10.95,-33.29,25.04,-19.45,-53.269999999999996
2025-07-30T15:39:06.146285,75.0,-16.0,-65.0,33.0,31.0,8.0,66.0,28.0,3.0,47.0,-51.0,62.0,46.61,-1.6600000000000001,-56.82,11.120000000000001,65.65,5.63,42.1,46.95,-1.29,51.04,-61.45,44.730000000000004
2025-07-30T15:39:06.150612,51.0,-23.0,-57.0,-43.0,-21.0,-8.0,98.0,-28.0,-20.0,87.0,-26.0,18.0,22.61,-8.66,-48.82,-64.88,13.649999999999999,-10.370000000000001,74.1,-9.05,-24.29,91.04,-36.45,0.7300000000000004
2025-07-30T15:39:06.158523,10.0,-12.0,-58.0,43.0,37.0,21.0,10.0,-55.0,2.0,44.0,-29.0,70.0,-18.39,2.34,-49.82,21.12,71.65,18.63,-13.899999999999999,-36.05,-2.29,48.04,-39.45,52.730000000000004
2025-07-30T15:39:06.162796,109.0,-68.0,-114.0,-2.0,-31.0,-46.0,99.0,4.0,-22.0,71.0,-11.0,1.0,80.61,-53.66,-105.82,-23.88,3.6499999999999986,-48.37,75.1,22.95,-26.29,75.04,-21.45,-16.27
2025-07-30T15:39:06.170789,88.0,-52.0,37.0,105.0,5.0,-22.0,-35.0,-85.0,-54.0,64.0,-27.0,36.0,59.61,-37.66,45.18,83.12,39.65,-24.37,-58.9,-66.05,-58.29,68.04,-37.45,18.73
2025-07-30T15:39:06.175029,-16.0,-40.0,26.0,56.0,-62.0,-40.0,-5.0,56.0,18.0,20.0,8.0,36.0,-44.39,-25.66,34.18,34.120000000000005,-27.35,-42.37,-28.9,74.95,13.71,24.04,-2.4499999999999993,18.73
2025-07-30T15:39:06.183103,0.0,31.0,17.0,69.0,-8.0,-20.0,37.0,6.0,22.0,24.0,7.0,-22.0,-28.39,45.34,25.18,47.120000000000005,26.65,-22.37,13.100000000000001,24.95,17.71,28.04,-3.4499999999999993,-39.269999999999996
2025-07-30T15:39:06.187406,19.0,-15.0,15.0,-6.0,-74.0,-19.0,32.0,48.0,-21.0,28.0,-18.0,30.0,-9.39,-0.6600000000000001,23.18,-27.88,-39.35,-21.37,8.100000000000001,66.95,-25.29,32.04,-28.45,12.73
2025-07-30T15:39:06.195316,37.0,62.0,-26.0,9.0,-21.0,-6.0,7.0,29.0,-13.0,60.0,13.0,87.0,8.61,76.34,-17.82,-12.879999999999999,13.649999999999999,-8.370000000000001,-16.9,47.95,-17.29,64.04,2.5500000000000007,69.73
2025-07-30T15:39:06.199743,37.0,-3.0,-49.0,15.0,-3.0,54.0,23.0,-44.0,-56.0,65.0,-23.0,54.0,8.61,11.34,-40.82,-6.879999999999999,31.65,51.63,-0.8999999999999986,-25.05,-60.29,69.04,-33.45,36.730000000000004
2025-07-30T15:39:06.207868,123.0,74.0,-16.0,48.0,-13.0,-12.0,-14.0,-7.0,-56.0,79.0,20.0,23.0,94.61,88.34,-7.82,26.12,21.65,-14.370000000000001,-37.9,11.95,-60.29,83.04,9.55,5.73
2025-07-30T15:39:06.211876,101.0,-68.0,-85.0,-26.0,0.0,-44.0,17.0,-20.0,-17.0,-5.0,-52.0,25.0,72.61,-53.66,-76.82,-47.879999999999995,34.65,-46.37,-6.899999999999999,-1.0500000000000007,-21.29,-0.96,-62.45,7.73
2025-07-30T15:39:06.220098,66.0,-56.0,-10.0,92.0,31.0,-35.0,25.0,-34.0,-5.0,47.0,-31.0,-25.0,37.61,-41.66,-1.8200000000000003,70.12,65.65,-37.37,1.1000000000000014,-15.05,-9.29,51.04,-41.45,-42.269999999999996
2025-07-30T15:39:06.224163,-24.0,7.0,-33.0,77.0,4.0,-19.0,-18.0,-57.0,-37.0,-31.0,0.0,4.0,-52.39,21.34,-24.82,55.120000000000005,38.65,-21.37,-41.9,-38.05,-41.29,-26.96,-10.45,-13.27
2025-07-30T15:39:06.232296,33.0,-9.0,0.0,43.0,-25.0,-2.0,62.0,-74.0,-47.0,3.0,-20.0,-11.0,4.609999999999999,5.34,8.18,21.12,9.649999999999999,-4.37,38.1,-55.05,-51.29,7.04,-30.45,-28.27
2025-07-30T15:39:06.236557,26.0,-79.0,-39.0,88.0,-7.0,-1.0,37.0,28.0,-51.0,49.0,-48.0,16.0,-2.3900000000000006,-64.66,-30.82,66.12,27.65,-3.37,13.100000000000001,46.95,-55.29,53.04,-58.45,-1.2699999999999996
2025-07-30T15:39:06.244360,-19.0,10.0,65.0,51.0,-103.0,62.0,64.0,-73.0,-17.0,56.0,0.0,1.0,-47.39,24.34,73.18,29.12,-68.35,59.63,40.1,-54.05,-21.29,60.04,-10.45,-16.27
2025-07-30T15:39:06.248683,45.0,-31.0,7.0,19.0,-67.0,-31.0,-49.0,0.0,-15.0,13.0,35.0,12.0,16.61,-16.66,15.18,-2.879999999999999,-32.35,-33.37,-72.9,18.95,-19.29,17.04,24.55,-5.27
2025-07-30T15:39:06.252805,-18.0,2.0,-101.0,5.0,5.0,-36.0,83.0,-15.0,-39.0,35.0,11.0,-32.0,-46.39,16.34,-92.82,-16.88,39.65,-38.37,59.1,3.9499999999999993,-43.29,39.04,0.5500000000000007,-49.269999999999996
2025-07-30T15:39:06.260919,4.0,24.0,-23.0,21.0,20.0,-45.0,71.0,-36.0,10.0,9.0,15.0,-2.0,-24.39,38.34,-14.82,-0.879999999999999,54.65,-47.37,47.1,-17.05,5.71,13.04,4.550000000000001,-19.27
2025-07-30T15:39:06.265045,-17.0,18.0,-29.0,83.0,-28.0,-16.0,68.0,-15.0,33.0,68.0,-6.0,79.0,-45.39,32.34,-20.82,61.120000000000005,6.649999999999999,-18.37,44.1,3.9499999999999993,28.71,72.04,-16.45,61.730000000000004
2025-07-30T15:39:06.273317,95.0,18.0,-27.0,64.0,-79.0,20.0,71.0,-74.0,3.0,24.0,1.0,56.0,66.61,32.34,-18.82,42.120000000000005,-44.35,17.63,47.1,-55.05,-1.29,28.04,-9.45,38.730000000000004
2025-07-30T15:39:06.277249,72.0,-29.0,-71.0,47.0,9.0,15.0,10.0,41.0,-48.0,6.0,-31.0,16.0,43.61,-14.66,-62.82,25.12,43.65,12.629999999999999,-13.899999999999999,59.95,-52.29,10.04,-41.45,-1.2699999999999996
2025-07-30T15:39:06.285484,89.0,-31.0,-133.0,69.0,-95.0,4.0,46.0,-12.0,14.0,85.0,-36.0,-32.0,60.61,-16.66,-124.82,47.120000000000005,-60.35,1.63,22.1,6.949999999999999,9.71,89.04,-46.45,-49.269999999999996
2025-07-30T15:39:06.289563,79.0,-35.0,18.0,17.0,-26.0,9.0,44.0,-47.0,-44.0,48.0,18.0,97.0,50.61,-20.66,26.18,-4.879999999999999,8.649999999999999,6.63,20.1,-28.05,-48.29,52.04,7.550000000000001,79.73
2025-07-30T15:39:06.297745,76.0,2.0,5.0,30.0,-55.0,-27.0,49.0,-21.0,-5.0,1.0,72.0,51.0,47.61,16.34,13.18,8.120000000000001,-20.35,-29.37,25.1,-2.0500000000000007,-9.29,5.04,61.55,33.730000000000004
2025-07-30T15:39:06.301899,26.0,-48.0,-24.0,-8.0,-52.0,70.0,81.0,9.0,-123.0,34.0,-15.0,63.0,-2.3900000000000006,-33.66,-15.82,-29.88,-17.35,67.63,57.1,27.95,-127.29,38.04,-25.45,45.730000000000004
2025-07-30T15:39:06.310149,-7.0,-30.0,30.0,-48.0,-15.0,-32.0,73.0,-59.0,-31.0,10.0,2.0,34.0,-35.39,-15.66,38.18,-69.88,19.65,-34.37,49.1,-40.05,-35.29,14.04,-8.45,16.73
2025-07-30T15:39:06.314720,16.0,32.0,-37.0,19.0,54.0,11.0,-23.0,-51.0,-38.0,76.0,65.0,-10.0,-12.39,46.34,-28.82,-2.879999999999999,88.65,8.629999999999999,-46.9,-32.05,-42.29,80.04,54.55,-27.27
2025-07-30T15:39:06.322513,98.0,-4.0,-49.0,77.0,-42.0,-14.0,39.0,-30.0,-14.0,96.0,-33.0,54.0,69.61,10.34,-40.82,55.120000000000005,-7.350000000000001,-16.37,15.100000000000001,-11.05,-18.29,100.04,-43.45,36.730000000000004
2025-07-30T15:39:06.326457,54.0,-80.0,-88.0,43.0,-41.0,27.0,-67.0,12.0,1.0,4.0,24.0,17.0,25.61,-65.66,-79.82,21.12,-6.350000000000001,24.63,-90.9,30.95,-3.29,8.04,13.55,-0.2699999999999996
2025-07-30T15:39:06.334736,68.0,-24.0,-14.0,-45.0,-18.0,-1.0,-18.0,-61.0,1.0,36.0,-9.0,17.0,39.61,-9.66,-5.82,-66.88,16.65,-3.37,-41.9,-42.05,-3.29,40.04,-19.45,-0.2699999999999996
2025-07-30T15:39:06.338855,46.0,-36.0,38.0,29.0,-39.0,50.0,-60.0,36.0,-89.0,56.0,-42.0,5.0,17.61,-21.66,46.18,7.120000000000001,-4.350000000000001,47.63,-83.9,54.95,-93.29,60.04,-52.45,-12.27
2025-07-30T15:39:06.346945,74.0,-38.0,28.0,-37.0,-92.0,-53.0,-20.0,34.0,18.0,46.0,-36.0,-5.0,45.61,-23.66,36.18,-58.879999999999995,-57.35,-55.37,-43.9,52.95,13.71,50.04,-46.45,-22.27
2025-07-30T15:39:06.351135,8.0,45.0,-13.0,72.0,-12.0,28.0,44.0,60.0,19.0,19.0,-1.0,7.0,-20.39,59.34,-4.82,50.120000000000005,22.65,25.63,20.1,78.95,14.71,23.04,-11.45,-10.27
2025-07-30T15:39:06.359269,-12.0,-83.0,33.0,58.0,18.0,-94.0,15.0,-66.0,22.0,63.0,-42.0,-16.0,-40.39,-68.66,41.18,36.120000000000005,52.65,-96.37,-8.899999999999999,-47.05,17.71,67.04,-52.45,-33.269999999999996
2025-07-30T15:39:06.363614,39.0,-31.0,9.0,73.0,-66.0,-86.0,-9.0,-2.0,-30.0,42.0,3.0,-36.0,10.61,-16.66,17.18,51.120000000000005,-31.35,-88.37,-32.9,16.95,-34.29,46.04,-7.449999999999999,-53.269999999999996
2025-07-30T15:39:06.371544,64.0,52.0,-56.0,21.0,-49.0,-85.0,28.0,26.0,2.0,17.0,-18.0,55.0,35.61,66.34,-47.82,-0.879999999999999,-14.350000000000001,-87.37,4.100000000000001,44.95,-2.29,21.04,-28.45,37.730000000000004
2025-07-30T15:39:06.375726,35.0,22.0,-61.0,70.0,-62.0,76.0,10.0,33.0,-21.0,47.0,-5.0,33.0,6.609999999999999,36.34,-52.82,48.120000000000005,-27.35,73.63,-13.899999999999999,51.95,-25.29,51.04,-15.45,15.73
2025-07-30T15:39:06.383726,59.0,40.0,-44.0,-10.0,-42.0,-13.0,-8.0,49.0,53.0,22.0,12.0,10.0,30.61,54.34,-35.82,-31.88,-7.350000000000001,-15.370000000000001,-31.9,67.95,48.71,26.04,1.5500000000000007,-7.27
2025-07-30T15:39:06.388170,76.0,-32.0,-31.0,19.0,-48.0,-6.0,-36.0,19.0,-33.0,51.0,20.0,-29.0,47.61,-17.66,-22.82,-2.879999999999999,-13.350000000000001,-8.370000000000001,-59.9,37.95,-37.29,55.04,9.55,-46.269999999999996
2025-07-30T15:39:06.395918,57.0,37.0,26.0,9.0,-1.0,-11.0,31.0,-44.0,1.0,29.0,10.0,-21.0,28.61,51.34,34.18,-12.879999999999999,33.65,-13.370000000000001,7.100000000000001,-25.05,-3.29,33.04,-0.4499999999999993,-38.269999999999996
2025-07-30T15:39:06.400292,86.0,-31.0,-3.0,10.0,5.0,-43.0,0.0,7.0,-47.0,76.0,-27.0,27.0,57.61,-16.66,5.18,-11.879999999999999,39.65,-45.37,-23.9,25.95,-51.29,80.04,-37.45,9.73
2025-07-30T15:39:06.408330,108.0,-23.0,0.0,88.0,-15.0,-25.0,-30.0,-64.0,-44.0,40.0,2.0,47.0,79.61,-8.66,8.18,66.12,19.65,-27.37,-53.9,-45.05,-48.29,44.04,-8.45,29.73
2025-07-30T15:39:06.412593,-24.0,16.0,34.0,41.0,-50.0,-7.0,39.0,-52.0,-15.0,-9.0,-13.0,36.0,-52.39,30.34,42.18,19.12,-15.350000000000001,-9.370000000000001,15.100000000000001,-33.05,-19.29,-4.96,-23.45,18.73
2025-07-30T15:39:06.420434,57.0,26.0,-9.0,62.0,6.0,11.0,17.0,-19.0,0.0,71.0,-38.0,11.0,28.61,40.34,-0.8200000000000003,40.120000000000005,40.65,8.629999999999999,-6.899999999999999,-0.05000000000000071,-4.29,75.04,-48.45,-6.27
2025-07-30T15:39:06.424773,18.0,-27.0,35.0,30.0,-73.0,32.0,35.0,33.0,-8.0,41.0,-48.0,51.0,-10.39,-12.66,43.18,8.120000000000001,-38.35,29.63,11.100000000000001,51.95,-12.29,45.04,-58.45,33.730000000000004
2025-07-30T15:39:06.428924,-6.0,19.0,-64.0,-8.0,-41.0,-30.0,41.0,-65.0,5.0,4.0,-2.0,66.0,-34.39,33.34,-55.82,-29.88,-6.350000000000001,-32.37,17.1,-46.05,0.71,8.04,-12.45,48.730000000000004
2025-07-30T15:39:06.437097,64.0,-16.0,-97.0,70.0,-53.0,-25.0,-63.0,-63.0,-33.0,62.0,6.0,-38.0,35.61,-1.6600000000000001,-88.82,48.120000000000005,-18.35,-27.37,-86.9,-44.05,-37.29,66.04,-4.449999999999999,-55.269999999999996
2025-07-30T15:39:06.441291,47.0,-27.0,-23.0,40.0,21.0,-14.0,37.0,21.0,15.0,42.0,-68.0,70.0,18.61,-12.66,-14.82,18.12,55.65,-16.37,13.100000000000001,39.95,10.71,46.04,-78.45,52.730000000000004
2025-07-30T15:39:06.449607,46.0,-74.0,-98.0,108.0,-16.0,-73.0,41.0,-45.0,29.0,91.0,-45.0,121.0,17.61,-59.66,-89.82,86.12,18.65,-75.37,17.1,-26.05,24.71,95.04,-55.45,103.73
2025-07-30T15:39:06.453611,136.0,-77.0,18.0,72.0,-34.0,3.0,24.0,-17.0,73.0,95.0,-85.0,55.0,107.61,-62.66,26.18,50.120000000000005,0.6499999999999986,0.6299999999999999,0.10000000000000142,1.9499999999999993,68.71,99.04,-95.45,37.730000000000004
2025-07-30T15:39:06.461776,40.0,-81.0,17.0,93.0,0.0,-45.0,33.0,-10.0,77.0,106.0,-63.0,97.0,11.61,-66.66,25.18,71.12,34.65,-47.37,9.100000000000001,8.95,72.71,110.04,-73.45,79.73
2025-07-30T15:39:06.465688,-7.0,-2.0,80.0,26.0,-62.0,-52.0,-26.0,-68.0,28.0,143.0,-20.0,58.0,-35.39,12.34,88.18,4.120000000000001,-27.35,-54.37,-49.9,-49.05,23.71,147.04,-30.45,40.730000000000004
2025-07-30T15:39:06.474053,13.0,-72.0,-47.0,34.0,5.0,-105.0,56.0,-3.0,18.0,128.0,10.0,13.0,-15.39,-57.66,-38.82,12.120000000000001,39.65,-107.37,32.1,15.95,13.71,132.04,-0.4499999999999993,-4.27
2025-07-30T15:39:06.482106,138.0,63.0,-17.0,72.0,-53.0,-41.0,77.0,-33.0,22.0,120.0,88.0,-2.0,109.61,77.34,-8.82,50.120000000000005,-18.35,-43.37,53.1,-14.05,17.71,124.04,77.55,-19.27
2025-07-30T15:39:06.486315,146.0,-6.0,14.0,126.0,72.0,19.0,60.0,-30.0,109.0,179.0,46.0,69.0,117.61,8.34,22.18,104.12,106.65,16.63,36.1,-11.05,104.71,183.04,35.55,51.730000000000004
2025-07-30T15:39:06.490998,87.0,-40.0,120.0,0.0,-8.0,-5.0,47.0,50.0,55.0,121.0,82.0,68.0,58.61,-25.66,128.18,-21.88,26.65,-7.37,23.1,68.95,50.71,125.04,71.55,50.730000000000004
2025-07-30T15:39:06.498678,118.0,-25.0,34.0,91.0,-40.0,-2.0,89.0,-49.0,20.0,166.0,160.0,63.0,89.61,-10.66,42.18,69.12,-5.350000000000001,-4.37,65.1,-30.05,15.71,170.04,149.55,45.730000000000004
2025-07-30T15:39:06.506553,114.0,85.0,85.0,85.0,47.0,-12.0,87.0,69.0,-101.0,174.0,182.0,36.0,85.61,99.34,93.18,63.120000000000005,81.65,-14.370000000000001,63.1,87.95,-105.29,178.04,171.55,18.73
2025-07-30T15:39:06.510829,30.0,129.0,87.0,102.0,38.0,-74.0,79.0,97.0,-153.0,116.0,204.0,1.0,1.6099999999999994,143.34,95.18,80.12,72.65,-76.37,55.1,115.95,-157.29,120.04,193.55,-16.27
2025-07-30T15:39:06.518854,263.0,201.0,46.0,150.0,126.0,-80.0,91.0,164.0,-162.0,179.0,268.0,32.0,234.61,215.34,54.18,128.12,160.65,-82.37,67.1,182.95,-166.29,183.04,257.55,14.73
2025-07-30T15:39:06.523141,218.0,109.0,100.0,123.0,97.0,-62.0,89.0,97.0,-202.0,135.0,302.0,-3.0,189.61,123.34,108.18,101.12,131.65,-64.37,65.1,115.95,-206.29,139.04,291.55,-20.27
2025-07-30T15:39:06.531258,170.0,218.0,144.0,210.0,114.0,-153.0,81.0,96.0,-204.0,73.0,319.0,23.0,141.61,232.34,152.18,188.12,148.65,-155.37,57.1,114.95,-208.29,77.04,308.55,5.73
2025-07-30T15:39:06.535624,256.0,208.0,0.0,156.0,-26.0,-103.0,28.0,127.0,-237.0,117.0,387.0,77.0,227.61,222.34,8.18,134.12,8.649999999999999,-105.37,4.100000000000001,145.95,-241.29,121.04,376.55,59.730000000000004
2025-07-30T15:39:06.543704,300.0,208.0,106.0,240.0,67.0,-62.0,97.0,94.0,-284.0,173.0,413.0,17.0,271.61,222.34,114.18,218.12,101.65,-64.37,73.1,112.95,-288.29,177.04,402.55,-0.2699999999999996
2025-07-30T15:39:06.551746,136.0,334.0,128.0,254.0,150.0,-125.0,101.0,72.0,-238.0,210.0,512.0,-56.0,107.61,348.34,136.18,232.12,184.65,-127.37,77.1,90.95,-242.29,214.04,501.55,-73.27
2025-07-30T15:39:06.555997,294.0,399.0,81.0,292.0,137.0,-67.0,45.0,155.0,-295.0,166.0,483.0,9.0,265.61,413.34,89.18,270.12,171.65,-69.37,21.1,173.95,-299.29,170.04,472.55,-8.27
2025-07-30T15:39:06.564094,247.0,329.0,128.0,255.0,164.0,-96.0,-9.0,118.0,-286.0,123.0,415.0,17.0,218.61,343.34,136.18,233.12,198.65,-98.37,-32.9,136.95,-290.29,127.04,404.55,-0.2699999999999996
2025-07-30T15:39:06.568460,240.0,397.0,103.0,321.0,80.0,-123.0,108.0,144.0,-287.0,132.0,525.0,62.0,211.61,411.34,111.18,299.12,114.65,-125.37,84.1,162.95,-291.29,136.04,514.55,44.730000000000004
2025-07-30T15:39:06.576256,287.0,337.0,68.0,249.0,117.0,-79.0,61.0,149.0,-228.0,51.0,529.0,-36.0,258.61,351.34,76.18,227.12,151.65,-81.37,37.1,167.95,-232.29,55.04,518.55,-53.269999999999996
2025-07-30T15:39:06.584269,229.0,319.0,121.0,266.0,141.0,-120.0,36.0,163.0,-376.0,147.0,534.0,-12.0,200.61,333.34,129.18,244.12,175.65,-122.37,12.100000000000001,181.95,-380.29,151.04,523.55,-29.27
2025-07-30T15:39:06.588763,213.0,456.0,76.0,383.0,161.0,-211.0,14.0,190.0,-352.0,156.0,457.0,62.0,184.61,470.34,84.18,361.12,195.65,-213.37,-9.899999999999999,208.95,-356.29,160.04,446.55,44.730000000000004
2025-07-30T15:39:06.596862,397.0,414.0,48.0,340.0,161.0,-146.0,-13.0,122.0,-378.0,133.0,476.0,76.0,368.61,428.34,56.18,318.12,195.65,-148.37,-36.9,140.95,-382.29,137.04,465.55,58.730000000000004
2025-07-30T15:39:06.601216,237.0,428.0,28.0,304.0,199.0,-175.0,102.0,137.0,-340.0,71.0,607.0,57.0,208.61,442.34,36.18,282.12,233.65,-177.37,78.1,155.95,-344.29,75.04,596.55,39.730000000000004
2025-07-30T15:39:06.609230,196.0,508.0,46.0,357.0,150.0,-173.0,6.0,168.0,-382.0,79.0,535.0,-40.0,167.61,522.34,54.18,335.12,184.65,-175.37,-17.9,186.95,-386.29,83.04,524.55,-57.269999999999996
2025-07-30T15:39:06.613373,291.0,405.0,74.0,249.0,206.0,-145.0,15.0,147.0,-353.0,130.0,527.0,-5.0,262.61,419.34,82.18,227.12,240.65,-147.37,-8.899999999999999,165.95,-357.29,134.04,516.55,-22.27
2025-07-30T15:39:06.621550,247.0,366.0,97.0,388.0,150.0,-173.0,-11.0,185.0,-349.0,155.0,473.0,20.0,218.61,380.34,105.18,366.12,184.65,-175.37,-34.9,203.95,-353.29,159.04,462.55,2.7300000000000004
2025-07-30T15:39:06.629569,213.0,531.0,36.0,328.0,165.0,-190.0,116.0,121.0,-362.0,125.0,484.0,-35.0,184.61,545.34,44.18,306.12,199.65,-192.37,92.1,139.95,-366.29,129.04,473.55,-52.269999999999996
2025-07-30T15:39:06.633697,352.0,390.0,87.0,318.0,187.0,-196.0,112.0,130.0,-342.0,54.0,586.0,-22.0,323.61,404.34,95.18,296.12,221.65,-198.37,88.1,148.95,-346.29,58.04,575.55,-39.269999999999996
2025-07-30T15:39:06.641780,238.0,487.0,105.0,320.0,120.0,-114.0,32.0,120.0,-328.0,126.0,576.0,-25.0,209.61,501.34,113.18,298.12,154.65,-116.37,8.100000000000001,138.95,-332.29,130.04,565.55,-42.269999999999996
2025-07-30T15:39:06.646087,286.0,434.0,45.0,372.0,176.0,-204.0,72.0,169.0,-363.0,135.0,495.0,-22.0,257.61,448.34,53.18,350.12,210.65,-206.37,48.1,187.95,-367.29,139.04,484.55,-39.269999999999996
2025-07-30T15:39:06.654363,282.0,417.0,139.0,424.0,189.0,-243.0,43.0,128.0,-357.0,135.0,477.0,75.0,253.61,431.34,147.18,402.12,223.65,-245.37,19.1,146.95,-361.29,139.04,466.55,57.730000000000004
2025-07-30T15:39:06.662390,249.0,445.0,55.0,350.0,146.0,-179.0,22.0,215.0,-359.0,69.0,562.0,8.0,220.61,459.34,63.18,328.12,180.65,-181.37,-1.8999999999999986,233.95,-363.29,73.04,551.55,-9.27
2025-07-30T15:39:06.666602,320.0,355.0,47.0,346.0,81.0,-205.0,-14.0,91.0,-379.0,99.0,558.0,-20.0,291.61,369.34,55.18,324.12,115.65,-207.37,-37.9,109.95,-383.29,103.04,547.55,-37.269999999999996
2025-07-30T15:39:06.674679,263.0,345.0,167.0,322.0,195.0,-172.0,21.0,201.0,-349.0,148.0,563.0,-47.0,234.61,359.34,175.18,300.12,229.65,-174.37,-2.8999999999999986,219.95,-353.29,152.04,552.55,-64.27
2025-07-30T15:39:06.679197,189.0,395.0,-1.0,345.0,130.0,-148.0,28.0,179.0,-375.0,152.0,496.0,33.0,160.61,409.34,7.18,323.12,164.65,-150.37,4.100000000000001,197.95,-379.29,156.04,485.55,15.73
2025-07-30T15:39:06.686898,275.0,396.0,7.0,442.0,205.0,-201.0,71.0,176.0,-357.0,83.0,472.0,49.0,246.61,410.34,15.18,420.12,239.65,-203.37,47.1,194.95,-361.29,87.04,461.55,31.73
2025-07-30T15:39:06.695098,219.0,413.0,112.0,374.0,176.0,-171.0,33.0,200.0,-389.0,127.0,488.0,-31.0,190.61,427.34,120.18,352.12,210.65,-173.37,9.100000000000001,218.95,-393.29,131.04,477.55,-48.269999999999996
2025-07-30T15:39:06.699300,216.0,424.0,64.0,364.0,175.0,-174.0,71.0,132.0,-368.0,72.0,551.0,28.0,187.61,438.34,72.18,342.12,209.65,-176.37,47.1,150.95,-372.29,76.04,540.55,10.73
2025-07-30T15:39:06.707367,210.0,416.0,24.0,398.0,173.0,-166.0,85.0,147.0,-362.0,175.0,518.0,0.0,181.61,430.34,32.18,376.12,207.65,-168.37,61.1,165.95,-366.29,179.04,507.55,-17.27
2025-07-30T15:39:06.711701,245.0,408.0,135.0,327.0,193.0,-224.0,-21.0,222.0,-364.0,148.0,467.0,-31.0,216.61,422.34,143.18,305.12,227.65,-226.37,-44.9,240.95,-368.29,152.04,456.55,-48.269999999999996
2025-07-30T15:39:06.719627,263.0,392.0,-47.0,346.0,154.0,-210.0,54.0,178.0,-411.0,150.0,562.0,-5.0,234.61,406.34,-38.82,324.12,188.65,-212.37,30.1,196.95,-415.29,154.04,551.55,-22.27
2025-07-30T15:39:06.727692,343.0,396.0,51.0,331.0,187.0,-176.0,120.0,136.0,-330.0,93.0,550.0,56.0,314.61,410.34,59.18,309.12,221.65,-178.37,96.1,154.95,-334.29,97.04,539.55,38.730000000000004
2025-07-30T15:39:06.732232,253.0,419.0,-2.0,343.0,181.0,-139.0,-35.0,147.0,-389.0,66.0,506.0,15.0,224.61,433.34,6.18,321.12,215.65,-141.37,-58.9,165.95,-393.29,70.04,495.55,-2.2699999999999996
2025-07-30T15:39:06.740173,191.0,459.0,69.0,327.0,197.0,-241.0,15.0,160.0,-395.0,99.0,537.0,-20.0,162.61,473.34,77.18,305.12,231.65,-243.37,-8.899999999999999,178.95,-399.29,103.04,526.55,-37.269999999999996
2025-07-30T15:39:06.745270,277.0,390.0,-2.0,432.0,180.0,-197.0,74.0,158.0,-371.0,136.0,525.0,-104.0,248.61,404.34,6.18,410.12,214.65,-199.37,50.1,176.95,-375.29,140.04,514.55,-121.27
2025-07-30T15:39:06.752616,241.0,321.0,43.0,352.0,187.0,-199.0,48.0,135.0,-269.0,153.0,562.0,-49.0,212.61,335.34,51.18,330.12,221.65,-201.37,24.1,153.95,-273.29,157.04,551.55,-66.27
2025-07-30T15:39:06.757135,258.0,404.0,66.0,353.0,165.0,-280.0,59.0,200.0,-347.0,113.0,559.0,17.0,229.61,418.34,74.18,331.12,199.65,-282.37,35.1,218.95,-351.29,117.04,548.55,-0.2699999999999996
2025-07-30T15:39:06.764689,310.0,358.0,41.0,390.0,156.0,-159.0,67.0,138.0,-421.0,64.0,513.0,23.0,281.61,372.34,49.18,368.12,190.65,-161.37,43.1,156.95,-425.29,68.04,502.55,5.73
2025-07-30T15:39:06.772887,187.0,418.0,93.0,339.0,189.0,-129.0,103.0,111.0,-374.0,49.0,580.0,15.0,158.61,432.34,101.18,317.12,223.65,-131.37,79.1,129.95,-378.29,53.04,569.55,-2.2699999999999996
2025-07-30T15:39:06.777295,223.0,472.0,39.0,372.0,170.0,-217.0,53.0,208.0,-366.0,111.0,604.0,-54.0,194.61,486.34,47.18,350.12,204.65,-219.37,29.1,226.95,-370.29,115.04,593.55,-71.27
2025-07-30T15:39:06.785272,279.0,400.0,77.0,456.0,84.0,-189.0,12.0,146.0,-375.0,159.0,553.0,-108.0,250.61,414.34,85.18,434.12,118.65,-191.37,-11.899999999999999,164.95,-379.29,163.04,542.55,-125.27
2025-07-30T15:39:06.789419,268.0,404.0,60.0,359.0,199.0,-169.0,79.0,115.0,-377.0,105.0,471.0,-3.0,239.61,418.34,68.18,337.12,233.65,-171.37,55.1,133.95,-381.29,109.04,460.55,-20.27
2025-07-30T15:39:06.797729,182.0,431.0,21.0,374.0,168.0,-204.0,-12.0,176.0,-306.0,103.0,586.0,-18.0,153.61,445.34,29.18,352.12,202.65,-206.37,-35.9,194.95,-310.29,107.04,575.55,-35.269999999999996
2025-07-30T15:39:06.805627,284.0,377.0,55.0,346.0,173.0,-226.0,6.0,100.0,-344.0,145.0,495.0,-4.0,255.61,391.34,63.18,324.12,207.65,-228.37,-17.9,118.95,-348.29,149.04,484.55,-21.27
2025-07-30T15:39:06.809844,260.0,421.0,84.0,375.0,108.0,-180.0,-14.0,132.0,-365.0,122.0,563.0,52.0,231.61,435.34,92.18,353.12,142.65,-182.37,-37.9,150.95,-369.29,126.04,552.55,34.730000000000004
2025-07-30T15:39:06.818051,243.0,459.0,33.0,318.0,129.0,-183.0,41.0,192.0,-347.0,130.0,574.0,-45.0,214.61,473.34,41.18,296.12,163.65,-185.37,17.1,210.95,-351.29,134.04,563.55,-62.269999999999996
2025-07-30T15:39:06.822270,283.0,338.0,8.0,329.0,213.0,-179.0,75.0,147.0,-402.0,121.0,553.0,-15.0,254.61,352.34,16.18,307.12,247.65,-181.37,51.1,165.95,-406.29,125.04,542.55,-32.269999999999996
2025-07-30T15:39:06.830517,252.0,333.0,84.0,402.0,107.0,-191.0,70.0,132.0,-348.0,111.0,501.0,-21.0,223.61,347.34,92.18,380.12,141.65,-193.37,46.1,150.95,-352.29,115.04,490.55,-38.269999999999996
2025-07-30T15:39:06.838519,248.0,426.0,-56.0,316.0,202.0,-180.0,64.0,160.0,-323.0,134.0,484.0,0.0,219.61,440.34,-47.82,294.12,236.65,-182.37,40.1,178.95,-327.29,138.04,473.55,-17.27
2025-07-30T15:39:06.842662,290.0,334.0,25.0,345.0,164.0,-208.0,31.0,127.0,-335.0,85.0,554.0,9.0,261.61,348.34,33.18,323.12,198.65,-210.37,7.100000000000001,145.95,-339.29,89.04,543.55,-8.27
2025-07-30T15:39:06.850784,234.0,391.0,44.0,337.0,175.0,-206.0,85.0,179.0,-417.0,109.0,523.0,26.0,205.61,405.34,52.18,315.12,209.65,-208.37,61.1,197.95,-421.29,113.04,512.55,8.73
2025-07-30T15:39:06.854967,247.0,464.0,-2.0,312.0,125.0,-164.0,53.0,128.0,-395.0,116.0,617.0,-33.0,218.61,478.34,6.18,290.12,159.65,-166.37,29.1,146.95,-399.29,120.04,606.55,-50.269999999999996
2025-07-30T15:39:06.863149,329.0,416.0,53.0,319.0,155.0,-253.0,0.0,175.0,-388.0,216.0,555.0,0.0,300.61,430.34,61.18,297.12,189.65,-255.37,-23.9,193.95,-392.29,220.04,544.55,-17.27
2025-07-30T15:39:06.870974,205.0,406.0,103.0,307.0,114.0,-238.0,98.0,193.0,-322.0,219.0,446.0,-24.0,176.61,420.34,111.18,285.12,148.65,-240.37,74.1,211.95,-326.29,223.04,435.55,-41.269999999999996
2025-07-30T15:39:06.875571,177.0,392.0,-19.0,389.0,196.0,-188.0,37.0,105.0,-390.0,145.0,515.0,21.0,148.61,406.34,-10.82,367.12,230.65,-190.37,13.100000000000001,123.95,-394.29,149.04,504.55,3.7300000000000004
2025-07-30T15:39:06.883319,313.0,403.0,24.0,299.0,136.0,-220.0,72.0,180.0,-385.0,134.0,446.0,55.0,284.61,417.34,32.18,277.12,170.65,-222.37,48.1,198.95,-389.29,138.04,435.55,37.730000000000004
2025-07-30T15:39:06.887716,265.0,391.0,96.0,352.0,203.0,-178.0,85.0,121.0,-373.0,55.0,549.0,-34.0,236.61,405.34,104.18,330.12,237.65,-180.37,61.1,139.95,-377.29,59.04,538.55,-51.269999999999996
2025-07-30T15:39:06.895745,208.0,450.0,86.0,348.0,197.0,-145.0,97.0,100.0,-363.0,66.0,538.0,-90.0,179.61,464.34,94.18,326.12,231.65,-147.37,73.1,118.95,-367.29,70.04,527.55,-107.27
2025-07-30T15:39:06.900122,340.0,378.0,93.0,368.0,143.0,-208.0,46.0,93.0,-375.0,179.0,533.0,-10.0,311.61,392.34,101.18,346.12,177.65,-210.37,22.1,111.95,-379.29,183.04,522.55,-27.27
2025-07-30T15:39:06.908197,254.0,458.0,17.0,413.0,130.0,-175.0,1.0,155.0,-427.0,144.0,540.0,-47.0,225.61,472.34,25.18,391.12,164.65,-177.37,-22.9,173.95,-431.29,148.04,529.55,-64.27
2025-07-30T15:39:06.916140,233.0,421.0,-22.0,325.0,143.0,-211.0,16.0,108.0,-407.0,153.0,489.0,60.0,204.61,435.34,-13.82,303.12,177.65,-213.37,-7.899999999999999,126.95,-411.29,157.04,478.55,42.730000000000004
2025-07-30T15:39:06.920466,319.0,369.0,19.0,409.0,174.0,-209.0,39.0,95.0,-359.0,39.0,502.0,46.0,290.61,383.34,27.18,387.12,208.65,-211.37,15.100000000000001,113.95,-363.29,43.04,491.55,28.73
2025-07-30T15:39:06.928657,240.0,316.0,109.0,413.0,92.0,-177.0,26.0,113.0,-422.0,28.0,533.0,25.0,211.61,330.34,117.18,391.12,126.65,-179.37,2.1000000000000014,131.95,-426.29,32.04,522.55,7.73
2025-07-30T15:39:06.932878,186.0,475.0,16.0,436.0,179.0,-155.0,35.0,117.0,-399.0,111.0,551.0,-13.0,157.61,489.34,24.18,414.12,213.65,-157.37,11.100000000000001,135.95,-403.29,115.04,540.55,-30.27
2025-07-30T15:39:06.940975,352.0,417.0,35.0,353.0,102.0,-190.0,49.0,141.0,-392.0,125.0,563.0,-34.0,323.61,431.34,43.18,331.12,136.65,-192.37,25.1,159.95,-396.29,129.04,552.55,-51.269999999999996
2025-07-30T15:39:06.948959,249.0,428.0,101.0,296.0,143.0,-139.0,8.0,159.0,-452.0,173.0,523.0,-86.0,220.61,442.34,109.18,274.12,177.65,-141.37,-15.899999999999999,177.95,-456.29,177.04,512.55,-103.27
2025-07-30T15:39:06.953176,200.0,404.0,-6.0,381.0,161.0,-224.0,87.0,150.0,-396.0,168.0,500.0,37.0,171.61,418.34,2.1799999999999997,359.12,195.65,-226.37,63.1,168.95,-400.29,172.04,489.55,19.73
2025-07-30T15:39:06.961232,298.0,357.0,29.0,323.0,72.0,-201.0,-4.0,118.0,-357.0,133.0,506.0,56.0,269.61,371.34,37.18,301.12,106.65,-203.37,-27.9,136.95,-361.29,137.04,495.55,38.730000000000004
2025-07-30T15:39:06.965551,307.0,384.0,102.0,381.0,121.0,-196.0,90.0,168.0,-357.0,39.0,524.0,36.0,278.61,398.34,110.18,359.12,155.65,-198.37,66.1,186.95,-361.29,43.04,513.55,18.73
2025-07-30T15:39:06.973638,195.0,408.0,48.0,300.0,203.0,-167.0,55.0,140.0,-372.0,87.0,536.0,-58.0,166.61,422.34,56.18,278.12,237.65,-169.37,31.1,158.95,-376.29,91.04,525.55,-75.27
2025-07-30T15:39:06.981801,332.0,364.0,28.0,365.0,155.0,-208.0,48.0,141.0,-322.0,143.0,543.0,-47.0,303.61,378.34,36.18,343.12,189.65,-210.37,24.1,159.95,-326.29,147.04,532.55,-64.27
2025-07-30T15:39:06.986120,205.0,353.0,45.0,331.0,198.0,-176.0,1.0,152.0,-333.0,74.0,445.0,-60.0,176.61,367.34,53.18,309.12,232.65,-178.37,-22.9,170.95,-337.29,78.04,434.55,-77.27
2025-07-30T15:39:06.994143,220.0,419.0,31.0,333.0,141.0,-184.0,2.0,148.0,-467.0,177.0,512.0,13.0,191.61,433.34,39.18,311.12,175.65,-186.37,-21.9,166.95,-471.29,181.04,501.55,-4.27
2025-07-30T15:39:06.998300,317.0,409.0,28.0,422.0,130.0,-197.0,68.0,125.0,-382.0,46.0,486.0,24.0,288.61,423.34,36.18,400.12,164.65,-199.37,44.1,143.95,-386.29,50.04,475.55,6.73
2025-07-30T15:39:07.006569,190.0,334.0,81.0,373.0,141.0,-137.0,87.0,159.0,-372.0,85.0,521.0,14.0,161.61,348.34,89.18,351.12,175.65,-139.37,63.1,177.95,-376.29,89.04,510.55,-3.2699999999999996
2025-07-30T15:39:07.010750,224.0,391.0,-21.0,332.0,161.0,-181.0,-4.0,184.0,-332.0,120.0,598.0,-56.0,195.61,405.34,-12.82,310.12,195.65,-183.37,-27.9,202.95,-336.29,124.04,587.55,-73.27
2025-07-30T15:39:07.018751,308.0,383.0,56.0,407.0,181.0,-219.0,54.0,202.0,-369.0,165.0,604.0,3.0,279.61,397.34,64.18,385.12,215.65,-221.37,30.1,220.95,-373.29,169.04,593.55,-14.27
2025-07-30T15:39:07.026650,261.0,464.0,47.0,428.0,212.0,-124.0,54.0,112.0,-449.0,112.0,488.0,-79.0,232.61,478.34,55.18,406.12,246.65,-126.37,30.1,130.95,-453.29,116.04,477.55,-96.27
2025-07-30T15:39:07.031197,244.0,440.0,25.0,344.0,172.0,-160.0,34.0,165.0,-386.0,168.0,497.0,2.0,215.61,454.34,33.18,322.12,206.65,-162.37,10.100000000000001,183.95,-390.29,172.04,486.55,-15.27
2025-07-30T15:39:07.039178,294.0,352.0,32.0,367.0,165.0,-219.0,33.0,186.0,-359.0,111.0,476.0,21.0,265.61,366.34,40.18,345.12,199.65,-221.37,9.100000000000001,204.95,-363.29,115.04,465.55,3.7300000000000004
2025-07-30T15:39:07.043572,251.0,393.0,119.0,389.0,101.0,-113.0,-2.0,118.0,-383.0,89.0,502.0,56.0,222.61,407.34,127.18,367.12,135.65,-115.37,-25.9,136.95,-387.29,93.04,491.55,38.730000000000004
2025-07-30T15:39:07.051569,268.0,430.0,17.0,356.0,199.0,-201.0,47.0,96.0,-414.0,64.0,565.0,-69.0,239.61,444.34,25.18,334.12,233.65,-203.37,23.1,114.95,-418.29,68.04,554.55,-86.27
2025-07-30T15:39:07.059465,282.0,359.0,71.0,392.0,133.0,-223.0,70.0,183.0,-375.0,163.0,582.0,-54.0,253.61,373.34,79.18,370.12,167.65,-225.37,46.1,201.95,-379.29,167.04,571.55,-71.27
2025-07-30T15:39:07.063827,190.0,374.0,92.0,308.0,131.0,-187.0,75.0,211.0,-372.0,146.0,490.0,-27.0,161.61,388.34,100.18,286.12,165.65,-189.37,51.1,229.95,-376.29,150.04,479.55,-44.269999999999996
2025-07-30T15:39:07.071901,280.0,539.0,-42.0,324.0,186.0,-170.0,77.0,107.0,-357.0,173.0,478.0,48.0,251.61,553.34,-33.82,302.12,220.65,-172.37,53.1,125.95,-361.29,177.04,467.55,30.73
2025-07-30T15:39:07.076518,333.0,363.0,0.0,353.0,139.0,-132.0,63.0,151.0,-375.0,22.0,496.0,8.0,304.61,377.34,8.18,331.12,173.65,-134.37,39.1,169.95,-379.29,26.04,485.55,-9.27
2025-07-30T15:39:07.084252,263.0,393.0,46.0,310.0,188.0,-164.0,-18.0,170.0,-312.0,93.0,580.0,-7.0,234.61,407.34,54.18,288.12,222.65,-166.37,-41.9,188.95,-316.29,97.04,569.55,-24.27
2025-07-30T15:39:07.088317,197.0,489.0,71.0,327.0,135.0,-177.0,37.0,106.0,-374.0,92.0,617.0,10.0,168.61,503.34,79.18,305.12,169.65,-179.37,13.100000000000001,124.95,-378.29,96.04,606.55,-7.27
2025-07-30T15:39:07.096657,312.0,435.0,14.0,330.0,165.0,-130.0,19.0,90.0,-330.0,103.0,574.0,-5.0,283.61,449.34,22.18,308.12,199.65,-132.37,-4.899999999999999,108.95,-334.29,107.04,563.55,-22.27
2025-07-30T15:39:07.104572,341.0,366.0,57.0,311.0,166.0,-180.0,-13.0,114.0,-350.0,159.0,468.0,9.0,312.61,380.34,65.18,289.12,200.65,-182.37,-36.9,132.95,-354.29,163.04,457.55,-8.27
2025-07-30T15:39:07.109654,205.0,483.0,98.0,418.0,146.0,-166.0,30.0,98.0,-393.0,163.0,477.0,-13.0,176.61,497.34,106.18,396.12,180.65,-168.37,6.100000000000001,116.95,-397.29,167.04,466.55,-30.27
2025-07-30T15:39:07.116846,317.0,503.0,66.0,361.0,214.0,-163.0,0.0,95.0,-402.0,120.0,557.0,-38.0,288.61,517.34,74.18,339.12,248.65,-165.37,-23.9,113.95,-406.29,124.04,546.55,-55.269999999999996
2025-07-30T15:39:07.121202,299.0,396.0,131.0,383.0,212.0,-158.0,68.0,98.0,-377.0,59.0,481.0,5.0,270.61,410.34,139.18,361.12,246.65,-160.37,44.1,116.95,-381.29,63.04,470.55,-12.27
2025-07-30T15:39:07.129268,201.0,433.0,49.0,380.0,166.0,-176.0,47.0,131.0,-393.0,26.0,569.0,-51.0,172.61,447.34,57.18,358.12,200.65,-178.37,23.1,149.95,-397.29,30.04,558.55,-68.27
2025-07-30T15:39:07.137235,289.0,390.0,10.0,365.0,144.0,-166.0,43.0,86.0,-422.0,147.0,557.0,-33.0,260.61,404.34,18.18,343.12,178.65,-168.37,19.1,104.95,-426.29,151.04,546.55,-50.269999999999996
2025-07-30T15:39:07.142341,362.0,416.0,95.0,360.0,214.0,-210.0,43.0,112.0,-325.0,139.0,508.0,-36.0,333.61,430.34,103.18,338.12,248.65,-212.37,19.1,130.95,-329.29,143.04,497.55,-53.269999999999996
2025-07-30T15:39:07.149554,232.0,439.0,149.0,355.0,204.0,-196.0,33.0,113.0,-368.0,96.0,544.0,37.0,203.61,453.34,157.18,333.12,238.65,-198.37,9.100000000000001,131.95,-372.29,100.04,533.55,19.73
2025-07-30T15:39:07.154047,381.0,441.0,-8.0,379.0,86.0,-171.0,85.0,133.0,-368.0,107.0,462.0,21.0,352.61,455.34,0.17999999999999972,357.12,120.65,-173.37,61.1,151.95,-372.29,111.04,451.55,3.7300000000000004
2025-07-30T15:39:07.162170,280.0,442.0,96.0,411.0,145.0,-183.0,55.0,139.0,-331.0,139.0,582.0,-32.0,251.61,456.34,104.18,389.12,179.65,-185.37,31.1,157.95,-335.29,143.04,571.55,-49.269999999999996
2025-07-30T15:39:07.166387,255.0,383.0,65.0,408.0,184.0,-153.0,42.0,160.0,-352.0,88.0,557.0,-14.0,226.61,397.34,73.18,386.12,218.65,-155.37,18.1,178.95,-356.29,92.04,546.55,-31.27
2025-07-30T15:39:07.174465,252.0,498.0,32.0,366.0,130.0,-144.0,65.0,131.0,-410.0,140.0,546.0,-70.0,223.61,512.34,40.18,344.12,164.65,-146.37,41.1,149.95,-414.29,144.04,535.55,-87.27
2025-07-30T15:39:07.182580,231.0,385.0,102.0,325.0,196.0,-96.0,80.0,191.0,-372.0,159.0,531.0,11.0,202.61,399.34,110.18,303.12,230.65,-98.37,56.1,209.95,-376.29,163.04,520.55,-6.27
2025-07-30T15:39:07.186711,179.0,471.0,64.0,392.0,153.0,-107.0,41.0,150.0,-353.0,201.0,488.0,19.0,150.61,485.34,72.18,370.12,187.65,-109.37,17.1,168.95,-357.29,205.04,477.55,1.7300000000000004
2025-07-30T15:39:07.194777,267.0,500.0,13.0,332.0,153.0,-175.0,43.0,174.0,-358.0,122.0,490.0,-30.0,238.61,514.34,21.18,310.12,187.65,-177.37,19.1,192.95,-362.29,126.04,479.55,-47.269999999999996
2025-07-30T15:39:07.199197,290.0,377.0,125.0,376.0,106.0,-154.0,49.0,113.0,-370.0,117.0,531.0,-26.0,261.61,391.34,133.18,354.12,140.65,-156.37,25.1,131.95,-374.29,121.04,520.55,-43.269999999999996
2025-07-30T15:39:07.207278,168.0,479.0,14.0,357.0,177.0,-190.0,29.0,163.0,-402.0,134.0,554.0,-57.0,139.61,493.34,22.18,335.12,211.65,-192.37,5.100000000000001,181.95,-406.29,138.04,543.55,-74.27
2025-07-30T15:39:07.215282,279.0,383.0,8.0,407.0,226.0,-172.0,55.0,157.0,-410.0,189.0,525.0,-28.0,250.61,397.34,16.18,385.12,260.65,-174.37,31.1,175.95,-414.29,193.04,514.55,-45.269999999999996
2025-07-30T15:39:07.219444,204.0,278.0,89.0,267.0,131.0,-226.0,102.0,129.0,-439.0,134.0,544.0,-65.0,175.61,292.34,97.18,245.12,165.65,-228.37,78.1,147.95,-443.29,138.04,533.55,-82.27
2025-07-30T15:39:07.227536,261.0,411.0,36.0,427.0,204.0,-116.0,41.0,186.0,-368.0,95.0,497.0,54.0,232.61,425.34,44.18,405.12,238.65,-118.37,17.1,204.95,-372.29,99.04,486.55,36.730000000000004
2025-07-30T15:39:07.231911,281.0,391.0,18.0,365.0,159.0,-226.0,121.0,160.0,-380.0,68.0,474.0,49.0,252.61,405.34,26.18,343.12,193.65,-228.37,97.1,178.95,-384.29,72.04,463.55,31.73
2025-07-30T15:39:07.239900,202.0,456.0,122.0,374.0,245.0,-178.0,32.0,109.0,-409.0,177.0,545.0,15.0,173.61,470.34,130.18,352.12,279.65,-180.37,8.100000000000001,127.95,-413.29,181.04,534.55,-2.2699999999999996
2025-07-30T15:39:07.247937,207.0,442.0,55.0,393.0,160.0,-154.0,66.0,133.0,-397.0,51.0,544.0,-60.0,178.61,456.34,63.18,371.12,194.65,-156.37,42.1,151.95,-401.29,55.04,533.55,-77.27
2025-07-30T15:39:07.252246,313.0,376.0,41.0,309.0,186.0,-196.0,66.0,145.0,-420.0,159.0,563.0,-70.0,284.61,390.34,49.18,287.12,220.65,-198.37,42.1,163.95,-424.29,163.04,552.55,-87.27
2025-07-30T15:39:07.260439,234.0,329.0,9.0,405.0,196.0,-182.0,43.0,172.0,-365.0,151.0,507.0,-41.0,205.61,343.34,17.18,383.12,230.65,-184.37,19.1,190.95,-369.29,155.04,496.55,-58.269999999999996
2025-07-30T15:39:07.264840,226.0,511.0,57.0,390.0,160.0,-149.0,49.0,127.0,-353.0,138.0,501.0,30.0,197.61,525.34,65.18,368.12,194.65,-151.37,25.1,145.95,-357.29,142.04,490.55,12.73
2025-07-30T15:39:07.272615,256.0,384.0,-11.0,331.0,123.0,-140.0,46.0,222.0,-376.0,126.0,525.0,-28.0,227.61,398.34,-2.8200000000000003,309.12,157.65,-142.37,22.1,240.95,-380.29,130.04,514.55,-45.269999999999996
2025-07-30T15:39:07.280654,178.0,306.0,33.0,295.0,122.0,-95.0,6.0,228.0,-410.0,93.0,473.0,-22.0,149.61,320.34,41.18,273.12,156.65,-97.37,-17.9,246.95,-414.29,97.04,462.55,-39.269999999999996
2025-07-30T15:39:07.284965,268.0,293.0,4.0,275.0,204.0,-87.0,67.0,138.0,-350.0,83.0,517.0,-55.0,239.61,307.34,12.18,253.12,238.65,-89.37,43.1,156.95,-354.29,87.04,506.55,-72.27
2025-07-30T15:39:07.293127,201.0,332.0,11.0,323.0,162.0,-123.0,108.0,52.0,-327.0,187.0,415.0,-93.0,172.61,346.34,19.18,301.12,196.65,-125.37,84.1,70.95,-331.29,191.04,404.55,-110.27
2025-07-30T15:39:07.297393,257.0,345.0,68.0,333.0,118.0,-51.0,36.0,143.0,-261.0,152.0,355.0,-20.0,228.61,359.34,76.18,311.12,152.65,-53.37,12.100000000000001,161.95,-265.29,156.04,344.55,-37.269999999999996
2025-07-30T15:39:07.305448,227.0,304.0,-17.0,184.0,91.0,-86.0,71.0,102.0,-325.0,184.0,357.0,21.0,198.61,318.34,-8.82,162.12,125.65,-88.37,47.1,120.95,-329.29,188.04,346.55,3.7300000000000004
2025-07-30T15:39:07.309841,217.0,226.0,12.0,239.0,135.0,-111.0,139.0,127.0,-190.0,95.0,376.0,14.0,188.61,240.34,20.18,217.12,169.65,-113.37,115.1,145.95,-194.29,99.04,365.55,-3.2699999999999996
2025-07-30T15:39:07.317725,167.0,227.0,82.0,190.0,57.0,-61.0,57.0,150.0,-271.0,128.0,367.0,35.0,138.61,241.34,90.18,168.12,91.65,-63.37,33.1,168.95,-275.29,132.04,356.55,17.73
2025-07-30T15:39:07.325713,151.0,282.0,23.0,216.0,59.0,-54.0,26.0,149.0,-278.0,125.0,328.0,-8.0,122.61,296.34,31.18,194.12,93.65,-56.37,2.1000000000000014,167.95,-282.29,129.04,317.55,-25.27
2025-07-30T15:39:07.330198,158.0,196.0,-8.0,181.0,110.0,-57.0,122.0,124.0,-287.0,158.0,277.0,-31.0,129.61,210.34,0.17999999999999972,159.12,144.65,-59.37,98.1,142.95,-291.29,162.04,266.55,-48.269999999999996
2025-07-30T15:39:07.338087,88.0,200.0,24.0,240.0,88.0,-97.0,95.0,-11.0,-172.0,102.0,236.0,-38.0,59.61,214.34,32.18,218.12,122.65,-99.37,71.1,7.949999999999999,-176.29,106.04,225.55,-55.269999999999996
2025-07-30T15:39:07.342456,95.0,176.0,7.0,133.0,7.0,-11.0,118.0,39.0,-142.0,159.0,192.0,65.0,66.61,190.34,15.18,111.12,41.65,-13.370000000000001,94.1,57.95,-146.29,163.04,181.55,47.730000000000004
2025-07-30T15:39:07.350428,176.0,115.0,40.0,69.0,98.0,-132.0,99.0,45.0,-76.0,155.0,160.0,67.0,147.61,129.34,48.18,47.120000000000005,132.65,-134.37,75.1,63.95,-80.29,159.04,149.55,49.730000000000004
2025-07-30T15:39:07.354651,202.0,60.0,47.0,175.0,7.0,-60.0,1.0,77.0,-87.0,98.0,174.0,129.0,173.61,74.34,55.18,153.12,41.65,-62.37,-22.9,95.95,-91.29,102.04,163.55,111.73
2025-07-30T15:39:07.362668,95.0,57.0,16.0,107.0,-50.0,-52.0,-2.0,102.0,-163.0,58.0,166.0,75.0,66.61,71.34,24.18,85.12,-15.350000000000001,-54.37,-25.9,120.95,-167.29,62.04,155.55,57.730000000000004
2025-07-30T15:39:07.366892,78.0,121.0,60.0,71.0,52.0,-12.0,87.0,39.0,-73.0,133.0,145.0,88.0,49.61,135.34,68.18,49.120000000000005,86.65,-14.370000000000001,63.1,57.95,-77.29,137.04,134.55,70.73
2025-07-30T15:39:07.375078,72.0,71.0,-7.0,78.0,-18.0,-33.0,76.0,56.0,-53.0,58.0,107.0,74.0,43.61,85.34,1.1799999999999997,56.120000000000005,16.65,-35.37,52.1,74.95,-57.29,62.04,96.55,56.730000000000004
2025-07-30T15:39:07.379256,171.0,80.0,-93.0,80.0,1.0,-54.0,80.0,48.0,-53.0,33.0,121.0,-4.0,142.61,94.34,-84.82,58.120000000000005,35.65,-56.37,56.1,66.95,-57.29,37.04,110.55,-21.27
2025-07-30T15:39:07.387368,104.0,102.0,-48.0,73.0,8.0,-26.0,78.0,10.0,-87.0,21.0,83.0,112.0,75.61,116.34,-39.82,51.120000000000005,42.65,-28.37,54.1,28.95,-91.29,25.04,72.55,94.73
2025-07-30T15:39:07.391519,93.0,-16.0,-51.0,87.0,-83.0,-68.0,56.0,62.0,-11.0,2.0,105.0,60.0,64.61,-1.6600000000000001,-42.82,65.12,-48.35,-70.37,32.1,80.95,-15.29,6.04,94.55,42.730000000000004
2025-07-30T15:39:07.399609,62.0,46.0,27.0,80.0,7.0,-64.0,-36.0,14.0,-8.0,71.0,109.0,59.0,33.61,60.34,35.18,58.120000000000005,41.65,-66.37,-59.9,32.95,-12.29,75.04,98.55,41.730000000000004
2025-07-30T15:39:07.403808,13.0,28.0,-19.0,14.0,-34.0,-39.0,54.0,-7.0,-28.0,-21.0,43.0,76.0,-15.39,42.34,-10.82,-7.879999999999999,0.6499999999999986,-41.37,30.1,11.95,-32.29,-16.96,32.55,58.730000000000004
2025-07-30T15:39:07.411757,74.0,117.0,49.0,95.0,-43.0,56.0,80.0,1.0,-61.0,-13.0,34.0,37.0,45.61,131.34,57.18,73.12,-8.350000000000001,53.63,56.1,19.95,-65.29,-8.96,23.55,19.73
2025-07-30T15:39:07.416275,78.0,49.0,-28.0,18.0,0.0,-92.0,76.0,-10.0,41.0,34.0,-56.0,21.0,49.61,63.34,-19.82,-3.879999999999999,34.65,-94.37,52.1,8.95,36.71,38.04,-66.45,3.7300000000000004
2025-07-30T15:39:07.424222,34.0,110.0,-42.0,86.0,30.0,-21.0,-24.0,16.0,-106.0,-9.0,-34.0,39.0,5.609999999999999,124.34,-33.82,64.12,64.65,-23.37,-47.9,34.95,-110.29,-4.96,-44.45,21.73
2025-07-30T15:39:07.428531,120.0,39.0,-94.0,45.0,-60.0,-64.0,79.0,40.0,-8.0,-48.0,4.0,72.0,91.61,53.34,-85.82,23.12,-25.35,-66.37,55.1,58.95,-12.29,-43.96,-6.449999999999999,54.730000000000004
2025-07-30T15:39:07.436521,20.0,-21.0,-23.0,54.0,-11.0,-1.0,-15.0,-38.0,-53.0,-13.0,-29.0,12.0,-8.39,-6.66,-14.82,32.120000000000005,23.65,-3.37,-38.9,-19.05,-57.29,-8.96,-39.45,-5.27
2025-07-30T15:39:07.441156,56.0,-39.0,-1.0,-45.0,-49.0,0.0,12.0,-5.0,-32.0,3.0,18.0,5.0,27.61,-24.66,7.18,-66.88,-14.350000000000001,-2.37,-11.899999999999999,13.95,-36.29,7.04,7.550000000000001,-12.27
2025-07-30T15:39:07.448575,89.0,1.0,39.0,17.0,-21.0,-33.0,2.0,40.0,-32.0,56.0,-46.0,54.0,60.61,15.34,47.18,-4.879999999999999,13.649999999999999,-35.37,-21.9,58.95,-36.29,60.04,-56.45,36.730000000000004
2025-07-30T15:39:07.452832,31.0,8.0,0.0,-31.0,-60.0,-52.0,1.0,42.0,-54.0,42.0,44.0,48.0,2.6099999999999994,22.34,8.18,-52.879999999999995,-25.35,-54.37,-22.9,60.95,-58.29,46.04,33.55,30.73
2025-07-30T15:39:07.460880,14.0,5.0,23.0,74.0,-4.0,-71.0,-17.0,82.0,-80.0,0.0,0.0,14.0,-14.39,19.34,31.18,52.120000000000005,30.65,-73.37,-40.9,100.95,-84.29,4.04,-10.45,-3.2699999999999996
2025-07-30T15:39:07.465275,-21.0,5.0,-8.0,20.0,-41.0,-63.0,69.0,-11.0,-6.0,96.0,19.0,31.0,-49.39,19.34,0.17999999999999972,-1.879999999999999,-6.350000000000001,-65.37,45.1,7.949999999999999,-10.29,100.04,8.55,13.73
2025-07-30T15:39:07.473308,20.0,24.0,-13.0,21.0,2.0,-13.0,-5.0,-16.0,8.0,32.0,114.0,-10.0,-8.39,38.34,-4.82,-0.879999999999999,36.65,-15.370000000000001,-28.9,2.9499999999999993,3.71,36.04,103.55,-27.27
2025-07-30T15:39:07.477466,32.0,44.0,-40.0,99.0,-12.0,-158.0,32.0,11.0,-23.0,74.0,109.0,10.0,3.6099999999999994,58.34,-31.82,77.12,22.65,-160.37,8.100000000000001,29.95,-27.29,78.04,98.55,-7.27
2025-07-30T15:39:07.485480,32.0,53.0,-44.0,58.0,-26.0,-77.0,33.0,-7.0,-13.0,41.0,80.0,6.0,3.6099999999999994,67.34,-35.82,36.120000000000005,8.649999999999999,-79.37,9.100000000000001,11.95,-17.29,45.04,69.55,-11.27
2025-07-30T15:39:07.489821,24.0,28.0,-64.0,79.0,-79.0,-57.0,66.0,28.0,-76.0,20.0,32.0,-30.0,-4.390000000000001,42.34,-55.82,57.120000000000005,-44.35,-59.37,42.1,46.95,-80.29,24.04,21.55,-47.269999999999996
2025-07-30T15:39:07.493871,88.0,70.0,-75.0,54.0,-96.0,8.0,-4.0,-51.0,-19.0,83.0,58.0,1.0,59.61,84.34,-66.82,32.120000000000005,-61.35,5.63,-27.9,-32.05,-23.29,87.04,47.55,-16.27
2025-07-30T15:39:07.502044,61.0,51.0,-96.0,12.0,-42.0,20.0,85.0,5.0,6.0,-17.0,59.0,-32.0,32.61,65.34,-87.82,-9.879999999999999,-7.350000000000001,17.63,61.1,23.95,1.71,-12.96,48.55,-49.269999999999996
2025-07-30T15:39:07.506011,55.0,105.0,-81.0,19.0,5.0,22.0,21.0,-19.0,-98.0,-30.0,125.0,-4.0,26.61,119.34,-72.82,-2.879999999999999,39.65,19.63,-2.8999999999999986,-0.05000000000000071,-102.29,-25.96,114.55,-21.27
2025-07-30T15:39:07.514408,82.0,-8.0,-1.0,10.0,-78.0,-24.0,11.0,-48.0,-37.0,-68.0,51.0,-11.0,53.61,6.34,7.18,-11.879999999999999,-43.35,-26.37,-12.899999999999999,-29.05,-41.29,-63.96,40.55,-28.27
2025-07-30T15:39:07.518325,55.0,-48.0,40.0,0.0,3.0,-35.0,57.0,32.0,9.0,-11.0,64.0,22.0,26.61,-33.66,48.18,-21.88,37.65,-37.37,33.1,50.95,4.71,-6.96,53.55,4.73
2025-07-30T15:39:07.526492,13.0,-18.0,-34.0,10.0,28.0,-79.0,14.0,44.0,-41.0,0.0,74.0,-41.0,-15.39,-3.66,-25.82,-11.879999999999999,62.65,-81.37,-9.899999999999999,62.95,-45.29,4.04,63.55,-58.269999999999996
2025-07-30T15:39:07.530651,39.0,-38.0,-12.0,80.0,-106.0,-23.0,57.0,29.0,-66.0,-14.0,79.0,13.0,10.61,-23.66,-3.8200000000000003,58.120000000000005,-71.35,-25.37,33.1,47.95,-70.29,-9.96,68.55,-4.27
2025-07-30T15:39:07.538757,67.0,-43.0,51.0,50.0,-24.0,17.0,52.0,-38.0,-74.0,50.0,74.0,-69.0,38.61,-28.66,59.18,28.12,10.649999999999999,14.629999999999999,28.1,-19.05,-78.29,54.04,63.55,-86.27
2025-07-30T15:39:07.542929,27.0,58.0,-35.0,77.0,-32.0,-67.0,16.0,-63.0,-4.0,20.0,86.0,-18.0,-1.3900000000000006,72.34,-26.82,55.120000000000005,2.6499999999999986,-69.37,-7.899999999999999,-44.05,-8.29,24.04,75.55,-35.269999999999996
2025-07-30T15:39:07.551055,76.0,56.0,5.0,-3.0,33.0,-65.0,60.0,-101.0,-49.0,5.0,-17.0,-74.0,47.61,70.34,13.18,-24.88,67.65,-67.37,36.1,-82.05,-53.29,9.04,-27.45,-91.27
2025-07-30T15:39:07.555173,36.0,82.0,-24.0,40.0,62.0,-15.0,24.0,-40.0,8.0,-49.0,91.0,-3.0,7.609999999999999,96.34,-15.82,18.12,96.65,-17.37,0.10000000000000142,-21.05,3.71,-44.96,80.55,-20.27
2025-07-30T15:39:07.563517,47.0,67.0,-99.0,79.0,54.0,-40.0,2.0,19.0,-22.0,-8.0,36.0,-76.0,18.61,81.34,-90.82,57.120000000000005,88.65,-42.37,-21.9,37.95,-26.29,-3.96,25.55,-93.27
2025-07-30T15:39:07.567694,-34.0,-24.0,4.0,25.0,-71.0,17.0,32.0,-28.0,6.0,-10.0,33.0,21.0,-62.39,-9.66,12.18,3.120000000000001,-36.35,14.629999999999999,8.100000000000001,-9.05,1.71,-5.96,22.55,3.7300000000000004
2025-07-30T15:39:07.575812,97.0,-33.0,-56.0,-10.0,-46.0,28.0,62.0,-13.0,-38.0,21.0,131.0,-47.0,68.61,-18.66,-47.82,-31.88,-11.350000000000001,25.63,38.1,5.949999999999999,-42.29,25.04,120.55,-64.27
2025-07-30T15:39:07.579896,-22.0,1.0,33.0,43.0,-49.0,-64.0,76.0,1.0,-30.0,-17.0,65.0,-76.0,-50.39,15.34,41.18,21.12,-14.350000000000001,-66.37,52.1,19.95,-34.29,-12.96,54.55,-93.27
2025-07-30T15:39:07.588005,138.0,-26.0,-15.0,38.0,-14.0,-7.0,68.0,-21.0,25.0,26.0,82.0,-59.0,109.61,-11.66,-6.82,16.12,20.65,-9.370000000000001,44.1,-2.0500000000000007,20.71,30.04,71.55,-76.27
2025-07-30T15:39:07.592281,61.0,4.0,-19.0,39.0,-25.0,-103.0,-6.0,-45.0,72.0,59.0,97.0,-47.0,32.61,18.34,-10.82,17.12,9.649999999999999,-105.37,-29.9,-26.05,67.71,63.04,86.55,-64.27
2025-07-30T15:39:07.600195,-6.0,14.0,-39.0,32.0,-34.0,-59.0,14.0,-38.0,-3.0,41.0,33.0,-35.0,-34.39,28.34,-30.82,10.120000000000001,0.6499999999999986,-61.37,-9.899999999999999,-19.05,-7.29,45.04,22.55,-52.269999999999996
2025-07-30T15:39:07.604467,-14.0,50.0,-89.0,-12.0,-121.0,32.0,30.0,-21.0,-55.0,-49.0,18.0,12.0,-42.39,64.34,-80.82,-33.879999999999995,-86.35,29.63,6.100000000000001,-2.0500000000000007,-59.29,-44.96,7.550000000000001,-5.27
2025-07-30T15:39:07.612506,17.0,48.0,-106.0,21.0,-17.0,18.0,62.0,5.0,36.0,32.0,29.0,-24.0,-11.39,62.34,-97.82,-0.879999999999999,17.65,15.629999999999999,38.1,23.95,31.71,36.04,18.55,-41.269999999999996
2025-07-30T15:39:07.617404,74.0,39.0,-62.0,-45.0,-20.0,-26.0,2.0,25.0,27.0,-1.0,90.0,-28.0,45.61,53.34,-53.82,-66.88,14.649999999999999,-28.37,-21.9,43.95,22.71,3.04,79.55,-45.269999999999996
2025-07-30T15:39:07.624770,62.0,26.0,-28.0,8.0,21.0,-12.0,-9.0,88.0,20.0,-48.0,-13.0,45.0,33.61,40.34,-19.82,-13.879999999999999,55.65,-14.370000000000001,-32.9,106.95,15.71,-43.96,-23.45,27.73
2025-07-30T15:39:07.629047,132.0,-49.0,44.0,7.0,-55.0,-32.0,-45.0,-27.0,-2.0,7.0,67.0,4.0,103.61,-34.66,52.18,-14.879999999999999,-20.35,-34.37,-68.9,-8.05,-6.29,11.04,56.55,-13.27
2025-07-30T15:39:07.637047,58.0,-46.0,-3.0,51.0,-92.0,-30.0,-18.0,-47.0,33.0,-62.0,132.0,15.0,29.61,-31.66,5.18,29.12,-57.35,-32.37,-41.9,-28.05,28.71,-57.96,121.55,-2.2699999999999996
2025-07-30T15:39:07.641279,31.0,11.0,10.0,52.0,-28.0,-12.0,-32.0,-33.0,-41.0,18.0,46.0,-58.0,2.6099999999999994,25.34,18.18,30.12,6.649999999999999,-14.370000000000001,-55.9,-14.05,-45.29,22.04,35.55,-75.27
2025-07-30T15:39:07.649564,30.0,45.0,-11.0,-19.0,-98.0,-8.0,38.0,37.0,-78.0,-46.0,80.0,-15.0,1.6099999999999994,59.34,-2.8200000000000003,-40.879999999999995,-63.35,-10.370000000000001,14.100000000000001,55.95,-82.29,-41.96,69.55,-32.269999999999996
2025-07-30T15:39:07.653685,16.0,57.0,-36.0,37.0,36.0,62.0,32.0,23.0,-64.0,-26.0,14.0,-6.0,-12.39,71.34,-27.82,15.120000000000001,70.65,59.63,8.100000000000001,41.95,-68.29,-21.96,3.5500000000000007,-23.27
2025-07-30T15:39:07.661570,64.0,-16.0,-36.0,15.0,29.0,-2.0,-17.0,-21.0,-12.0,-42.0,55.0,-22.0,35.61,-1.6600000000000001,-27.82,-6.879999999999999,63.65,-4.37,-40.9,-2.0500000000000007,-16.29,-37.96,44.55,-39.269999999999996
2025-07-30T15:39:07.666040,94.0,-16.0,-54.0,52.0,-30.0,-33.0,-6.0,18.0,-33.0,-42.0,47.0,-62.0,65.61,-1.6600000000000001,-45.82,30.12,4.649999999999999,-35.37,-29.9,36.95,-37.29,-37.96,36.55,-79.27
2025-07-30T15:39:07.674112,103.0,-43.0,-21.0,45.0,-12.0,-49.0,11.0,6.0,-11.0,-58.0,55.0,17.0,74.61,-28.66,-12.82,23.12,22.65,-51.37,-12.899999999999999,24.95,-15.29,-53.96,44.55,-0.2699999999999996
2025-07-30T15:39:07.678140,17.0,18.0,-25.0,0.0,-119.0,8.0,97.0,41.0,-42.0,12.0,70.0,-86.0,-11.39,32.34,-16.82,-21.88,-84.35,5.63,73.1,59.95,-46.29,16.04,59.55,-103.27
2025-07-30T15:39:07.686140,-43.0,50.0,7.0,70.0,6.0,-6.0,48.0,-65.0,8.0,46.0,72.0,-30.0,-71.39,64.34,15.18,48.120000000000005,40.65,-8.370000000000001,24.1,-46.05,3.71,50.04,61.55,-47.269999999999996
2025-07-30T15:39:07.690425,-30.0,-42.0,23.0,57.0,-19.0,7.0,-37.0,-41.0,-32.0,-46.0,55.0,-69.0,-58.39,-27.66,31.18,35.120000000000005,15.649999999999999,4.63,-60.9,-22.05,-36.29,-41.96,44.55,-86.27
2025-07-30T15:39:07.698515,19.0,114.0,-15.0,0.0,-51.0,-35.0,37.0,-19.0,-15.0,-37.0,8.0,-53.0,-9.39,128.34,-6.82,-21.88,-16.35,-37.37,13.100000000000001,-0.05000000000000071,-19.29,-32.96,-2.4499999999999993,-70.27
2025-07-30T15:39:07.702758,171.0,129.0,-49.0,68.0,38.0,-47.0,-35.0,61.0,74.0,-94.0,129.0,25.0,142.61,143.34,-40.82,46.120000000000005,72.65,-49.37,-58.9,79.95,69.71,-89.96,118.55,7.73
2025-07-30T15:39:07.710726,83.0,-36.0,-102.0,30.0,-66.0,-20.0,49.0,0.0,-10.0,-11.0,49.0,-12.0,54.61,-21.66,-93.82,8.120000000000001,-31.35,-22.37,25.1,18.95,-14.29,-6.96,38.55,-29.27
2025-07-30T15:39:07.715048,44.0,-45.0,6.0,58.0,-35.0,-45.0,30.0,31.0,-51.0,-38.0,-1.0,-4.0,15.61,-30.66,14.18,36.120000000000005,-0.3500000000000014,-47.37,6.100000000000001,49.95,-55.29,-33.96,-11.45,-21.27
2025-07-30T15:39:07.723047,84.0,-89.0,17.0,23.0,-18.0,-9.0,87.0,46.0,-1.0,-29.0,52.0,-52.0,55.61,-74.66,25.18,1.120000000000001,16.65,-11.370000000000001,63.1,64.95,-5.29,-24.96,41.55,-69.27
2025-07-30T15:39:07.727438,11.0,-118.0,-1.0,41.0,-36.0,-35.0,-24.0,-50.0,-10.0,9.0,100.0,9.0,-17.39,-103.66,7.18,19.12,-1.3500000000000014,-37.37,-47.9,-31.05,-14.29,13.04,89.55,-8.27
2025-07-30T15:39:07.735390,-15.0,36.0,-2.0,54.0,-45.0,6.0,0.0,1.0,-53.0,-55.0,38.0,-17.0,-43.39,50.34,6.18,32.120000000000005,-10.350000000000001,3.63,-23.9,19.95,-57.29,-50.96,27.55,-34.269999999999996
2025-07-30T15:39:07.739657,7.0,72.0,-23.0,21.0,-25.0,-46.0,-17.0,-31.0,-42.0,-71.0,-3.0,14.0,-21.39,86.34,-14.82,-0.879999999999999,9.649999999999999,-48.37,-40.9,-12.05,-46.29,-66.96,-13.45,-3.2699999999999996
2025-07-30T15:39:07.747607,-31.0,33.0,-39.0,-36.0,-56.0,-57.0,2.0,9.0,-4.0,-49.0,15.0,-52.0,-59.39,47.34,-30.82,-57.879999999999995,-21.35,-59.37,-21.9,27.95,-8.29,-44.96,4.550000000000001,-69.27
2025-07-30T15:39:07.751796,4.0,-1.0,-51.0,30.0,-37.0,-6.0,-61.0,30.0,-27.0,-52.0,74.0,-32.0,-24.39,13.34,-42.82,8.120000000000001,-2.3500000000000014,-8.370000000000001,-84.9,48.95,-31.29,-47.96,63.55,-49.269999999999996
2025-07-30T15:39:07.759979,33.0,16.0,-5.0,60.0,-73.0,-1.0,23.0,-9.0,10.0,-42.0,107.0,-20.0,4.609999999999999,30.34,3.1799999999999997,38.120000000000005,-38.35,-3.37,-0.8999999999999986,9.95,5.71,-37.96,96.55,-37.269999999999996
2025-07-30T15:39:07.764193,119.0,23.0,-128.0,40.0,-76.0,19.0,23.0,63.0,-63.0,-45.0,136.0,-54.0,90.61,37.34,-119.82,18.12,-41.35,16.63,-0.8999999999999986,81.95,-67.29,-40.96,125.55,-71.27
2025-07-30T15:39:07.772169,26.0,-98.0,18.0,-17.0,-109.0,-31.0,4.0,40.0,10.0,4.0,83.0,9.0,-2.3900000000000006,-83.66,26.18,-38.879999999999995,-74.35,-33.37,-19.9,58.95,5.71,8.04,72.55,-8.27
2025-07-30T15:39:07.776418,11.0,-71.0,-12.0,40.0,-64.0,-31.0,35.0,23.0,6.0,-26.0,67.0,-26.0,-17.39,-56.66,-3.8200000000000003,18.12,-29.35,-33.37,11.100000000000001,41.95,1.71,-21.96,56.55,-43.269999999999996
2025-07-30T15:39:07.784478,7.0,60.0,33.0,23.0,58.0,-63.0,20.0,-13.0,-25.0,-36.0,74.0,-51.0,-21.39,74.34,41.18,1.120000000000001,92.65,-65.37,-3.8999999999999986,5.949999999999999,-29.29,-31.96,63.55,-68.27
2025-07-30T15:39:07.788874,6.0,28.0,-21.0,10.0,-37.0,-59.0,10.0,-13.0,-43.0,14.0,-20.0,-27.0,-22.39,42.34,-12.82,-11.879999999999999,-2.3500000000000014,-61.37,-13.899999999999999,5.949999999999999,-47.29,18.04,-30.45,-44.269999999999996
2025-07-30T15:39:07.796710,11.0,67.0,-46.0,51.0,-72.0,-55.0,-21.0,-36.0,0.0,-34.0,53.0,-35.0,-17.39,81.34,-37.82,29.12,-37.35,-57.37,-44.9,-17.05,-4.29,-29.96,42.55,-52.269999999999996
2025-07-30T15:39:07.801134,90.0,35.0,-81.0,51.0,-3.0,0.0,-65.0,-19.0,-39.0,-32.0,77.0,-21.0,61.61,49.34,-72.82,29.12,31.65,-2.37,-88.9,-0.05000000000000071,-43.29,-27.96,66.55,-38.269999999999996
2025-07-30T15:39:07.809147,72.0,36.0,-27.0,20.0,-19.0,57.0,-7.0,-51.0,-24.0,-32.0,93.0,-24.0,43.61,50.34,-18.82,-1.879999999999999,15.649999999999999,54.63,-30.9,-32.05,-28.29,-27.96,82.55,-41.269999999999996
2025-07-30T15:39:07.813438,169.0,-27.0,-59.0,9.0,59.0,-16.0,36.0,0.0,12.0,-24.0,62.0,-27.0,140.61,-12.66,-50.82,-12.879999999999999,93.65,-18.37,12.100000000000001,18.95,7.71,-19.96,51.55,-44.269999999999996
2025-07-30T15:39:07.821300,89.0,-15.0,-52.0,23.0,5.0,-19.0,15.0,29.0,-78.0,-24.0,51.0,-28.0,60.61,-0.6600000000000001,-43.82,1.120000000000001,39.65,-21.37,-8.899999999999999,47.95,-82.29,-19.96,40.55,-45.269999999999996
2025-07-30T15:39:07.825651,63.0,-3.0,18.0,82.0,-49.0,-24.0,37.0,-18.0,4.0,-9.0,115.0,25.0,34.61,11.34,26.18,60.120000000000005,-14.350000000000001,-26.37,13.100000000000001,0.9499999999999993,-0.29000000000000004,-4.96,104.55,7.73
2025-07-30T15:39:07.829551,87.0,16.0,8.0,7.0,-60.0,-28.0,56.0,-16.0,-8.0,1.0,48.0,-45.0,58.61,30.34,16.18,-14.879999999999999,-25.35,-30.37,32.1,2.9499999999999993,-12.29,5.04,37.55,-62.269999999999996
2025-07-30T15:39:07.837790,-28.0,59.0,-29.0,90.0,-83.0,-9.0,7.0,5.0,-13.0,-21.0,55.0,-5.0,-56.39,73.34,-20.82,68.12,-48.35,-11.370000000000001,-16.9,23.95,-17.29,-16.96,44.55,-22.27
2025-07-30T15:39:07.841874,76.0,28.0,0.0,58.0,-42.0,30.0,-28.0,71.0,-39.0,0.0,45.0,-33.0,47.61,42.34,8.18,36.120000000000005,-7.350000000000001,27.63,-51.9,89.95,-43.29,4.04,34.55,-50.269999999999996
2025-07-30T15:39:07.850235,2.0,70.0,-14.0,20.0,-82.0,-26.0,6.0,44.0,-24.0,-38.0,78.0,-12.0,-26.39,84.34,-5.82,-1.879999999999999,-47.35,-28.37,-17.9,62.95,-28.29,-33.96,67.55,-29.27
2025-07-30T15:39:07.854173,64.0,61.0,-62.0,-33.0,-16.0,12.0,9.0,-9.0,48.0,36.0,60.0,-14.0,35.61,75.34,-53.82,-54.879999999999995,18.65,9.629999999999999,-14.899999999999999,9.95,43.71,40.04,49.55,-31.27
2025-07-30T15:39:07.862429,101.0,-21.0,-65.0,4.0,-1.0,-65.0,-5.0,-33.0,-30.0,-7.0,70.0,-8.0,72.61,-6.66,-56.82,-17.88,33.65,-67.37,-28.9,-14.05,-34.29,-2.96,59.55,-25.27
2025-07-30T15:39:07.867024,46.0,81.0,-49.0,14.0,24.0,-42.0,64.0,-29.0,8.0,-4.0,-10.0,-40.0,17.61,95.34,-40.82,-7.879999999999999,58.65,-44.37,40.1,-10.05,3.71,0.040000000000000036,-20.45,-57.269999999999996
2025-07-30T15:39:07.874575,26.0,0.0,-80.0,74.0,-24.0,-7.0,-12.0,-2.0,-23.0,9.0,61.0,-67.0,-2.3900000000000006,14.34,-71.82,52.120000000000005,10.649999999999999,-9.370000000000001,-35.9,16.95,-27.29,13.04,50.55,-84.27
2025-07-30T15:39:07.879664,69.0,-76.0,-90.0,3.0,-52.0,-47.0,-17.0,9.0,-16.0,-60.0,85.0,15.0,40.61,-61.66,-81.82,-18.88,-17.35,-49.37,-40.9,27.95,-20.29,-55.96,74.55,-2.2699999999999996
2025-07-30T15:39:07.887031,6.0,-46.0,-38.0,12.0,-35.0,-69.0,5.0,-10.0,-2.0,-17.0,-55.0,19.0,-22.39,-31.66,-29.82,-9.879999999999999,-0.3500000000000014,-71.37,-18.9,8.95,-6.29,-12.96,-65.45,1.7300000000000004
2025-07-30T15:39:07.891141,109.0,23.0,-48.0,81.0,-40.0,-80.0,14.0,21.0,-9.0,-13.0,-20.0,13.0,80.61,37.34,-39.82,59.120000000000005,-5.350000000000001,-82.37,-9.899999999999999,39.95,-13.29,-8.96,-30.45,-4.27
2025-07-30T15:39:07.899161,95.0,-72.0,2.0,64.0,17.0,16.0,81.0,9.0,-7.0,119.0,24.0,15.0,66.61,-57.66,10.18,42.120000000000005,51.65,13.629999999999999,57.1,27.95,-11.29,123.04,13.55,-2.2699999999999996
2025-07-30T15:39:07.903555,48.0,-52.0,37.0,-13.0,14.0,-51.0,69.0,-61.0,-45.0,50.0,0.0,56.0,19.61,-37.66,45.18,-34.879999999999995,48.65,-53.37,45.1,-42.05,-49.29,54.04,-10.45,38.730000000000004
2025-07-30T15:39:07.911511,-26.0,54.0,-50.0,43.0,3.0,-11.0,-34.0,71.0,-85.0,73.0,24.0,24.0,-54.39,68.34,-41.82,21.12,37.65,-13.370000000000001,-57.9,89.95,-89.29,77.04,13.55,6.73
2025-07-30T15:39:07.915772,46.0,71.0,-12.0,74.0,15.0,-21.0,73.0,69.0,-84.0,32.0,51.0,63.0,17.61,85.34,-3.8200000000000003,52.120000000000005,49.65,-23.37,49.1,87.95,-88.29,36.04,40.55,45.730000000000004
2025-07-30T15:39:07.923654,20.0,51.0,-89.0,70.0,10.0,-87.0,27.0,-2.0,40.0,112.0,29.0,31.0,-8.39,65.34,-80.82,48.120000000000005,44.65,-89.37,3.1000000000000014,16.95,35.71,116.04,18.55,13.73
2025-07-30T15:39:07.928085,69.0,-45.0,-77.0,55.0,-34.0,35.0,-9.0,71.0,-16.0,96.0,-38.0,46.0,40.61,-30.66,-68.82,33.120000000000005,0.6499999999999986,32.63,-32.9,89.95,-20.29,100.04,-48.45,28.73
2025-07-30T15:39:07.936134,51.0,34.0,38.0,42.0,-42.0,-8.0,-48.0,24.0,-24.0,25.0,18.0,52.0,22.61,48.34,46.18,20.12,-7.350000000000001,-10.370000000000001,-71.9,42.95,-28.29,29.04,7.550000000000001,34.730000000000004
2025-07-30T15:39:07.940292,93.0,-89.0,9.0,23.0,-22.0,-34.0,32.0,-51.0,-43.0,79.0,-7.0,58.0,64.61,-74.66,17.18,1.120000000000001,12.649999999999999,-36.37,8.100000000000001,-32.05,-47.29,83.04,-17.45,40.730000000000004
2025-07-30T15:39:07.948279,102.0,35.0,17.0,84.0,-25.0,43.0,38.0,-72.0,-23.0,38.0,40.0,74.0,73.61,49.34,25.18,62.120000000000005,9.649999999999999,40.63,14.100000000000001,-53.05,-27.29,42.04,29.55,56.730000000000004
2025-07-30T15:39:07.952525,31.0,-14.0,-92.0,71.0,6.0,-57.0,47.0,23.0,-60.0,95.0,12.0,54.0,2.6099999999999994,0.33999999999999986,-83.82,49.120000000000005,40.65,-59.37,23.1,41.95,-64.29,99.04,1.5500000000000007,36.730000000000004
2025-07-30T15:39:07.960658,117.0,-4.0,-36.0,58.0,-17.0,-23.0,13.0,49.0,-57.0,50.0,-1.0,44.0,88.61,10.34,-27.82,36.120000000000005,17.65,-25.37,-10.899999999999999,67.95,-61.29,54.04,-11.45,26.73
2025-07-30T15:39:07.964816,49.0,-116.0,-32.0,51.0,-16.0,-9.0,19.0,23.0,-111.0,-23.0,-30.0,78.0,20.61,-101.66,-23.82,29.12,18.65,-11.370000000000001,-4.899999999999999,41.95,-115.29,-18.96,-40.45,60.730000000000004
2025-07-30T15:39:07.972857,99.0,-14.0,0.0,54.0,0.0,-14.0,13.0,5.0,-72.0,63.0,15.0,49.0,70.61,0.33999999999999986,8.18,32.120000000000005,34.65,-16.37,-10.899999999999999,23.95,-76.29,67.04,4.550000000000001,31.73
2025-07-30T15:39:07.977285,100.0,-17.0,8.0,-42.0,-87.0,23.0,32.0,21.0,-2.0,22.0,57.0,38.0,71.61,-2.66,16.18,-63.879999999999995,-52.35,20.63,8.100000000000001,39.95,-6.29,26.04,46.55,20.73
2025-07-30T15:39:07.985288,78.0,-34.0,-16.0,3.0,-30.0,6.0,25.0,-4.0,18.0,-11.0,-58.0,28.0,49.61,-19.66,-7.82,-18.88,4.649999999999999,3.63,1.1000000000000014,14.95,13.71,-6.96,-68.45,10.73
2025-07-30T15:39:07.989426,26.0,4.0,53.0,33.0,-14.0,42.0,21.0,-45.0,-64.0,42.0,41.0,-17.0,-2.3900000000000006,18.34,61.18,11.120000000000001,20.65,39.63,-2.8999999999999986,-26.05,-68.29,46.04,30.55,-34.269999999999996
2025-07-30T15:39:07.993412,4.0,17.0,-37.0,29.0,-39.0,-62.0,53.0,-71.0,-85.0,41.0,1.0,-11.0,-24.39,31.34,-28.82,7.120000000000001,-4.350000000000001,-64.37,29.1,-52.05,-89.29,45.04,-9.45,-28.27
2025-07-30T15:39:08.001706,-49.0,18.0,-40.0,-22.0,-28.0,-45.0,69.0,-31.0,-38.0,27.0,-6.0,88.0,-77.39,32.34,-31.82,-43.879999999999995,6.649999999999999,-47.37,45.1,-12.05,-42.29,31.04,-16.45,70.73
2025-07-30T15:39:08.006256,72.0,108.0,-72.0,-21.0,42.0,-54.0,36.0,-31.0,3.0,45.0,-13.0,87.0,43.61,122.34,-63.82,-42.879999999999995,76.65,-56.37,12.100000000000001,-12.05,-1.29,49.04,-23.45,69.73
2025-07-30T15:39:08.013805,80.0,30.0,-99.0,36.0,-18.0,2.0,13.0,56.0,-47.0,83.0,4.0,27.0,51.61,44.34,-90.82,14.120000000000001,16.65,-0.3700000000000001,-10.899999999999999,74.95,-51.29,87.04,-6.449999999999999,9.73
2025-07-30T15:39:08.018594,59.0,19.0,-42.0,30.0,-106.0,-8.0,-26.0,22.0,-9.0,21.0,-23.0,12.0,30.61,33.34,-33.82,8.120000000000001,-71.35,-10.370000000000001,-49.9,40.95,-13.29,25.04,-33.45,-5.27
2025-07-30T15:39:08.026413,140.0,46.0,-40.0,93.0,-91.0,19.0,67.0,-17.0,-13.0,-32.0,-9.0,45.0,111.61,60.34,-31.82,71.12,-56.35,16.63,43.1,1.9499999999999993,-17.29,-27.96,-19.45,27.73
2025-07-30T15:39:08.030874,65.0,-15.0,-49.0,19.0,-21.0,28.0,12.0,-43.0,-38.0,81.0,-20.0,37.0,36.61,-0.6600000000000001,-40.82,-2.879999999999999,13.649999999999999,25.63,-11.899999999999999,-24.05,-42.29,85.04,-30.45,19.73
2025-07-30T15:39:08.038602,39.0,32.0,16.0,0.0,-47.0,-10.0,9.0,36.0,-17.0,46.0,-5.0,21.0,10.61,46.34,24.18,-21.88,-12.350000000000001,-12.370000000000001,-14.899999999999999,54.95,-21.29,50.04,-15.45,3.7300000000000004
2025-07-30T15:39:08.042582,8.0,45.0,-13.0,-54.0,-62.0,-81.0,-2.0,-49.0,-75.0,13.0,-25.0,24.0,-20.39,59.34,-4.82,-75.88,-27.35,-83.37,-25.9,-30.05,-79.29,17.04,-35.45,6.73
2025-07-30T15:39:08.050699,-29.0,19.0,5.0,61.0,-55.0,-21.0,68.0,-65.0,-68.0,23.0,-74.0,25.0,-57.39,33.34,13.18,39.120000000000005,-20.35,-23.37,44.1,-46.05,-72.29,27.04,-84.45,7.73
2025-07-30T15:39:08.054916,10.0,28.0,-2.0,92.0,-78.0,-52.0,-13.0,17.0,-8.0,74.0,-12.0,-43.0,-18.39,42.34,6.18,70.12,-43.35,-54.37,-36.9,35.95,-12.29,78.04,-22.45,-60.269999999999996
2025-07-30T15:39:08.063037,61.0,0.0,-61.0,81.0,-31.0,-32.0,-15.0,42.0,-34.0,30.0,-51.0,61.0,32.61,14.34,-52.82,59.120000000000005,3.6499999999999986,-34.37,-38.9,60.95,-38.29,34.04,-61.45,43.730000000000004
2025-07-30T15:39:08.067471,145.0,-5.0,12.0,44.0,-34.0,-79.0,-10.0,-14.0,-62.0,9.0,-14.0,33.0,116.61,9.34,20.18,22.12,0.6499999999999986,-81.37,-33.9,4.949999999999999,-66.29,13.04,-24.45,15.73
2025-07-30T15:39:08.075435,55.0,-3.0,4.0,47.0,43.0,-7.0,50.0,-61.0,12.0,57.0,-15.0,22.0,26.61,11.34,12.18,25.12,77.65,-9.370000000000001,26.1,-42.05,7.71,61.04,-25.45,4.73
2025-07-30T15:39:08.079463,95.0,-6.0,-14.0,26.0,-13.0,-51.0,-36.0,-53.0,-9.0,0.0,-59.0,-51.0,66.61,8.34,-5.82,4.120000000000001,21.65,-53.37,-59.9,-34.05,-13.29,4.04,-69.45,-68.27
2025-07-30T15:39:08.087626,-2.0,-72.0,36.0,71.0,-79.0,-80.0,-1.0,-7.0,-21.0,6.0,-16.0,24.0,-30.39,-57.66,44.18,49.120000000000005,-44.35,-82.37,-24.9,11.95,-25.29,10.04,-26.45,6.73
2025-07-30T15:39:08.092031,46.0,-3.0,26.0,40.0,22.0,-19.0,26.0,25.0,-6.0,63.0,-11.0,-11.0,17.61,11.34,34.18,18.12,56.65,-21.37,2.1000000000000014,43.95,-10.29,67.04,-21.45,-28.27
2025-07-30T15:39:08.099878,24.0,33.0,9.0,65.0,18.0,-33.0,43.0,-6.0,-27.0,39.0,11.0,53.0,-4.390000000000001,47.34,17.18,43.120000000000005,52.65,-35.37,19.1,12.95,-31.29,43.04,0.5500000000000007,35.730000000000004
2025-07-30T15:39:08.104344,39.0,42.0,-110.0,-20.0,-40.0,-16.0,-21.0,-14.0,-25.0,-11.0,8.0,69.0,10.61,56.34,-101.82,-41.879999999999995,-5.350000000000001,-18.37,-44.9,4.949999999999999,-29.29,-6.96,-2.4499999999999993,51.730000000000004
2025-07-30T15:39:08.112088,101.0,63.0,-2.0,5.0,-65.0,15.0,37.0,0.0,-40.0,18.0,-60.0,1.0,72.61,77.34,6.18,-16.88,-30.35,12.629999999999999,13.100000000000001,18.95,-44.29,22.04,-70.45,-16.27
2025-07-30T15:39:08.116688,108.0,27.0,-42.0,-17.0,-46.0,40.0,-64.0,-58.0,-35.0,22.0,-26.0,61.0,79.61,41.34,-33.82,-38.879999999999995,-11.350000000000001,37.63,-87.9,-39.05,-39.29,26.04,-36.45,43.730000000000004
2025-07-30T15:39:08.124390,77.0,-61.0,-68.0,-52.0,18.0,52.0,82.0,-79.0,-93.0,-6.0,17.0,55.0,48.61,-46.66,-59.82,-73.88,52.65,49.63,58.1,-60.05,-97.29,-1.96,6.550000000000001,37.730000000000004
2025-07-30T15:39:08.128797,72.0,-66.0,5.0,8.0,1.0,-42.0,-15.0,18.0,-15.0,36.0,-32.0,95.0,43.61,-51.66,13.18,-13.879999999999999,35.65,-44.37,-38.9,36.95,-19.29,40.04,-42.45,77.73
2025-07-30T15:39:08.136648,47.0,-88.0,-5.0,27.0,-53.0,-80.0,11.0,-52.0,-4.0,37.0,6.0,6.0,18.61,-73.66,3.1799999999999997,5.120000000000001,-18.35,-82.37,-12.899999999999999,-33.05,-8.29,41.04,-4.449999999999999,-11.27
2025-07-30T15:39:08.141102,64.0,-12.0,43.0,35.0,-25.0,-101.0,57.0,-12.0,-47.0,83.0,4.0,-56.0,35.61,2.34,51.18,13.120000000000001,9.649999999999999,-103.37,33.1,6.949999999999999,-51.29,87.04,-6.449999999999999,-73.27
2025-07-30T15:39:08.148919,33.0,-7.0,-25.0,103.0,-68.0,-1.0,37.0,-8.0,20.0,84.0,18.0,-34.0,4.609999999999999,7.34,-16.82,81.12,-33.35,-3.37,13.100000000000001,10.95,15.71,88.04,7.550000000000001,-51.269999999999996
2025-07-30T15:39:08.153205,79.0,31.0,44.0,12.0,-26.0,-17.0,14.0,-74.0,-19.0,22.0,-20.0,-35.0,50.61,45.34,52.18,-9.879999999999999,8.649999999999999,-19.37,-9.899999999999999,-55.05,-23.29,26.04,-30.45,-52.269999999999996
2025-07-30T15:39:08.161436,-16.0,80.0,-55.0,25.0,-19.0,20.0,54.0,76.0,-28.0,48.0,-30.0,-4.0,-44.39,94.34,-46.82,3.120000000000001,15.649999999999999,17.63,30.1,94.95,-32.29,52.04,-40.45,-21.27
2025-07-30T15:39:08.165596,98.0,18.0,-8.0,28.0,-22.0,18.0,12.0,53.0,-17.0,-1.0,-2.0,-34.0,69.61,32.34,0.17999999999999972,6.120000000000001,12.649999999999999,15.629999999999999,-11.899999999999999,71.95,-21.29,3.04,-12.45,-51.269999999999996
2025-07-30T15:39:08.173582,45.0,128.0,-50.0,5.0,2.0,-40.0,-12.0,2.0,-72.0,-26.0,37.0,-29.0,16.61,142.34,-41.82,-16.88,36.65,-42.37,-35.9,20.95,-76.29,-21.96,26.55,-46.269999999999996
2025-07-30T15:39:08.177826,-6.0,11.0,-62.0,62.0,17.0,-89.0,-53.0,-5.0,-100.0,19.0,-122.0,-35.0,-34.39,25.34,-53.82,40.120000000000005,51.65,-91.37,-76.9,13.95,-104.29,23.04,-132.45,-52.269999999999996
2025-07-30T15:39:08.185854,99.0,-25.0,-25.0,41.0,-70.0,22.0,58.0,-33.0,-15.0,87.0,-4.0,32.0,70.61,-10.66,-16.82,19.12,-35.35,19.63,34.1,-14.05,-19.29,91.04,-14.45,14.73
2025-07-30T15:39:08.190597,56.0,-61.0,-3.0,37.0,-19.0,8.0,-56.0,15.0,-8.0,36.0,-17.0,-38.0,27.61,-46.66,5.18,15.120000000000001,15.649999999999999,5.63,-79.9,33.95,-12.29,40.04,-27.45,-55.269999999999996
2025-07-30T15:39:08.198278,90.0,-2.0,-16.0,44.0,-20.0,37.0,19.0,-30.0,-33.0,57.0,9.0,-2.0,61.61,12.34,-7.82,22.12,14.649999999999999,34.63,-4.899999999999999,-11.05,-37.29,61.04,-1.4499999999999993,-19.27
2025-07-30T15:39:08.202390,103.0,-14.0,24.0,60.0,4.0,32.0,-9.0,-56.0,-29.0,101.0,-36.0,-10.0,74.61,0.33999999999999986,32.18,38.120000000000005,38.65,29.63,-32.9,-37.05,-33.29,105.04,-46.45,-27.27
2025-07-30T15:39:08.206720,30.0,53.0,9.0,-8.0,39.0,16.0,36.0,-67.0,-1.0,46.0,-58.0,-10.0,1.6099999999999994,67.34,17.18,-29.88,73.65,13.629999999999999,12.100000000000001,-48.05,-5.29,50.04,-68.45,-27.27
2025-07-30T15:39:08.214595,-15.0,15.0,13.0,19.0,26.0,-44.0,29.0,-14.0,20.0,-20.0,-38.0,-56.0,-43.39,29.34,21.18,-2.879999999999999,60.65,-46.37,5.100000000000001,4.949999999999999,15.71,-15.96,-48.45,-73.27
2025-07-30T15:39:08.222712,36.0,15.0,-36.0,16.0,2.0,-50.0,59.0,-27.0,-67.0,35.0,-14.0,-84.0,7.609999999999999,29.34,-27.82,-5.879999999999999,36.65,-52.37,35.1,-8.05,-71.29,39.04,-24.45,-101.27
2025-07-30T15:39:08.227069,52.0,38.0,-109.0,-4.0,-16.0,62.0,-12.0,24.0,-19.0,67.0,-62.0,-20.0,23.61,52.34,-100.82,-25.88,18.65,59.63,-35.9,42.95,-23.29,71.04,-72.45,-37.269999999999996
2025-07-30T15:39:08.231267,105.0,-38.0,-46.0,63.0,-9.0,18.0,-23.0,11.0,6.0,23.0,-36.0,8.0,76.61,-23.66,-37.82,41.120000000000005,25.65,15.629999999999999,-46.9,29.95,1.71,27.04,-46.45,-9.27
2025-07-30T15:39:08.239312,77.0,7.0,-4.0,-5.0,-7.0,-39.0,32.0,39.0,-56.0,80.0,-18.0,-29.0,48.61,21.34,4.18,-26.88,27.65,-41.37,8.100000000000001,57.95,-60.29,84.04,-28.45,-46.269999999999996
2025-07-30T15:39:08.243307,101.0,9.0,-31.0,67.0,3.0,10.0,23.0,-22.0,-6.0,-17.0,30.0,-28.0,72.61,23.34,-22.82,45.120000000000005,37.65,7.63,-0.8999999999999986,-3.0500000000000007,-10.29,-12.96,19.55,-45.269999999999996
2025-07-30T15:39:08.251440,31.0,-73.0,59.0,0.0,6.0,11.0,-55.0,35.0,44.0,93.0,-16.0,-42.0,2.6099999999999994,-58.66,67.18,-21.88,40.65,8.629999999999999,-78.9,53.95,39.71,97.04,-26.45,-59.269999999999996
2025-07-30T15:39:08.255629,-18.0,-82.0,19.0,16.0,-21.0,25.0,13.0,5.0,-45.0,3.0,55.0,-42.0,-46.39,-67.66,27.18,-5.879999999999999,13.649999999999999,22.63,-10.899999999999999,23.95,-49.29,7.04,44.55,-59.269999999999996
2025-07-30T15:39:08.263739,30.0,65.0,-39.0,41.0,-84.0,-6.0,40.0,3.0,8.0,24.0,39.0,11.0,1.6099999999999994,79.34,-30.82,19.12,-49.35,-8.370000000000001,16.1,21.95,3.71,28.04,28.55,-6.27
2025-07-30T15:39:08.268396,-14.0,16.0,-70.0,70.0,-89.0,12.0,21.0,-59.0,-34.0,-24.0,94.0,5.0,-42.39,30.34,-61.82,48.120000000000005,-54.35,9.629999999999999,-2.8999999999999986,-40.05,-38.29,-19.96,83.55,-12.27
2025-07-30T15:39:08.276354,71.0,-19.0,-131.0,63.0,-2.0,-2.0,13.0,-13.0,3.0,-2.0,46.0,6.0,42.61,-4.66,-122.82,41.120000000000005,32.65,-4.37,-10.899999999999999,5.949999999999999,-1.29,2.04,35.55,-11.27
2025-07-30T15:39:08.280216,19.0,85.0,-47.0,54.0,-89.0,-22.0,-30.0,35.0,35.0,-106.0,40.0,29.0,-9.39,99.34,-38.82,32.120000000000005,-54.35,-24.37,-53.9,53.95,30.71,-101.96,29.55,11.73
2025-07-30T15:39:08.288648,39.0,65.0,10.0,19.0,-51.0,-23.0,16.0,72.0,-22.0,30.0,94.0,-5.0,10.61,79.34,18.18,-2.879999999999999,-16.35,-25.37,-7.899999999999999,90.95,-26.29,34.04,83.55,-22.27
2025-07-30T15:39:08.293212,43.0,-56.0,1.0,-28.0,-33.0,-24.0,18.0,-25.0,3.0,-43.0,67.0,59.0,14.61,-41.66,9.18,-49.879999999999995,1.6499999999999986,-26.37,-5.899999999999999,-6.050000000000001,-1.29,-38.96,56.55,41.730000000000004
2025-07-30T15:39:08.300951,48.0,-90.0,50.0,34.0,-42.0,-12.0,5.0,-24.0,19.0,-31.0,-28.0,24.0,19.61,-75.66,58.18,12.120000000000001,-7.350000000000001,-14.370000000000001,-18.9,-5.050000000000001,14.71,-26.96,-38.45,6.73
2025-07-30T15:39:08.304944,19.0,-27.0,-25.0,37.0,-48.0,-35.0,78.0,36.0,-10.0,9.0,53.0,76.0,-9.39,-12.66,-16.82,15.120000000000001,-13.350000000000001,-37.37,54.1,54.95,-14.29,13.04,42.55,58.730000000000004
2025-07-30T15:39:08.312924,-18.0,39.0,35.0,9.0,-62.0,-23.0,16.0,-7.0,30.0,-68.0,37.0,40.0,-46.39,53.34,43.18,-12.879999999999999,-27.35,-25.37,-7.899999999999999,11.95,25.71,-63.96,26.55,22.73
2025-07-30T15:39:08.317244,41.0,68.0,-43.0,24.0,-68.0,-34.0,61.0,15.0,40.0,-56.0,24.0,78.0,12.61,82.34,-34.82,2.120000000000001,-33.35,-36.37,37.1,33.95,35.71,-51.96,13.55,60.730000000000004
2025-07-30T15:39:08.325220,56.0,-7.0,-32.0,26.0,22.0,-44.0,56.0,-32.0,-44.0,-83.0,66.0,27.0,27.61,7.34,-23.82,4.120000000000001,56.65,-46.37,32.1,-13.05,-48.29,-78.96,55.55,9.73
2025-07-30T15:39:08.329594,136.0,-94.0,-48.0,30.0,24.0,11.0,14.0,-31.0,-42.0,-24.0,26.0,46.0,107.61,-79.66,-39.82,8.120000000000001,58.65,8.629999999999999,-9.899999999999999,-12.05,-46.29,-19.96,15.55,28.73
2025-07-30T15:39:08.337927,108.0,-47.0,-14.0,47.0,-57.0,-32.0,29.0,-33.0,23.0,-38.0,-14.0,58.0,79.61,-32.66,-5.82,25.12,-22.35,-34.37,5.100000000000001,-14.05,18.71,-33.96,-24.45,40.730000000000004
2025-07-30T15:39:08.342102,30.0,-6.0,-13.0,107.0,-25.0,15.0,55.0,-7.0,15.0,-10.0,-3.0,43.0,1.6099999999999994,8.34,-4.82,85.12,9.649999999999999,12.629999999999999,31.1,11.95,10.71,-5.96,-13.45,25.73
2025-07-30T15:39:08.350026,-13.0,50.0,14.0,74.0,-36.0,51.0,-7.0,5.0,-65.0,-54.0,-49.0,42.0,-41.39,64.34,22.18,52.120000000000005,-1.3500000000000014,48.63,-30.9,23.95,-69.29,-49.96,-59.45,24.73
2025-07-30T15:39:08.354072,104.0,-16.0,31.0,73.0,18.0,15.0,-40.0,17.0,-19.0,-123.0,67.0,44.0,75.61,-1.6600000000000001,39.18,51.120000000000005,52.65,12.629999999999999,-63.9,35.95,-23.29,-118.96,56.55,26.73
2025-07-30T15:39:08.362055,79.0,20.0,-17.0,-45.0,-20.0,-23.0,63.0,9.0,5.0,-78.0,-2.0,16.0,50.61,34.34,-8.82,-66.88,14.649999999999999,-25.37,39.1,27.95,0.71,-73.96,-12.45,-1.2699999999999996
2025-07-30T15:39:08.366397,-7.0,43.0,-76.0,22.0,15.0,-17.0,48.0,90.0,-47.0,-16.0,22.0,74.0,-35.39,57.34,-67.82,0.120000000000001,49.65,-19.37,24.1,108.95,-51.29,-11.96,11.55,56.730000000000004
2025-07-30T15:39:08.374376,40.0,0.0,-74.0,93.0,-21.0,-62.0,38.0,-33.0,-57.0,-40.0,7.0,11.0,11.61,14.34,-65.82,71.12,13.649999999999999,-64.37,14.100000000000001,-14.05,-61.29,-35.96,-3.4499999999999993,-6.27
2025-07-30T15:39:08.378712,50.0,107.0,-25.0,-4.0,-63.0,-89.0,52.0,-22.0,6.0,-17.0,82.0,64.0,21.61,121.34,-16.82,-25.88,-28.35,-91.37,28.1,-3.0500000000000007,1.71,-12.96,71.55,46.730000000000004
2025-07-30T15:39:08.386633,82.0,-27.0,-36.0,41.0,-1.0,14.0,-10.0,-25.0,-8.0,-40.0,44.0,33.0,53.61,-12.66,-27.82,19.12,33.65,11.629999999999999,-33.9,-6.050000000000001,-12.29,-35.96,33.55,15.73
2025-07-30T15:39:08.391668,30.0,-31.0,-55.0,60.0,-29.0,-7.0,34.0,66.0,-33.0,-16.0,11.0,50.0,1.6099999999999994,-16.66,-46.82,38.120000000000005,5.649999999999999,-9.370000000000001,10.100000000000001,84.95,-37.29,-11.96,0.5500000000000007,32.730000000000004
2025-07-30T15:39:08.399025,55.0,17.0,6.0,-31.0,-15.0,-31.0,16.0,-15.0,-80.0,-38.0,41.0,28.0,26.61,31.34,14.18,-52.879999999999995,19.65,-33.37,-7.899999999999999,3.9499999999999993,-84.29,-33.96,30.55,10.73
2025-07-30T15:39:08.403267,9.0,107.0,-28.0,11.0,-8.0,-42.0,8.0,29.0,-58.0,12.0,23.0,74.0,-19.39,121.34,-19.82,-10.879999999999999,26.65,-44.37,-15.899999999999999,47.95,-62.29,16.04,12.55,56.730000000000004
2025-07-30T15:39:08.411260,26.0,-13.0,-8.0,15.0,-28.0,-55.0,37.0,-19.0,-13.0,-77.0,68.0,38.0,-2.3900000000000006,1.3399999999999999,0.17999999999999972,-6.879999999999999,6.649999999999999,-57.37,13.100000000000001,-0.05000000000000071,-17.29,-72.96,57.55,20.73
2025-07-30T15:39:08.415542,59.0,5.0,-50.0,48.0,-11.0,-22.0,37.0,-38.0,70.0,-81.0,30.0,75.0,30.61,19.34,-41.82,26.12,23.65,-24.37,13.100000000000001,-19.05,65.71,-76.96,19.55,57.730000000000004
2025-07-30T15:39:08.423456,82.0,33.0,-12.0,24.0,-74.0,-14.0,76.0,-31.0,8.0,-14.0,-93.0,0.0,53.61,47.34,-3.8200000000000003,2.120000000000001,-39.35,-16.37,52.1,-12.05,3.71,-9.96,-103.45,-17.27
2025-07-30T15:39:08.427649,11.0,12.0,-7.0,104.0,36.0,22.0,102.0,6.0,16.0,-40.0,-26.0,62.0,-17.39,26.34,1.1799999999999997,82.12,70.65,19.63,78.1,24.95,11.71,-35.96,-36.45,44.730000000000004
2025-07-30T15:39:08.435737,121.0,-16.0,-34.0,-12.0,-22.0,2.0,3.0,12.0,-45.0,-1.0,-49.0,16.0,92.61,-1.6600000000000001,-25.82,-33.879999999999995,12.649999999999999,-0.3700000000000001,-20.9,30.95,-49.29,3.04,-59.45,-1.2699999999999996
2025-07-30T15:39:08.439962,7.0,-78.0,18.0,63.0,-45.0,7.0,66.0,-7.0,-34.0,-20.0,-42.0,31.0,-21.39,-63.66,26.18,41.120000000000005,-10.350000000000001,4.63,42.1,11.95,-38.29,-15.96,-52.45,13.73
2025-07-30T15:39:08.448113,-20.0,-83.0,31.0,34.0,-34.0,-77.0,57.0,-62.0,-2.0,-79.0,-34.0,31.0,-48.39,-68.66,39.18,12.120000000000001,0.6499999999999986,-79.37,33.1,-43.05,-6.29,-74.96,-44.45,13.73
2025-07-30T15:39:08.452333,49.0,73.0,31.0,6.0,82.0,-35.0,18.0,-77.0,-32.0,2.0,50.0,45.0,20.61,87.34,39.18,-15.879999999999999,116.65,-37.37,-5.899999999999999,-58.05,-36.29,6.04,39.55,27.73
2025-07-30T15:39:08.460234,66.0,28.0,-51.0,50.0,43.0,-27.0,5.0,-20.0,5.0,-25.0,3.0,-7.0,37.61,42.34,-42.82,28.12,77.65,-29.37,-18.9,-1.0500000000000007,0.71,-20.96,-7.449999999999999,-24.27
2025-07-30T15:39:08.464627,23.0,41.0,-99.0,-1.0,7.0,-43.0,58.0,-68.0,-56.0,-15.0,20.0,-1.0,-5.390000000000001,55.34,-90.82,-22.88,41.65,-45.37,34.1,-49.05,-60.29,-10.96,9.55,-18.27
2025-07-30T15:39:08.472619,66.0,43.0,-58.0,105.0,-132.0,-3.0,35.0,28.0,-10.0,-6.0,10.0,27.0,37.61,57.34,-49.82,83.12,-97.35,-5.37,11.100000000000001,46.95,-14.29,-1.96,-0.4499999999999993,9.73
2025-07-30T15:39:08.476866,40.0,-34.0,-75.0,43.0,-29.0,-18.0,-60.0,-32.0,42.0,63.0,-51.0,33.0,11.61,-19.66,-66.82,21.12,5.649999999999999,-20.37,-83.9,-13.05,37.71,67.04,-61.45,15.73
2025-07-30T15:39:08.481222,58.0,-52.0,-66.0,45.0,-11.0,1.0,10.0,-17.0,4.0,38.0,-18.0,6.0,29.61,-37.66,-57.82,23.12,23.65,-1.37,-13.899999999999999,1.9499999999999993,-0.29000000000000004,42.04,-28.45,-11.27
2025-07-30T15:39:08.489113,62.0,-71.0,-62.0,34.0,-28.0,12.0,39.0,-68.0,75.0,-8.0,28.0,-12.0,33.61,-56.66,-53.82,12.120000000000001,6.649999999999999,9.629999999999999,15.100000000000001,-49.05,70.71,-3.96,17.55,-29.27
2025-07-30T15:39:08.493643,65.0,-17.0,22.0,49.0,-9.0,12.0,50.0,-2.0,10.0,-13.0,-25.0,27.0,36.61,-2.66,30.18,27.12,25.65,9.629999999999999,26.1,16.95,5.71,-8.96,-35.45,9.73
2025-07-30T15:39:08.501348,22.0,-60.0,-21.0,-28.0,12.0,17.0,14.0,-46.0,5.0,16.0,22.0,24.0,-6.390000000000001,-45.66,-12.82,-49.879999999999995,46.65,14.629999999999999,-9.899999999999999,-27.05,0.71,20.04,11.55,6.73
2025-07-30T15:39:08.505439,28.0,-23.0,16.0,-18.0,-26.0,-12.0,16.0,-29.0,38.0,87.0,-26.0,67.0,-0.39000000000000057,-8.66,24.18,-39.879999999999995,8.649999999999999,-14.370000000000001,-7.899999999999999,-10.05,33.71,91.04,-36.45,49.730000000000004
2025-07-30T15:39:08.513727,-34.0,-11.0,-82.0,28.0,-10.0,-42.0,19.0,-13.0,-1.0,34.0,1.0,31.0,-62.39,3.34,-73.82,6.120000000000001,24.65,-44.37,-4.899999999999999,5.949999999999999,-5.29,38.04,-9.45,13.73
2025-07-30T15:39:08.517720,-2.0,-7.0,-81.0,39.0,-26.0,-33.0,-27.0,-127.0,13.0,-1.0,11.0,73.0,-30.39,7.34,-72.82,17.12,8.649999999999999,-35.37,-50.9,-108.05,8.71,3.04,0.5500000000000007,55.730000000000004
2025-07-30T15:39:08.526036,7.0,-14.0,-33.0,-11.0,-32.0,15.0,46.0,-71.0,8.0,31.0,13.0,51.0,-21.39,0.33999999999999986,-24.82,-32.879999999999995,2.6499999999999986,12.629999999999999,22.1,-52.05,3.71,35.04,2.5500000000000007,33.730000000000004
2025-07-30T15:39:08.529987,43.0,-10.0,-50.0,-8.0,18.0,-8.0,77.0,-75.0,-28.0,38.0,-16.0,93.0,14.61,4.34,-41.82,-29.88,52.65,-10.370000000000001,53.1,-56.05,-32.29,42.04,-26.45,75.73
2025-07-30T15:39:08.538287,92.0,28.0,-73.0,19.0,-63.0,26.0,24.0,-26.0,83.0,48.0,-71.0,-7.0,63.61,42.34,-64.82,-2.879999999999999,-28.35,23.63,0.10000000000000142,-7.050000000000001,78.71,52.04,-81.45,-24.27
2025-07-30T15:39:08.542562,96.0,-79.0,-46.0,17.0,-51.0,51.0,14.0,-47.0,-17.0,-8.0,-23.0,89.0,67.61,-64.66,-37.82,-4.879999999999999,-16.35,48.63,-9.899999999999999,-28.05,-21.29,-3.96,-33.45,71.73
2025-07-30T15:39:08.550537,16.0,-33.0,-6.0,24.0,-48.0,30.0,-1.0,-12.0,59.0,43.0,-60.0,53.0,-12.39,-18.66,2.1799999999999997,2.120000000000001,-13.350000000000001,27.63,-24.9,6.949999999999999,54.71,47.04,-70.45,35.730000000000004
2025-07-30T15:39:08.555061,13.0,-32.0,97.0,20.0,-25.0,-9.0,69.0,-60.0,-45.0,12.0,-10.0,4.0,-15.39,-17.66,105.18,-1.879999999999999,9.649999999999999,-11.370000000000001,45.1,-41.05,-49.29,16.04,-20.45,-13.27
2025-07-30T15:39:08.562742,-35.0,-17.0,-24.0,39.0,-87.0,46.0,1.0,-54.0,17.0,24.0,-6.0,84.0,-63.39,-2.66,-15.82,17.12,-52.35,43.63,-22.9,-35.05,12.71,28.04,-16.45,66.73
2025-07-30T15:39:08.566875,29.0,-36.0,-8.0,41.0,-44.0,-3.0,42.0,21.0,48.0,46.0,18.0,39.0,0.6099999999999994,-21.66,0.17999999999999972,19.12,-9.350000000000001,-5.37,18.1,39.95,43.71,50.04,7.550000000000001,21.73
2025-07-30T15:39:08.575022,22.0,-6.0,68.0,31.0,-45.0,76.0,23.0,-14.0,35.0,71.0,-100.0,94.0,-6.390000000000001,8.34,76.18,9.120000000000001,-10.350000000000001,73.63,-0.8999999999999986,4.949999999999999,30.71,75.04,-110.45,76.73
2025-07-30T15:39:08.579144,-50.0,54.0,9.0,15.0,-69.0,8.0,-31.0,-22.0,-50.0,29.0,18.0,51.0,-78.39,68.34,17.18,-6.879999999999999,-34.35,5.63,-54.9,-3.0500000000000007,-54.29,33.04,7.550000000000001,33.730000000000004
2025-07-30T15:39:08.587308,105.0,65.0,-150.0,0.0,-88.0,51.0,3.0,-66.0,37.0,5.0,-76.0,13.0,76.61,79.34,-141.82,-21.88,-53.35,48.63,-20.9,-47.05,32.71,9.04,-86.45,-4.27
2025-07-30T15:39:08.591491,73.0,-38.0,-49.0,17.0,-63.0,38.0,-37.0,-91.0,82.0,11.0,28.0,58.0,44.61,-23.66,-40.82,-4.879999999999999,-28.35,35.63,-60.9,-72.05,77.71,15.04,17.55,40.730000000000004
2025-07-30T15:39:08.599573,41.0,-64.0,80.0,36.0,27.0,11.0,15.0,-29.0,31.0,-31.0,-13.0,27.0,12.61,-49.66,88.18,14.120000000000001,61.65,8.629999999999999,-8.899999999999999,-10.05,26.71,-26.96,-23.45,9.73
2025-07-30T15:39:08.603864,48.0,-40.0,47.0,-6.0,-38.0,-30.0,54.0,-49.0,-19.0,21.0,42.0,81.0,19.61,-25.66,55.18,-27.88,-3.3500000000000014,-32.37,30.1,-30.05,-23.29,25.04,31.55,63.730000000000004
2025-07-30T15:39:08.611847,48.0,13.0,-6.0,6.0,6.0,-17.0,27.0,-56.0,53.0,12.0,30.0,54.0,19.61,27.34,2.1799999999999997,-15.879999999999999,40.65,-19.37,3.1000000000000014,-37.05,48.71,16.04,19.55,36.730000000000004
2025-07-30T15:39:08.616126,63.0,16.0,47.0,-4.0,23.0,-50.0,78.0,-74.0,38.0,71.0,-5.0,48.0,34.61,30.34,55.18,-25.88,57.65,-52.37,54.1,-55.05,33.71,75.04,-15.45,30.73
2025-07-30T15:39:08.624082,7.0,18.0,-14.0,29.0,-117.0,33.0,86.0,-17.0,13.0,66.0,-18.0,25.0,-21.39,32.34,-5.82,7.120000000000001,-82.35,30.63,62.1,1.9499999999999993,8.71,70.04,-28.45,7.73
2025-07-30T15:39:08.628504,72.0,0.0,-43.0,71.0,-25.0,11.0,68.0,-53.0,-15.0,69.0,-10.0,91.0,43.61,14.34,-34.82,49.120000000000005,9.649999999999999,8.629999999999999,44.1,-34.05,-19.29,73.04,-20.45,73.73
2025-07-30T15:39:08.636436,106.0,-64.0,-81.0,20.0,-5.0,9.0,20.0,-26.0,24.0,69.0,-47.0,16.0,77.61,-49.66,-72.82,-1.879999999999999,29.65,6.63,-3.8999999999999986,-7.050000000000001,19.71,73.04,-57.45,-1.2699999999999996
2025-07-30T15:39:08.640629,117.0,-37.0,-10.0,-27.0,26.0,-2.0,-58.0,-38.0,20.0,18.0,-56.0,44.0,88.61,-22.66,-1.8200000000000003,-48.879999999999995,60.65,-4.37,-81.9,-19.05,15.71,22.04,-66.45,26.73
2025-07-30T15:39:08.648662,58.0,-22.0,-5.0,38.0,-8.0,5.0,17.0,-16.0,23.0,34.0,-45.0,53.0,29.61,-7.66,3.1799999999999997,16.12,26.65,2.63,-6.899999999999999,2.9499999999999993,18.71,38.04,-55.45,35.730000000000004
2025-07-30T15:39:08.652993,51.0,-22.0,9.0,62.0,-57.0,-5.0,68.0,20.0,3.0,31.0,-34.0,34.0,22.61,-7.66,17.18,40.120000000000005,-22.35,-7.37,44.1,38.95,-1.29,35.04,-44.45,16.73
2025-07-30T15:39:08.661052,69.0,-76.0,68.0,107.0,-3.0,-38.0,7.0,-23.0,16.0,41.0,-36.0,-4.0,40.61,-61.66,76.18,85.12,31.65,-40.37,-16.9,-4.050000000000001,11.71,45.04,-46.45,-21.27
2025-07-30T15:39:08.665301,77.0,-35.0,72.0,-20.0,-22.0,65.0,-23.0,-22.0,20.0,71.0,-60.0,62.0,48.61,-20.66,80.18,-41.879999999999995,12.649999999999999,62.63,-46.9,-3.0500000000000007,15.71,75.04,-70.45,44.730000000000004
2025-07-30T15:39:08.673199,-32.0,-18.0,8.0,56.0,-10.0,100.0,46.0,-22.0,14.0,-16.0,-78.0,27.0,-60.39,-3.66,16.18,34.120000000000005,24.65,97.63,22.1,-3.0500000000000007,9.71,-11.96,-88.45,9.73
2025-07-30T15:39:08.677425,29.0,58.0,12.0,-22.0,-34.0,13.0,4.0,8.0,25.0,80.0,-55.0,51.0,0.6099999999999994,72.34,20.18,-43.879999999999995,0.6499999999999986,10.629999999999999,-19.9,26.95,20.71,84.04,-65.45,33.730000000000004
2025-07-30T15:39:08.681891,-7.0,16.0,-30.0,-48.0,-9.0,-59.0,25.0,6.0,-13.0,141.0,10.0,74.0,-35.39,30.34,-21.82,-69.88,25.65,-61.37,1.1000000000000014,24.95,-17.29,145.04,-0.4499999999999993,56.730000000000004
2025-07-30T15:39:08.689580,-15.0,7.0,4.0,38.0,45.0,-30.0,43.0,20.0,92.0,77.0,-1.0,71.0,-43.39,21.34,12.18,16.12,79.65,-32.37,19.1,38.95,87.71,81.04,-11.45,53.730000000000004
2025-07-30T15:39:08.694227,-7.0,3.0,-79.0,-39.0,-47.0,2.0,10.0,-16.0,49.0,11.0,1.0,83.0,-35.39,17.34,-70.82,-60.879999999999995,-12.350000000000001,-0.3700000000000001,-13.899999999999999,2.9499999999999993,44.71,15.04,-9.45,65.73
2025-07-30T15:39:08.702080,-41.0,34.0,-64.0,-16.0,11.0,-74.0,11.0,19.0,-31.0,3.0,-32.0,-6.0,-69.39,48.34,-55.82,-37.879999999999995,45.65,-76.37,-12.899999999999999,37.95,-35.29,7.04,-42.45,-23.27
2025-07-30T15:39:08.706432,35.0,92.0,-46.0,92.0,-48.0,-21.0,48.0,-4.0,28.0,74.0,43.0,6.0,6.609999999999999,106.34,-37.82,70.12,-13.350000000000001,-23.37,24.1,14.95,23.71,78.04,32.55,-11.27
2025-07-30T15:39:08.714418,129.0,12.0,-76.0,45.0,-2.0,-19.0,39.0,30.0,56.0,57.0,-50.0,68.0,100.61,26.34,-67.82,23.12,32.65,-21.37,15.100000000000001,48.95,51.71,61.04,-60.45,50.730000000000004
2025-07-30T15:39:08.718576,87.0,-74.0,-85.0,83.0,-132.0,-25.0,32.0,24.0,46.0,7.0,-58.0,36.0,58.61,-59.66,-76.82,61.120000000000005,-97.35,-27.37,8.100000000000001,42.95,41.71,11.04,-68.45,18.73
2025-07-30T15:39:08.726653,91.0,-62.0,-1.0,50.0,-45.0,4.0,-9.0,25.0,53.0,18.0,-61.0,27.0,62.61,-47.66,7.18,28.12,-10.350000000000001,1.63,-32.9,43.95,48.71,22.04,-71.45,9.73
2025-07-30T15:39:08.730932,81.0,-25.0,48.0,21.0,-47.0,28.0,-82.0,6.0,44.0,47.0,-31.0,16.0,52.61,-10.66,56.18,-0.879999999999999,-12.350000000000001,25.63,-105.9,24.95,39.71,51.04,-41.45,-1.2699999999999996
2025-07-30T15:39:08.739097,42.0,-37.0,-4.0,52.0,-18.0,-23.0,20.0,-13.0,61.0,91.0,-48.0,45.0,13.61,-22.66,4.18,30.12,16.65,-25.37,-3.8999999999999986,5.949999999999999,56.71,95.04,-58.45,27.73
2025-07-30T15:39:08.743095,29.0,-4.0,-38.0,14.0,-21.0,15.0,48.0,-37.0,-23.0,55.0,25.0,51.0,0.6099999999999994,10.34,-29.82,-7.879999999999999,13.649999999999999,12.629999999999999,24.1,-18.05,-27.29,59.04,14.55,33.730000000000004
2025-07-30T15:39:08.751262,68.0,-44.0,-3.0,-19.0,47.0,-13.0,-21.0,-36.0,40.0,-4.0,-3.0,95.0,39.61,-29.66,5.18,-40.879999999999995,81.65,-15.370000000000001,-44.9,-17.05,35.71,0.040000000000000036,-13.45,77.73
2025-07-30T15:39:08.755594,29.0,-69.0,-66.0,119.0,14.0,-22.0,30.0,15.0,16.0,11.0,-39.0,81.0,0.6099999999999994,-54.66,-57.82,97.12,48.65,-24.37,6.100000000000001,33.95,11.71,15.04,-49.45,63.730000000000004
2025-07-30T15:39:08.763682,70.0,80.0,-68.0,5.0,-120.0,45.0,24.0,34.0,22.0,107.0,-57.0,93.0,41.61,94.34,-59.82,-16.88,-85.35,42.63,0.10000000000000142,52.95,17.71,111.04,-67.45,75.73
2025-07-30T15:39:08.767747,71.0,-89.0,-26.0,-28.0,-26.0,10.0,-15.0,5.0,-28.0,71.0,-62.0,67.0,42.61,-74.66,-17.82,-49.879999999999995,8.649999999999999,7.63,-38.9,23.95,-32.29,75.04,-72.45,49.730000000000004
2025-07-30T15:39:08.775838,96.0,-65.0,57.0,0.0,7.0,-12.0,7.0,69.0,-22.0,20.0,-41.0,72.0,67.61,-50.66,65.18,-21.88,41.65,-14.370000000000001,-16.9,87.95,-26.29,24.04,-51.45,54.730000000000004
2025-07-30T15:39:08.779920,50.0,-68.0,73.0,-26.0,-15.0,36.0,32.0,49.0,20.0,14.0,-95.0,68.0,21.61,-53.66,81.18,-47.879999999999995,19.65,33.63,8.100000000000001,67.95,15.71,18.04,-105.45,50.730000000000004
2025-07-30T15:39:08.788210,45.0,-74.0,-7.0,-30.0,-30.0,-43.0,25.0,-58.0,3.0,68.0,-23.0,87.0,16.61,-59.66,1.1799999999999997,-51.879999999999995,4.649999999999999,-45.37,1.1000000000000014,-39.05,-1.29,72.04,-33.45,69.73
2025-07-30T15:39:08.792035,22.0,-70.0,36.0,78.0,-8.0,17.0,81.0,30.0,8.0,61.0,-38.0,45.0,-6.390000000000001,-55.66,44.18,56.120000000000005,26.65,14.629999999999999,57.1,48.95,3.71,65.04,-48.45,27.73
2025-07-30T15:39:08.800360,34.0,19.0,-3.0,1.0,-38.0,0.0,-14.0,-27.0,7.0,-10.0,-18.0,18.0,5.609999999999999,33.34,5.18,-20.88,-3.3500000000000014,-2.37,-37.9,-8.05,2.71,-5.96,-28.45,0.7300000000000004
2025-07-30T15:39:08.804424,57.0,72.0,2.0,41.0,-36.0,-7.0,-7.0,0.0,2.0,-7.0,-20.0,15.0,28.61,86.34,10.18,19.12,-1.3500000000000014,-9.370000000000001,-30.9,18.95,-2.29,-2.96,-30.45,-2.2699999999999996
2025-07-30T15:39:08.808912,6.0,11.0,-2.0,-23.0,-69.0,-1.0,-39.0,39.0,-4.0,6.0,-33.0,23.0,-22.39,25.34,6.18,-44.879999999999995,-34.35,-3.37,-62.9,57.95,-8.29,10.04,-43.45,5.73
2025-07-30T15:39:08.816678,-46.0,37.0,27.0,57.0,-58.0,41.0,-48.0,21.0,-9.0,48.0,25.0,-12.0,-74.39,51.34,35.18,35.120000000000005,-23.35,38.63,-71.9,39.95,-13.29,52.04,14.55,-29.27
2025-07-30T15:39:08.821163,24.0,25.0,-43.0,-22.0,-18.0,-15.0,0.0,20.0,-4.0,6.0,25.0,-75.0,-4.390000000000001,39.34,-34.82,-43.879999999999995,16.65,-17.37,-23.9,38.95,-8.29,10.04,14.55,-92.27
2025-07-30T15:39:08.829133,33.0,0.0,-77.0,86.0,-17.0,-14.0,9.0,-20.0,-4.0,-55.0,14.0,56.0,4.609999999999999,14.34,-68.82,64.12,17.65,-16.37,-14.899999999999999,-1.0500000000000007,-8.29,-50.96,3.5500000000000007,38.730000000000004
2025-07-30T15:39:08.833427,51.0,2.0,-40.0,68.0,-80.0,37.0,45.0,39.0,-52.0,-40.0,85.0,16.0,22.61,16.34,-31.82,46.120000000000005,-45.35,34.63,21.1,57.95,-56.29,-35.96,74.55,-1.2699999999999996
2025-07-30T15:39:08.841171,51.0,70.0,18.0,0.0,-55.0,22.0,-59.0,58.0,0.0,-31.0,-7.0,4.0,22.61,84.34,26.18,-21.88,-20.35,19.63,-82.9,76.95,-4.29,-26.96,-17.45,-13.27
2025-07-30T15:39:08.845759,88.0,53.0,-73.0,-8.0,-41.0,55.0,15.0,-25.0,-12.0,-35.0,3.0,-40.0,59.61,67.34,-64.82,-29.88,-6.350000000000001,52.63,-8.899999999999999,-6.050000000000001,-16.29,-30.96,-7.449999999999999,-57.269999999999996
2025-07-30T15:39:08.853618,102.0,2.0,-5.0,33.0,40.0,31.0,-21.0,4.0,18.0,-32.0,57.0,41.0,73.61,16.34,3.1799999999999997,11.120000000000001,74.65,28.63,-44.9,22.95,13.71,-27.96,46.55,23.73
2025-07-30T15:39:08.858019,63.0,76.0,-21.0,51.0,-12.0,3.0,-59.0,-34.0,-17.0,-70.0,63.0,2.0,34.61,90.34,-12.82,29.12,22.65,0.6299999999999999,-82.9,-15.05,-21.29,-65.96,52.55,-15.27
2025-07-30T15:39:08.865715,16.0,-59.0,51.0,25.0,-43.0,-24.0,-1.0,33.0,-25.0,-83.0,84.0,4.0,-12.39,-44.66,59.18,3.120000000000001,-8.350000000000001,-26.37,-24.9,51.95,-29.29,-78.96,73.55,-13.27
2025-07-30T15:39:08.870039,-6.0,-69.0,29.0,98.0,-46.0,35.0,-5.0,-5.0,-40.0,-16.0,-25.0,-20.0,-34.39,-54.66,37.18,76.12,-11.350000000000001,32.63,-28.9,13.95,-44.29,-11.96,-35.45,-37.269999999999996
2025-07-30T15:39:08.878084,-5.0,3.0,30.0,72.0,-18.0,7.0,69.0,-56.0,4.0,-66.0,25.0,77.0,-33.39,17.34,38.18,50.120000000000005,16.65,4.63,45.1,-37.05,-0.29000000000000004,-61.96,14.55,59.730000000000004
2025-07-30T15:39:08.882318,-43.0,-28.0,59.0,68.0,-89.0,-25.0,-60.0,34.0,-32.0,-35.0,44.0,17.0,-71.39,-13.66,67.18,46.120000000000005,-54.35,-27.37,-83.9,52.95,-36.29,-30.96,33.55,-0.2699999999999996
2025-07-30T15:39:08.890493,22.0,15.0,-41.0,32.0,-89.0,-10.0,29.0,-1.0,-40.0,-74.0,21.0,55.0,-6.390000000000001,29.34,-32.82,10.120000000000001,-54.35,-12.370000000000001,5.100000000000001,17.95,-44.29,-69.96,10.55,37.730000000000004
2025-07-30T15:39:08.894799,105.0,55.0,-54.0,-29.0,-4.0,11.0,-43.0,33.0,8.0,-2.0,14.0,-5.0,76.61,69.34,-45.82,-50.879999999999995,30.65,8.629999999999999,-66.9,51.95,3.71,2.04,3.5500000000000007,-22.27
2025-07-30T15:39:08.902682,93.0,-24.0,-1.0,-38.0,-39.0,-15.0,29.0,-124.0,-37.0,19.0,11.0,6.0,64.61,-9.66,7.18,-59.879999999999995,-4.350000000000001,-17.37,5.100000000000001,-105.05,-41.29,23.04,0.5500000000000007,-11.27
2025-07-30T15:39:08.906836,49.0,-68.0,-51.0,24.0,7.0,-22.0,46.0,7.0,71.0,12.0,32.0,-78.0,20.61,-53.66,-42.82,2.120000000000001,41.65,-24.37,22.1,25.95,66.71,16.04,21.55,-95.27
2025-07-30T15:39:08.915084,78.0,-84.0,-30.0,1.0,-32.0,-14.0,58.0,-4.0,46.0,-58.0,25.0,9.0,49.61,-69.66,-21.82,-20.88,2.6499999999999986,-16.37,34.1,14.95,41.71,-53.96,14.55,-8.27
2025-07-30T15:39:08.919305,82.0,-48.0,44.0,69.0,-23.0,3.0,1.0,-13.0,86.0,-25.0,40.0,-30.0,53.61,-33.66,52.18,47.120000000000005,11.649999999999999,0.6299999999999999,-22.9,5.949999999999999,81.71,-20.96,29.55,-47.269999999999996
2025-07-30T15:39:08.927325,91.0,11.0,50.0,-51.0,-2.0,19.0,-14.0,-52.0,82.0,-71.0,3.0,-18.0,62.61,25.34,58.18,-72.88,32.65,16.63,-37.9,-33.05,77.71,-66.96,-7.449999999999999,-35.269999999999996
2025-07-30T15:39:08.931657,29.0,3.0,36.0,-14.0,-63.0,21.0,44.0,-20.0,36.0,3.0,29.0,18.0,0.6099999999999994,17.34,44.18,-35.879999999999995,-28.35,18.63,20.1,-1.0500000000000007,31.71,7.04,18.55,0.7300000000000004
2025-07-30T15:39:08.939585,-22.0,-58.0,63.0,-10.0,-14.0,51.0,-12.0,-38.0,-36.0,-17.0,33.0,37.0,-50.39,-43.66,71.18,-31.88,20.65,48.63,-35.9,-19.05,-40.29,-12.96,22.55,19.73
2025-07-30T15:39:08.943762,69.0,52.0,-41.0,-4.0,42.0,-14.0,-15.0,-61.0,-25.0,-22.0,59.0,-34.0,40.61,66.34,-32.82,-25.88,76.65,-16.37,-38.9,-42.05,-29.29,-17.96,48.55,-51.269999999999996
2025-07-30T15:39:08.951963,-27.0,21.0,-17.0,92.0,28.0,-22.0,8.0,-36.0,64.0,2.0,22.0,-5.0,-55.39,35.34,-8.82,70.12,62.65,-24.37,-15.899999999999999,-17.05,59.71,6.04,11.55,-22.27
2025-07-30T15:39:08.956043,-5.0,38.0,-22.0,106.0,-3.0,-2.0,74.0,-33.0,84.0,-23.0,-12.0,18.0,-33.39,52.34,-13.82,84.12,31.65,-4.37,50.1,-14.05,79.71,-18.96,-22.45,0.7300000000000004
2025-07-30T15:39:08.964148,40.0,-5.0,-34.0,74.0,-57.0,-4.0,1.0,-65.0,24.0,-43.0,22.0,6.0,11.61,9.34,-25.82,52.120000000000005,-22.35,-6.37,-22.9,-46.05,19.71,-38.96,11.55,-11.27
2025-07-30T15:39:08.968266,-12.0,41.0,-71.0,-8.0,20.0,-14.0,-1.0,-27.0,-2.0,-58.0,86.0,-59.0,-40.39,55.34,-62.82,-29.88,54.65,-16.37,-24.9,-8.05,-6.29,-53.96,75.55,-76.27
2025-07-30T15:39:08.972586,12.0,5.0,-66.0,81.0,-35.0,7.0,14.0,-12.0,2.0,-1.0,24.0,32.0,-16.39,19.34,-57.82,59.120000000000005,-0.3500000000000014,4.63,-9.899999999999999,6.949999999999999,-2.29,3.04,13.55,14.73
2025-07-30T15:39:08.980483,41.0,24.0,-27.0,21.0,-69.0,48.0,57.0,37.0,12.0,56.0,47.0,55.0,12.61,38.34,-18.82,-0.879999999999999,-34.35,45.63,33.1,55.95,7.71,60.04,36.55,37.730000000000004
2025-07-30T15:39:08.985034,44.0,-30.0,-33.0,48.0,-55.0,18.0,-12.0,-17.0,29.0,5.0,47.0,15.0,15.61,-15.66,-24.82,26.12,-20.35,15.629999999999999,-35.9,1.9499999999999993,24.71,9.04,36.55,-2.2699999999999996
2025-07-30T15:39:08.992723,56.0,-70.0,-16.0,22.0,-39.0,-9.0,0.0,-12.0,8.0,19.0,54.0,35.0,27.61,-55.66,-7.82,0.120000000000001,-4.350000000000001,-11.370000000000001,-23.9,6.949999999999999,3.71,23.04,43.55,17.73
2025-07-30T15:39:08.997310,28.0,-76.0,-23.0,6.0,11.0,96.0,11.0,-24.0,37.0,-43.0,10.0,29.0,-0.39000000000000057,-61.66,-14.82,-15.879999999999999,45.65,93.63,-12.899999999999999,-5.050000000000001,32.71,-38.96,-0.4499999999999993,11.73
2025-07-30T15:39:09.005042,11.0,-22.0,-72.0,20.0,-63.0,17.0,4.0,-96.0,48.0,-20.0,17.0,53.0,-17.39,-7.66,-63.82,-1.879999999999999,-28.35,14.629999999999999,-19.9,-77.05,43.71,-15.96,6.550000000000001,35.730000000000004
2025-07-30T15:39:09.009191,15.0,-56.0,-16.0,-6.0,-6.0,40.0,18.0,-23.0,51.0,-18.0,0.0,99.0,-13.39,-41.66,-7.82,-27.88,28.65,37.63,-5.899999999999999,-4.050000000000001,46.71,-13.96,-10.45,81.73
2025-07-30T15:39:09.017609,40.0,-34.0,-62.0,16.0,-18.0,-56.0,56.0,-48.0,69.0,-15.0,-25.0,-8.0,11.61,-19.66,-53.82,-5.879999999999999,16.65,-58.37,32.1,-29.05,64.71,-10.96,-35.45,-25.27
2025-07-30T15:39:09.021675,-21.0,-75.0,13.0,25.0,-63.0,24.0,18.0,-35.0,-5.0,-40.0,-47.0,55.0,-49.39,-60.66,21.18,3.120000000000001,-28.35,21.63,-5.899999999999999,-16.05,-9.29,-35.96,-57.45,37.730000000000004
2025-07-30T15:39:09.029792,-8.0,-11.0,2.0,95.0,-72.0,83.0,54.0,-24.0,75.0,-1.0,-10.0,28.0,-36.39,3.34,10.18,73.12,-37.35,80.63,30.1,-5.050000000000001,70.71,3.04,-20.45,10.73
2025-07-30T15:39:09.033911,11.0,-13.0,-18.0,62.0,6.0,32.0,37.0,-30.0,-40.0,47.0,-23.0,11.0,-17.39,1.3399999999999999,-9.82,40.120000000000005,40.65,29.63,13.100000000000001,-11.05,-44.29,51.04,-33.45,-6.27
2025-07-30T15:39:09.041887,28.0,-50.0,7.0,34.0,-45.0,10.0,11.0,-40.0,-5.0,71.0,-55.0,51.0,-0.39000000000000057,-35.66,15.18,12.120000000000001,-10.350000000000001,7.63,-12.899999999999999,-21.05,-9.29,75.04,-65.45,33.730000000000004
2025-07-30T15:39:09.046228,34.0,-36.0,-83.0,22.0,19.0,25.0,6.0,27.0,21.0,69.0,-3.0,57.0,5.609999999999999,-21.66,-74.82,0.120000000000001,53.65,22.63,-17.9,45.95,16.71,73.04,-13.45,39.730000000000004
2025-07-30T15:39:09.054202,33.0,7.0,-21.0,31.0,-39.0,-4.0,0.0,-10.0,-4.0,-21.0,-25.0,86.0,4.609999999999999,21.34,-12.82,9.120000000000001,-4.350000000000001,-6.37,-23.9,8.95,-8.29,-16.96,-35.45,68.73
2025-07-30T15:39:09.058477,20.0,5.0,-68.0,21.0,-64.0,-12.0,58.0,-1.0,13.0,29.0,-88.0,57.0,-8.39,19.34,-59.82,-0.879999999999999,-29.35,-14.370000000000001,34.1,17.95,8.71,33.04,-98.45,39.730000000000004
2025-07-30T15:39:09.066415,4.0,-10.0,-51.0,-13.0,3.0,-52.0,-50.0,-23.0,57.0,34.0,-11.0,60.0,-24.39,4.34,-42.82,-34.879999999999995,37.65,-54.37,-73.9,-4.050000000000001,52.71,38.04,-21.45,42.730000000000004
2025-07-30T15:39:09.070768,84.0,-2.0,-69.0,8.0,-14.0,-2.0,49.0,48.0,-7.0,67.0,-12.0,104.0,55.61,12.34,-60.82,-13.879999999999999,20.65,-4.37,25.1,66.95,-11.29,71.04,-22.45,86.73
2025-07-30T15:39:09.078739,39.0,-9.0,-58.0,-24.0,-22.0,27.0,52.0,-65.0,65.0,120.0,-37.0,-7.0,10.61,5.34,-49.82,-45.879999999999995,12.649999999999999,24.63,28.1,-46.05,60.71,124.04,-47.45,-24.27
2025-07-30T15:39:09.083115,57.0,-82.0,-39.0,22.0,-137.0,-12.0,11.0,-22.0,73.0,57.0,-39.0,40.0,28.61,-67.66,-30.82,0.120000000000001,-102.35,-14.370000000000001,-12.899999999999999,-3.0500000000000007,68.71,61.04,-49.45,22.73
2025-07-30T15:39:09.091135,113.0,-31.0,101.0,61.0,-35.0,-14.0,22.0,-1.0,-12.0,93.0,-48.0,85.0,84.61,-16.66,109.18,39.120000000000005,-0.3500000000000014,-16.37,-1.8999999999999986,17.95,-16.29,97.04,-58.45,67.73
2025-07-30T15:39:09.095376,35.0,-71.0,69.0,0.0,-76.0,64.0,39.0,13.0,-4.0,14.0,-26.0,93.0,6.609999999999999,-56.66,77.18,-21.88,-41.35,61.63,15.100000000000001,31.95,-8.29,18.04,-36.45,75.73
2025-07-30T15:39:09.103332,-10.0,-16.0,34.0,51.0,-74.0,-25.0,-4.0,9.0,-8.0,-10.0,-16.0,79.0,-38.39,-1.6600000000000001,42.18,29.12,-39.35,-27.37,-27.9,27.95,-12.29,-5.96,-26.45,61.730000000000004
2025-07-30T15:39:09.107660,7.0,-84.0,33.0,-20.0,-68.0,-12.0,23.0,6.0,3.0,29.0,-44.0,54.0,-21.39,-69.66,41.18,-41.879999999999995,-33.35,-14.370000000000001,-0.8999999999999986,24.95,-1.29,33.04,-54.45,36.730000000000004
2025-07-30T15:39:09.111531,32.0,27.0,76.0,27.0,-34.0,37.0,48.0,7.0,10.0,-5.0,-49.0,61.0,3.6099999999999994,41.34,84.18,5.120000000000001,0.6499999999999986,34.63,24.1,25.95,5.71,-0.96,-59.45,43.730000000000004
2025-07-30T15:39:09.119823,-27.0,19.0,35.0,15.0,-2.0,-24.0,63.0,-46.0,13.0,-23.0,-10.0,27.0,-55.39,33.34,43.18,-6.879999999999999,32.65,-26.37,39.1,-27.05,8.71,-18.96,-20.45,9.73
2025-07-30T15:39:09.123918,6.0,8.0,-54.0,-13.0,-37.0,14.0,67.0,-50.0,-121.0,44.0,-54.0,17.0,-22.39,22.34,-45.82,-34.879999999999995,-2.3500000000000014,11.629999999999999,43.1,-31.05,-125.29,48.04,-64.45,-0.2699999999999996
2025-07-30T15:39:09.132037,72.0,31.0,-9.0,34.0,52.0,-47.0,29.0,-35.0,11.0,-32.0,-25.0,5.0,43.61,45.34,-0.8200000000000003,12.120000000000001,86.65,-49.37,5.100000000000001,-16.05,6.71,-27.96,-35.45,-12.27
2025-07-30T15:39:09.136140,33.0,2.0,-39.0,38.0,-51.0,8.0,30.0,-29.0,-54.0,79.0,-7.0,56.0,4.609999999999999,16.34,-30.82,16.12,-16.35,5.63,6.100000000000001,-10.05,-58.29,83.04,-17.45,38.730000000000004
2025-07-30T15:39:09.144363,113.0,-25.0,-50.0,24.0,-31.0,10.0,11.0,-38.0,29.0,-17.0,-43.0,52.0,84.61,-10.66,-41.82,2.120000000000001,3.6499999999999986,7.63,-12.899999999999999,-19.05,24.71,-12.96,-53.45,34.730000000000004
2025-07-30T15:39:09.148382,73.0,-55.0,53.0,8.0,-68.0,16.0,-19.0,-67.0,55.0,19.0,16.0,52.0,44.61,-40.66,61.18,-13.879999999999999,-33.35,13.629999999999999,-42.9,-48.05,50.71,23.04,5.550000000000001,34.730000000000004
2025-07-30T15:39:09.156693,-11.0,-64.0,23.0,14.0,-17.0,12.0,23.0,-65.0,68.0,29.0,-2.0,64.0,-39.39,-49.66,31.18,-7.879999999999999,17.65,9.629999999999999,-0.8999999999999986,-46.05,63.71,33.04,-12.45,46.730000000000004
2025-07-30T15:39:09.161087,-39.0,6.0,23.0,-35.0,-7.0,42.0,27.0,-46.0,63.0,82.0,-69.0,64.0,-67.39,20.34,31.18,-56.879999999999995,27.65,39.63,3.1000000000000014,-27.05,58.71,86.04,-79.45,46.730000000000004
2025-07-30T15:39:09.169060,14.0,-68.0,50.0,9.0,-25.0,-5.0,31.0,-91.0,5.0,58.0,-82.0,26.0,-14.39,-53.66,58.18,-12.879999999999999,9.649999999999999,-7.37,7.100000000000001,-72.05,0.71,62.04,-92.45,8.73
2025-07-30T15:39:09.173597,-84.0,-31.0,23.0,37.0,-110.0,27.0,14.0,-31.0,11.0,-14.0,-87.0,95.0,-112.39,-16.66,31.18,15.120000000000001,-75.35,24.63,-9.899999999999999,-12.05,6.71,-9.96,-97.45,77.73
2025-07-30T15:39:09.181316,-38.0,-14.0,4.0,40.0,-19.0,25.0,48.0,24.0,27.0,-43.0,-22.0,85.0,-66.39,0.33999999999999986,12.18,18.12,15.649999999999999,22.63,24.1,42.95,22.71,-38.96,-32.45,67.73
2025-07-30T15:39:09.185708,-23.0,40.0,21.0,49.0,-55.0,27.0,68.0,-21.0,-29.0,10.0,-57.0,27.0,-51.39,54.34,29.18,27.12,-20.35,24.63,44.1,-2.0500000000000007,-33.29,14.04,-67.45,9.73
2025-07-30T15:39:09.193490,57.0,-3.0,1.0,-1.0,-27.0,32.0,25.0,-5.0,-15.0,52.0,5.0,39.0,28.61,11.34,9.18,-22.88,7.649999999999999,29.63,1.1000000000000014,13.95,-19.29,56.04,-5.449999999999999,21.73
2025-07-30T15:39:09.197684,71.0,-16.0,4.0,-22.0,-18.0,-13.0,-81.0,-94.0,62.0,79.0,-40.0,58.0,42.61,-1.6600000000000001,12.18,-43.879999999999995,16.65,-15.370000000000001,-104.9,-75.05,57.71,83.04,-50.45,40.730000000000004
2025-07-30T15:39:09.206075,95.0,-9.0,-48.0,17.0,-9.0,-43.0,13.0,-66.0,-6.0,7.0,-52.0,49.0,66.61,5.34,-39.82,-4.879999999999999,25.65,-45.37,-10.899999999999999,-47.05,-10.29,11.04,-62.45,31.73
2025-07-30T15:39:09.210069,100.0,-57.0,-36.0,-2.0,-11.0,12.0,4.0,-8.0,44.0,16.0,-57.0,85.0,71.61,-42.66,-27.82,-23.88,23.65,9.629999999999999,-19.9,10.95,39.71,20.04,-67.45,67.73
2025-07-30T15:39:09.218006,33.0,31.0,-51.0,-9.0,-42.0,-51.0,14.0,11.0,27.0,75.0,-25.0,93.0,4.609999999999999,45.34,-42.82,-30.88,-7.350000000000001,-53.37,-9.899999999999999,29.95,22.71,79.04,-35.45,75.73
2025-07-30T15:39:09.222374,89.0,-48.0,-34.0,62.0,-50.0,30.0,17.0,8.0,72.0,53.0,-27.0,45.0,60.61,-33.66,-25.82,40.120000000000005,-15.350000000000001,27.63,-6.899999999999999,26.95,67.71,57.04,-37.45,27.73
2025-07-30T15:39:09.230275,39.0,-99.0,-35.0,51.0,-38.0,28.0,-40.0,-13.0,13.0,5.0,-32.0,94.0,10.61,-84.66,-26.82,29.12,-3.3500000000000014,25.63,-63.9,5.949999999999999,8.71,9.04,-42.45,76.73
2025-07-30T15:39:09.234587,52.0,3.0,35.0,37.0,-92.0,-6.0,43.0,-36.0,-2.0,43.0,16.0,63.0,23.61,17.34,43.18,15.120000000000001,-57.35,-8.370000000000001,19.1,-17.05,-6.29,47.04,5.550000000000001,45.730000000000004
2025-07-30T15:39:09.242529,-31.0,-20.0,36.0,80.0,-41.0,6.0,-2.0,17.0,-42.0,52.0,-27.0,79.0,-59.39,-5.66,44.18,58.120000000000005,-6.350000000000001,3.63,-25.9,35.95,-46.29,56.04,-37.45,61.730000000000004
2025-07-30T15:39:09.246847,-54.0,-61.0,30.0,62.0,-8.0,5.0,4.0,-60.0,31.0,66.0,17.0,17.0,-82.39,-46.66,38.18,40.120000000000005,26.65,2.63,-19.9,-41.05,26.71,70.04,6.550000000000001,-0.2699999999999996
2025-07-30T15:39:09.254753,-26.0,-61.0,61.0,31.0,-18.0,21.0,21.0,27.0,-34.0,11.0,-52.0,7.0,-54.39,-46.66,69.18,9.120000000000001,16.65,18.63,-2.8999999999999986,45.95,-38.29,15.04,-62.45,-10.27
2025-07-30T15:39:09.259027,4.0,-5.0,17.0,63.0,4.0,3.0,11.0,-44.0,37.0,45.0,-4.0,71.0,-24.39,9.34,25.18,41.120000000000005,38.65,0.6299999999999999,-12.899999999999999,-25.05,32.71,49.04,-14.45,53.730000000000004
2025-07-30T15:39:09.267125,52.0,-42.0,33.0,66.0,-3.0,12.0,48.0,-72.0,-39.0,29.0,-71.0,51.0,23.61,-27.66,41.18,44.120000000000005,31.65,9.629999999999999,24.1,-53.05,-43.29,33.04,-81.45,33.730000000000004
2025-07-30T15:39:09.271322,-8.0,32.0,-87.0,56.0,-46.0,-1.0,19.0,13.0,87.0,54.0,-19.0,-13.0,-36.39,46.34,-78.82,34.120000000000005,-11.350000000000001,-3.37,-4.899999999999999,31.95,82.71,58.04,-29.45,-30.27
2025-07-30T15:39:09.275319,15.0,1.0,-87.0,49.0,11.0,38.0,8.0,7.0,59.0,89.0,21.0,-25.0,-13.39,15.34,-78.82,27.12,45.65,35.63,-15.899999999999999,25.95,54.71,93.04,10.55,-42.269999999999996
2025-07-30T15:39:09.283650,-1.0,47.0,-31.0,23.0,-11.0,-29.0,-52.0,-73.0,6.0,-29.0,52.0,5.0,-29.39,61.34,-22.82,1.120000000000001,23.65,-31.37,-75.9,-54.05,1.71,-24.96,41.55,-12.27
2025-07-30T15:39:09.287707,65.0,35.0,-40.0,22.0,14.0,46.0,13.0,-41.0,62.0,-78.0,-2.0,0.0,36.61,49.34,-31.82,0.120000000000001,48.65,43.63,-10.899999999999999,-22.05,57.71,-73.96,-12.45,-17.27
2025-07-30T15:39:09.295765,146.0,-54.0,3.0,41.0,3.0,-21.0,-17.0,-107.0,56.0,-71.0,4.0,-1.0,117.61,-39.66,11.18,19.12,37.65,-23.37,-40.9,-88.05,51.71,-66.96,-6.449999999999999,-18.27
2025-07-30T15:39:09.299944,102.0,-47.0,6.0,-8.0,7.0,-44.0,39.0,-41.0,-16.0,17.0,-6.0,-9.0,73.61,-32.66,14.18,-29.88,41.65,-46.37,15.100000000000001,-22.05,-20.29,21.04,-16.45,-26.27
2025-07-30T15:39:09.308190,61.0,-55.0,-34.0,-16.0,-58.0,-11.0,-31.0,-51.0,-30.0,-34.0,81.0,26.0,32.61,-40.66,-25.82,-37.879999999999995,-23.35,-13.370000000000001,-54.9,-32.05,-34.29,-29.96,70.55,8.73
2025-07-30T15:39:09.312286,72.0,-64.0,-34.0,25.0,-68.0,30.0,-12.0,70.0,18.0,-10.0,29.0,-1.0,43.61,-49.66,-25.82,3.120000000000001,-33.35,27.63,-35.9,88.95,13.71,-5.96,18.55,-18.27
2025-07-30T15:39:09.320391,19.0,-11.0,118.0,14.0,-79.0,-30.0,5.0,-13.0,-4.0,4.0,51.0,-6.0,-9.39,3.34,126.18,-7.879999999999999,-44.35,-32.37,-18.9,5.949999999999999,-8.29,8.04,40.55,-23.27
2025-07-30T15:39:09.324738,60.0,-36.0,42.0,-28.0,-35.0,16.0,22.0,16.0,70.0,-84.0,52.0,57.0,31.61,-21.66,50.18,-49.879999999999995,-0.3500000000000014,13.629999999999999,-1.8999999999999986,34.95,65.71,-79.96,41.55,39.730000000000004
2025-07-30T15:39:09.332824,-51.0,104.0,9.0,24.0,-4.0,19.0,-63.0,13.0,-2.0,-53.0,-27.0,5.0,-79.39,118.34,17.18,2.120000000000001,30.65,16.63,-86.9,31.95,-6.29,-48.96,-37.45,-12.27
2025-07-30T15:39:09.337133,41.0,9.0,24.0,8.0,68.0,-43.0,42.0,1.0,41.0,-22.0,19.0,6.0,12.61,23.34,32.18,-13.879999999999999,102.65,-45.37,18.1,19.95,36.71,-17.96,8.55,-11.27
2025-07-30T15:39:09.345027,14.0,-49.0,37.0,39.0,-58.0,11.0,-11.0,-5.0,6.0,23.0,-66.0,-7.0,-14.39,-34.66,45.18,17.12,-23.35,8.629999999999999,-34.9,13.95,1.71,27.04,-76.45,-24.27
2025-07-30T15:39:09.349371,-13.0,40.0,-51.0,18.0,2.0,-29.0,-29.0,12.0,-55.0,6.0,46.0,22.0,-41.39,54.34,-42.82,-3.879999999999999,36.65,-31.37,-52.9,30.95,-59.29,10.04,35.55,4.73
2025-07-30T15:39:09.357463,124.0,7.0,-14.0,-12.0,-85.0,11.0,8.0,56.0,16.0,-26.0,63.0,-2.0,95.61,21.34,-5.82,-33.879999999999995,-50.35,8.629999999999999,-15.899999999999999,74.95,11.71,-21.96,52.55,-19.27
2025-07-30T15:39:09.361641,43.0,4.0,-57.0,-19.0,-42.0,-21.0,44.0,26.0,42.0,-38.0,84.0,-27.0,14.61,18.34,-48.82,-40.879999999999995,-7.350000000000001,-23.37,20.1,44.95,37.71,-33.96,73.55,-44.269999999999996
2025-07-30T15:39:09.369595,98.0,-44.0,11.0,-35.0,-74.0,36.0,-3.0,12.0,-21.0,-81.0,-4.0,19.0,69.61,-29.66,19.18,-56.879999999999995,-39.35,33.63,-26.9,30.95,-25.29,-76.96,-14.45,1.7300000000000004
2025-07-30T15:39:09.373877,80.0,-51.0,58.0,60.0,-60.0,31.0,12.0,10.0,26.0,-10.0,-13.0,22.0,51.61,-36.66,66.18,38.120000000000005,-25.35,28.63,-11.899999999999999,28.95,21.71,-5.96,-23.45,4.73
2025-07-30T15:39:09.381772,20.0,49.0,46.0,48.0,1.0,-19.0,-44.0,-26.0,-7.0,-7.0,44.0,-15.0,-8.39,63.34,54.18,26.12,35.65,-21.37,-67.9,-7.050000000000001,-11.29,-2.96,33.55,-32.269999999999996
2025-07-30T15:39:09.386206,7.0,54.0,30.0,114.0,6.0,47.0,24.0,38.0,23.0,10.0,19.0,-45.0,-21.39,68.34,38.18,92.12,40.65,44.63,0.10000000000000142,56.95,18.71,14.04,8.55,-62.269999999999996
2025-07-30T15:39:09.394082,5.0,-1.0,-37.0,25.0,-47.0,-38.0,-28.0,-17.0,-69.0,-5.0,-32.0,39.0,-23.39,13.34,-28.82,3.120000000000001,-12.350000000000001,-40.37,-51.9,1.9499999999999993,-73.29,-0.96,-42.45,21.73
2025-07-30T15:39:09.398332,-5.0,5.0,-43.0,-21.0,-70.0,0.0,9.0,-65.0,2.0,-91.0,26.0,-24.0,-33.39,19.34,-34.82,-42.879999999999995,-35.35,-2.37,-14.899999999999999,-46.05,-2.29,-86.96,15.55,-41.269999999999996
2025-07-30T15:39:09.406420,17.0,33.0,-7.0,26.0,-116.0,7.0,7.0,58.0,-5.0,-29.0,64.0,-41.0,-11.39,47.34,1.1799999999999997,4.120000000000001,-81.35,4.63,-16.9,76.95,-9.29,-24.96,53.55,-58.269999999999996
2025-07-30T15:39:09.410649,50.0,25.0,0.0,21.0,-19.0,51.0,5.0,27.0,-13.0,-24.0,38.0,3.0,21.61,39.34,8.18,-0.879999999999999,15.649999999999999,48.63,-18.9,45.95,-17.29,-19.96,27.55,-14.27
2025-07-30T15:39:09.418632,-2.0,39.0,-32.0,17.0,-72.0,-22.0,46.0,-23.0,-10.0,-82.0,36.0,-10.0,-30.39,53.34,-23.82,-4.879999999999999,-37.35,-24.37,22.1,-4.050000000000001,-14.29,-77.96,25.55,-27.27
2025-07-30T15:39:09.423039,104.0,58.0,-77.0,-39.0,-33.0,46.0,55.0,68.0,26.0,-21.0,-1.0,1.0,75.61,72.34,-68.82,-60.879999999999995,1.6499999999999986,43.63,31.1,86.95,21.71,-16.96,-11.45,-16.27
2025-07-30T15:39:09.431104,79.0,17.0,-3.0,-1.0,-97.0,-25.0,72.0,-29.0,29.0,14.0,53.0,-20.0,50.61,31.34,5.18,-22.88,-62.35,-27.37,48.1,-10.05,24.71,18.04,42.55,-37.269999999999996
2025-07-30T15:39:09.435371,66.0,35.0,-77.0,25.0,-5.0,-59.0,79.0,-74.0,6.0,-45.0,-29.0,37.0,37.61,49.34,-68.82,3.120000000000001,29.65,-61.37,55.1,-55.05,1.71,-40.96,-39.45,19.73
2025-07-30T15:39:09.443231,56.0,-98.0,-37.0,28.0,-44.0,-3.0,44.0,-30.0,39.0,-61.0,29.0,12.0,27.61,-83.66,-28.82,6.120000000000001,-9.350000000000001,-5.37,20.1,-11.05,34.71,-56.96,18.55,-5.27
2025-07-30T15:39:09.447700,51.0,-38.0,78.0,83.0,-33.0,-13.0,52.0,-63.0,-4.0,-33.0,13.0,-29.0,22.61,-23.66,86.18,61.120000000000005,1.6499999999999986,-15.370000000000001,28.1,-44.05,-8.29,-28.96,2.5500000000000007,-46.269999999999996
2025-07-30T15:39:09.455635,63.0,-16.0,-33.0,122.0,-69.0,5.0,61.0,-43.0,-4.0,-25.0,39.0,27.0,34.61,-1.6600000000000001,-24.82,100.12,-34.35,2.63,37.1,-24.05,-8.29,-20.96,28.55,9.73
2025-07-30T15:39:09.459766,14.0,47.0,4.0,42.0,-23.0,7.0,90.0,-59.0,36.0,-2.0,15.0,-25.0,-14.39,61.34,12.18,20.12,11.649999999999999,4.63,66.1,-40.05,31.71,2.04,4.550000000000001,-42.269999999999996
2025-07-30T15:39:09.463788,28.0,15.0,84.0,38.0,-50.0,21.0,33.0,-18.0,77.0,-33.0,73.0,-6.0,-0.39000000000000057,29.34,92.18,16.12,-15.350000000000001,18.63,9.100000000000001,0.9499999999999993,72.71,-28.96,62.55,-23.27
2025-07-30T15:39:09.472166,47.0,68.0,25.0,69.0,2.0,0.0,26.0,-27.0,27.0,-22.0,50.0,21.0,18.61,82.34,33.18,47.120000000000005,36.65,-2.37,2.1000000000000014,-8.05,22.71,-17.96,39.55,3.7300000000000004
2025-07-30T15:39:09.476084,7.0,1.0,-56.0,-6.0,-64.0,-10.0,51.0,-36.0,39.0,-65.0,-30.0,-39.0,-21.39,15.34,-47.82,-27.88,-29.35,-12.370000000000001,27.1,-17.05,34.71,-60.96,-40.45,-56.269999999999996
2025-07-30T15:39:09.484471,58.0,12.0,2.0,43.0,-25.0,21.0,74.0,-68.0,45.0,41.0,-26.0,58.0,29.61,26.34,10.18,21.12,9.649999999999999,18.63,50.1,-49.05,40.71,45.04,-36.45,40.730000000000004
2025-07-30T15:39:09.488368,24.0,-103.0,-21.0,-9.0,-27.0,20.0,-1.0,26.0,38.0,-33.0,2.0,12.0,-4.390000000000001,-88.66,-12.82,-30.88,7.649999999999999,17.63,-24.9,44.95,33.71,-28.96,-8.45,-5.27
2025-07-30T15:39:09.496563,55.0,-39.0,15.0,12.0,-14.0,14.0,19.0,-45.0,17.0,-82.0,-3.0,4.0,26.61,-24.66,23.18,-9.879999999999999,20.65,11.629999999999999,-4.899999999999999,-26.05,12.71,-77.96,-13.45,-13.27
2025-07-30T15:39:09.500684,10.0,-40.0,58.0,130.0,-41.0,4.0,47.0,-72.0,8.0,39.0,62.0,-56.0,-18.39,-25.66,66.18,108.12,-6.350000000000001,1.63,23.1,-53.05,3.71,43.04,51.55,-73.27
2025-07-30T15:39:09.509002,-11.0,14.0,45.0,100.0,20.0,5.0,63.0,-56.0,15.0,-60.0,-2.0,14.0,-39.39,28.34,53.18,78.12,54.65,2.63,39.1,-37.05,10.71,-55.96,-12.45,-3.2699999999999996
2025-07-30T15:39:09.512930,20.0,13.0,-74.0,6.0,6.0,10.0,-33.0,-82.0,10.0,-15.0,77.0,16.0,-8.39,27.34,-65.82,-15.879999999999999,40.65,7.63,-56.9,-63.05,5.71,-10.96,66.55,-1.2699999999999996
2025-07-30T15:39:09.521189,16.0,44.0,20.0,22.0,9.0,-5.0,24.0,-49.0,-24.0,-61.0,-27.0,-18.0,-12.39,58.34,28.18,0.120000000000001,43.65,-7.37,0.10000000000000142,-30.05,-28.29,-56.96,-37.45,-35.269999999999996
2025-07-30T15:39:09.525403,81.0,11.0,-137.0,71.0,-22.0,42.0,75.0,-31.0,66.0,-36.0,-67.0,-69.0,52.61,25.34,-128.82,49.120000000000005,12.649999999999999,39.63,51.1,-12.05,61.71,-31.96,-77.45,-86.27
2025-07-30T15:39:09.533537,54.0,-27.0,-40.0,57.0,4.0,48.0,-51.0,-60.0,-24.0,-25.0,-22.0,16.0,25.61,-12.66,-31.82,35.120000000000005,38.65,45.63,-74.9,-41.05,-28.29,-20.96,-32.45,-1.2699999999999996
2025-07-30T15:39:09.537530,21.0,-34.0,25.0,-80.0,15.0,10.0,-21.0,15.0,40.0,4.0,36.0,3.0,-7.390000000000001,-19.66,33.18,-101.88,49.65,7.63,-44.9,33.95,35.71,8.04,25.55,-14.27
2025-07-30T15:39:09.545607,54.0,-40.0,34.0,94.0,-47.0,48.0,28.0,0.0,26.0,-27.0,56.0,22.0,25.61,-25.66,42.18,72.12,-12.350000000000001,45.63,4.100000000000001,18.95,21.71,-22.96,45.55,4.73
2025-07-30T15:39:09.550150,59.0,77.0,37.0,48.0,37.0,15.0,33.0,-108.0,-1.0,16.0,79.0,-15.0,30.61,91.34,45.18,26.12,71.65,12.629999999999999,9.100000000000001,-89.05,-5.29,20.04,68.55,-32.269999999999996
2025-07-30T15:39:09.558019,-56.0,61.0,-52.0,26.0,-27.0,-11.0,41.0,12.0,75.0,-73.0,39.0,-2.0,-84.39,75.34,-43.82,4.120000000000001,7.649999999999999,-13.370000000000001,17.1,30.95,70.71,-68.96,28.55,-19.27
2025-07-30T15:39:09.562241,59.0,25.0,-22.0,4.0,-112.0,60.0,-30.0,-5.0,15.0,-54.0,-72.0,-40.0,30.61,39.34,-13.82,-17.88,-77.35,57.63,-53.9,13.95,10.71,-49.96,-82.45,-57.269999999999996
2025-07-30T15:39:09.570196,86.0,-75.0,-61.0,12.0,-14.0,11.0,45.0,-4.0,71.0,-39.0,-23.0,20.0,57.61,-60.66,-52.82,-9.879999999999999,20.65,8.629999999999999,21.1,14.95,66.71,-34.96,-33.45,2.7300000000000004
2025-07-30T15:39:09.574513,72.0,-24.0,-62.0,-16.0,6.0,-36.0,43.0,-1.0,28.0,-66.0,-1.0,-48.0,43.61,-9.66,-53.82,-37.879999999999995,40.65,-38.37,19.1,17.95,23.71,-61.96,-11.45,-65.27
2025-07-30T15:39:09.582477,42.0,-70.0,-60.0,31.0,-23.0,-18.0,-18.0,-1.0,7.0,41.0,9.0,-10.0,13.61,-55.66,-51.82,9.120000000000001,11.649999999999999,-20.37,-41.9,17.95,2.71,45.04,-1.4499999999999993,-27.27
2025-07-30T15:39:09.586804,105.0,-11.0,9.0,32.0,-64.0,-35.0,-63.0,-60.0,-30.0,-18.0,9.0,14.0,76.61,3.34,17.18,10.120000000000001,-29.35,-37.37,-86.9,-41.05,-34.29,-13.96,-1.4499999999999993,-3.2699999999999996
2025-07-30T15:39:09.594824,14.0,-45.0,3.0,19.0,-46.0,29.0,27.0,-42.0,-14.0,-104.0,14.0,85.0,-14.39,-30.66,11.18,-2.879999999999999,-11.350000000000001,26.63,3.1000000000000014,-23.05,-18.29,-99.96,3.5500000000000007,67.73
2025-07-30T15:39:09.599218,22.0,-15.0,3.0,33.0,-15.0,-3.0,23.0,1.0,-46.0,-32.0,51.0,-15.0,-6.390000000000001,-0.6600000000000001,11.18,11.120000000000001,19.65,-5.37,-0.8999999999999986,19.95,-50.29,-27.96,40.55,-32.269999999999996
2025-07-30T15:39:09.607156,25.0,33.0,41.0,-15.0,-40.0,-20.0,-15.0,6.0,-29.0,-31.0,63.0,-44.0,-3.3900000000000006,47.34,49.18,-36.879999999999995,-5.350000000000001,-22.37,-38.9,24.95,-33.29,-26.96,52.55,-61.269999999999996
2025-07-30T15:39:09.611555,-22.0,32.0,-48.0,-2.0,15.0,33.0,-46.0,-48.0,19.0,-19.0,8.0,-4.0,-50.39,46.34,-39.82,-23.88,49.65,30.63,-69.9,-29.05,14.71,-14.96,-2.4499999999999993,-21.27
2025-07-30T15:39:09.619333,7.0,26.0,-40.0,25.0,13.0,-49.0,33.0,7.0,-16.0,-13.0,63.0,-12.0,-21.39,40.34,-31.82,3.120000000000001,47.65,-51.37,9.100000000000001,25.95,-20.29,-8.96,52.55,-29.27
2025-07-30T15:39:09.623666,41.0,-2.0,-24.0,22.0,-31.0,15.0,-35.0,-12.0,-5.0,-60.0,59.0,-24.0,12.61,12.34,-15.82,0.120000000000001,3.6499999999999986,12.629999999999999,-58.9,6.949999999999999,-9.29,-55.96,48.55,-41.269999999999996
2025-07-30T15:39:09.631649,34.0,8.0,-43.0,42.0,-11.0,-17.0,-1.0,15.0,5.0,-24.0,-26.0,10.0,5.609999999999999,22.34,-34.82,20.12,23.65,-19.37,-24.9,33.95,0.71,-19.96,-36.45,-7.27
2025-07-30T15:39:09.635869,68.0,-52.0,-54.0,98.0,-21.0,41.0,5.0,-33.0,13.0,-92.0,-56.0,29.0,39.61,-37.66,-45.82,76.12,13.649999999999999,38.63,-18.9,-14.05,8.71,-87.96,-66.45,11.73
2025-07-30T15:39:09.643928,109.0,-42.0,51.0,-54.0,7.0,1.0,10.0,-34.0,-18.0,-73.0,2.0,-7.0,80.61,-27.66,59.18,-75.88,41.65,-1.37,-13.899999999999999,-15.05,-22.29,-68.96,-8.45,-24.27
2025-07-30T15:39:09.648437,12.0,-22.0,-9.0,-25.0,0.0,58.0,-48.0,-31.0,23.0,-95.0,64.0,-1.0,-16.39,-7.66,-0.8200000000000003,-46.879999999999995,34.65,55.63,-71.9,-12.05,18.71,-90.96,53.55,-18.27
2025-07-30T15:39:09.656246,37.0,-82.0,-16.0,2.0,-21.0,-68.0,-49.0,-39.0,23.0,-60.0,-8.0,-25.0,8.61,-67.66,-7.82,-19.88,13.649999999999999,-70.37,-72.9,-20.05,18.71,-55.96,-18.45,-42.269999999999996
2025-07-30T15:39:09.660562,-20.0,-43.0,23.0,126.0,-8.0,-13.0,59.0,-10.0,-24.0,-7.0,17.0,2.0,-48.39,-28.66,31.18,104.12,26.65,-15.370000000000001,35.1,8.95,-28.29,-2.96,6.550000000000001,-15.27
2025-07-30T15:39:09.668555,-10.0,36.0,48.0,-18.0,-55.0,-18.0,-21.0,40.0,-26.0,-16.0,63.0,-44.0,-38.39,50.34,56.18,-39.879999999999995,-20.35,-20.37,-44.9,58.95,-30.29,-11.96,52.55,-61.269999999999996
2025-07-30T15:39:09.672705,30.0,12.0,1.0,94.0,-32.0,61.0,25.0,0.0,-26.0,-40.0,24.0,-5.0,1.6099999999999994,26.34,9.18,72.12,2.6499999999999986,58.63,1.1000000000000014,18.95,-30.29,-35.96,13.55,-22.27
2025-07-30T15:39:09.680820,4.0,-52.0,-34.0,34.0,-76.0,59.0,60.0,-22.0,-19.0,-13.0,-10.0,-7.0,-24.39,-37.66,-25.82,12.120000000000001,-41.35,56.63,36.1,-3.0500000000000007,-23.29,-8.96,-20.45,-24.27
2025-07-30T15:39:09.685223,53.0,-24.0,-53.0,60.0,-11.0,27.0,-5.0,-13.0,47.0,-46.0,27.0,15.0,24.61,-9.66,-44.82,38.120000000000005,23.65,24.63,-28.9,5.949999999999999,42.71,-41.96,16.55,-2.2699999999999996
2025-07-30T15:39:09.693094,86.0,20.0,-50.0,7.0,-37.0,47.0,39.0,-46.0,-24.0,-5.0,42.0,-39.0,57.61,34.34,-41.82,-14.879999999999999,-2.3500000000000014,44.63,15.100000000000001,-27.05,-28.29,-0.96,31.55,-56.269999999999996
2025-07-30T15:39:09.697334,152.0,-90.0,27.0,4.0,-42.0,-80.0,-75.0,-31.0,-27.0,-64.0,7.0,65.0,123.61,-75.66,35.18,-17.88,-7.350000000000001,-82.37,-98.9,-12.05,-31.29,-59.96,-3.4499999999999993,47.730000000000004
2025-07-30T15:39:09.701532,-9.0,31.0,42.0,55.0,-31.0,-29.0,14.0,-118.0,16.0,3.0,49.0,-18.0,-37.39,45.34,50.18,33.120000000000005,3.6499999999999986,-31.37,-9.899999999999999,-99.05,11.71,7.04,38.55,-35.269999999999996
