timestamp,x1,y1,z1,x2,y2,z2,x3,y3,z3,x4,y4,z4,x1_calib,y1_calib,z1_calib,x2_calib,y2_calib,z2_calib,x3_calib,y3_calib,z3_calib,x4_calib,y4_calib,z4_calib
2025-07-23T17:37:39.839884,11.0,-13.0,-3.0,-50.0,48.0,-26.0,-3.0,-7.0,-32.0,11.0,61.0,-76.0,-19.08,-36.94,14.879999999999999,-48.95,34.01,-7.989999999999998,0.2200000000000002,1.2899999999999991,-6.379999999999999,28.1,9.049999999999997,-43.11
2025-07-23T17:37:39.847418,62.0,-59.0,30.0,-7.0,9.0,-20.0,1.0,28.0,-38.0,-53.0,82.0,-37.0,31.92,-82.94,47.879999999999995,-5.95,-4.99,-1.9899999999999984,4.220000000000001,36.29,-12.379999999999999,-35.9,30.049999999999997,-4.109999999999999
2025-07-23T17:37:39.851937,-9.0,51.0,1.0,-15.0,-6.0,-45.0,26.0,-9.0,-78.0,-7.0,77.0,-50.0,-39.08,27.06,18.88,-13.95,-19.990000000000002,-26.99,29.22,-0.7100000000000009,-52.379999999999995,10.100000000000001,25.049999999999997,-17.11
2025-07-23T17:37:39.859778,76.0,17.0,-38.0,-27.0,72.0,-44.0,10.0,-58.0,-53.0,-56.0,94.0,0.0,45.92,-6.940000000000001,-20.12,-25.95,58.01,-25.99,13.22,-49.71,-27.38,-38.9,42.05,32.89
2025-07-23T17:37:39.864059,1.0,1.0,8.0,-4.0,13.0,-13.0,27.0,-48.0,-52.0,41.0,104.0,-64.0,-29.08,-22.94,25.88,-2.95,-0.9900000000000002,5.010000000000002,30.22,-39.71,-26.38,58.1,52.05,-31.11
2025-07-23T17:37:39.871961,10.0,33.0,-29.0,11.0,-44.0,-50.0,1.0,-42.0,-3.0,-43.0,40.0,26.0,-20.08,9.059999999999999,-11.120000000000001,12.05,-57.99,-31.99,4.220000000000001,-33.71,22.62,-25.9,-11.950000000000003,58.89
2025-07-23T17:37:39.876308,25.0,12.0,-58.0,2.0,26.0,-29.0,-7.0,-41.0,-5.0,-21.0,24.0,-25.0,-5.079999999999998,-11.940000000000001,-40.120000000000005,3.05,12.01,-10.989999999999998,-3.78,-32.71,20.62,-3.8999999999999986,-27.950000000000003,7.890000000000001
2025-07-23T17:37:39.880249,-11.0,84.0,-69.0,42.0,-36.0,70.0,4.0,18.0,-20.0,-4.0,6.0,20.0,-41.08,60.06,-51.120000000000005,43.05,-49.99,88.01,7.220000000000001,26.29,5.620000000000001,13.100000000000001,-45.95,52.89
2025-07-23T17:37:39.888424,-34.0,99.0,25.0,-7.0,30.0,-23.0,8.0,-31.0,7.0,-10.0,19.0,-55.0,-64.08,75.06,42.879999999999995,-5.95,16.009999999999998,-4.989999999999998,11.22,-22.71,32.620000000000005,7.100000000000001,-32.95,-22.11
2025-07-23T17:37:39.892633,37.0,17.0,-57.0,16.0,62.0,4.0,53.0,-13.0,-37.0,22.0,-17.0,-52.0,6.920000000000002,-6.940000000000001,-39.120000000000005,17.05,48.01,22.01,56.22,-4.710000000000001,-11.379999999999999,39.1,-68.95,-19.11
2025-07-23T17:37:39.900934,9.0,34.0,-68.0,11.0,-26.0,-21.0,-33.0,4.0,26.0,-10.0,8.0,15.0,-21.08,10.059999999999999,-50.120000000000005,12.05,-39.99,-2.9899999999999984,-29.78,12.29,51.620000000000005,7.100000000000001,-43.95,47.89
2025-07-23T17:37:39.904981,-2.0,-52.0,-39.0,65.0,-43.0,-93.0,22.0,12.0,35.0,40.0,-25.0,-34.0,-32.08,-75.94,-21.12,66.05,-56.99,-74.99,25.22,20.29,60.620000000000005,57.1,-76.95,-1.1099999999999994
2025-07-23T17:37:39.912969,21.0,74.0,-67.0,-9.0,37.0,24.0,-3.0,-17.0,-29.0,2.0,15.0,-21.0,-9.079999999999998,50.06,-49.120000000000005,-7.95,23.009999999999998,42.010000000000005,0.2200000000000002,-8.71,-3.379999999999999,19.1,-36.95,11.89
2025-07-23T17:37:39.917617,-41.0,38.0,-24.0,-56.0,-8.0,51.0,17.0,82.0,-24.0,-48.0,22.0,-48.0,-71.08,14.059999999999999,-6.120000000000001,-54.95,-21.990000000000002,69.01,20.22,90.28999999999999,1.620000000000001,-30.9,-29.950000000000003,-15.11
2025-07-23T17:37:39.925340,100.0,33.0,-53.0,-82.0,24.0,-85.0,-53.0,48.0,42.0,37.0,62.0,-55.0,69.92,9.059999999999999,-35.120000000000005,-80.95,10.01,-66.99,-49.78,56.29,67.62,54.1,10.049999999999997,-22.11
2025-07-23T17:37:39.929479,64.0,11.0,-15.0,16.0,-10.0,-13.0,75.0,-46.0,-30.0,-1.0,57.0,-78.0,33.92,-12.940000000000001,2.879999999999999,17.05,-23.990000000000002,5.010000000000002,78.22,-37.71,-4.379999999999999,16.1,5.049999999999997,-45.11
2025-07-23T17:37:39.937616,49.0,13.0,8.0,-1.0,45.0,-11.0,6.0,59.0,-56.0,-21.0,55.0,11.0,18.92,-10.940000000000001,25.88,0.050000000000000044,31.009999999999998,7.010000000000002,9.22,67.28999999999999,-30.38,-3.8999999999999986,3.049999999999997,43.89
2025-07-23T17:37:39.941883,59.0,-33.0,20.0,-52.0,-10.0,-86.0,69.0,7.0,-12.0,-36.0,60.0,-69.0,28.92,-56.94,37.879999999999995,-50.95,-23.990000000000002,-67.99,72.22,15.29,13.620000000000001,-18.9,8.049999999999997,-36.11
2025-07-23T17:37:39.949978,25.0,25.0,-43.0,14.0,-8.0,8.0,-42.0,-11.0,-39.0,28.0,65.0,-14.0,-5.079999999999998,1.0599999999999987,-25.12,15.05,-21.990000000000002,26.01,-38.78,-2.710000000000001,-13.379999999999999,45.1,13.049999999999997,18.89
2025-07-23T17:37:39.954393,44.0,-56.0,44.0,-59.0,105.0,-43.0,6.0,1.0,25.0,26.0,50.0,20.0,13.920000000000002,-79.94,61.879999999999995,-57.95,91.01,-24.99,9.22,9.29,50.620000000000005,43.1,-1.9500000000000028,52.89
2025-07-23T17:37:39.962077,-52.0,88.0,-4.0,10.0,-47.0,-66.0,17.0,-50.0,-35.0,-28.0,45.0,5.0,-82.08,64.06,13.879999999999999,11.05,-60.99,-47.989999999999995,20.22,-41.71,-9.379999999999999,-10.899999999999999,-6.950000000000003,37.89
2025-07-23T17:37:39.967580,-19.0,8.0,-18.0,17.0,-9.0,9.0,-28.0,-17.0,-44.0,-41.0,-6.0,-39.0,-49.08,-15.940000000000001,-0.120000000000001,18.05,-22.990000000000002,27.01,-24.78,-8.71,-18.38,-23.9,-57.95,-6.109999999999999
2025-07-23T17:37:39.974434,72.0,14.0,-60.0,33.0,94.0,-74.0,-21.0,-52.0,26.0,-38.0,20.0,22.0,41.92,-9.940000000000001,-42.120000000000005,34.05,80.01,-55.989999999999995,-17.78,-43.71,51.620000000000005,-20.9,-31.950000000000003,54.89
2025-07-23T17:37:39.978760,7.0,5.0,-56.0,-24.0,-9.0,-1.0,5.0,-65.0,-2.0,-41.0,37.0,-15.0,-23.08,-18.94,-38.120000000000005,-22.95,-22.990000000000002,17.01,8.22,-56.71,23.62,-23.9,-14.950000000000003,17.89
2025-07-23T17:37:39.986833,17.0,26.0,-35.0,24.0,4.0,-27.0,-69.0,-28.0,-10.0,-53.0,-4.0,49.0,-13.079999999999998,2.0599999999999987,-17.12,25.05,-9.99,-8.989999999999998,-65.78,-19.71,15.620000000000001,-35.9,-55.95,81.89
2025-07-23T17:37:39.991250,44.0,44.0,-52.0,-89.0,-4.0,-69.0,6.0,-27.0,-41.0,-30.0,110.0,-25.0,13.920000000000002,20.06,-34.120000000000005,-87.95,-17.990000000000002,-50.989999999999995,9.22,-18.71,-15.379999999999999,-12.899999999999999,58.05,7.890000000000001
2025-07-23T17:37:39.999006,71.0,-1.0,9.0,-46.0,-69.0,-2.0,46.0,16.0,-16.0,-63.0,40.0,-6.0,40.92,-24.94,26.88,-44.95,-82.99,16.01,49.22,24.29,9.620000000000001,-45.9,-11.950000000000003,26.89
2025-07-23T17:37:40.004619,72.0,12.0,-68.0,11.0,42.0,-2.0,-29.0,25.0,-60.0,-44.0,84.0,6.0,41.92,-11.940000000000001,-50.120000000000005,12.05,28.009999999999998,16.01,-25.78,33.29,-34.379999999999995,-26.9,32.05,38.89
2025-07-23T17:37:40.011295,-43.0,10.0,-25.0,-48.0,-22.0,-9.0,42.0,-43.0,24.0,-76.0,25.0,-36.0,-73.08,-13.940000000000001,-7.120000000000001,-46.95,-35.99,9.010000000000002,45.22,-34.71,49.620000000000005,-58.9,-26.950000000000003,-3.1099999999999994
2025-07-23T17:37:40.015658,25.0,21.0,-2.0,-40.0,30.0,-53.0,60.0,-6.0,-20.0,-51.0,67.0,-88.0,-5.079999999999998,-2.9400000000000013,15.879999999999999,-38.95,16.009999999999998,-34.989999999999995,63.22,2.289999999999999,5.620000000000001,-33.9,15.049999999999997,-55.11
2025-07-23T17:37:40.023697,53.0,90.0,-19.0,-18.0,49.0,-41.0,-1.0,-23.0,-34.0,61.0,102.0,-20.0,22.92,66.06,-1.120000000000001,-16.95,35.01,-22.99,2.22,-14.71,-8.379999999999999,78.1,50.05,12.89
2025-07-23T17:37:40.027822,26.0,-20.0,-14.0,31.0,28.0,13.0,-31.0,15.0,8.0,3.0,38.0,-53.0,-4.079999999999998,-43.94,3.879999999999999,32.05,14.01,31.01,-27.78,23.29,33.620000000000005,20.1,-13.950000000000003,-20.11
2025-07-23T17:37:40.035957,108.0,10.0,-43.0,-8.0,26.0,-57.0,33.0,5.0,-74.0,-58.0,34.0,-102.0,77.92,-13.940000000000001,-25.12,-6.95,12.01,-38.989999999999995,36.22,13.29,-48.379999999999995,-40.9,-17.950000000000003,-69.11
2025-07-23T17:37:40.040216,20.0,28.0,-37.0,-34.0,1.0,6.0,-8.0,-13.0,-42.0,-23.0,28.0,-26.0,-10.079999999999998,4.059999999999999,-19.12,-32.95,-12.99,24.01,-4.779999999999999,-4.710000000000001,-16.38,-5.899999999999999,-23.950000000000003,6.890000000000001
2025-07-23T17:37:40.048128,47.0,30.0,-18.0,-18.0,50.0,-38.0,-22.0,8.0,17.0,-34.0,54.0,10.0,16.92,6.059999999999999,-0.120000000000001,-16.95,36.01,-19.99,-18.78,16.29,42.620000000000005,-16.9,2.049999999999997,42.89
2025-07-23T17:37:40.052532,-38.0,-40.0,41.0,-4.0,12.0,-5.0,36.0,-63.0,-66.0,40.0,83.0,25.0,-68.08,-63.94,58.879999999999995,-2.95,-1.9900000000000002,13.010000000000002,39.22,-54.71,-40.379999999999995,57.1,31.049999999999997,57.89
2025-07-23T17:37:40.056618,-9.0,8.0,4.0,33.0,24.0,-17.0,-46.0,68.0,-16.0,0.0,63.0,-30.0,-39.08,-15.940000000000001,21.88,34.05,10.01,1.0100000000000016,-42.78,76.28999999999999,9.620000000000001,17.1,11.049999999999997,2.8900000000000006
2025-07-23T17:37:40.064555,20.0,96.0,-1.0,26.0,18.0,-27.0,4.0,-28.0,-35.0,-52.0,-11.0,-41.0,-10.079999999999998,72.06,16.88,27.05,4.01,-8.989999999999998,7.220000000000001,-19.71,-9.379999999999999,-34.9,-62.95,-8.11
2025-07-23T17:37:40.068892,44.0,93.0,-1.0,-35.0,-30.0,18.0,-13.0,5.0,-66.0,4.0,57.0,-22.0,13.920000000000002,69.06,16.88,-33.95,-43.99,36.010000000000005,-9.78,13.29,-40.379999999999995,21.1,5.049999999999997,10.89
2025-07-23T17:37:40.076923,-7.0,30.0,66.0,-43.0,-1.0,-60.0,73.0,47.0,-64.0,-77.0,60.0,-59.0,-37.08,6.059999999999999,83.88,-41.95,-14.99,-41.989999999999995,76.22,55.29,-38.379999999999995,-59.9,8.049999999999997,-26.11
2025-07-23T17:37:40.080964,63.0,46.0,34.0,3.0,7.0,27.0,-77.0,50.0,-84.0,-4.0,-6.0,-16.0,32.92,22.06,51.879999999999995,4.05,-6.99,45.010000000000005,-73.78,58.29,-58.379999999999995,13.100000000000001,-57.95,16.89
2025-07-23T17:37:40.089171,10.0,45.0,20.0,-40.0,32.0,15.0,-7.0,18.0,-84.0,-9.0,100.0,-67.0,-20.08,21.06,37.879999999999995,-38.95,18.009999999999998,33.010000000000005,-3.78,26.29,-58.379999999999995,8.100000000000001,48.05,-34.11
2025-07-23T17:37:40.093311,46.0,43.0,-12.0,38.0,-17.0,-44.0,56.0,-5.0,-63.0,-48.0,60.0,-31.0,15.920000000000002,19.06,5.879999999999999,39.05,-30.990000000000002,-25.99,59.22,3.289999999999999,-37.379999999999995,-30.9,8.049999999999997,1.8900000000000006
2025-07-23T17:37:40.101469,35.0,40.0,-29.0,5.0,-34.0,-44.0,23.0,5.0,-85.0,-87.0,66.0,-21.0,4.920000000000002,16.06,-11.120000000000001,6.05,-47.99,-25.99,26.22,13.29,-59.379999999999995,-69.9,14.049999999999997,11.89
2025-07-23T17:37:40.105904,-51.0,90.0,-31.0,23.0,47.0,-37.0,80.0,17.0,-34.0,32.0,121.0,29.0,-81.08,66.06,-13.120000000000001,24.05,33.01,-18.99,83.22,25.29,-8.379999999999999,49.1,69.05,61.89
2025-07-23T17:37:40.113811,69.0,-24.0,4.0,31.0,-24.0,-23.0,-31.0,-19.0,26.0,-60.0,43.0,-86.0,38.92,-47.94,21.88,32.05,-37.99,-4.989999999999998,-27.78,-10.71,51.620000000000005,-42.9,-8.950000000000003,-53.11
2025-07-23T17:37:40.118253,121.0,18.0,-92.0,-20.0,-6.0,0.0,28.0,-21.0,-9.0,-40.0,68.0,10.0,90.92,-5.940000000000001,-74.12,-18.95,-19.990000000000002,18.01,31.22,-12.71,16.62,-22.9,16.049999999999997,42.89
2025-07-23T17:37:40.126067,2.0,14.0,-28.0,-13.0,-32.0,-28.0,19.0,-39.0,-30.0,-26.0,71.0,-13.0,-28.08,-9.940000000000001,-10.120000000000001,-11.95,-45.99,-9.989999999999998,22.22,-30.71,-4.379999999999999,-8.899999999999999,19.049999999999997,19.89
2025-07-23T17:37:40.130446,54.0,-14.0,8.0,45.0,15.0,-37.0,-17.0,-35.0,-20.0,65.0,18.0,-46.0,23.92,-37.94,25.88,46.05,1.0099999999999998,-18.99,-13.78,-26.71,5.620000000000001,82.1,-33.95,-13.11
2025-07-23T17:37:40.138428,10.0,-27.0,-64.0,16.0,42.0,-70.0,-20.0,-25.0,12.0,-30.0,26.0,-55.0,-20.08,-50.94,-46.120000000000005,17.05,28.009999999999998,-51.989999999999995,-16.78,-16.71,37.620000000000005,-12.899999999999999,-25.950000000000003,-22.11
2025-07-23T17:37:40.143451,100.0,2.0,43.0,3.0,19.0,6.0,9.0,-4.0,-27.0,22.0,-13.0,-12.0,69.92,-21.94,60.879999999999995,4.05,5.01,24.01,12.22,4.289999999999999,-1.379999999999999,39.1,-64.95,20.89
2025-07-23T17:37:40.150898,18.0,51.0,-39.0,39.0,-22.0,-34.0,-48.0,-72.0,-24.0,-22.0,32.0,9.0,-12.079999999999998,27.06,-21.12,40.05,-35.99,-15.989999999999998,-44.78,-63.71,1.620000000000001,-4.899999999999999,-19.950000000000003,41.89
2025-07-23T17:37:40.155048,-46.0,-47.0,10.0,-30.0,33.0,-39.0,40.0,27.0,-20.0,-11.0,43.0,-7.0,-76.08,-70.94,27.88,-28.95,19.009999999999998,-20.99,43.22,35.29,5.620000000000001,6.100000000000001,-8.950000000000003,25.89
2025-07-23T17:37:40.162953,2.0,28.0,32.0,23.0,37.0,-19.0,28.0,21.0,-42.0,9.0,29.0,-18.0,-28.08,4.059999999999999,49.879999999999995,24.05,23.009999999999998,-0.9899999999999984,31.22,29.29,-16.38,26.1,-22.950000000000003,14.89
2025-07-23T17:37:40.167326,17.0,46.0,15.0,9.0,104.0,-72.0,22.0,-108.0,-21.0,-21.0,40.0,-23.0,-13.079999999999998,22.06,32.879999999999995,10.05,90.01,-53.989999999999995,25.22,-99.71000000000001,4.620000000000001,-3.8999999999999986,-11.950000000000003,9.89
2025-07-23T17:37:40.175221,20.0,-26.0,-101.0,-25.0,44.0,-15.0,19.0,-109.0,-69.0,-59.0,57.0,-18.0,-10.079999999999998,-49.94,-83.12,-23.95,30.009999999999998,3.0100000000000016,22.22,-100.71000000000001,-43.379999999999995,-41.9,5.049999999999997,14.89
2025-07-23T17:37:40.179314,42.0,80.0,25.0,-4.0,21.0,-38.0,71.0,-46.0,23.0,-23.0,13.0,-57.0,11.920000000000002,56.06,42.879999999999995,-2.95,7.01,-19.99,74.22,-37.71,48.620000000000005,-5.899999999999999,-38.95,-24.11
2025-07-23T17:37:40.187689,35.0,26.0,-63.0,-15.0,-21.0,11.0,-10.0,-31.0,10.0,-27.0,22.0,-58.0,4.920000000000002,2.0599999999999987,-45.120000000000005,-13.95,-34.99,29.01,-6.779999999999999,-22.71,35.620000000000005,-9.899999999999999,-29.950000000000003,-25.11
2025-07-23T17:37:40.192532,20.0,-1.0,-12.0,32.0,5.0,-33.0,-24.0,41.0,-59.0,-27.0,36.0,-53.0,-10.079999999999998,-24.94,5.879999999999999,33.05,-8.99,-14.989999999999998,-20.78,49.29,-33.379999999999995,-9.899999999999999,-15.950000000000003,-20.11
2025-07-23T17:37:40.199615,55.0,-28.0,56.0,-43.0,26.0,2.0,4.0,-65.0,-40.0,-66.0,91.0,-72.0,24.92,-51.94,73.88,-41.95,12.01,20.01,7.220000000000001,-56.71,-14.379999999999999,-48.9,39.05,-39.11
2025-07-23T17:37:40.204153,76.0,-29.0,-15.0,1.0,-14.0,6.0,30.0,72.0,12.0,17.0,-14.0,-28.0,45.92,-52.94,2.879999999999999,2.05,-27.990000000000002,24.01,33.22,80.28999999999999,37.620000000000005,34.1,-65.95,4.890000000000001
2025-07-23T17:37:40.211964,75.0,2.0,50.0,20.0,42.0,-48.0,-18.0,-32.0,-28.0,-20.0,98.0,11.0,44.92,-21.94,67.88,21.05,28.009999999999998,-29.99,-14.78,-23.71,-2.379999999999999,-2.8999999999999986,46.05,43.89
2025-07-23T17:37:40.216235,45.0,11.0,-24.0,14.0,-1.0,-14.0,33.0,-5.0,6.0,-45.0,58.0,-51.0,14.920000000000002,-12.940000000000001,-6.120000000000001,15.05,-14.99,4.010000000000002,36.22,3.289999999999999,31.62,-27.9,6.049999999999997,-18.11
2025-07-23T17:37:40.224366,35.0,90.0,18.0,-4.0,-22.0,37.0,39.0,-38.0,-25.0,-25.0,13.0,-40.0,4.920000000000002,66.06,35.879999999999995,-2.95,-35.99,55.010000000000005,42.22,-29.71,0.620000000000001,-7.899999999999999,-38.95,-7.109999999999999
2025-07-23T17:37:40.228476,93.0,12.0,-36.0,-12.0,41.0,-2.0,-45.0,-3.0,-16.0,27.0,22.0,-36.0,62.92,-11.940000000000001,-18.12,-10.95,27.009999999999998,16.01,-41.78,5.289999999999999,9.620000000000001,44.1,-29.950000000000003,-3.1099999999999994
2025-07-23T17:37:40.236697,23.0,49.0,-21.0,8.0,-23.0,-8.0,45.0,72.0,-49.0,27.0,19.0,-92.0,-7.079999999999998,25.06,-3.120000000000001,9.05,-36.99,10.010000000000002,48.22,80.28999999999999,-23.38,44.1,-32.95,-59.11
2025-07-23T17:37:40.240878,29.0,26.0,-16.0,66.0,-5.0,-22.0,42.0,15.0,-6.0,-43.0,59.0,9.0,-1.0799999999999983,2.0599999999999987,1.879999999999999,67.05,-18.990000000000002,-3.9899999999999984,45.22,23.29,19.62,-25.9,7.049999999999997,41.89
2025-07-23T17:37:40.248720,19.0,37.0,-66.0,31.0,47.0,51.0,-46.0,3.0,60.0,-78.0,78.0,4.0,-11.079999999999998,13.059999999999999,-48.120000000000005,32.05,33.01,69.01,-42.78,11.29,85.62,-60.9,26.049999999999997,36.89
2025-07-23T17:37:40.253297,1.0,48.0,-22.0,25.0,46.0,12.0,9.0,9.0,26.0,-22.0,59.0,-49.0,-29.08,24.06,-4.120000000000001,26.05,32.01,30.01,12.22,17.29,51.620000000000005,-4.899999999999999,7.049999999999997,-16.11
2025-07-23T17:37:40.261165,45.0,-27.0,-15.0,-46.0,-4.0,-46.0,24.0,14.0,-52.0,-41.0,78.0,-90.0,14.920000000000002,-50.94,2.879999999999999,-44.95,-17.990000000000002,-27.99,27.22,22.29,-26.38,-23.9,26.049999999999997,-57.11
2025-07-23T17:37:40.265394,-2.0,49.0,-23.0,3.0,20.0,0.0,-25.0,-31.0,-50.0,11.0,-14.0,16.0,-32.08,25.06,-5.120000000000001,4.05,6.01,18.01,-21.78,-22.71,-24.38,28.1,-65.95,48.89
2025-07-23T17:37:40.273410,-35.0,41.0,-63.0,-39.0,17.0,-18.0,14.0,-14.0,-35.0,12.0,48.0,-17.0,-65.08,17.06,-45.120000000000005,-37.95,3.01,0.010000000000001563,17.22,-5.710000000000001,-9.379999999999999,29.1,-3.950000000000003,15.89
2025-07-23T17:37:40.277782,20.0,86.0,-45.0,-27.0,2.0,5.0,47.0,-31.0,-63.0,-1.0,-27.0,3.0,-10.079999999999998,62.06,-27.12,-25.95,-11.99,23.01,50.22,-22.71,-37.379999999999995,16.1,-78.95,35.89
2025-07-23T17:37:40.285786,60.0,9.0,-62.0,-39.0,2.0,-43.0,-46.0,11.0,-56.0,-63.0,89.0,-14.0,29.92,-14.940000000000001,-44.120000000000005,-37.95,-11.99,-24.99,-42.78,19.29,-30.38,-45.9,37.05,18.89
2025-07-23T17:37:40.289958,21.0,-1.0,7.0,-2.0,1.0,-41.0,34.0,-49.0,-9.0,-9.0,141.0,-17.0,-9.079999999999998,-24.94,24.88,-0.95,-12.99,-22.99,37.22,-40.71,16.62,8.100000000000001,89.05,15.89
2025-07-23T17:37:40.294553,-30.0,30.0,-59.0,-2.0,22.0,5.0,20.0,82.0,-53.0,40.0,26.0,44.0,-60.08,6.059999999999999,-41.120000000000005,-0.95,8.01,23.01,23.22,90.28999999999999,-27.38,57.1,-25.950000000000003,76.89
2025-07-23T17:37:40.302263,90.0,15.0,-11.0,16.0,-75.0,38.0,60.0,42.0,-63.0,-54.0,84.0,-56.0,59.92,-8.940000000000001,6.879999999999999,17.05,-88.99,56.010000000000005,63.22,50.29,-37.379999999999995,-36.9,32.05,-23.11
2025-07-23T17:37:40.310231,60.0,16.0,-68.0,-36.0,-27.0,-73.0,36.0,-35.0,2.0,-17.0,42.0,-15.0,29.92,-7.940000000000001,-50.120000000000005,-34.95,-40.99,-54.989999999999995,39.22,-26.71,27.62,0.10000000000000142,-9.950000000000003,17.89
2025-07-23T17:37:40.314494,105.0,-31.0,-12.0,16.0,-1.0,14.0,43.0,-16.0,-45.0,-18.0,89.0,5.0,74.92,-54.94,5.879999999999999,17.05,-14.99,32.010000000000005,46.22,-7.710000000000001,-19.38,-0.8999999999999986,37.05,37.89
2025-07-23T17:37:40.322497,-16.0,-27.0,11.0,42.0,-14.0,-17.0,39.0,-41.0,25.0,-9.0,119.0,-27.0,-46.08,-50.94,28.88,43.05,-27.990000000000002,1.0100000000000016,42.22,-32.71,50.620000000000005,8.100000000000001,67.05,5.890000000000001
2025-07-23T17:37:40.326896,45.0,-32.0,-18.0,-55.0,-44.0,-29.0,-26.0,80.0,-52.0,-23.0,115.0,-6.0,14.920000000000002,-55.94,-0.120000000000001,-53.95,-57.99,-10.989999999999998,-22.78,88.28999999999999,-26.38,-5.899999999999999,63.05,26.89
2025-07-23T17:37:40.334988,17.0,-30.0,76.0,-14.0,-38.0,-16.0,22.0,-46.0,12.0,-33.0,-73.0,-42.0,-13.079999999999998,-53.94,93.88,-12.95,-51.99,2.0100000000000016,25.22,-37.71,37.620000000000005,-15.899999999999999,-124.95,-9.11
2025-07-23T17:37:40.339074,-5.0,89.0,-75.0,-11.0,8.0,-20.0,6.0,65.0,-23.0,76.0,15.0,16.0,-35.08,65.06,-57.120000000000005,-9.95,-5.99,-1.9899999999999984,9.22,73.28999999999999,2.620000000000001,93.1,-36.95,48.89
2025-07-23T17:37:40.343129,22.0,13.0,-88.0,-17.0,-55.0,3.0,19.0,40.0,11.0,44.0,56.0,31.0,-8.079999999999998,-10.940000000000001,-70.12,-15.95,-68.99,21.01,22.22,48.29,36.620000000000005,61.1,4.049999999999997,63.89
2025-07-23T17:37:40.351597,33.0,-11.0,-35.0,21.0,-46.0,-41.0,-53.0,42.0,-27.0,-5.0,32.0,55.0,2.9200000000000017,-34.94,-17.12,22.05,-59.99,-22.99,-49.78,50.29,-1.379999999999999,12.100000000000001,-19.950000000000003,87.89
2025-07-23T17:37:40.359414,62.0,5.0,-61.0,19.0,63.0,-74.0,-21.0,-11.0,-77.0,-17.0,47.0,-13.0,31.92,-18.94,-43.120000000000005,20.05,49.01,-55.989999999999995,-17.78,-2.710000000000001,-51.379999999999995,0.10000000000000142,-4.950000000000003,19.89
2025-07-23T17:37:40.363625,98.0,103.0,-44.0,19.0,0.0,-35.0,38.0,-17.0,-34.0,9.0,33.0,31.0,67.92,79.06,-26.12,20.05,-13.99,-16.99,41.22,-8.71,-8.379999999999999,26.1,-18.950000000000003,63.89
2025-07-23T17:37:40.371637,37.0,-40.0,-33.0,10.0,51.0,-11.0,2.0,-28.0,-22.0,-34.0,71.0,-25.0,6.920000000000002,-63.94,-15.120000000000001,11.05,37.01,7.010000000000002,5.220000000000001,-19.71,3.620000000000001,-16.9,19.049999999999997,7.890000000000001
2025-07-23T17:37:40.376521,39.0,-39.0,-33.0,-15.0,-54.0,9.0,-12.0,-19.0,37.0,17.0,57.0,-114.0,8.920000000000002,-62.94,-15.120000000000001,-13.95,-67.99,27.01,-8.78,-10.71,62.620000000000005,34.1,5.049999999999997,-81.11
2025-07-23T17:37:40.379964,29.0,30.0,-6.0,-4.0,25.0,-11.0,-29.0,-47.0,-7.0,12.0,142.0,-24.0,-1.0799999999999983,6.059999999999999,11.879999999999999,-2.95,11.01,7.010000000000002,-25.78,-38.71,18.62,29.1,90.05,8.89
2025-07-23T17:37:40.388178,10.0,-44.0,-52.0,-29.0,-42.0,-2.0,4.0,13.0,-12.0,3.0,2.0,26.0,-20.08,-67.94,-34.120000000000005,-27.95,-55.99,16.01,7.220000000000001,21.29,13.620000000000001,20.1,-49.95,58.89
2025-07-23T17:37:40.392299,20.0,-35.0,-20.0,-63.0,27.0,-75.0,48.0,42.0,-4.0,48.0,19.0,-46.0,-10.079999999999998,-58.94,-2.120000000000001,-61.95,13.01,-56.989999999999995,51.22,50.29,21.62,65.1,-32.95,-13.11
2025-07-23T17:37:40.400434,23.0,-43.0,-3.0,-19.0,47.0,-10.0,-58.0,-20.0,-15.0,21.0,92.0,-14.0,-7.079999999999998,-66.94,14.879999999999999,-17.95,33.01,8.010000000000002,-54.78,-11.71,10.620000000000001,38.1,40.05,18.89
2025-07-23T17:37:40.404703,42.0,77.0,-16.0,-2.0,-24.0,-22.0,-44.0,9.0,-38.0,-8.0,82.0,-29.0,11.920000000000002,53.06,1.879999999999999,-0.95,-37.99,-3.9899999999999984,-40.78,17.29,-12.379999999999999,9.100000000000001,30.049999999999997,3.8900000000000006
2025-07-23T17:37:40.412691,1.0,39.0,24.0,8.0,41.0,-33.0,-5.0,-11.0,-36.0,-20.0,29.0,-43.0,-29.08,15.059999999999999,41.879999999999995,9.05,27.009999999999998,-14.989999999999998,-1.7799999999999998,-2.710000000000001,-10.379999999999999,-2.8999999999999986,-22.950000000000003,-10.11
2025-07-23T17:37:40.416958,53.0,7.0,-21.0,8.0,6.0,-49.0,32.0,-15.0,45.0,24.0,33.0,-1.0,22.92,-16.94,-3.120000000000001,9.05,-7.99,-30.99,35.22,-6.710000000000001,70.62,41.1,-18.950000000000003,31.89
2025-07-23T17:37:40.424928,-5.0,99.0,7.0,-21.0,-9.0,-28.0,5.0,35.0,-52.0,-40.0,64.0,-50.0,-35.08,75.06,24.88,-19.95,-22.990000000000002,-9.989999999999998,8.22,43.29,-26.38,-22.9,12.049999999999997,-17.11
2025-07-23T17:37:40.429153,-5.0,36.0,27.0,-18.0,70.0,-13.0,18.0,-3.0,-45.0,-1.0,9.0,15.0,-35.08,12.059999999999999,44.879999999999995,-16.95,56.01,5.010000000000002,21.22,5.289999999999999,-19.38,16.1,-42.95,47.89
2025-07-23T17:37:40.437306,-18.0,82.0,11.0,51.0,15.0,-94.0,32.0,3.0,-23.0,-7.0,25.0,-29.0,-48.08,58.06,28.88,52.05,1.0099999999999998,-75.99,35.22,11.29,2.620000000000001,10.100000000000001,-26.950000000000003,3.8900000000000006
2025-07-23T17:37:40.441647,19.0,21.0,13.0,-3.0,2.0,-77.0,30.0,44.0,-68.0,-55.0,104.0,21.0,-11.079999999999998,-2.9400000000000013,30.88,-1.95,-11.99,-58.989999999999995,33.22,52.29,-42.379999999999995,-37.9,52.05,53.89
2025-07-23T17:37:40.449471,25.0,17.0,0.0,-21.0,-33.0,-87.0,-20.0,34.0,-18.0,10.0,-18.0,0.0,-5.079999999999998,-6.940000000000001,17.88,-19.95,-46.99,-68.99,-16.78,42.29,7.620000000000001,27.1,-69.95,32.89
2025-07-23T17:37:40.454081,37.0,14.0,14.0,-13.0,15.0,-26.0,20.0,14.0,-100.0,-77.0,42.0,24.0,6.920000000000002,-9.940000000000001,31.88,-11.95,1.0099999999999998,-7.989999999999998,23.22,22.29,-74.38,-59.9,-9.950000000000003,56.89
2025-07-23T17:37:40.461803,87.0,42.0,-68.0,29.0,24.0,-21.0,53.0,40.0,10.0,-75.0,63.0,11.0,56.92,18.06,-50.120000000000005,30.05,10.01,-2.9899999999999984,56.22,48.29,35.620000000000005,-57.9,11.049999999999997,43.89
2025-07-23T17:37:40.466044,14.0,71.0,-29.0,2.0,48.0,-37.0,-10.0,-41.0,-29.0,-64.0,117.0,-20.0,-16.08,47.06,-11.120000000000001,3.05,34.01,-18.99,-6.779999999999999,-32.71,-3.379999999999999,-46.9,65.05,12.89
2025-07-23T17:37:40.474153,48.0,25.0,-102.0,41.0,1.0,-33.0,87.0,-4.0,-10.0,-73.0,64.0,-50.0,17.92,1.0599999999999987,-84.12,42.05,-12.99,-14.989999999999998,90.22,4.289999999999999,15.620000000000001,-55.9,12.049999999999997,-17.11
2025-07-23T17:37:40.478331,35.0,54.0,-53.0,-6.0,27.0,-38.0,37.0,-4.0,-37.0,-47.0,20.0,-59.0,4.920000000000002,30.06,-35.120000000000005,-4.95,13.01,-19.99,40.22,4.289999999999999,-11.379999999999999,-29.9,-31.950000000000003,-26.11
2025-07-23T17:37:40.486469,23.0,79.0,-97.0,23.0,75.0,-54.0,-9.0,-67.0,-23.0,-17.0,173.0,-62.0,-7.079999999999998,55.06,-79.12,24.05,61.01,-35.989999999999995,-5.779999999999999,-58.71,2.620000000000001,0.10000000000000142,121.05,-29.11
2025-07-23T17:37:40.490708,84.0,-31.0,-110.0,34.0,90.0,13.0,-23.0,7.0,24.0,-14.0,64.0,-40.0,53.92,-54.94,-92.12,35.05,76.01,31.01,-19.78,15.29,49.620000000000005,3.1000000000000014,12.049999999999997,-7.109999999999999
2025-07-23T17:37:40.498846,34.0,1.0,-86.0,41.0,-12.0,-45.0,-34.0,-34.0,-15.0,36.0,68.0,-25.0,3.9200000000000017,-22.94,-68.12,42.05,-25.990000000000002,-26.99,-30.78,-25.71,10.620000000000001,53.1,16.049999999999997,7.890000000000001
2025-07-23T17:37:40.503081,19.0,-14.0,-29.0,2.0,70.0,48.0,5.0,-17.0,-80.0,-58.0,-6.0,-52.0,-11.079999999999998,-37.94,-11.120000000000001,3.05,56.01,66.01,8.22,-8.71,-54.379999999999995,-40.9,-57.95,-19.11
2025-07-23T17:37:40.510943,86.0,1.0,20.0,-34.0,9.0,0.0,-25.0,-14.0,-56.0,-49.0,90.0,-20.0,55.92,-22.94,37.879999999999995,-32.95,-4.99,18.01,-21.78,-5.710000000000001,-30.38,-31.9,38.05,12.89
2025-07-23T17:37:40.515196,48.0,-20.0,-21.0,-32.0,2.0,-16.0,78.0,27.0,-58.0,-47.0,51.0,-12.0,17.92,-43.94,-3.120000000000001,-30.95,-11.99,2.0100000000000016,81.22,35.29,-32.379999999999995,-29.9,-0.9500000000000028,20.89
2025-07-23T17:37:40.523342,111.0,-4.0,-39.0,-4.0,-38.0,-59.0,-12.0,40.0,-41.0,-45.0,93.0,3.0,80.92,-27.94,-21.12,-2.95,-51.99,-40.989999999999995,-8.78,48.29,-15.379999999999999,-27.9,41.05,35.89
2025-07-23T17:37:40.527493,-2.0,41.0,65.0,13.0,-27.0,-32.0,23.0,-15.0,-27.0,-48.0,77.0,17.0,-32.08,17.06,82.88,14.05,-40.99,-13.989999999999998,26.22,-6.710000000000001,-1.379999999999999,-30.9,25.049999999999997,49.89
2025-07-23T17:37:40.535721,-12.0,34.0,-36.0,21.0,11.0,-35.0,84.0,26.0,-52.0,-8.0,69.0,-37.0,-42.08,10.059999999999999,-18.12,22.05,-2.99,-16.99,87.22,34.29,-26.38,9.100000000000001,17.049999999999997,-4.109999999999999
2025-07-23T17:37:40.539971,43.0,49.0,-42.0,-17.0,62.0,-25.0,-27.0,-6.0,-61.0,-50.0,106.0,7.0,12.920000000000002,25.06,-24.12,-15.95,48.01,-6.989999999999998,-23.78,2.289999999999999,-35.379999999999995,-32.9,54.05,39.89
2025-07-23T17:37:40.547796,5.0,10.0,20.0,8.0,90.0,-26.0,-23.0,-59.0,-64.0,-18.0,115.0,-7.0,-25.08,-13.940000000000001,37.879999999999995,9.05,76.01,-7.989999999999998,-19.78,-50.71,-38.379999999999995,-0.8999999999999986,63.05,25.89
2025-07-23T17:37:40.552322,-48.0,10.0,5.0,-35.0,7.0,6.0,-7.0,-67.0,-8.0,-36.0,46.0,-47.0,-78.08,-13.940000000000001,22.88,-33.95,-6.99,24.01,-3.78,-58.71,17.62,-18.9,-5.950000000000003,-14.11
2025-07-23T17:37:40.560072,51.0,11.0,4.0,-12.0,14.0,-42.0,-18.0,-20.0,17.0,27.0,82.0,11.0,20.92,-12.940000000000001,21.88,-10.95,0.009999999999999787,-23.99,-14.78,-11.71,42.620000000000005,44.1,30.049999999999997,43.89
2025-07-23T17:37:40.564268,68.0,99.0,-73.0,63.0,19.0,3.0,-104.0,1.0,49.0,15.0,63.0,-74.0,37.92,75.06,-55.120000000000005,64.05,5.01,21.01,-100.78,9.29,74.62,32.1,11.049999999999997,-41.11
2025-07-23T17:37:40.568960,7.0,112.0,-19.0,45.0,87.0,-3.0,5.0,-27.0,-27.0,-86.0,64.0,-68.0,-23.08,88.06,-1.120000000000001,46.05,73.01,15.010000000000002,8.22,-18.71,-1.379999999999999,-68.9,12.049999999999997,-35.11
2025-07-23T17:37:40.576696,61.0,84.0,-10.0,35.0,47.0,-78.0,-56.0,90.0,-26.0,13.0,16.0,-77.0,30.92,60.06,7.879999999999999,36.05,33.01,-59.989999999999995,-52.78,98.28999999999999,-0.379999999999999,30.1,-35.95,-44.11
2025-07-23T17:37:40.580649,4.0,42.0,-45.0,-10.0,64.0,27.0,30.0,12.0,-27.0,28.0,-23.0,-23.0,-26.08,18.06,-27.12,-8.95,50.01,45.010000000000005,33.22,20.29,-1.379999999999999,45.1,-74.95,9.89
2025-07-23T17:37:40.588873,61.0,-16.0,-38.0,-26.0,10.0,-21.0,83.0,18.0,-41.0,24.0,52.0,-32.0,30.92,-39.94,-20.12,-24.95,-3.99,-2.9899999999999984,86.22,26.29,-15.379999999999999,41.1,0.04999999999999716,0.8900000000000006
2025-07-23T17:37:40.592972,5.0,27.0,8.0,-31.0,7.0,-74.0,20.0,-68.0,-8.0,66.0,42.0,18.0,-25.08,3.0599999999999987,25.88,-29.95,-6.99,-55.989999999999995,23.22,-59.71,17.62,83.1,-9.950000000000003,50.89
2025-07-23T17:37:40.601232,91.0,-19.0,20.0,-10.0,13.0,-35.0,-9.0,-67.0,-68.0,-63.0,44.0,-4.0,60.92,-42.94,37.879999999999995,-8.95,-0.9900000000000002,-16.99,-5.779999999999999,-58.71,-42.379999999999995,-45.9,-7.950000000000003,28.89
2025-07-23T17:37:40.605414,72.0,15.0,-8.0,41.0,-34.0,6.0,1.0,35.0,9.0,-18.0,28.0,-5.0,41.92,-8.940000000000001,9.879999999999999,42.05,-47.99,24.01,4.220000000000001,43.29,34.620000000000005,-0.8999999999999986,-23.950000000000003,27.89
2025-07-23T17:37:40.613412,2.0,64.0,-49.0,-23.0,50.0,-41.0,17.0,-75.0,-71.0,-9.0,59.0,-5.0,-28.08,40.06,-31.12,-21.95,36.01,-22.99,20.22,-66.71000000000001,-45.379999999999995,8.100000000000001,7.049999999999997,27.89
2025-07-23T17:37:40.617858,73.0,-37.0,-19.0,15.0,34.0,-90.0,36.0,-13.0,-98.0,-38.0,49.0,-34.0,42.92,-60.94,-1.120000000000001,16.05,20.009999999999998,-71.99,39.22,-4.710000000000001,-72.38,-20.9,-2.950000000000003,-1.1099999999999994
2025-07-23T17:37:40.625808,65.0,54.0,-17.0,-24.0,43.0,-27.0,-14.0,-57.0,-83.0,-17.0,-24.0,-14.0,34.92,30.06,0.879999999999999,-22.95,29.009999999999998,-8.989999999999998,-10.78,-48.71,-57.379999999999995,0.10000000000000142,-75.95,18.89
2025-07-23T17:37:40.629986,-11.0,27.0,65.0,4.0,-47.0,-61.0,-14.0,-58.0,-51.0,-69.0,86.0,19.0,-41.08,3.0599999999999987,82.88,5.05,-60.99,-42.989999999999995,-10.78,-49.71,-25.38,-51.9,34.05,51.89
2025-07-23T17:37:40.638023,54.0,-4.0,46.0,4.0,-19.0,-81.0,41.0,68.0,7.0,-45.0,9.0,-8.0,23.92,-27.94,63.879999999999995,5.05,-32.99,-62.989999999999995,44.22,76.28999999999999,32.620000000000005,-27.9,-42.95,24.89
2025-07-23T17:37:40.642153,-54.0,77.0,33.0,-7.0,2.0,-53.0,-21.0,23.0,-32.0,-56.0,58.0,12.0,-84.08,53.06,50.879999999999995,-5.95,-11.99,-34.989999999999995,-17.78,31.29,-6.379999999999999,-38.9,6.049999999999997,44.89
2025-07-23T17:37:40.650424,26.0,45.0,-29.0,-72.0,53.0,14.0,-33.0,50.0,-50.0,-29.0,-1.0,-61.0,-4.079999999999998,21.06,-11.120000000000001,-70.95,39.01,32.010000000000005,-29.78,58.29,-24.38,-11.899999999999999,-52.95,-28.11
2025-07-23T17:37:40.654628,-28.0,61.0,-54.0,37.0,-21.0,15.0,47.0,-12.0,-21.0,20.0,61.0,-40.0,-58.08,37.06,-36.120000000000005,38.05,-34.99,33.010000000000005,50.22,-3.710000000000001,4.620000000000001,37.1,9.049999999999997,-7.109999999999999
2025-07-23T17:37:40.662539,55.0,40.0,-53.0,44.0,8.0,-30.0,42.0,76.0,-35.0,-27.0,-13.0,-93.0,24.92,16.06,-35.120000000000005,45.05,-5.99,-11.989999999999998,45.22,84.28999999999999,-9.379999999999999,-9.899999999999999,-64.95,-60.11
2025-07-23T17:37:40.666831,1.0,37.0,-66.0,-10.0,-41.0,-56.0,-1.0,-2.0,-2.0,-11.0,75.0,-58.0,-29.08,13.059999999999999,-48.120000000000005,-8.95,-54.99,-37.989999999999995,2.22,6.289999999999999,23.62,6.100000000000001,23.049999999999997,-25.11
2025-07-23T17:37:40.674860,-3.0,14.0,-53.0,-40.0,54.0,-58.0,16.0,8.0,-42.0,-8.0,61.0,-23.0,-33.08,-9.940000000000001,-35.120000000000005,-38.95,40.01,-39.989999999999995,19.22,16.29,-16.38,9.100000000000001,9.049999999999997,9.89
2025-07-23T17:37:40.679028,30.0,21.0,-51.0,20.0,49.0,-52.0,38.0,26.0,-9.0,-30.0,27.0,-78.0,-0.0799999999999983,-2.9400000000000013,-33.120000000000005,21.05,35.01,-33.989999999999995,41.22,34.29,16.62,-12.899999999999999,-24.950000000000003,-45.11
2025-07-23T17:37:40.687221,90.0,15.0,-72.0,35.0,-15.0,-103.0,-37.0,-25.0,-66.0,19.0,25.0,-29.0,59.92,-8.940000000000001,-54.120000000000005,36.05,-28.990000000000002,-84.99,-33.78,-16.71,-40.379999999999995,36.1,-26.950000000000003,3.8900000000000006
2025-07-23T17:37:40.691434,71.0,43.0,-54.0,-34.0,12.0,-13.0,-20.0,13.0,-11.0,-30.0,52.0,17.0,40.92,19.06,-36.120000000000005,-32.95,-1.9900000000000002,5.010000000000002,-16.78,21.29,14.620000000000001,-12.899999999999999,0.04999999999999716,49.89
2025-07-23T17:37:40.699428,83.0,-21.0,-24.0,-4.0,18.0,-16.0,-52.0,31.0,-78.0,8.0,14.0,-27.0,52.92,-44.94,-6.120000000000001,-2.95,4.01,2.0100000000000016,-48.78,39.29,-52.379999999999995,25.1,-37.95,5.890000000000001
2025-07-23T17:37:40.703944,16.0,43.0,-118.0,-33.0,68.0,-61.0,-33.0,37.0,-20.0,-43.0,77.0,14.0,-14.079999999999998,19.06,-100.12,-31.95,54.01,-42.989999999999995,-29.78,45.29,5.620000000000001,-25.9,25.049999999999997,46.89
2025-07-23T17:37:40.711778,-23.0,-76.0,-4.0,-46.0,39.0,-84.0,28.0,21.0,-55.0,-48.0,109.0,-57.0,-53.08,-99.94,13.879999999999999,-44.95,25.009999999999998,-65.99,31.22,29.29,-29.38,-30.9,57.05,-24.11
2025-07-23T17:37:40.715990,-1.0,18.0,-12.0,-26.0,38.0,-91.0,1.0,-55.0,-33.0,-3.0,76.0,-62.0,-31.08,-5.940000000000001,5.879999999999999,-24.95,24.009999999999998,-72.99,4.220000000000001,-46.71,-7.379999999999999,14.100000000000001,24.049999999999997,-29.11
2025-07-23T17:37:40.724126,-27.0,-5.0,-28.0,9.0,-6.0,-68.0,-35.0,-15.0,-49.0,-39.0,57.0,-73.0,-57.08,-28.94,-10.120000000000001,10.05,-19.990000000000002,-49.989999999999995,-31.78,-6.710000000000001,-23.38,-21.9,5.049999999999997,-40.11
2025-07-23T17:37:40.728258,25.0,48.0,8.0,34.0,18.0,-57.0,10.0,-2.0,-59.0,-28.0,90.0,-36.0,-5.079999999999998,24.06,25.88,35.05,4.01,-38.989999999999995,13.22,6.289999999999999,-33.379999999999995,-10.899999999999999,38.05,-3.1099999999999994
2025-07-23T17:37:40.736331,28.0,42.0,-23.0,-19.0,-2.0,-12.0,105.0,72.0,7.0,20.0,124.0,-103.0,-2.0799999999999983,18.06,-5.120000000000001,-17.95,-15.99,6.010000000000002,108.22,80.28999999999999,32.620000000000005,37.1,72.05,-70.11
2025-07-23T17:37:40.740540,-12.0,41.0,-59.0,2.0,3.0,-2.0,31.0,19.0,-40.0,5.0,81.0,-65.0,-42.08,17.06,-41.120000000000005,3.05,-10.99,16.01,34.22,27.29,-14.379999999999999,22.1,29.049999999999997,-32.11
2025-07-23T17:37:40.748486,-50.0,106.0,-98.0,-21.0,65.0,-49.0,-32.0,4.0,-64.0,39.0,55.0,-49.0,-80.08,82.06,-80.12,-19.95,51.01,-30.99,-28.78,12.29,-38.379999999999995,56.1,3.049999999999997,-16.11
2025-07-23T17:37:40.752962,71.0,25.0,-36.0,-17.0,30.0,-32.0,-49.0,4.0,44.0,-35.0,80.0,-18.0,40.92,1.0599999999999987,-18.12,-15.95,16.009999999999998,-13.989999999999998,-45.78,12.29,69.62,-17.9,28.049999999999997,14.89
2025-07-23T17:37:40.760726,15.0,24.0,-58.0,54.0,20.0,-66.0,13.0,5.0,-61.0,-41.0,-31.0,-49.0,-15.079999999999998,0.05999999999999872,-40.120000000000005,55.05,6.01,-47.989999999999995,16.22,13.29,-35.379999999999995,-23.9,-82.95,-16.11
2025-07-23T17:37:40.765141,33.0,43.0,-50.0,7.0,15.0,-29.0,31.0,8.0,-50.0,-47.0,-1.0,35.0,2.9200000000000017,19.06,-32.120000000000005,8.05,1.0099999999999998,-10.989999999999998,34.22,16.29,-24.38,-29.9,-52.95,67.89
2025-07-23T17:37:40.773048,41.0,22.0,-74.0,19.0,43.0,-112.0,-49.0,42.0,-52.0,-85.0,45.0,-36.0,10.920000000000002,-1.9400000000000013,-56.120000000000005,20.05,29.009999999999998,-93.99,-45.78,50.29,-26.38,-67.9,-6.950000000000003,-3.1099999999999994
2025-07-23T17:37:40.777355,25.0,34.0,-20.0,-24.0,79.0,-68.0,-17.0,27.0,17.0,-42.0,38.0,-32.0,-5.079999999999998,10.059999999999999,-2.120000000000001,-22.95,65.01,-49.989999999999995,-13.78,35.29,42.620000000000005,-24.9,-13.950000000000003,0.8900000000000006
2025-07-23T17:37:40.785482,-33.0,80.0,-35.0,4.0,9.0,-21.0,-15.0,-41.0,-15.0,-76.0,74.0,-43.0,-63.08,56.06,-17.12,5.05,-4.99,-2.9899999999999984,-11.78,-32.71,10.620000000000001,-58.9,22.049999999999997,-10.11
2025-07-23T17:37:40.789804,1.0,23.0,8.0,-14.0,7.0,-83.0,-27.0,-79.0,-70.0,2.0,126.0,-68.0,-29.08,-0.9400000000000013,25.88,-12.95,-6.99,-64.99,-23.78,-70.71000000000001,-44.379999999999995,19.1,74.05,-35.11
2025-07-23T17:37:40.797764,58.0,48.0,-31.0,-2.0,39.0,-121.0,50.0,4.0,-45.0,-13.0,88.0,-42.0,27.92,24.06,-13.120000000000001,-0.95,25.009999999999998,-102.99,53.22,12.29,-19.38,4.100000000000001,36.05,-9.11
2025-07-23T17:37:40.802233,114.0,39.0,-11.0,-49.0,-6.0,-63.0,-2.0,-62.0,-35.0,-33.0,105.0,-80.0,83.92,15.059999999999999,6.879999999999999,-47.95,-19.990000000000002,-44.989999999999995,1.2200000000000002,-53.71,-9.379999999999999,-15.899999999999999,53.05,-47.11
2025-07-23T17:37:40.806045,7.0,0.0,-55.0,-24.0,2.0,-64.0,1.0,41.0,-27.0,25.0,59.0,-62.0,-23.08,-23.94,-37.120000000000005,-22.95,-11.99,-45.989999999999995,4.220000000000001,49.29,-1.379999999999999,42.1,7.049999999999997,-29.11
2025-07-23T17:37:40.814155,31.0,65.0,-23.0,-16.0,17.0,-37.0,-35.0,-51.0,-45.0,34.0,85.0,-37.0,0.9200000000000017,41.06,-5.120000000000001,-14.95,3.01,-18.99,-31.78,-42.71,-19.38,51.1,33.05,-4.109999999999999
2025-07-23T17:37:40.822178,74.0,89.0,-57.0,-19.0,6.0,-117.0,-83.0,-14.0,-79.0,-39.0,41.0,-87.0,43.92,65.06,-39.120000000000005,-17.95,-7.99,-98.99,-79.78,-5.710000000000001,-53.379999999999995,-21.9,-10.950000000000003,-54.11
2025-07-23T17:37:40.826487,62.0,19.0,-18.0,66.0,-13.0,-80.0,20.0,-39.0,-77.0,-94.0,102.0,-107.0,31.92,-4.940000000000001,-0.120000000000001,67.05,-26.990000000000002,-61.989999999999995,23.22,-30.71,-51.379999999999995,-76.9,50.05,-74.11
2025-07-23T17:37:40.830609,99.0,11.0,18.0,97.0,-4.0,-28.0,52.0,-25.0,2.0,-8.0,13.0,-30.0,68.92,-12.940000000000001,35.879999999999995,98.05,-17.990000000000002,-9.989999999999998,55.22,-16.71,27.62,9.100000000000001,-38.95,2.8900000000000006
2025-07-23T17:37:40.838862,102.0,-19.0,-52.0,-16.0,68.0,-1.0,-27.0,-16.0,-27.0,-44.0,33.0,-118.0,71.92,-42.94,-34.120000000000005,-14.95,54.01,17.01,-23.78,-7.710000000000001,-1.379999999999999,-26.9,-18.950000000000003,-85.11
2025-07-23T17:37:40.846687,-7.0,-47.0,-84.0,24.0,38.0,-97.0,16.0,-26.0,-54.0,-30.0,102.0,-99.0,-37.08,-70.94,-66.12,25.05,24.009999999999998,-78.99,19.22,-17.71,-28.38,-12.899999999999999,50.05,-66.11
2025-07-23T17:37:40.851258,-10.0,2.0,-44.0,-98.0,-7.0,-51.0,1.0,-63.0,-49.0,14.0,90.0,-81.0,-40.08,-21.94,-26.12,-96.95,-20.990000000000002,-32.989999999999995,4.220000000000001,-54.71,-23.38,31.1,38.05,-48.11
2025-07-23T17:37:40.855387,75.0,43.0,-78.0,61.0,36.0,-60.0,12.0,-104.0,-41.0,-12.0,86.0,-55.0,44.92,19.06,-60.120000000000005,62.05,22.009999999999998,-41.989999999999995,15.22,-95.71000000000001,-15.379999999999999,5.100000000000001,34.05,-22.11
2025-07-23T17:37:40.863227,67.0,95.0,-48.0,8.0,75.0,-61.0,-8.0,30.0,-84.0,-4.0,51.0,-95.0,36.92,71.06,-30.12,9.05,61.01,-42.989999999999995,-4.779999999999999,38.29,-58.379999999999995,13.100000000000001,-0.9500000000000028,-62.11
2025-07-23T17:37:40.867546,38.0,8.0,-87.0,32.0,22.0,-32.0,-27.0,64.0,-104.0,-2.0,48.0,-55.0,7.920000000000002,-15.940000000000001,-69.12,33.05,8.01,-13.989999999999998,-23.78,72.28999999999999,-78.38,15.100000000000001,-3.950000000000003,-22.11
2025-07-23T17:37:40.875713,67.0,85.0,-94.0,26.0,5.0,-71.0,25.0,-28.0,-50.0,29.0,78.0,-117.0,36.92,61.06,-76.12,27.05,-8.99,-52.989999999999995,28.22,-19.71,-24.38,46.1,26.049999999999997,-84.11
2025-07-23T17:37:40.879710,78.0,66.0,-97.0,-40.0,54.0,-47.0,-50.0,24.0,-54.0,22.0,9.0,-32.0,47.92,42.06,-79.12,-38.95,40.01,-28.99,-46.78,32.29,-28.38,39.1,-42.95,0.8900000000000006
2025-07-23T17:37:40.887996,86.0,56.0,-29.0,-42.0,60.0,-88.0,-13.0,31.0,-106.0,-33.0,67.0,10.0,55.92,32.06,-11.120000000000001,-40.95,46.01,-69.99,-9.78,39.29,-80.38,-15.899999999999999,15.049999999999997,42.89
2025-07-23T17:37:40.892029,35.0,-18.0,-50.0,17.0,47.0,-37.0,34.0,15.0,-6.0,-98.0,42.0,-18.0,4.920000000000002,-41.94,-32.120000000000005,18.05,33.01,-18.99,37.22,23.29,19.62,-80.9,-9.950000000000003,14.89
2025-07-23T17:37:40.900164,89.0,-19.0,-64.0,-14.0,7.0,-103.0,26.0,-4.0,-30.0,-13.0,77.0,-66.0,58.92,-42.94,-46.120000000000005,-12.95,-6.99,-84.99,29.22,4.289999999999999,-4.379999999999999,4.100000000000001,25.049999999999997,-33.11
2025-07-23T17:37:40.904905,94.0,-41.0,-10.0,23.0,-5.0,-134.0,-24.0,-44.0,-72.0,96.0,119.0,-66.0,63.92,-64.94,7.879999999999999,24.05,-18.990000000000002,-115.99,-20.78,-35.71,-46.379999999999995,113.1,67.05,-33.11
2025-07-23T17:37:40.912376,31.0,8.0,-28.0,7.0,12.0,-77.0,90.0,-16.0,16.0,-27.0,82.0,-78.0,0.9200000000000017,-15.940000000000001,-10.120000000000001,8.05,-1.9900000000000002,-58.989999999999995,93.22,-7.710000000000001,41.620000000000005,-9.899999999999999,30.049999999999997,-45.11
2025-07-23T17:37:40.916629,52.0,25.0,-11.0,27.0,34.0,-76.0,-74.0,-28.0,-47.0,63.0,91.0,-69.0,21.92,1.0599999999999987,6.879999999999999,28.05,20.009999999999998,-57.989999999999995,-70.78,-19.71,-21.38,80.1,39.05,-36.11
2025-07-23T17:37:40.924811,18.0,-12.0,-7.0,-20.0,21.0,-94.0,-81.0,51.0,-26.0,-23.0,26.0,25.0,-12.079999999999998,-35.94,10.879999999999999,-18.95,7.01,-75.99,-77.78,59.29,-0.379999999999999,-5.899999999999999,-25.950000000000003,57.89
2025-07-23T17:37:40.928941,55.0,103.0,-54.0,24.0,28.0,-89.0,-4.0,-4.0,-64.0,-26.0,102.0,-66.0,24.92,79.06,-36.120000000000005,25.05,14.01,-70.99,-0.7799999999999998,4.289999999999999,-38.379999999999995,-8.899999999999999,50.05,-33.11
2025-07-23T17:37:40.936995,55.0,69.0,-29.0,-47.0,-28.0,-52.0,6.0,70.0,-93.0,-23.0,72.0,-53.0,24.92,45.06,-11.120000000000001,-45.95,-41.99,-33.989999999999995,9.22,78.28999999999999,-67.38,-5.899999999999999,20.049999999999997,-20.11
2025-07-23T17:37:40.941290,63.0,51.0,-96.0,-36.0,1.0,-10.0,73.0,-16.0,-49.0,-68.0,17.0,-70.0,32.92,27.06,-78.12,-34.95,-12.99,8.010000000000002,76.22,-7.710000000000001,-23.38,-50.9,-34.95,-37.11
2025-07-23T17:37:40.949207,-29.0,2.0,-95.0,41.0,6.0,-30.0,9.0,7.0,-60.0,-35.0,78.0,1.0,-59.08,-21.94,-77.12,42.05,-7.99,-11.989999999999998,12.22,15.29,-34.379999999999995,-17.9,26.049999999999997,33.89
2025-07-23T17:37:40.953800,22.0,99.0,-36.0,95.0,17.0,-17.0,-22.0,4.0,-78.0,38.0,2.0,-74.0,-8.079999999999998,75.06,-18.12,96.05,3.01,1.0100000000000016,-18.78,12.29,-52.379999999999995,55.1,-49.95,-41.11
2025-07-23T17:37:40.961608,0.0,100.0,-105.0,-35.0,54.0,-57.0,26.0,8.0,-86.0,-47.0,27.0,-38.0,-30.08,76.06,-87.12,-33.95,40.01,-38.989999999999995,29.22,16.29,-60.379999999999995,-29.9,-24.950000000000003,-5.109999999999999
2025-07-23T17:37:40.965789,15.0,21.0,-61.0,-8.0,-22.0,-58.0,-56.0,-2.0,-89.0,-71.0,86.0,-23.0,-15.079999999999998,-2.9400000000000013,-43.120000000000005,-6.95,-35.99,-39.989999999999995,-52.78,6.289999999999999,-63.379999999999995,-53.9,34.05,9.89
2025-07-23T17:37:40.974014,92.0,28.0,-68.0,-28.0,-26.0,-37.0,-32.0,-47.0,19.0,-131.0,57.0,-58.0,61.92,4.059999999999999,-50.120000000000005,-26.95,-39.99,-18.99,-28.78,-38.71,44.620000000000005,-113.9,5.049999999999997,-25.11
2025-07-23T17:37:40.978123,-9.0,49.0,-38.0,-21.0,2.0,-119.0,28.0,-24.0,-22.0,-78.0,82.0,-120.0,-39.08,25.06,-20.12,-19.95,-11.99,-100.99,31.22,-15.71,3.620000000000001,-60.9,30.049999999999997,-87.11
2025-07-23T17:37:40.986072,17.0,47.0,-7.0,24.0,-39.0,-5.0,14.0,1.0,-24.0,0.0,103.0,-29.0,-13.079999999999998,23.06,10.879999999999999,25.05,-52.99,13.010000000000002,17.22,9.29,1.620000000000001,17.1,51.05,3.8900000000000006
2025-07-23T17:37:40.990481,66.0,26.0,-123.0,-20.0,28.0,-57.0,-16.0,23.0,-39.0,7.0,31.0,-66.0,35.92,2.0599999999999987,-105.12,-18.95,14.01,-38.989999999999995,-12.78,31.29,-13.379999999999999,24.1,-20.950000000000003,-33.11
2025-07-23T17:37:40.998555,45.0,-33.0,6.0,45.0,81.0,-147.0,-44.0,-28.0,-46.0,36.0,64.0,-103.0,14.920000000000002,-56.94,23.88,46.05,67.01,-128.99,-40.78,-19.71,-20.38,53.1,12.049999999999997,-70.11
2025-07-23T17:37:41.003083,-8.0,-43.0,-37.0,-10.0,42.0,-102.0,66.0,-7.0,-90.0,-9.0,153.0,-67.0,-38.08,-66.94,-19.12,-8.95,28.009999999999998,-83.99,69.22,1.2899999999999991,-64.38,8.100000000000001,101.05,-34.11
2025-07-23T17:37:41.010748,41.0,-12.0,-90.0,-32.0,38.0,-29.0,-47.0,-9.0,-80.0,-61.0,35.0,-62.0,10.920000000000002,-35.94,-72.12,-30.95,24.009999999999998,-10.989999999999998,-43.78,-0.7100000000000009,-54.379999999999995,-43.9,-16.950000000000003,-29.11
2025-07-23T17:37:41.014894,-2.0,59.0,-58.0,52.0,-18.0,-47.0,55.0,-25.0,-71.0,-35.0,130.0,-33.0,-32.08,35.06,-40.120000000000005,53.05,-31.990000000000002,-28.99,58.22,-16.71,-45.379999999999995,-17.9,78.05,-0.10999999999999943
2025-07-23T17:37:41.023058,52.0,-25.0,-136.0,15.0,-62.0,-54.0,-11.0,-37.0,-130.0,-22.0,9.0,-45.0,21.92,-48.94,-118.12,16.05,-75.99,-35.989999999999995,-7.779999999999999,-28.71,-104.38,-4.899999999999999,-42.95,-12.11
2025-07-23T17:37:41.027281,50.0,67.0,-99.0,-54.0,23.0,-66.0,-50.0,-33.0,-41.0,1.0,41.0,-54.0,19.92,43.06,-81.12,-52.95,9.01,-47.989999999999995,-46.78,-24.71,-15.379999999999999,18.1,-10.950000000000003,-21.11
2025-07-23T17:37:41.035483,75.0,74.0,-31.0,15.0,-7.0,-62.0,-10.0,55.0,-117.0,-42.0,106.0,-123.0,44.92,50.06,-13.120000000000001,16.05,-20.990000000000002,-43.989999999999995,-6.779999999999999,63.29,-91.38,-24.9,54.05,-90.11
2025-07-23T17:37:41.039679,29.0,21.0,-100.0,6.0,20.0,-15.0,21.0,66.0,-64.0,-75.0,9.0,-91.0,-1.0799999999999983,-2.9400000000000013,-82.12,7.05,6.01,3.0100000000000016,24.22,74.28999999999999,-38.379999999999995,-57.9,-42.95,-58.11
2025-07-23T17:37:41.047683,66.0,-2.0,-18.0,11.0,-1.0,-119.0,15.0,-78.0,-123.0,15.0,66.0,-25.0,35.92,-25.94,-0.120000000000001,12.05,-14.99,-100.99,18.22,-69.71000000000001,-97.38,32.1,14.049999999999997,7.890000000000001
2025-07-23T17:37:41.053131,47.0,69.0,-26.0,37.0,4.0,-89.0,-21.0,-24.0,-26.0,-30.0,-9.0,-47.0,16.92,45.06,-8.120000000000001,38.05,-9.99,-70.99,-17.78,-15.71,-0.379999999999999,-12.899999999999999,-60.95,-14.11
2025-07-23T17:37:41.059861,7.0,11.0,-115.0,0.0,56.0,-60.0,12.0,58.0,-59.0,47.0,95.0,-27.0,-23.08,-12.940000000000001,-97.12,1.05,42.01,-41.989999999999995,15.22,66.28999999999999,-33.379999999999995,64.1,43.05,5.890000000000001
2025-07-23T17:37:41.064034,84.0,15.0,-42.0,-32.0,-84.0,-29.0,14.0,-25.0,-95.0,-91.0,32.0,-81.0,53.92,-8.940000000000001,-24.12,-30.95,-97.99,-10.989999999999998,17.22,-16.71,-69.38,-73.9,-19.950000000000003,-48.11
2025-07-23T17:37:41.072369,-3.0,51.0,-55.0,62.0,71.0,-105.0,-46.0,-1.0,-106.0,-101.0,52.0,-33.0,-33.08,27.06,-37.120000000000005,63.05,57.01,-86.99,-42.78,7.289999999999999,-80.38,-83.9,0.04999999999999716,-0.10999999999999943
2025-07-23T17:37:41.076406,20.0,58.0,-83.0,23.0,-7.0,-81.0,-25.0,-85.0,-52.0,-107.0,84.0,-102.0,-10.079999999999998,34.06,-65.12,24.05,-20.990000000000002,-62.989999999999995,-21.78,-76.71000000000001,-26.38,-89.9,32.05,-69.11
2025-07-23T17:37:41.084403,7.0,45.0,-143.0,34.0,-8.0,-53.0,-19.0,-27.0,-100.0,-56.0,79.0,-152.0,-23.08,21.06,-125.12,35.05,-21.990000000000002,-34.989999999999995,-15.78,-18.71,-74.38,-38.9,27.049999999999997,-119.11
2025-07-23T17:37:41.088937,86.0,85.0,-69.0,-56.0,12.0,-65.0,-44.0,28.0,-55.0,-34.0,23.0,-77.0,55.92,61.06,-51.120000000000005,-54.95,-1.9900000000000002,-46.989999999999995,-40.78,36.29,-29.38,-16.9,-28.950000000000003,-44.11
2025-07-23T17:37:41.096701,128.0,24.0,-61.0,32.0,21.0,-98.0,-34.0,25.0,-96.0,-11.0,49.0,-76.0,97.92,0.05999999999999872,-43.120000000000005,33.05,7.01,-79.99,-30.78,33.29,-70.38,6.100000000000001,-2.950000000000003,-43.11
2025-07-23T17:37:41.101265,121.0,55.0,-24.0,28.0,20.0,-96.0,36.0,-29.0,-92.0,20.0,60.0,-75.0,90.92,31.06,-6.120000000000001,29.05,6.01,-77.99,39.22,-20.71,-66.38,37.1,8.049999999999997,-42.11
2025-07-23T17:37:41.109317,91.0,-48.0,-4.0,-30.0,-55.0,-128.0,8.0,-54.0,-56.0,-55.0,124.0,-101.0,60.92,-71.94,13.879999999999999,-28.95,-68.99,-109.99,11.22,-45.71,-30.38,-37.9,72.05,-68.11
2025-07-23T17:37:41.113156,41.0,98.0,-103.0,-26.0,40.0,-95.0,-100.0,-31.0,-70.0,-46.0,132.0,-62.0,10.920000000000002,74.06,-85.12,-24.95,26.009999999999998,-76.99,-96.78,-22.71,-44.379999999999995,-28.9,80.05,-29.11
2025-07-23T17:37:41.121929,-12.0,74.0,-67.0,29.0,5.0,-74.0,-60.0,-47.0,-77.0,-81.0,47.0,-116.0,-42.08,50.06,-49.120000000000005,30.05,-8.99,-55.989999999999995,-56.78,-38.71,-51.379999999999995,-63.9,-4.950000000000003,-83.11
2025-07-23T17:37:41.125490,93.0,34.0,-112.0,12.0,6.0,-91.0,10.0,5.0,-72.0,-50.0,81.0,-48.0,62.92,10.059999999999999,-94.12,13.05,-7.99,-72.99,13.22,13.29,-46.379999999999995,-32.9,29.049999999999997,-15.11
2025-07-23T17:37:41.133582,98.0,-30.0,-89.0,-49.0,-3.0,-128.0,0.0,-7.0,-39.0,-22.0,38.0,-66.0,67.92,-53.94,-71.12,-47.95,-16.990000000000002,-109.99,3.22,1.2899999999999991,-13.379999999999999,-4.899999999999999,-13.950000000000003,-33.11
2025-07-23T17:37:41.138089,67.0,106.0,-124.0,22.0,3.0,-38.0,-33.0,9.0,-106.0,-10.0,28.0,-56.0,36.92,82.06,-106.12,23.05,-10.99,-19.99,-29.78,17.29,-80.38,7.100000000000001,-23.950000000000003,-23.11
2025-07-23T17:37:41.146626,50.0,29.0,-94.0,-54.0,-48.0,-100.0,106.0,-90.0,-71.0,-43.0,47.0,-99.0,19.92,5.059999999999999,-76.12,-52.95,-61.99,-81.99,109.22,-81.71000000000001,-45.379999999999995,-25.9,-4.950000000000003,-66.11
2025-07-23T17:37:41.150140,70.0,44.0,-82.0,-25.0,-38.0,-86.0,5.0,-26.0,-40.0,-117.0,126.0,-81.0,39.92,20.06,-64.12,-23.95,-51.99,-67.99,8.22,-17.71,-14.379999999999999,-99.9,74.05,-48.11
2025-07-23T17:37:41.158146,22.0,59.0,-29.0,-34.0,36.0,-126.0,5.0,-10.0,-63.0,-34.0,20.0,-87.0,-8.079999999999998,35.06,-11.120000000000001,-32.95,22.009999999999998,-107.99,8.22,-1.7100000000000009,-37.379999999999995,-16.9,-31.950000000000003,-54.11
2025-07-23T17:37:41.162342,81.0,84.0,-61.0,-21.0,-17.0,-62.0,-32.0,-36.0,-81.0,-39.0,97.0,-107.0,50.92,60.06,-43.120000000000005,-19.95,-30.990000000000002,-43.989999999999995,-28.78,-27.71,-55.379999999999995,-21.9,45.05,-74.11
2025-07-23T17:37:41.170546,13.0,66.0,-117.0,-2.0,-9.0,-55.0,-30.0,-26.0,-76.0,5.0,67.0,-138.0,-17.08,42.06,-99.12,-0.95,-22.990000000000002,-36.989999999999995,-26.78,-17.71,-50.379999999999995,22.1,15.049999999999997,-105.11
2025-07-23T17:37:41.174897,8.0,60.0,-121.0,-6.0,36.0,-131.0,-63.0,-6.0,-55.0,-30.0,67.0,-86.0,-22.08,36.06,-103.12,-4.95,22.009999999999998,-112.99,-59.78,2.289999999999999,-29.38,-12.899999999999999,15.049999999999997,-53.11
2025-07-23T17:37:41.182826,14.0,70.0,-124.0,-67.0,24.0,-137.0,-34.0,-59.0,-52.0,-68.0,37.0,-93.0,-16.08,46.06,-106.12,-65.95,10.01,-118.99,-30.78,-50.71,-26.38,-50.9,-14.950000000000003,-60.11
2025-07-23T17:37:41.187113,61.0,-5.0,-122.0,63.0,25.0,-49.0,88.0,-13.0,-62.0,-37.0,-8.0,-130.0,30.92,-28.94,-104.12,64.05,11.01,-30.99,91.22,-4.710000000000001,-36.379999999999995,-19.9,-59.95,-97.11
2025-07-23T17:37:41.195031,50.0,-7.0,-94.0,-8.0,18.0,-151.0,-32.0,-47.0,-110.0,-59.0,44.0,-82.0,19.92,-30.94,-76.12,-6.95,4.01,-132.99,-28.78,-38.71,-84.38,-41.9,-7.950000000000003,-49.11
2025-07-23T17:37:41.199278,80.0,14.0,-79.0,101.0,-11.0,-126.0,-52.0,-8.0,-90.0,-28.0,27.0,-57.0,49.92,-9.940000000000001,-61.120000000000005,102.05,-24.990000000000002,-107.99,-48.78,0.28999999999999915,-64.38,-10.899999999999999,-24.950000000000003,-24.11
2025-07-23T17:37:41.207516,68.0,15.0,-128.0,-4.0,-7.0,-127.0,-25.0,-46.0,-70.0,-29.0,93.0,-82.0,37.92,-8.940000000000001,-110.12,-2.95,-20.990000000000002,-108.99,-21.78,-37.71,-44.379999999999995,-11.899999999999999,41.05,-49.11
2025-07-23T17:37:41.211640,46.0,24.0,-44.0,21.0,-23.0,-100.0,30.0,12.0,-131.0,-29.0,86.0,-122.0,15.920000000000002,0.05999999999999872,-26.12,22.05,-36.99,-81.99,33.22,20.29,-105.38,-11.899999999999999,34.05,-89.11
2025-07-23T17:37:41.219784,27.0,70.0,-92.0,58.0,-17.0,-43.0,38.0,-39.0,-108.0,-23.0,9.0,-96.0,-3.0799999999999983,46.06,-74.12,59.05,-30.990000000000002,-24.99,41.22,-30.71,-82.38,-5.899999999999999,-42.95,-63.11
2025-07-23T17:37:41.224038,98.0,129.0,-127.0,51.0,16.0,-145.0,26.0,-22.0,-65.0,-29.0,63.0,-141.0,67.92,105.06,-109.12,52.05,2.01,-126.99,29.22,-13.71,-39.379999999999995,-11.899999999999999,11.049999999999997,-108.11
2025-07-23T17:37:41.231897,57.0,1.0,-108.0,26.0,-34.0,-97.0,-22.0,-68.0,-13.0,-65.0,55.0,-96.0,26.92,-22.94,-90.12,27.05,-47.99,-78.99,-18.78,-59.71,12.620000000000001,-47.9,3.049999999999997,-63.11
2025-07-23T17:37:41.236575,119.0,49.0,-112.0,15.0,1.0,-116.0,-13.0,13.0,-79.0,-38.0,41.0,-98.0,88.92,25.06,-94.12,16.05,-12.99,-97.99,-9.78,21.29,-53.379999999999995,-20.9,-10.950000000000003,-65.11
2025-07-23T17:37:41.244276,40.0,23.0,-66.0,-13.0,-67.0,-122.0,-58.0,12.0,-63.0,-115.0,20.0,-78.0,9.920000000000002,-0.9400000000000013,-48.120000000000005,-11.95,-80.99,-103.99,-54.78,20.29,-37.379999999999995,-97.9,-31.950000000000003,-45.11
2025-07-23T17:37:41.248338,56.0,60.0,-33.0,34.0,-53.0,-118.0,-28.0,4.0,-105.0,21.0,100.0,-196.0,25.92,36.06,-15.120000000000001,35.05,-66.99,-99.99,-24.78,12.29,-79.38,38.1,48.05,-163.11
2025-07-23T17:37:41.256764,19.0,66.0,-167.0,-4.0,-53.0,-139.0,-29.0,-37.0,-139.0,-90.0,57.0,-168.0,-11.079999999999998,42.06,-149.12,-2.95,-66.99,-120.99,-25.78,-28.71,-113.38,-72.9,5.049999999999997,-135.11
2025-07-23T17:37:41.264545,117.0,29.0,-195.0,45.0,-17.0,-73.0,-10.0,-6.0,-113.0,-75.0,76.0,-116.0,86.92,5.059999999999999,-177.12,46.05,-30.990000000000002,-54.989999999999995,-6.779999999999999,2.289999999999999,-87.38,-57.9,24.049999999999997,-83.11
2025-07-23T17:37:41.268953,15.0,21.0,-203.0,-19.0,-32.0,-131.0,2.0,-30.0,-146.0,-85.0,35.0,-111.0,-15.079999999999998,-2.9400000000000013,-185.12,-17.95,-45.99,-112.99,5.220000000000001,-21.71,-120.38,-67.9,-16.950000000000003,-78.11
2025-07-23T17:37:41.276897,105.0,72.0,-53.0,5.0,14.0,-125.0,-19.0,-62.0,-129.0,-125.0,32.0,-93.0,74.92,48.06,-35.120000000000005,6.05,0.009999999999999787,-106.99,-15.78,-53.71,-103.38,-107.9,-19.950000000000003,-60.11
2025-07-23T17:37:41.281092,-21.0,-35.0,-137.0,-16.0,-30.0,-106.0,-41.0,2.0,-112.0,-11.0,62.0,-118.0,-51.08,-58.94,-119.12,-14.95,-43.99,-87.99,-37.78,10.29,-86.38,6.100000000000001,10.049999999999997,-85.11
2025-07-23T17:37:41.289278,53.0,46.0,-72.0,48.0,-27.0,-103.0,-2.0,-18.0,-177.0,-40.0,90.0,-155.0,22.92,22.06,-54.120000000000005,49.05,-40.99,-84.99,1.2200000000000002,-9.71,-151.38,-22.9,38.05,-122.11
2025-07-23T17:37:41.293519,75.0,31.0,-185.0,21.0,27.0,-81.0,-38.0,-43.0,-135.0,-129.0,-16.0,-141.0,44.92,7.059999999999999,-167.12,22.05,13.01,-62.989999999999995,-34.78,-34.71,-109.38,-111.9,-67.95,-108.11
2025-07-23T17:37:41.301618,93.0,12.0,-126.0,10.0,-10.0,-129.0,-18.0,53.0,-138.0,-30.0,-12.0,-105.0,62.92,-11.940000000000001,-108.12,11.05,-23.990000000000002,-110.99,-14.78,61.29,-112.38,-12.899999999999999,-63.95,-72.11
2025-07-23T17:37:41.305761,129.0,-13.0,-85.0,40.0,0.0,-178.0,-96.0,-94.0,-137.0,-117.0,56.0,-73.0,98.92,-36.94,-67.12,41.05,-13.99,-159.99,-92.78,-85.71000000000001,-111.38,-99.9,4.049999999999997,-40.11
2025-07-23T17:37:41.313834,112.0,4.0,-147.0,44.0,16.0,-129.0,-44.0,-9.0,-108.0,-114.0,143.0,-147.0,81.92,-19.94,-129.12,45.05,2.01,-110.99,-40.78,-0.7100000000000009,-82.38,-96.9,91.05,-114.11
2025-07-23T17:37:41.318270,30.0,-26.0,-140.0,69.0,18.0,-96.0,-15.0,-28.0,-152.0,-179.0,80.0,-96.0,-0.0799999999999983,-49.94,-122.12,70.05,4.01,-77.99,-11.78,-19.71,-126.38,-161.9,28.049999999999997,-63.11
2025-07-23T17:37:41.326137,36.0,104.0,-136.0,21.0,-26.0,-165.0,-90.0,-55.0,-111.0,-76.0,91.0,-149.0,5.920000000000002,80.06,-118.12,22.05,-39.99,-146.99,-86.78,-46.71,-85.38,-58.9,39.05,-116.11
2025-07-23T17:37:41.330355,54.0,70.0,-142.0,41.0,-75.0,-89.0,-25.0,-48.0,-93.0,3.0,102.0,-90.0,23.92,46.06,-124.12,42.05,-88.99,-70.99,-21.78,-39.71,-67.38,20.1,50.05,-57.11
2025-07-23T17:37:41.338470,37.0,51.0,-180.0,68.0,12.0,-139.0,-41.0,-6.0,-126.0,-82.0,47.0,-108.0,6.920000000000002,27.06,-162.12,69.05,-1.9900000000000002,-120.99,-37.78,2.289999999999999,-100.38,-64.9,-4.950000000000003,-75.11
2025-07-23T17:37:41.346543,68.0,34.0,-237.0,34.0,5.0,-159.0,-46.0,11.0,-125.0,-93.0,134.0,-107.0,37.92,10.059999999999999,-219.12,35.05,-8.99,-140.99,-42.78,19.29,-99.38,-75.9,82.05,-74.11
2025-07-23T17:37:41.350837,69.0,7.0,-114.0,46.0,4.0,-151.0,-3.0,-66.0,-192.0,-127.0,124.0,-175.0,38.92,-16.94,-96.12,47.05,-9.99,-132.99,0.2200000000000002,-57.71,-166.38,-109.9,72.05,-142.11
2025-07-23T17:37:41.358855,55.0,37.0,-111.0,37.0,-25.0,-121.0,-57.0,-39.0,-67.0,-7.0,69.0,-155.0,24.92,13.059999999999999,-93.12,38.05,-38.99,-102.99,-53.78,-30.71,-41.379999999999995,10.100000000000001,17.049999999999997,-122.11
2025-07-23T17:37:41.363023,93.0,80.0,-136.0,72.0,43.0,-133.0,-1.0,35.0,-134.0,-31.0,35.0,-161.0,62.92,56.06,-118.12,73.05,29.009999999999998,-114.99,2.22,43.29,-108.38,-13.899999999999999,-16.950000000000003,-128.11
2025-07-23T17:37:41.371207,72.0,34.0,-60.0,-14.0,-1.0,-117.0,-66.0,11.0,-78.0,-19.0,18.0,-132.0,41.92,10.059999999999999,-42.120000000000005,-12.95,-14.99,-98.99,-62.78,19.29,-52.379999999999995,-1.8999999999999986,-33.95,-99.11
2025-07-23T17:37:41.375498,20.0,-34.0,-215.0,-5.0,-76.0,-80.0,-11.0,52.0,-144.0,-91.0,36.0,-113.0,-10.079999999999998,-57.94,-197.12,-3.95,-89.99,-61.989999999999995,-7.779999999999999,60.29,-118.38,-73.9,-15.950000000000003,-80.11
2025-07-23T17:37:41.383554,49.0,54.0,-185.0,56.0,-32.0,-115.0,-146.0,-2.0,-125.0,-72.0,66.0,-121.0,18.92,30.06,-167.12,57.05,-45.99,-96.99,-142.78,6.289999999999999,-99.38,-54.9,14.049999999999997,-88.11
2025-07-23T17:37:41.387880,65.0,-22.0,-180.0,101.0,54.0,-161.0,19.0,-53.0,-171.0,-41.0,52.0,-112.0,34.92,-45.94,-162.12,102.05,40.01,-142.99,22.22,-44.71,-145.38,-23.9,0.04999999999999716,-79.11
2025-07-23T17:37:41.395687,4.0,49.0,-121.0,108.0,27.0,-210.0,52.0,5.0,-114.0,-52.0,97.0,-176.0,-26.08,25.06,-103.12,109.05,13.01,-191.99,55.22,13.29,-88.38,-34.9,45.05,-143.11
2025-07-23T17:37:41.400078,73.0,19.0,-200.0,8.0,-25.0,-94.0,-75.0,-64.0,-121.0,-5.0,118.0,-106.0,42.92,-4.940000000000001,-182.12,9.05,-38.99,-75.99,-71.78,-55.71,-95.38,12.100000000000001,66.05,-73.11
2025-07-23T17:37:41.408064,86.0,27.0,-188.0,32.0,22.0,-194.0,-60.0,-33.0,-126.0,-61.0,73.0,-114.0,55.92,3.0599999999999987,-170.12,33.05,8.01,-175.99,-56.78,-24.71,-100.38,-43.9,21.049999999999997,-81.11
2025-07-23T17:37:41.412165,65.0,47.0,-133.0,-2.0,-9.0,-147.0,-78.0,17.0,-170.0,-24.0,2.0,-152.0,34.92,23.06,-115.12,-0.95,-22.990000000000002,-128.99,-74.78,25.29,-144.38,-6.899999999999999,-49.95,-119.11
2025-07-23T17:37:41.420373,75.0,15.0,-98.0,-39.0,-16.0,-167.0,-56.0,-3.0,-156.0,-10.0,110.0,-136.0,44.92,-8.940000000000001,-80.12,-37.95,-29.990000000000002,-148.99,-52.78,5.289999999999999,-130.38,7.100000000000001,58.05,-103.11
2025-07-23T17:37:41.428436,141.0,-21.0,-111.0,75.0,12.0,-167.0,-15.0,-38.0,-171.0,-46.0,109.0,-189.0,110.92,-44.94,-93.12,76.05,-1.9900000000000002,-148.99,-11.78,-29.71,-145.38,-28.9,57.05,-156.11
2025-07-23T17:37:41.432656,75.0,36.0,-84.0,38.0,-15.0,-100.0,-23.0,-9.0,-168.0,-63.0,82.0,-105.0,44.92,12.059999999999999,-66.12,39.05,-28.990000000000002,-81.99,-19.78,-0.7100000000000009,-142.38,-45.9,30.049999999999997,-72.11
2025-07-23T17:37:41.440848,37.0,16.0,-151.0,54.0,0.0,-89.0,-57.0,-33.0,-147.0,-83.0,24.0,-168.0,6.920000000000002,-7.940000000000001,-133.12,55.05,-13.99,-70.99,-53.78,-24.71,-121.38,-65.9,-27.950000000000003,-135.11
2025-07-23T17:37:41.445011,105.0,-16.0,-210.0,32.0,-25.0,-127.0,-71.0,-7.0,-143.0,-144.0,100.0,-139.0,74.92,-39.94,-192.12,33.05,-38.99,-108.99,-67.78,1.2899999999999991,-117.38,-126.9,48.05,-106.11
2025-07-23T17:37:41.453115,66.0,75.0,-157.0,95.0,1.0,-149.0,-20.0,3.0,-156.0,23.0,110.0,-158.0,35.92,51.06,-139.12,96.05,-12.99,-130.99,-16.78,11.29,-130.38,40.1,58.05,-125.11
2025-07-23T17:37:41.457325,39.0,10.0,-127.0,-21.0,-6.0,-93.0,5.0,-16.0,-130.0,-66.0,13.0,-133.0,8.920000000000002,-13.940000000000001,-109.12,-19.95,-19.990000000000002,-74.99,8.22,-7.710000000000001,-104.38,-48.9,-38.95,-100.11
2025-07-23T17:37:41.465481,78.0,38.0,-104.0,78.0,-32.0,-112.0,-80.0,-127.0,-149.0,-94.0,47.0,-145.0,47.92,14.059999999999999,-86.12,79.05,-45.99,-93.99,-76.78,-118.71000000000001,-123.38,-76.9,-4.950000000000003,-112.11
2025-07-23T17:37:41.470004,97.0,57.0,-170.0,44.0,-2.0,-193.0,11.0,-44.0,-156.0,-85.0,36.0,-197.0,66.92,33.06,-152.12,45.05,-15.99,-174.99,14.22,-35.71,-130.38,-67.9,-15.950000000000003,-164.11
2025-07-23T17:37:41.477694,66.0,15.0,-169.0,20.0,-69.0,-117.0,-28.0,-15.0,-71.0,-5.0,77.0,-109.0,35.92,-8.940000000000001,-151.12,21.05,-82.99,-98.99,-24.78,-6.710000000000001,-45.379999999999995,12.100000000000001,25.049999999999997,-76.11
2025-07-23T17:37:41.481883,98.0,60.0,-164.0,121.0,28.0,-115.0,-28.0,9.0,-107.0,-22.0,61.0,-128.0,67.92,36.06,-146.12,122.05,14.01,-96.99,-24.78,17.29,-81.38,-4.899999999999999,9.049999999999997,-95.11
2025-07-23T17:37:41.490046,60.0,51.0,-156.0,10.0,-54.0,-106.0,-31.0,-71.0,-153.0,-50.0,50.0,-106.0,29.92,27.06,-138.12,11.05,-67.99,-87.99,-27.78,-62.71,-127.38,-32.9,-1.9500000000000028,-73.11
2025-07-23T17:37:41.498034,58.0,-7.0,-85.0,-45.0,-13.0,-133.0,-103.0,-39.0,-195.0,-14.0,65.0,-130.0,27.92,-30.94,-67.12,-43.95,-26.990000000000002,-114.99,-99.78,-30.71,-169.38,3.1000000000000014,13.049999999999997,-97.11
2025-07-23T17:37:41.502494,-11.0,97.0,-76.0,-31.0,0.0,-142.0,-10.0,-23.0,-179.0,-67.0,74.0,-134.0,-41.08,73.06,-58.120000000000005,-29.95,-13.99,-123.99,-6.779999999999999,-14.71,-153.38,-49.9,22.049999999999997,-101.11
2025-07-23T17:37:41.510359,20.0,85.0,-161.0,-13.0,-44.0,-132.0,34.0,-54.0,-101.0,-72.0,119.0,-162.0,-10.079999999999998,61.06,-143.12,-11.95,-57.99,-113.99,37.22,-45.71,-75.38,-54.9,67.05,-129.11
2025-07-23T17:37:41.514635,109.0,27.0,-181.0,26.0,56.0,-194.0,-30.0,-46.0,-114.0,-90.0,133.0,-208.0,78.92,3.0599999999999987,-163.12,27.05,42.01,-175.99,-26.78,-37.71,-88.38,-72.9,81.05,-175.11
2025-07-23T17:37:41.522665,97.0,-58.0,-95.0,40.0,-12.0,-143.0,3.0,-42.0,-136.0,-24.0,85.0,-236.0,66.92,-81.94,-77.12,41.05,-25.990000000000002,-124.99,6.220000000000001,-33.71,-110.38,-6.899999999999999,33.05,-203.11
2025-07-23T17:37:41.526951,45.0,15.0,-151.0,79.0,5.0,-86.0,-39.0,-17.0,-154.0,-76.0,18.0,-114.0,14.920000000000002,-8.940000000000001,-133.12,80.05,-8.99,-67.99,-35.78,-8.71,-128.38,-58.9,-33.95,-81.11
2025-07-23T17:37:41.535077,61.0,100.0,-106.0,22.0,29.0,-165.0,-33.0,-3.0,-177.0,-111.0,69.0,-84.0,30.92,76.06,-88.12,23.05,15.01,-146.99,-29.78,5.289999999999999,-151.38,-93.9,17.049999999999997,-51.11
2025-07-23T17:37:41.539359,-51.0,63.0,-135.0,91.0,12.0,-173.0,-64.0,-69.0,-94.0,-88.0,34.0,-149.0,-81.08,39.06,-117.12,92.05,-1.9900000000000002,-154.99,-60.78,-60.71,-68.38,-70.9,-17.950000000000003,-116.11
2025-07-23T17:37:41.547290,53.0,66.0,-141.0,29.0,-5.0,-148.0,-40.0,-76.0,-126.0,-80.0,94.0,-151.0,22.92,42.06,-123.12,30.05,-18.990000000000002,-129.99,-36.78,-67.71000000000001,-100.38,-62.9,42.05,-118.11
2025-07-23T17:37:41.551606,73.0,50.0,-190.0,56.0,-50.0,-136.0,-22.0,-33.0,-216.0,16.0,100.0,-190.0,42.92,26.06,-172.12,57.05,-63.99,-117.99,-18.78,-24.71,-190.38,33.1,48.05,-157.11
2025-07-23T17:37:41.559671,-47.0,62.0,-96.0,-19.0,21.0,-134.0,-37.0,-10.0,-129.0,-66.0,57.0,-116.0,-77.08,38.06,-78.12,-17.95,7.01,-115.99,-33.78,-1.7100000000000009,-103.38,-48.9,5.049999999999997,-83.11
2025-07-23T17:37:41.563858,42.0,23.0,-102.0,78.0,49.0,-116.0,-28.0,-82.0,-153.0,-64.0,168.0,-148.0,11.920000000000002,-0.9400000000000013,-84.12,79.05,35.01,-97.99,-24.78,-73.71000000000001,-127.38,-46.9,116.05,-115.11
2025-07-23T17:37:41.571916,21.0,49.0,-160.0,37.0,42.0,-47.0,-89.0,13.0,-72.0,-59.0,96.0,-136.0,-9.079999999999998,25.06,-142.12,38.05,28.009999999999998,-28.99,-85.78,21.29,-46.379999999999995,-41.9,44.05,-103.11
2025-07-23T17:37:41.579960,97.0,-5.0,-156.0,29.0,-31.0,-224.0,11.0,-54.0,-139.0,25.0,13.0,-162.0,66.92,-28.94,-138.12,30.05,-44.99,-205.99,14.22,-45.71,-113.38,42.1,-38.95,-129.11
2025-07-23T17:37:41.584239,90.0,18.0,-158.0,14.0,4.0,-182.0,-66.0,-25.0,-112.0,-24.0,61.0,-122.0,59.92,-5.940000000000001,-140.12,15.05,-9.99,-163.99,-62.78,-16.71,-86.38,-6.899999999999999,9.049999999999997,-89.11
2025-07-23T17:37:41.592295,96.0,55.0,-16.0,56.0,-23.0,-148.0,20.0,-107.0,-178.0,-58.0,76.0,-77.0,65.92,31.06,1.879999999999999,57.05,-36.99,-129.99,23.22,-98.71000000000001,-152.38,-40.9,24.049999999999997,-44.11
2025-07-23T17:37:41.596498,64.0,10.0,-95.0,-41.0,37.0,-171.0,-41.0,-95.0,-156.0,-13.0,73.0,-157.0,33.92,-13.940000000000001,-77.12,-39.95,23.009999999999998,-152.99,-37.78,-86.71000000000001,-130.38,4.100000000000001,21.049999999999997,-124.11
2025-07-23T17:37:41.604683,82.0,19.0,-163.0,44.0,-6.0,-97.0,-78.0,13.0,-74.0,-20.0,89.0,-157.0,51.92,-4.940000000000001,-145.12,45.05,-19.990000000000002,-78.99,-74.78,21.29,-48.379999999999995,-2.8999999999999986,37.05,-124.11
2025-07-23T17:37:41.608894,72.0,65.0,-192.0,39.0,-32.0,-140.0,-14.0,-100.0,-96.0,-136.0,69.0,-150.0,41.92,41.06,-174.12,40.05,-45.99,-121.99,-10.78,-91.71000000000001,-70.38,-118.9,17.049999999999997,-117.11
2025-07-23T17:37:41.616996,73.0,2.0,-183.0,79.0,37.0,-197.0,-38.0,-30.0,-181.0,11.0,50.0,-139.0,42.92,-21.94,-165.12,80.05,23.009999999999998,-178.99,-34.78,-21.71,-155.38,28.1,-1.9500000000000028,-106.11
2025-07-23T17:37:41.621485,63.0,40.0,-83.0,31.0,-36.0,-96.0,-100.0,-23.0,-155.0,-24.0,97.0,-187.0,32.92,16.06,-65.12,32.05,-49.99,-77.99,-96.78,-14.71,-129.38,-6.899999999999999,45.05,-154.11
2025-07-23T17:37:41.629152,-11.0,39.0,-110.0,22.0,34.0,-111.0,-62.0,-64.0,-79.0,-45.0,12.0,-147.0,-41.08,15.059999999999999,-92.12,23.05,20.009999999999998,-92.99,-58.78,-55.71,-53.379999999999995,-27.9,-39.95,-114.11
2025-07-23T17:37:41.633488,59.0,100.0,-155.0,36.0,32.0,-143.0,-107.0,-58.0,-112.0,-23.0,129.0,-128.0,28.92,76.06,-137.12,37.05,18.009999999999998,-124.99,-103.78,-49.71,-86.38,-5.899999999999999,77.05,-95.11
2025-07-23T17:37:41.641551,26.0,70.0,-174.0,-11.0,-34.0,-178.0,-30.0,-21.0,-92.0,-71.0,134.0,-152.0,-4.079999999999998,46.06,-156.12,-9.95,-47.99,-159.99,-26.78,-12.71,-66.38,-53.9,82.05,-119.11
2025-07-23T17:37:41.645818,10.0,34.0,-197.0,1.0,28.0,-94.0,-25.0,4.0,-162.0,-49.0,96.0,-173.0,-20.08,10.059999999999999,-179.12,2.05,14.01,-75.99,-21.78,12.29,-136.38,-31.9,44.05,-140.11
2025-07-23T17:37:41.653982,112.0,26.0,-181.0,21.0,-82.0,-156.0,-5.0,-23.0,-133.0,-85.0,75.0,-202.0,81.92,2.0599999999999987,-163.12,22.05,-95.99,-137.99,-1.7799999999999998,-14.71,-107.38,-67.9,23.049999999999997,-169.11
2025-07-23T17:37:41.661876,66.0,29.0,-154.0,43.0,26.0,-135.0,-8.0,-81.0,-154.0,-110.0,91.0,-174.0,35.92,5.059999999999999,-136.12,44.05,12.01,-116.99,-4.779999999999999,-72.71000000000001,-128.38,-92.9,39.05,-141.11
2025-07-23T17:37:41.666216,50.0,95.0,-93.0,7.0,18.0,-114.0,21.0,-106.0,-115.0,-115.0,145.0,-149.0,19.92,71.06,-75.12,8.05,4.01,-95.99,24.22,-97.71000000000001,-89.38,-97.9,93.05,-116.11
2025-07-23T17:37:41.674561,42.0,11.0,-108.0,-15.0,36.0,-155.0,-95.0,-24.0,-96.0,-58.0,55.0,-225.0,11.920000000000002,-12.940000000000001,-90.12,-13.95,22.009999999999998,-136.99,-91.78,-15.71,-70.38,-40.9,3.049999999999997,-192.11
2025-07-23T17:37:41.678360,-17.0,74.0,-143.0,47.0,-8.0,-175.0,-75.0,-28.0,-120.0,-46.0,98.0,-136.0,-47.08,50.06,-125.12,48.05,-21.990000000000002,-156.99,-71.78,-19.71,-94.38,-28.9,46.05,-103.11
2025-07-23T17:37:41.686683,73.0,78.0,-88.0,34.0,11.0,-123.0,-20.0,-24.0,-88.0,-54.0,74.0,-205.0,42.92,54.06,-70.12,35.05,-2.99,-104.99,-16.78,-15.71,-62.379999999999995,-36.9,22.049999999999997,-172.11
2025-07-23T17:37:41.691006,34.0,-1.0,-138.0,-1.0,-51.0,-120.0,2.0,9.0,-159.0,-17.0,107.0,-138.0,3.9200000000000017,-24.94,-120.12,0.050000000000000044,-64.99,-101.99,5.220000000000001,17.29,-133.38,0.10000000000000142,55.05,-105.11
2025-07-23T17:37:41.698945,82.0,25.0,-113.0,2.0,35.0,-127.0,-57.0,-86.0,-112.0,-57.0,19.0,-112.0,51.92,1.0599999999999987,-95.12,3.05,21.009999999999998,-108.99,-53.78,-77.71000000000001,-86.38,-39.9,-32.95,-79.11
2025-07-23T17:37:41.703701,66.0,17.0,-95.0,80.0,-27.0,-160.0,17.0,-39.0,-149.0,-21.0,133.0,-104.0,35.92,-6.940000000000001,-77.12,81.05,-40.99,-141.99,20.22,-30.71,-123.38,-3.8999999999999986,81.05,-71.11
2025-07-23T17:37:41.711143,65.0,7.0,-155.0,-22.0,29.0,-146.0,-41.0,9.0,-131.0,-23.0,55.0,-136.0,34.92,-16.94,-137.12,-20.95,15.01,-127.99,-37.78,17.29,-105.38,-5.899999999999999,3.049999999999997,-103.11
2025-07-23T17:37:41.715434,-7.0,67.0,-184.0,65.0,4.0,-124.0,-28.0,7.0,-89.0,-68.0,101.0,-120.0,-37.08,43.06,-166.12,66.05,-9.99,-105.99,-24.78,15.29,-63.379999999999995,-50.9,49.05,-87.11
2025-07-23T17:37:41.723572,119.0,68.0,-170.0,42.0,6.0,-247.0,-30.0,-16.0,-173.0,-26.0,28.0,-153.0,88.92,44.06,-152.12,43.05,-7.99,-228.99,-26.78,-7.710000000000001,-147.38,-8.899999999999999,-23.950000000000003,-120.11
2025-07-23T17:37:41.727791,99.0,61.0,-152.0,-30.0,-2.0,-113.0,-13.0,-74.0,-142.0,-74.0,23.0,-108.0,68.92,37.06,-134.12,-28.95,-15.99,-94.99,-9.78,-65.71000000000001,-116.38,-56.9,-28.950000000000003,-75.11
2025-07-23T17:37:41.735986,103.0,-20.0,-91.0,-3.0,7.0,-121.0,-77.0,-16.0,-155.0,-21.0,28.0,-133.0,72.92,-43.94,-73.12,-1.95,-6.99,-102.99,-73.78,-7.710000000000001,-129.38,-3.8999999999999986,-23.950000000000003,-100.11
2025-07-23T17:37:41.740284,16.0,30.0,-47.0,4.0,-18.0,-138.0,-45.0,-60.0,-172.0,-59.0,88.0,-161.0,-14.079999999999998,6.059999999999999,-29.12,5.05,-31.990000000000002,-119.99,-41.78,-51.71,-146.38,-41.9,36.05,-128.11
2025-07-23T17:37:41.747915,14.0,73.0,-78.0,5.0,-26.0,-150.0,-34.0,11.0,-167.0,-69.0,70.0,-234.0,-16.08,49.06,-60.120000000000005,6.05,-39.99,-131.99,-30.78,19.29,-141.38,-51.9,18.049999999999997,-201.11
2025-07-23T17:37:41.756137,54.0,29.0,-200.0,6.0,-12.0,-119.0,-50.0,-24.0,-199.0,-31.0,148.0,-183.0,23.92,5.059999999999999,-182.12,7.05,-25.990000000000002,-100.99,-46.78,-15.71,-173.38,-13.899999999999999,96.05,-150.11
2025-07-23T17:37:41.760320,84.0,64.0,-146.0,53.0,29.0,-165.0,-1.0,-8.0,-145.0,-63.0,-9.0,-97.0,53.92,40.06,-128.12,54.05,15.01,-146.99,2.22,0.28999999999999915,-119.38,-45.9,-60.95,-64.11
2025-07-23T17:37:41.768447,115.0,23.0,-168.0,99.0,-40.0,-151.0,-18.0,13.0,-126.0,-50.0,94.0,-87.0,84.92,-0.9400000000000013,-150.12,100.05,-53.99,-132.99,-14.78,21.29,-100.38,-32.9,42.05,-54.11
2025-07-23T17:37:41.772873,145.0,-10.0,-154.0,28.0,-23.0,-70.0,-71.0,-59.0,-153.0,-36.0,90.0,-89.0,114.92,-33.94,-136.12,29.05,-36.99,-51.989999999999995,-67.78,-50.71,-127.38,-18.9,38.05,-56.11
2025-07-23T17:37:41.780702,83.0,1.0,-138.0,85.0,-81.0,-136.0,-30.0,55.0,-159.0,-57.0,93.0,-53.0,52.92,-22.94,-120.12,86.05,-94.99,-117.99,-26.78,63.29,-133.38,-39.9,41.05,-20.11
2025-07-23T17:37:41.785147,10.0,34.0,-97.0,29.0,33.0,-188.0,-71.0,-95.0,-131.0,-90.0,115.0,-113.0,-20.08,10.059999999999999,-79.12,30.05,19.009999999999998,-169.99,-67.78,-86.71000000000001,-105.38,-72.9,63.05,-80.11
2025-07-23T17:37:41.793172,45.0,68.0,-112.0,7.0,-40.0,-166.0,1.0,-16.0,-74.0,-49.0,102.0,-132.0,14.920000000000002,44.06,-94.12,8.05,-53.99,-147.99,4.220000000000001,-7.710000000000001,-48.379999999999995,-31.9,50.05,-99.11
2025-07-23T17:37:41.797236,153.0,62.0,-144.0,42.0,-71.0,-118.0,-33.0,-66.0,-88.0,-70.0,96.0,-164.0,122.92,38.06,-126.12,43.05,-84.99,-99.99,-29.78,-57.71,-62.379999999999995,-52.9,44.05,-131.11
2025-07-23T17:37:41.805476,111.0,45.0,-192.0,-14.0,-67.0,-167.0,-14.0,-55.0,-149.0,-65.0,54.0,-194.0,80.92,21.06,-174.12,-12.95,-80.99,-148.99,-10.78,-46.71,-123.38,-47.9,2.049999999999997,-161.11
2025-07-23T17:37:41.809594,56.0,83.0,-91.0,-10.0,-68.0,-119.0,18.0,-72.0,-81.0,-52.0,92.0,-121.0,25.92,59.06,-73.12,-8.95,-81.99,-100.99,21.22,-63.71,-55.379999999999995,-34.9,40.05,-88.11
2025-07-23T17:37:41.817544,34.0,43.0,-158.0,20.0,-19.0,-156.0,-24.0,15.0,-167.0,-29.0,86.0,-141.0,3.9200000000000017,19.06,-140.12,21.05,-32.99,-137.99,-20.78,23.29,-141.38,-11.899999999999999,34.05,-108.11
2025-07-23T17:37:41.822024,50.0,87.0,-191.0,26.0,-26.0,-148.0,-31.0,44.0,-171.0,-29.0,40.0,-166.0,19.92,63.06,-173.12,27.05,-39.99,-129.99,-27.78,52.29,-145.38,-11.899999999999999,-11.950000000000003,-133.11
2025-07-23T17:37:41.829837,11.0,23.0,-183.0,29.0,-30.0,-126.0,-66.0,8.0,-112.0,-68.0,77.0,-173.0,-19.08,-0.9400000000000013,-165.12,30.05,-43.99,-107.99,-62.78,16.29,-86.38,-50.9,25.049999999999997,-140.11
2025-07-23T17:37:41.838153,49.0,93.0,-151.0,54.0,-15.0,-90.0,-38.0,-96.0,-72.0,-61.0,62.0,-135.0,18.92,69.06,-133.12,55.05,-28.990000000000002,-71.99,-34.78,-87.71000000000001,-46.379999999999995,-43.9,10.049999999999997,-102.11
2025-07-23T17:37:41.842275,67.0,8.0,-154.0,13.0,-9.0,-136.0,-65.0,-44.0,-110.0,-114.0,66.0,-210.0,36.92,-15.940000000000001,-136.12,14.05,-22.990000000000002,-117.99,-61.78,-35.71,-84.38,-96.9,14.049999999999997,-177.11
2025-07-23T17:37:41.850411,92.0,44.0,-96.0,-24.0,-79.0,-101.0,-37.0,-68.0,-108.0,-73.0,69.0,-93.0,61.92,20.06,-78.12,-22.95,-92.99,-82.99,-33.78,-59.71,-82.38,-55.9,17.049999999999997,-60.11
2025-07-23T17:37:41.854814,42.0,3.0,-141.0,97.0,19.0,-140.0,-22.0,49.0,-186.0,-61.0,104.0,-139.0,11.920000000000002,-20.94,-123.12,98.05,5.01,-121.99,-18.78,57.29,-160.38,-43.9,52.05,-106.11
2025-07-23T17:37:41.862597,25.0,22.0,-154.0,107.0,-38.0,-140.0,-36.0,-32.0,-158.0,-44.0,121.0,-169.0,-5.079999999999998,-1.9400000000000013,-136.12,108.05,-51.99,-121.99,-32.78,-23.71,-132.38,-26.9,69.05,-136.11
2025-07-23T17:37:41.866971,33.0,73.0,-286.0,28.0,15.0,-134.0,-78.0,-28.0,-100.0,-44.0,-19.0,-147.0,2.9200000000000017,49.06,-268.12,29.05,1.0099999999999998,-115.99,-74.78,-19.71,-74.38,-26.9,-70.95,-114.11
2025-07-23T17:37:41.875045,123.0,78.0,-103.0,24.0,-28.0,-199.0,-45.0,-53.0,-189.0,-83.0,65.0,-153.0,92.92,54.06,-85.12,25.05,-41.99,-180.99,-41.78,-44.71,-163.38,-65.9,13.049999999999997,-120.11
2025-07-23T17:37:41.879114,77.0,27.0,-154.0,73.0,-19.0,-144.0,27.0,-63.0,-191.0,-27.0,32.0,-161.0,46.92,3.0599999999999987,-136.12,74.05,-32.99,-125.99,30.22,-54.71,-165.38,-9.899999999999999,-19.950000000000003,-128.11
2025-07-23T17:37:41.887325,103.0,0.0,-86.0,34.0,-36.0,-163.0,-49.0,5.0,-141.0,-100.0,94.0,-138.0,72.92,-23.94,-68.12,35.05,-49.99,-144.99,-45.78,13.29,-115.38,-82.9,42.05,-105.11
2025-07-23T17:37:41.891525,4.0,56.0,-116.0,47.0,3.0,-91.0,-12.0,-26.0,-130.0,-85.0,56.0,-156.0,-26.08,32.06,-98.12,48.05,-10.99,-72.99,-8.78,-17.71,-104.38,-67.9,4.049999999999997,-123.11
2025-07-23T17:37:41.899505,61.0,93.0,-147.0,9.0,9.0,-131.0,-88.0,-118.0,-101.0,-51.0,46.0,-167.0,30.92,69.06,-129.12,10.05,-4.99,-112.99,-84.78,-109.71000000000001,-75.38,-33.9,-5.950000000000003,-134.11
2025-07-23T17:37:41.904028,87.0,51.0,-165.0,19.0,-23.0,-134.0,-28.0,-73.0,-115.0,-90.0,51.0,-173.0,56.92,27.06,-147.12,20.05,-36.99,-115.99,-24.78,-64.71000000000001,-89.38,-72.9,-0.9500000000000028,-140.11
2025-07-23T17:37:41.911922,66.0,34.0,-120.0,58.0,-43.0,-101.0,-23.0,-88.0,-193.0,-46.0,140.0,-145.0,35.92,10.059999999999999,-102.12,59.05,-56.99,-82.99,-19.78,-79.71000000000001,-167.38,-28.9,88.05,-112.11
2025-07-23T17:37:41.916233,44.0,8.0,-157.0,9.0,4.0,-130.0,-67.0,-49.0,-89.0,-68.0,97.0,-205.0,13.920000000000002,-15.940000000000001,-139.12,10.05,-9.99,-111.99,-63.78,-40.71,-63.379999999999995,-50.9,45.05,-172.11
2025-07-23T17:37:41.924254,38.0,-6.0,-150.0,12.0,8.0,-117.0,-74.0,-54.0,-174.0,-12.0,74.0,-136.0,7.920000000000002,-29.94,-132.12,13.05,-5.99,-98.99,-70.78,-45.71,-148.38,5.100000000000001,22.049999999999997,-103.11
2025-07-23T17:37:41.932219,109.0,56.0,-200.0,-27.0,-10.0,-178.0,-16.0,-88.0,-94.0,-103.0,80.0,-178.0,78.92,32.06,-182.12,-25.95,-23.990000000000002,-159.99,-12.78,-79.71000000000001,-68.38,-85.9,28.049999999999997,-145.11
2025-07-23T17:37:41.936609,46.0,39.0,-190.0,41.0,3.0,-97.0,-9.0,-22.0,-77.0,-69.0,96.0,-127.0,15.920000000000002,15.059999999999999,-172.12,42.05,-10.99,-78.99,-5.779999999999999,-13.71,-51.379999999999995,-51.9,44.05,-94.11
2025-07-23T17:37:41.944625,-29.0,7.0,-159.0,-36.0,23.0,-134.0,-52.0,-23.0,-152.0,-49.0,99.0,-158.0,-59.08,-16.94,-141.12,-34.95,9.01,-115.99,-48.78,-14.71,-126.38,-31.9,47.05,-125.11
2025-07-23T17:37:41.948759,75.0,-45.0,-187.0,35.0,23.0,-114.0,-56.0,-41.0,-146.0,-52.0,33.0,-168.0,44.92,-68.94,-169.12,36.05,9.01,-95.99,-52.78,-32.71,-120.38,-34.9,-18.950000000000003,-135.11
2025-07-23T17:37:41.956836,100.0,-13.0,-95.0,46.0,-93.0,-121.0,-59.0,66.0,-187.0,-157.0,0.0,-183.0,69.92,-36.94,-77.12,47.05,-106.99,-102.99,-55.78,74.28999999999999,-161.38,-139.9,-51.95,-150.11
2025-07-23T17:37:41.961301,-9.0,21.0,-131.0,55.0,-50.0,-150.0,-48.0,-58.0,-146.0,-11.0,53.0,-135.0,-39.08,-2.9400000000000013,-113.12,56.05,-63.99,-131.99,-44.78,-49.71,-120.38,6.100000000000001,1.0499999999999972,-102.11
2025-07-23T17:37:41.969232,20.0,54.0,-129.0,38.0,-19.0,-107.0,-60.0,-38.0,-208.0,-66.0,93.0,-180.0,-10.079999999999998,30.06,-111.12,39.05,-32.99,-88.99,-56.78,-29.71,-182.38,-48.9,41.05,-147.11
2025-07-23T17:37:41.973392,-20.0,64.0,-152.0,34.0,-38.0,-86.0,-35.0,-109.0,-141.0,-52.0,37.0,-137.0,-50.08,40.06,-134.12,35.05,-51.99,-67.99,-31.78,-100.71000000000001,-115.38,-34.9,-14.950000000000003,-104.11
2025-07-23T17:37:41.981510,91.0,26.0,-203.0,41.0,-54.0,-73.0,-75.0,-37.0,-146.0,-13.0,58.0,-179.0,60.92,2.0599999999999987,-185.12,42.05,-67.99,-54.989999999999995,-71.78,-28.71,-120.38,4.100000000000001,6.049999999999997,-146.11
2025-07-23T17:37:41.989529,88.0,-72.0,-159.0,100.0,19.0,-145.0,-24.0,-16.0,-101.0,-45.0,61.0,-144.0,57.92,-95.94,-141.12,101.05,5.01,-126.99,-20.78,-7.710000000000001,-75.38,-27.9,9.049999999999997,-111.11
2025-07-23T17:37:41.993800,115.0,92.0,-148.0,81.0,0.0,-176.0,33.0,-65.0,-126.0,-52.0,133.0,-125.0,84.92,68.06,-130.12,82.05,-13.99,-157.99,36.22,-56.71,-100.38,-34.9,81.05,-92.11
2025-07-23T17:37:42.001843,34.0,105.0,-144.0,5.0,-137.0,-138.0,-1.0,1.0,-127.0,-32.0,51.0,-165.0,3.9200000000000017,81.06,-126.12,6.05,-150.99,-119.99,2.22,9.29,-101.38,-14.899999999999999,-0.9500000000000028,-132.11
2025-07-23T17:37:42.006168,44.0,143.0,-218.0,45.0,-6.0,-111.0,-20.0,-91.0,-149.0,-43.0,78.0,-162.0,13.920000000000002,119.06,-200.12,46.05,-19.990000000000002,-92.99,-16.78,-82.71000000000001,-123.38,-25.9,26.049999999999997,-129.11
2025-07-23T17:37:42.014194,108.0,95.0,-161.0,38.0,18.0,-137.0,-74.0,-32.0,-151.0,-27.0,31.0,-204.0,77.92,71.06,-143.12,39.05,4.01,-118.99,-70.78,-23.71,-125.38,-9.899999999999999,-20.950000000000003,-171.11
2025-07-23T17:37:42.018512,156.0,11.0,-169.0,104.0,-17.0,-148.0,-23.0,-2.0,-183.0,-14.0,137.0,-165.0,125.92,-12.940000000000001,-151.12,105.05,-30.990000000000002,-129.99,-19.78,6.289999999999999,-157.38,3.1000000000000014,85.05,-132.11
2025-07-23T17:37:42.026953,118.0,-54.0,-222.0,38.0,-33.0,-122.0,-35.0,-116.0,-238.0,-48.0,129.0,-188.0,87.92,-77.94,-204.12,39.05,-46.99,-103.99,-31.78,-107.71000000000001,-212.38,-30.9,77.05,-155.11
2025-07-23T17:37:42.030615,173.0,45.0,-224.0,60.0,59.0,-177.0,-54.0,-75.0,-195.0,-36.0,79.0,-214.0,142.92000000000002,21.06,-206.12,61.05,45.01,-158.99,-50.78,-66.71000000000001,-169.38,-18.9,27.049999999999997,-181.11
2025-07-23T17:37:42.039383,46.0,69.0,-171.0,10.0,3.0,-163.0,-27.0,3.0,-149.0,22.0,17.0,-243.0,15.920000000000002,45.06,-153.12,11.05,-10.99,-144.99,-23.78,11.29,-123.38,39.1,-34.95,-210.11
2025-07-23T17:37:42.043077,160.0,39.0,-149.0,36.0,8.0,-123.0,-33.0,-63.0,-234.0,-45.0,79.0,-240.0,129.92000000000002,15.059999999999999,-131.12,37.05,-5.99,-104.99,-29.78,-54.71,-208.38,-27.9,27.049999999999997,-207.11
2025-07-23T17:37:42.051324,199.0,26.0,-208.0,102.0,-36.0,-167.0,-8.0,-74.0,-141.0,19.0,112.0,-242.0,168.92000000000002,2.0599999999999987,-190.12,103.05,-49.99,-148.99,-4.779999999999999,-65.71000000000001,-115.38,36.1,60.05,-209.11
2025-07-23T17:37:42.059282,271.0,23.0,-105.0,96.0,-21.0,-116.0,35.0,-91.0,-170.0,-25.0,45.0,-222.0,240.92000000000002,-0.9400000000000013,-87.12,97.05,-34.99,-97.99,38.22,-82.71000000000001,-144.38,-7.899999999999999,-6.950000000000003,-189.11
2025-07-23T17:37:42.064166,228.0,58.0,-101.0,130.0,-34.0,-153.0,-17.0,-90.0,-213.0,-20.0,111.0,-207.0,197.92000000000002,34.06,-83.12,131.05,-47.99,-134.99,-13.78,-81.71000000000001,-187.38,-2.8999999999999986,59.05,-174.11
2025-07-23T17:37:42.071584,201.0,123.0,-129.0,125.0,-61.0,-151.0,-24.0,-34.0,-259.0,16.0,179.0,-307.0,170.92000000000002,99.06,-111.12,126.05,-74.99,-132.99,-20.78,-25.71,-233.38,33.1,127.05,-274.11
2025-07-23T17:37:42.076311,205.0,28.0,-184.0,148.0,-18.0,-179.0,102.0,-91.0,-275.0,-19.0,112.0,-234.0,174.92000000000002,4.059999999999999,-166.12,149.05,-31.990000000000002,-160.99,105.22,-82.71000000000001,-249.38,-1.8999999999999986,60.05,-201.11
2025-07-23T17:37:42.083951,204.0,81.0,-165.0,167.0,-42.0,-146.0,25.0,-84.0,-291.0,0.0,112.0,-291.0,173.92000000000002,57.06,-147.12,168.05,-55.99,-127.99,28.22,-75.71000000000001,-265.38,17.1,60.05,-258.11
2025-07-23T17:37:42.091944,203.0,81.0,-267.0,215.0,-52.0,-131.0,35.0,-172.0,-308.0,3.0,110.0,-338.0,172.92000000000002,57.06,-249.12,216.05,-65.99,-112.99,38.22,-163.71,-282.38,20.1,58.05,-305.11
2025-07-23T17:37:42.096195,290.0,54.0,-264.0,197.0,-62.0,-137.0,63.0,-137.0,-286.0,5.0,75.0,-314.0,259.92,30.06,-246.12,198.05,-75.99,-118.99,66.22,-128.71,-260.38,22.1,23.049999999999997,-281.11
2025-07-23T17:37:42.104421,349.0,3.0,-157.0,243.0,-75.0,-142.0,83.0,-91.0,-312.0,9.0,135.0,-283.0,318.92,-20.94,-139.12,244.05,-88.99,-123.99,86.22,-82.71000000000001,-286.38,26.1,83.05,-250.11
2025-07-23T17:37:42.108504,343.0,-12.0,-178.0,230.0,-75.0,-127.0,27.0,-157.0,-318.0,-4.0,148.0,-393.0,312.92,-35.94,-160.12,231.05,-88.99,-108.99,30.22,-148.71,-292.38,13.100000000000001,96.05,-360.11
2025-07-23T17:37:42.116671,318.0,69.0,-185.0,286.0,-118.0,-184.0,142.0,-151.0,-361.0,81.0,118.0,-397.0,287.92,45.06,-167.12,287.05,-131.99,-165.99,145.22,-142.71,-335.38,98.1,66.05,-364.11
2025-07-23T17:37:42.121194,374.0,25.0,-184.0,307.0,-107.0,-145.0,36.0,-217.0,-343.0,82.0,106.0,-450.0,343.92,1.0599999999999987,-166.12,308.05,-120.99,-126.99,39.22,-208.71,-317.38,99.1,54.05,-417.11
2025-07-23T17:37:42.128916,339.0,-10.0,-201.0,356.0,-134.0,-177.0,21.0,-203.0,-397.0,54.0,144.0,-437.0,308.92,-33.94,-183.12,357.05,-147.99,-158.99,24.22,-194.71,-371.38,71.1,92.05,-404.11
2025-07-23T17:37:42.137154,387.0,98.0,-267.0,286.0,-188.0,-142.0,95.0,-245.0,-382.0,18.0,92.0,-502.0,356.92,74.06,-249.12,287.05,-201.99,-123.99,98.22,-236.71,-356.38,35.1,40.05,-469.11
2025-07-23T17:37:42.141371,502.0,-29.0,-314.0,318.0,-155.0,-172.0,105.0,-250.0,-410.0,79.0,149.0,-511.0,471.92,-52.94,-296.12,319.05,-168.99,-153.99,108.22,-241.71,-384.38,96.1,97.05,-478.11
2025-07-23T17:37:42.149452,472.0,-60.0,-221.0,344.0,-170.0,-111.0,110.0,-297.0,-427.0,57.0,134.0,-573.0,441.92,-83.94,-203.12,345.05,-183.99,-92.99,113.22,-288.71,-401.38,74.1,82.05,-540.11
2025-07-23T17:37:42.157629,463.0,-15.0,-336.0,389.0,-225.0,-160.0,88.0,-334.0,-423.0,50.0,188.0,-513.0,432.92,-38.94,-318.12,390.05,-238.99,-141.99,91.22,-325.71,-397.38,67.1,136.05,-480.11
2025-07-23T17:37:42.161708,471.0,34.0,-273.0,349.0,-95.0,-110.0,86.0,-302.0,-356.0,8.0,182.0,-550.0,440.92,10.059999999999999,-255.12,350.05,-108.99,-91.99,89.22,-293.71,-330.38,25.1,130.05,-517.11
2025-07-23T17:37:42.170016,459.0,-45.0,-224.0,340.0,-173.0,-171.0,161.0,-263.0,-460.0,47.0,106.0,-598.0,428.92,-68.94,-206.12,341.05,-186.99,-152.99,164.22,-254.71,-434.38,64.1,54.05,-565.11
2025-07-23T17:37:42.174202,398.0,112.0,-314.0,391.0,-148.0,-194.0,104.0,-303.0,-451.0,-7.0,152.0,-589.0,367.92,88.06,-296.12,392.05,-161.99,-175.99,107.22,-294.71,-425.38,10.100000000000001,100.05,-556.11
2025-07-23T17:37:42.182070,565.0,-44.0,-303.0,369.0,-233.0,-188.0,67.0,-290.0,-429.0,3.0,128.0,-588.0,534.92,-67.94,-285.12,370.05,-246.99,-169.99,70.22,-281.71,-403.38,20.1,76.05,-555.11
2025-07-23T17:37:42.190202,491.0,-24.0,-299.0,391.0,-216.0,-114.0,93.0,-370.0,-429.0,93.0,140.0,-589.0,460.92,-47.94,-281.12,392.05,-229.99,-95.99,96.22,-361.71,-403.38,110.1,88.05,-556.11
2025-07-23T17:37:42.194576,481.0,22.0,-341.0,383.0,-169.0,-112.0,93.0,-323.0,-367.0,6.0,131.0,-519.0,450.92,-1.9400000000000013,-323.12,384.05,-182.99,-93.99,96.22,-314.71,-341.38,23.1,79.05,-486.11
2025-07-23T17:37:42.202888,554.0,34.0,-228.0,396.0,-187.0,-150.0,96.0,-333.0,-427.0,6.0,138.0,-600.0,523.92,10.059999999999999,-210.12,397.05,-200.99,-131.99,99.22,-324.71,-401.38,23.1,86.05,-567.11
2025-07-23T17:37:42.207081,470.0,4.0,-286.0,443.0,-197.0,-184.0,100.0,-370.0,-439.0,91.0,185.0,-571.0,439.92,-19.94,-268.12,444.05,-210.99,-165.99,103.22,-361.71,-413.38,108.1,133.05,-538.11
2025-07-23T17:37:42.214917,544.0,40.0,-317.0,363.0,-169.0,-156.0,36.0,-334.0,-397.0,51.0,95.0,-525.0,513.92,16.06,-299.12,364.05,-182.99,-137.99,39.22,-325.71,-371.38,68.1,43.05,-492.11
2025-07-23T17:37:42.223090,522.0,-28.0,-297.0,407.0,-244.0,-159.0,87.0,-341.0,-459.0,-4.0,146.0,-538.0,491.92,-51.94,-279.12,408.05,-257.99,-140.99,90.22,-332.71,-433.38,13.100000000000001,94.05,-505.11
2025-07-23T17:37:42.227276,427.0,51.0,-267.0,392.0,-154.0,-148.0,110.0,-299.0,-487.0,16.0,117.0,-594.0,396.92,27.06,-249.12,393.05,-167.99,-129.99,113.22,-290.71,-461.38,33.1,65.05,-561.11
2025-07-23T17:37:42.236241,437.0,81.0,-349.0,311.0,-78.0,-203.0,20.0,-333.0,-437.0,51.0,59.0,-552.0,406.92,57.06,-331.12,312.05,-91.99,-184.99,23.22,-324.71,-411.38,68.1,7.049999999999997,-519.11
2025-07-23T17:37:42.239726,502.0,-45.0,-317.0,400.0,-197.0,-199.0,72.0,-358.0,-460.0,36.0,182.0,-545.0,471.92,-68.94,-299.12,401.05,-210.99,-180.99,75.22,-349.71,-434.38,53.1,130.05,-512.11
2025-07-23T17:37:42.247636,458.0,-42.0,-218.0,344.0,-179.0,-120.0,99.0,-314.0,-474.0,73.0,162.0,-578.0,427.92,-65.94,-200.12,345.05,-192.99,-101.99,102.22,-305.71,-448.38,90.1,110.05,-545.11
2025-07-23T17:37:42.255813,466.0,60.0,-310.0,379.0,-154.0,-194.0,131.0,-310.0,-421.0,20.0,112.0,-580.0,435.92,36.06,-292.12,380.05,-167.99,-175.99,134.22,-301.71,-395.38,37.1,60.05,-547.11
2025-07-23T17:37:42.260028,534.0,39.0,-305.0,409.0,-169.0,-201.0,11.0,-310.0,-413.0,30.0,138.0,-574.0,503.92,15.059999999999999,-287.12,410.05,-182.99,-182.99,14.22,-301.71,-387.38,47.1,86.05,-541.11
2025-07-23T17:37:42.269714,525.0,17.0,-258.0,377.0,-203.0,-172.0,85.0,-430.0,-420.0,3.0,148.0,-555.0,494.92,-6.940000000000001,-240.12,378.05,-216.99,-153.99,88.22,-421.71,-394.38,20.1,96.05,-522.11
2025-07-23T17:37:42.272477,471.0,9.0,-267.0,433.0,-192.0,-220.0,48.0,-334.0,-411.0,38.0,129.0,-522.0,440.92,-14.940000000000001,-249.12,434.05,-205.99,-201.99,51.22,-325.71,-385.38,55.1,77.05,-489.11
2025-07-23T17:37:42.280588,553.0,16.0,-187.0,338.0,-195.0,-190.0,109.0,-299.0,-454.0,15.0,218.0,-583.0,522.92,-7.940000000000001,-169.12,339.05,-208.99,-171.99,112.22,-290.71,-428.38,32.1,166.05,-550.11
2025-07-23T17:37:42.288601,479.0,21.0,-272.0,388.0,-126.0,-199.0,190.0,-329.0,-443.0,107.0,177.0,-560.0,448.92,-2.9400000000000013,-254.12,389.05,-139.99,-180.99,193.22,-320.71,-417.38,124.1,125.05,-527.11
2025-07-23T17:37:42.292902,429.0,53.0,-264.0,378.0,-233.0,-178.0,36.0,-326.0,-447.0,12.0,96.0,-593.0,398.92,29.06,-246.12,379.05,-246.99,-159.99,39.22,-317.71,-421.38,29.1,44.05,-560.11
2025-07-23T17:37:42.301001,512.0,-17.0,-241.0,413.0,-172.0,-162.0,151.0,-297.0,-459.0,-7.0,198.0,-529.0,481.92,-40.94,-223.12,414.05,-185.99,-143.99,154.22,-288.71,-433.38,10.100000000000001,146.05,-496.11
2025-07-23T17:37:42.305197,448.0,-10.0,-303.0,374.0,-120.0,-175.0,92.0,-309.0,-420.0,45.0,158.0,-571.0,417.92,-33.94,-285.12,375.05,-133.99,-156.99,95.22,-300.71,-394.38,62.1,106.05,-538.11
2025-07-23T17:37:42.313700,522.0,50.0,-292.0,415.0,-148.0,-179.0,65.0,-326.0,-426.0,-5.0,109.0,-590.0,491.92,26.06,-274.12,416.05,-161.99,-160.99,68.22,-317.71,-400.38,12.100000000000001,57.05,-557.11
2025-07-23T17:37:42.321393,595.0,40.0,-270.0,344.0,-256.0,-149.0,199.0,-293.0,-518.0,8.0,148.0,-546.0,564.92,16.06,-252.12,345.05,-269.99,-130.99,202.22,-284.71,-492.38,25.1,96.05,-513.11
2025-07-23T17:37:42.325638,528.0,-53.0,-249.0,436.0,-147.0,-137.0,143.0,-403.0,-474.0,32.0,151.0,-632.0,497.92,-76.94,-231.12,437.05,-160.99,-118.99,146.22,-394.71,-448.38,49.1,99.05,-599.11
2025-07-23T17:37:42.333846,534.0,-31.0,-302.0,415.0,-149.0,-196.0,104.0,-305.0,-471.0,52.0,165.0,-479.0,503.92,-54.94,-284.12,416.05,-162.99,-177.99,107.22,-296.71,-445.38,69.1,113.05,-446.11
2025-07-23T17:37:42.338060,506.0,-23.0,-251.0,438.0,-176.0,-177.0,109.0,-286.0,-460.0,11.0,127.0,-578.0,475.92,-46.94,-233.12,439.05,-189.99,-158.99,112.22,-277.71,-434.38,28.1,75.05,-545.11
2025-07-23T17:37:42.347078,510.0,-43.0,-210.0,413.0,-239.0,-126.0,122.0,-277.0,-439.0,138.0,91.0,-510.0,479.92,-66.94,-192.12,414.05,-252.99,-107.99,125.22,-268.71,-413.38,155.1,39.05,-477.11
2025-07-23T17:37:42.354156,531.0,23.0,-284.0,380.0,-194.0,-191.0,76.0,-305.0,-411.0,12.0,139.0,-625.0,500.92,-0.9400000000000013,-266.12,381.05,-207.99,-172.99,79.22,-296.71,-385.38,29.1,87.05,-592.11
2025-07-23T17:37:42.359324,551.0,7.0,-316.0,383.0,-163.0,-182.0,85.0,-314.0,-499.0,-46.0,108.0,-618.0,520.92,-16.94,-298.12,384.05,-176.99,-163.99,88.22,-305.71,-473.38,-28.9,56.05,-585.11
2025-07-23T17:37:42.366437,461.0,25.0,-249.0,337.0,-164.0,-176.0,113.0,-309.0,-503.0,-16.0,177.0,-582.0,430.92,1.0599999999999987,-231.12,338.05,-177.99,-157.99,116.22,-300.71,-477.38,1.1000000000000014,125.05,-549.11
2025-07-23T17:37:42.370986,437.0,21.0,-315.0,407.0,-192.0,-104.0,107.0,-413.0,-409.0,-45.0,121.0,-579.0,406.92,-2.9400000000000013,-297.12,408.05,-205.99,-85.99,110.22,-404.71,-383.38,-27.9,69.05,-546.11
2025-07-23T17:37:42.378861,514.0,-62.0,-201.0,367.0,-194.0,-219.0,159.0,-298.0,-502.0,78.0,131.0,-557.0,483.92,-85.94,-183.12,368.05,-207.99,-200.99,162.22,-289.71,-476.38,95.1,79.05,-524.11
2025-07-23T17:37:42.386966,515.0,42.0,-259.0,408.0,-190.0,-138.0,169.0,-302.0,-420.0,37.0,128.0,-560.0,484.92,18.06,-241.12,409.05,-203.99,-119.99,172.22,-293.71,-394.38,54.1,76.05,-527.11
2025-07-23T17:37:42.391753,531.0,52.0,-226.0,386.0,-185.0,-208.0,80.0,-336.0,-420.0,13.0,142.0,-576.0,500.92,28.06,-208.12,387.05,-198.99,-189.99,83.22,-327.71,-394.38,30.1,90.05,-543.11
2025-07-23T17:37:42.399328,549.0,-63.0,-240.0,441.0,-180.0,-154.0,182.0,-374.0,-487.0,13.0,111.0,-538.0,518.92,-86.94,-222.12,442.05,-193.99,-135.99,185.22,-365.71,-461.38,30.1,59.05,-505.11
2025-07-23T17:37:42.407468,443.0,-28.0,-226.0,383.0,-232.0,-140.0,68.0,-357.0,-417.0,29.0,178.0,-622.0,412.92,-51.94,-208.12,384.05,-245.99,-121.99,71.22,-348.71,-391.38,46.1,126.05,-589.11
2025-07-23T17:37:42.411711,533.0,19.0,-267.0,390.0,-212.0,-180.0,55.0,-287.0,-436.0,66.0,135.0,-617.0,502.92,-4.940000000000001,-249.12,391.05,-225.99,-161.99,58.22,-278.71,-410.38,83.1,83.05,-584.11
2025-07-23T17:37:42.419760,567.0,7.0,-281.0,437.0,-169.0,-129.0,108.0,-292.0,-493.0,21.0,188.0,-599.0,536.92,-16.94,-263.12,438.05,-182.99,-110.99,111.22,-283.71,-467.38,38.1,136.05,-566.11
2025-07-23T17:37:42.424179,477.0,12.0,-285.0,382.0,-247.0,-198.0,65.0,-330.0,-424.0,24.0,169.0,-601.0,446.92,-11.940000000000001,-267.12,383.05,-260.99,-179.99,68.22,-321.71,-398.38,41.1,117.05,-568.11
2025-07-23T17:37:42.432028,522.0,71.0,-313.0,377.0,-222.0,-102.0,65.0,-352.0,-474.0,75.0,147.0,-562.0,491.92,47.06,-295.12,378.05,-235.99,-83.99,68.22,-343.71,-448.38,92.1,95.05,-529.11
2025-07-23T17:37:42.440243,504.0,-6.0,-251.0,403.0,-155.0,-206.0,173.0,-307.0,-427.0,19.0,95.0,-562.0,473.92,-29.94,-233.12,404.05,-168.99,-187.99,176.22,-298.71,-401.38,36.1,43.05,-529.11
2025-07-23T17:37:42.444419,482.0,-6.0,-262.0,398.0,-201.0,-100.0,134.0,-292.0,-428.0,68.0,115.0,-594.0,451.92,-29.94,-244.12,399.05,-214.99,-81.99,137.22,-283.71,-402.38,85.1,63.05,-561.11
2025-07-23T17:37:42.452645,475.0,48.0,-291.0,402.0,-216.0,-189.0,7.0,-310.0,-448.0,52.0,116.0,-606.0,444.92,24.06,-273.12,403.05,-229.99,-170.99,10.22,-301.71,-422.38,69.1,64.05,-573.11
2025-07-23T17:37:42.456882,514.0,-52.0,-203.0,398.0,-193.0,-133.0,131.0,-345.0,-482.0,-2.0,225.0,-563.0,483.92,-75.94,-185.12,399.05,-206.99,-114.99,134.22,-336.71,-456.38,15.100000000000001,173.05,-530.11
2025-07-23T17:37:42.464830,529.0,11.0,-270.0,399.0,-196.0,-182.0,70.0,-346.0,-467.0,38.0,181.0,-575.0,498.92,-12.940000000000001,-252.12,400.05,-209.99,-163.99,73.22,-337.71,-441.38,55.1,129.05,-542.11
2025-07-23T17:37:42.472929,575.0,-47.0,-274.0,326.0,-202.0,-165.0,127.0,-288.0,-468.0,97.0,110.0,-549.0,544.92,-70.94,-256.12,327.05,-215.99,-146.99,130.22,-279.71,-442.38,114.1,58.05,-516.11
2025-07-23T17:37:42.477183,626.0,69.0,-290.0,352.0,-187.0,-181.0,126.0,-319.0,-452.0,-8.0,159.0,-646.0,595.92,45.06,-272.12,353.05,-200.99,-162.99,129.22,-310.71,-426.38,9.100000000000001,107.05,-613.11
2025-07-23T17:37:42.485311,489.0,29.0,-197.0,437.0,-198.0,-156.0,65.0,-307.0,-442.0,118.0,117.0,-617.0,458.92,5.059999999999999,-179.12,438.05,-211.99,-137.99,68.22,-298.71,-416.38,135.1,65.05,-584.11
2025-07-23T17:37:42.489652,500.0,-2.0,-282.0,471.0,-234.0,-170.0,104.0,-323.0,-471.0,-5.0,100.0,-497.0,469.92,-25.94,-264.12,472.05,-247.99,-151.99,107.22,-314.71,-445.38,12.100000000000001,48.05,-464.11
2025-07-23T17:37:42.497556,517.0,0.0,-220.0,401.0,-212.0,-199.0,84.0,-394.0,-452.0,39.0,164.0,-555.0,486.92,-23.94,-202.12,402.05,-225.99,-180.99,87.22,-385.71,-426.38,56.1,112.05,-522.11
2025-07-23T17:37:42.505690,445.0,32.0,-264.0,401.0,-223.0,-178.0,109.0,-288.0,-438.0,68.0,84.0,-563.0,414.92,8.059999999999999,-246.12,402.05,-236.99,-159.99,112.22,-279.71,-412.38,85.1,32.05,-530.11
2025-07-23T17:37:42.509956,493.0,96.0,-331.0,408.0,-172.0,-174.0,173.0,-267.0,-493.0,57.0,107.0,-593.0,462.92,72.06,-313.12,409.05,-185.99,-155.99,176.22,-258.71,-467.38,74.1,55.05,-560.11
2025-07-23T17:37:42.517902,601.0,35.0,-289.0,399.0,-262.0,-184.0,110.0,-308.0,-475.0,7.0,115.0,-580.0,570.92,11.059999999999999,-271.12,400.05,-275.99,-165.99,113.22,-299.71,-449.38,24.1,63.05,-547.11
2025-07-23T17:37:42.522327,498.0,1.0,-251.0,380.0,-235.0,-157.0,100.0,-304.0,-503.0,56.0,220.0,-602.0,467.92,-22.94,-233.12,381.05,-248.99,-138.99,103.22,-295.71,-477.38,73.1,168.05,-569.11
2025-07-23T17:37:42.530384,549.0,-7.0,-275.0,400.0,-189.0,-167.0,185.0,-324.0,-504.0,-38.0,155.0,-616.0,518.92,-30.94,-257.12,401.05,-202.99,-148.99,188.22,-315.71,-478.38,-20.9,103.05,-583.11
2025-07-23T17:37:42.538510,490.0,16.0,-268.0,426.0,-134.0,-159.0,148.0,-398.0,-468.0,24.0,210.0,-568.0,459.92,-7.940000000000001,-250.12,427.05,-147.99,-140.99,151.22,-389.71,-442.38,41.1,158.05,-535.11
2025-07-23T17:37:42.542807,530.0,-41.0,-292.0,428.0,-217.0,-188.0,127.0,-360.0,-451.0,70.0,155.0,-609.0,499.92,-64.94,-274.12,429.05,-230.99,-169.99,130.22,-351.71,-425.38,87.1,103.05,-576.11
2025-07-23T17:37:42.550754,543.0,17.0,-308.0,366.0,-157.0,-180.0,143.0,-259.0,-503.0,10.0,172.0,-567.0,512.92,-6.940000000000001,-290.12,367.05,-170.99,-161.99,146.22,-250.71,-477.38,27.1,120.05,-534.11
2025-07-23T17:37:42.555273,538.0,-3.0,-225.0,390.0,-220.0,-162.0,11.0,-330.0,-437.0,47.0,140.0,-634.0,507.92,-26.94,-207.12,391.05,-233.99,-143.99,14.22,-321.71,-411.38,64.1,88.05,-601.11
2025-07-23T17:37:42.563310,528.0,10.0,-269.0,428.0,-174.0,-194.0,156.0,-335.0,-526.0,83.0,144.0,-562.0,497.92,-13.940000000000001,-251.12,429.05,-187.99,-175.99,159.22,-326.71,-500.38,100.1,92.05,-529.11
2025-07-23T17:37:42.571308,559.0,67.0,-299.0,377.0,-159.0,-146.0,108.0,-327.0,-486.0,20.0,105.0,-569.0,528.92,43.06,-281.12,378.05,-172.99,-127.99,111.22,-318.71,-460.38,37.1,53.05,-536.11
2025-07-23T17:37:42.575581,498.0,-52.0,-266.0,375.0,-163.0,-201.0,88.0,-310.0,-410.0,31.0,108.0,-513.0,467.92,-75.94,-248.12,376.05,-176.99,-182.99,91.22,-301.71,-384.38,48.1,56.05,-480.11
2025-07-23T17:37:42.583545,494.0,18.0,-306.0,404.0,-181.0,-150.0,67.0,-321.0,-509.0,32.0,193.0,-614.0,463.92,-5.940000000000001,-288.12,405.05,-194.99,-131.99,70.22,-312.71,-483.38,49.1,141.05,-581.11
2025-07-23T17:37:42.587892,525.0,84.0,-262.0,419.0,-248.0,-176.0,71.0,-302.0,-460.0,92.0,169.0,-591.0,494.92,60.06,-244.12,420.05,-261.99,-157.99,74.22,-293.71,-434.38,109.1,117.05,-558.11
2025-07-23T17:37:42.595895,572.0,0.0,-232.0,425.0,-202.0,-111.0,125.0,-362.0,-494.0,48.0,70.0,-549.0,541.92,-23.94,-214.12,426.05,-215.99,-92.99,128.22,-353.71,-468.38,65.1,18.049999999999997,-516.11
2025-07-23T17:37:42.604308,480.0,52.0,-227.0,421.0,-165.0,-166.0,141.0,-260.0,-461.0,37.0,112.0,-529.0,449.92,28.06,-209.12,422.05,-178.99,-147.99,144.22,-251.71,-435.38,54.1,60.05,-496.11
2025-07-23T17:37:42.608367,527.0,0.0,-282.0,460.0,-187.0,-156.0,90.0,-386.0,-427.0,51.0,194.0,-529.0,496.92,-23.94,-264.12,461.05,-200.99,-137.99,93.22,-377.71,-401.38,68.1,142.05,-496.11
2025-07-23T17:37:42.616538,566.0,-19.0,-243.0,443.0,-163.0,-213.0,119.0,-285.0,-460.0,32.0,131.0,-529.0,535.92,-42.94,-225.12,444.05,-176.99,-194.99,122.22,-276.71,-434.38,49.1,79.05,-496.11
2025-07-23T17:37:42.624561,477.0,60.0,-262.0,358.0,-177.0,-194.0,121.0,-324.0,-441.0,75.0,168.0,-567.0,446.92,36.06,-244.12,359.05,-190.99,-175.99,124.22,-315.71,-415.38,92.1,116.05,-534.11
2025-07-23T17:37:42.628703,497.0,15.0,-303.0,318.0,-163.0,-150.0,47.0,-372.0,-428.0,74.0,141.0,-615.0,466.92,-8.940000000000001,-285.12,319.05,-176.99,-131.99,50.22,-363.71,-402.38,91.1,89.05,-582.11
2025-07-23T17:37:42.637020,558.0,5.0,-250.0,424.0,-132.0,-186.0,139.0,-356.0,-424.0,32.0,144.0,-526.0,527.92,-18.94,-232.12,425.05,-145.99,-167.99,142.22,-347.71,-398.38,49.1,92.05,-493.11
2025-07-23T17:37:42.641127,543.0,73.0,-239.0,380.0,-184.0,-182.0,85.0,-350.0,-432.0,28.0,128.0,-610.0,512.92,49.06,-221.12,381.05,-197.99,-163.99,88.22,-341.71,-406.38,45.1,76.05,-577.11
2025-07-23T17:37:42.649085,517.0,3.0,-309.0,424.0,-150.0,-183.0,135.0,-231.0,-474.0,-18.0,179.0,-532.0,486.92,-20.94,-291.12,425.05,-163.99,-164.99,138.22,-222.71,-448.38,-0.8999999999999986,127.05,-499.11
2025-07-23T17:37:42.657194,530.0,-5.0,-245.0,409.0,-241.0,-193.0,106.0,-329.0,-415.0,72.0,196.0,-584.0,499.92,-28.94,-227.12,410.05,-254.99,-174.99,109.22,-320.71,-389.38,89.1,144.05,-551.11
2025-07-23T17:37:42.661510,512.0,-33.0,-247.0,412.0,-208.0,-145.0,78.0,-401.0,-444.0,8.0,182.0,-601.0,481.92,-56.94,-229.12,413.05,-221.99,-126.99,81.22,-392.71,-418.38,25.1,130.05,-568.11
2025-07-23T17:37:42.669878,518.0,67.0,-268.0,402.0,-187.0,-160.0,127.0,-289.0,-465.0,64.0,122.0,-557.0,487.92,43.06,-250.12,403.05,-200.99,-141.99,130.22,-280.71,-439.38,81.1,70.05,-524.11
2025-07-23T17:37:42.674107,536.0,29.0,-230.0,414.0,-159.0,-204.0,140.0,-289.0,-422.0,-19.0,97.0,-596.0,505.92,5.059999999999999,-212.12,415.05,-172.99,-185.99,143.22,-280.71,-396.38,-1.8999999999999986,45.05,-563.11
2025-07-23T17:37:42.681991,480.0,39.0,-302.0,471.0,-222.0,-121.0,103.0,-290.0,-479.0,10.0,174.0,-572.0,449.92,15.059999999999999,-284.12,472.05,-235.99,-102.99,106.22,-281.71,-453.38,27.1,122.05,-539.11
2025-07-23T17:37:42.689975,574.0,32.0,-248.0,403.0,-156.0,-166.0,140.0,-334.0,-464.0,22.0,185.0,-527.0,543.92,8.059999999999999,-230.12,404.05,-169.99,-147.99,143.22,-325.71,-438.38,39.1,133.05,-494.11
2025-07-23T17:37:42.694491,560.0,-51.0,-261.0,380.0,-210.0,-175.0,126.0,-343.0,-418.0,21.0,123.0,-588.0,529.92,-74.94,-243.12,381.05,-223.99,-156.99,129.22,-334.71,-392.38,38.1,71.05,-555.11
2025-07-23T17:37:42.702692,469.0,7.0,-242.0,393.0,-207.0,-187.0,41.0,-315.0,-458.0,23.0,140.0,-570.0,438.92,-16.94,-224.12,394.05,-220.99,-168.99,44.22,-306.71,-432.38,40.1,88.05,-537.11
2025-07-23T17:37:42.706677,554.0,24.0,-287.0,427.0,-219.0,-205.0,62.0,-335.0,-456.0,18.0,162.0,-559.0,523.92,0.05999999999999872,-269.12,428.05,-232.99,-186.99,65.22,-326.71,-430.38,35.1,110.05,-526.11
2025-07-23T17:37:42.714613,430.0,28.0,-285.0,469.0,-231.0,-204.0,156.0,-359.0,-441.0,31.0,143.0,-570.0,399.92,4.059999999999999,-267.12,470.05,-244.99,-185.99,159.22,-350.71,-415.38,48.1,91.05,-537.11
2025-07-23T17:37:42.722866,470.0,57.0,-209.0,409.0,-201.0,-162.0,90.0,-345.0,-410.0,9.0,161.0,-539.0,439.92,33.06,-191.12,410.05,-214.99,-143.99,93.22,-336.71,-384.38,26.1,109.05,-506.11
2025-07-23T17:37:42.727831,564.0,50.0,-312.0,446.0,-204.0,-197.0,110.0,-351.0,-487.0,27.0,200.0,-551.0,533.92,26.06,-294.12,447.05,-217.99,-178.99,113.22,-342.71,-461.38,44.1,148.05,-518.11
2025-07-23T17:37:42.735087,553.0,-76.0,-267.0,359.0,-128.0,-163.0,65.0,-393.0,-471.0,34.0,131.0,-622.0,522.92,-99.94,-249.12,360.05,-141.99,-144.99,68.22,-384.71,-445.38,51.1,79.05,-589.11
2025-07-23T17:37:42.739392,554.0,0.0,-229.0,415.0,-190.0,-138.0,51.0,-340.0,-468.0,45.0,186.0,-592.0,523.92,-23.94,-211.12,416.05,-203.99,-119.99,54.22,-331.71,-442.38,62.1,134.05,-559.11
2025-07-23T17:37:42.747444,485.0,89.0,-297.0,428.0,-247.0,-127.0,93.0,-295.0,-481.0,-4.0,177.0,-571.0,454.92,65.06,-279.12,429.05,-260.99,-108.99,96.22,-286.71,-455.38,13.100000000000001,125.05,-538.11
2025-07-23T17:37:42.755609,562.0,-43.0,-213.0,400.0,-264.0,-137.0,148.0,-379.0,-454.0,51.0,168.0,-633.0,531.92,-66.94,-195.12,401.05,-277.99,-118.99,151.22,-370.71,-428.38,68.1,116.05,-600.11
2025-07-23T17:37:42.759862,446.0,77.0,-189.0,388.0,-129.0,-190.0,149.0,-344.0,-503.0,17.0,122.0,-569.0,415.92,53.06,-171.12,389.05,-142.99,-171.99,152.22,-335.71,-477.38,34.1,70.05,-536.11
2025-07-23T17:37:42.767850,511.0,21.0,-274.0,419.0,-136.0,-135.0,156.0,-364.0,-449.0,50.0,151.0,-647.0,480.92,-2.9400000000000013,-256.12,420.05,-149.99,-116.99,159.22,-355.71,-423.38,67.1,99.05,-614.11
2025-07-23T17:37:42.773487,540.0,-22.0,-264.0,318.0,-184.0,-159.0,99.0,-292.0,-432.0,75.0,153.0,-601.0,509.92,-45.94,-246.12,319.05,-197.99,-140.99,102.22,-283.71,-406.38,92.1,101.05,-568.11
2025-07-23T17:37:42.780244,533.0,5.0,-252.0,359.0,-230.0,-137.0,114.0,-324.0,-421.0,54.0,117.0,-568.0,502.92,-18.94,-234.12,360.05,-243.99,-118.99,117.22,-315.71,-395.38,71.1,65.05,-535.11
2025-07-23T17:37:42.788371,506.0,94.0,-271.0,388.0,-231.0,-165.0,38.0,-320.0,-427.0,29.0,92.0,-605.0,475.92,70.06,-253.12,389.05,-244.99,-146.99,41.22,-311.71,-401.38,46.1,40.05,-572.11
2025-07-23T17:37:42.793047,562.0,70.0,-277.0,399.0,-182.0,-158.0,93.0,-323.0,-484.0,29.0,124.0,-563.0,531.92,46.06,-259.12,400.05,-195.99,-139.99,96.22,-314.71,-458.38,46.1,72.05,-530.11
2025-07-23T17:37:42.800730,460.0,87.0,-199.0,349.0,-192.0,-125.0,126.0,-295.0,-436.0,36.0,215.0,-564.0,429.92,63.06,-181.12,350.05,-205.99,-106.99,129.22,-286.71,-410.38,53.1,163.05,-531.11
2025-07-23T17:37:42.805391,451.0,48.0,-294.0,350.0,-189.0,-195.0,71.0,-311.0,-468.0,42.0,199.0,-527.0,420.92,24.06,-276.12,351.05,-202.99,-176.99,74.22,-302.71,-442.38,59.1,147.05,-494.11
2025-07-23T17:37:42.812983,472.0,-38.0,-219.0,456.0,-193.0,-102.0,106.0,-359.0,-451.0,49.0,85.0,-593.0,441.92,-61.94,-201.12,457.05,-206.99,-83.99,109.22,-350.71,-425.38,66.1,33.05,-560.11
2025-07-23T17:37:42.821191,479.0,-39.0,-225.0,410.0,-200.0,-196.0,136.0,-411.0,-473.0,29.0,187.0,-558.0,448.92,-62.94,-207.12,411.05,-213.99,-177.99,139.22,-402.71,-447.38,46.1,135.05,-525.11
2025-07-23T17:37:42.825406,516.0,94.0,-265.0,392.0,-187.0,-207.0,112.0,-288.0,-386.0,2.0,166.0,-546.0,485.92,70.06,-247.12,393.05,-200.99,-188.99,115.22,-279.71,-360.38,19.1,114.05,-513.11
2025-07-23T17:37:42.833532,473.0,-5.0,-238.0,386.0,-208.0,-128.0,114.0,-249.0,-447.0,9.0,180.0,-571.0,442.92,-28.94,-220.12,387.05,-221.99,-109.99,117.22,-240.71,-421.38,26.1,128.05,-538.11
2025-07-23T17:37:42.841598,444.0,45.0,-261.0,311.0,-178.0,-190.0,130.0,-353.0,-452.0,27.0,98.0,-466.0,413.92,21.06,-243.12,312.05,-191.99,-171.99,133.22,-344.71,-426.38,44.1,46.05,-433.11
2025-07-23T17:37:42.845814,459.0,33.0,-245.0,383.0,-181.0,-154.0,83.0,-285.0,-385.0,25.0,84.0,-510.0,428.92,9.059999999999999,-227.12,384.05,-194.99,-135.99,86.22,-276.71,-359.38,42.1,32.05,-477.11
2025-07-23T17:37:42.854014,438.0,-21.0,-204.0,304.0,-197.0,-198.0,41.0,-246.0,-451.0,31.0,94.0,-456.0,407.92,-44.94,-186.12,305.05,-210.99,-179.99,44.22,-237.71,-425.38,48.1,42.05,-423.11
2025-07-23T17:37:42.858185,393.0,46.0,-234.0,309.0,-148.0,-125.0,77.0,-261.0,-371.0,45.0,89.0,-459.0,362.92,22.06,-216.12,310.05,-161.99,-106.99,80.22,-252.71,-345.38,62.1,37.05,-426.11
2025-07-23T17:37:42.866214,324.0,32.0,-279.0,314.0,-129.0,-73.0,86.0,-239.0,-364.0,45.0,96.0,-432.0,293.92,8.059999999999999,-261.12,315.05,-142.99,-54.989999999999995,89.22,-230.71,-338.38,62.1,44.05,-399.11
2025-07-23T17:37:42.872038,381.0,4.0,-150.0,291.0,-122.0,-100.0,56.0,-208.0,-297.0,52.0,143.0,-437.0,350.92,-19.94,-132.12,292.05,-135.99,-81.99,59.22,-199.71,-271.38,69.1,91.05,-404.11
2025-07-23T17:37:42.878529,295.0,22.0,-183.0,157.0,-99.0,-166.0,158.0,-155.0,-335.0,-1.0,100.0,-392.0,264.92,-1.9400000000000013,-165.12,158.05,-112.99,-147.99,161.22,-146.71,-309.38,16.1,48.05,-359.11
2025-07-23T17:37:42.886854,332.0,104.0,-203.0,212.0,-76.0,-119.0,29.0,-97.0,-280.0,-27.0,127.0,-294.0,301.92,80.06,-185.12,213.05,-89.99,-100.99,32.22,-88.71000000000001,-254.38,-9.899999999999999,75.05,-261.11
2025-07-23T17:37:42.891009,256.0,1.0,-174.0,166.0,-83.0,-194.0,133.0,-157.0,-298.0,4.0,17.0,-261.0,225.92000000000002,-22.94,-156.12,167.05,-96.99,-175.99,136.22,-148.71,-272.38,21.1,-34.95,-228.11
2025-07-23T17:37:42.898862,191.0,30.0,-97.0,153.0,-82.0,-126.0,75.0,-98.0,-277.0,7.0,62.0,-237.0,160.92000000000002,6.059999999999999,-79.12,154.05,-95.99,-107.99,78.22,-89.71000000000001,-251.38,24.1,10.049999999999997,-204.11
2025-07-23T17:37:42.903791,158.0,32.0,-179.0,147.0,-75.0,-127.0,48.0,-108.0,-163.0,-30.0,37.0,-282.0,127.92,8.059999999999999,-161.12,148.05,-88.99,-108.99,51.22,-99.71000000000001,-137.38,-12.899999999999999,-14.950000000000003,-249.11
2025-07-23T17:37:42.911283,263.0,86.0,-183.0,135.0,-135.0,-125.0,-9.0,-57.0,-218.0,-55.0,123.0,-252.0,232.92000000000002,62.06,-165.12,136.05,-148.99,-106.99,-5.779999999999999,-48.71,-192.38,-37.9,71.05,-219.11
2025-07-23T17:37:42.915579,182.0,-52.0,-90.0,146.0,-54.0,-157.0,66.0,-68.0,-207.0,52.0,15.0,-180.0,151.92000000000002,-75.94,-72.12,147.05,-67.99,-138.99,69.22,-59.71,-181.38,69.1,-36.95,-147.11
2025-07-23T17:37:42.923610,131.0,7.0,-132.0,82.0,-106.0,-143.0,34.0,-109.0,-169.0,5.0,39.0,-249.0,100.92,-16.94,-114.12,83.05,-119.99,-124.99,37.22,-100.71000000000001,-143.38,22.1,-12.950000000000003,-216.11
2025-07-23T17:37:42.931538,168.0,33.0,-247.0,84.0,-14.0,-115.0,36.0,-129.0,-182.0,-34.0,66.0,-254.0,137.92000000000002,9.059999999999999,-229.12,85.05,-27.990000000000002,-96.99,39.22,-120.71000000000001,-156.38,-16.9,14.049999999999997,-221.11
2025-07-23T17:37:42.936367,152.0,65.0,-150.0,68.0,-1.0,-139.0,-7.0,-126.0,-197.0,-89.0,90.0,-218.0,121.92,41.06,-132.12,69.05,-14.99,-120.99,-3.78,-117.71000000000001,-171.38,-71.9,38.05,-185.11
2025-07-23T17:37:42.943999,134.0,53.0,-107.0,134.0,-160.0,-104.0,-18.0,-40.0,-195.0,-114.0,85.0,-206.0,103.92,29.06,-89.12,135.05,-173.99,-85.99,-14.78,-31.71,-169.38,-96.9,33.05,-173.11
2025-07-23T17:37:42.948153,85.0,43.0,-167.0,128.0,-59.0,-117.0,3.0,-86.0,-151.0,5.0,110.0,-251.0,54.92,19.06,-149.12,129.05,-72.99,-98.99,6.220000000000001,-77.71000000000001,-125.38,22.1,58.05,-218.11
2025-07-23T17:37:42.956322,64.0,37.0,-189.0,8.0,-97.0,-172.0,89.0,13.0,-163.0,-68.0,57.0,-168.0,33.92,13.059999999999999,-171.12,9.05,-110.99,-153.99,92.22,21.29,-137.38,-50.9,5.049999999999997,-135.11
2025-07-23T17:37:42.960540,119.0,18.0,-170.0,11.0,-41.0,-202.0,-39.0,-34.0,-173.0,-46.0,137.0,-146.0,88.92,-5.940000000000001,-152.12,12.05,-54.99,-183.99,-35.78,-25.71,-147.38,-28.9,85.05,-113.11
2025-07-23T17:37:42.968917,143.0,-4.0,-28.0,1.0,26.0,-104.0,13.0,15.0,-209.0,13.0,68.0,-179.0,112.92,-27.94,-10.120000000000001,2.05,12.01,-85.99,16.22,23.29,-183.38,30.1,16.049999999999997,-146.11
2025-07-23T17:37:42.972889,83.0,57.0,-98.0,6.0,-28.0,-150.0,-18.0,-101.0,-152.0,-65.0,80.0,-208.0,52.92,33.06,-80.12,7.05,-41.99,-131.99,-14.78,-92.71000000000001,-126.38,-47.9,28.049999999999997,-175.11
2025-07-23T17:37:42.980843,71.0,54.0,-115.0,55.0,-11.0,-145.0,-37.0,-10.0,-133.0,-5.0,66.0,-174.0,40.92,30.06,-97.12,56.05,-24.990000000000002,-126.99,-33.78,-1.7100000000000009,-107.38,12.100000000000001,14.049999999999997,-141.11
2025-07-23T17:37:42.988996,43.0,87.0,-164.0,31.0,11.0,-125.0,-47.0,-56.0,-149.0,-37.0,101.0,-121.0,12.920000000000002,63.06,-146.12,32.05,-2.99,-106.99,-43.78,-47.71,-123.38,-19.9,49.05,-88.11
2025-07-23T17:37:42.993302,71.0,57.0,-206.0,56.0,-26.0,-141.0,6.0,12.0,-170.0,-122.0,53.0,-148.0,40.92,33.06,-188.12,57.05,-39.99,-122.99,9.22,20.29,-144.38,-104.9,1.0499999999999972,-115.11
2025-07-23T17:37:43.001263,68.0,64.0,-78.0,45.0,-65.0,-147.0,23.0,-83.0,-189.0,-40.0,126.0,-125.0,37.92,40.06,-60.120000000000005,46.05,-78.99,-128.99,26.22,-74.71000000000001,-163.38,-22.9,74.05,-92.11
2025-07-23T17:37:43.005715,48.0,65.0,-83.0,81.0,-125.0,-140.0,42.0,-27.0,-180.0,-19.0,73.0,-164.0,17.92,41.06,-65.12,82.05,-138.99,-121.99,45.22,-18.71,-154.38,-1.8999999999999986,21.049999999999997,-131.11
2025-07-23T17:37:43.013577,102.0,85.0,-136.0,-7.0,28.0,-108.0,11.0,-110.0,-84.0,-15.0,93.0,-175.0,71.92,61.06,-118.12,-5.95,14.01,-89.99,14.22,-101.71000000000001,-58.379999999999995,2.1000000000000014,41.05,-142.11
2025-07-23T17:37:43.017886,29.0,44.0,-158.0,69.0,-59.0,-143.0,-12.0,-84.0,-111.0,-3.0,65.0,-130.0,-1.0799999999999983,20.06,-140.12,70.05,-72.99,-124.99,-8.78,-75.71000000000001,-85.38,14.100000000000001,13.049999999999997,-97.11
2025-07-23T17:37:43.025973,73.0,62.0,-211.0,28.0,-61.0,-128.0,16.0,-1.0,-100.0,-148.0,16.0,-170.0,42.92,38.06,-193.12,29.05,-74.99,-109.99,19.22,7.289999999999999,-74.38,-130.9,-35.95,-137.11
2025-07-23T17:37:43.030112,17.0,-2.0,-196.0,55.0,-10.0,-127.0,-97.0,-21.0,-165.0,-71.0,89.0,-83.0,-13.079999999999998,-25.94,-178.12,56.05,-23.990000000000002,-108.99,-93.78,-12.71,-139.38,-53.9,37.05,-50.11
2025-07-23T17:37:43.038441,138.0,46.0,-122.0,25.0,-46.0,-133.0,-17.0,-58.0,-145.0,-79.0,118.0,-176.0,107.92,22.06,-104.12,26.05,-59.99,-114.99,-13.78,-49.71,-119.38,-61.9,66.05,-143.11
2025-07-23T17:37:43.042529,20.0,64.0,-160.0,21.0,-13.0,-158.0,-63.0,-28.0,-94.0,18.0,-3.0,-183.0,-10.079999999999998,40.06,-142.12,22.05,-26.990000000000002,-139.99,-59.78,-19.71,-68.38,35.1,-54.95,-150.11
2025-07-23T17:37:43.050399,83.0,91.0,-135.0,12.0,-15.0,-81.0,-92.0,-65.0,-116.0,-40.0,16.0,-101.0,52.92,67.06,-117.12,13.05,-28.990000000000002,-62.989999999999995,-88.78,-56.71,-90.38,-22.9,-35.95,-68.11
2025-07-23T17:37:43.054802,79.0,85.0,-145.0,40.0,65.0,-90.0,30.0,21.0,-113.0,-70.0,49.0,-77.0,48.92,61.06,-127.12,41.05,51.01,-71.99,33.22,29.29,-87.38,-52.9,-2.950000000000003,-44.11
2025-07-23T17:37:43.062936,118.0,-5.0,-133.0,17.0,-46.0,-108.0,-57.0,-71.0,-140.0,-38.0,70.0,-112.0,87.92,-28.94,-115.12,18.05,-59.99,-89.99,-53.78,-62.71,-114.38,-20.9,18.049999999999997,-79.11
2025-07-23T17:37:43.071030,84.0,22.0,-165.0,46.0,-6.0,-146.0,50.0,-3.0,-176.0,-10.0,111.0,-181.0,53.92,-1.9400000000000013,-147.12,47.05,-19.990000000000002,-127.99,53.22,5.289999999999999,-150.38,7.100000000000001,59.05,-148.11
2025-07-23T17:37:43.076126,57.0,115.0,-132.0,95.0,-59.0,-151.0,62.0,-33.0,-151.0,9.0,78.0,-173.0,26.92,91.06,-114.12,96.05,-72.99,-132.99,65.22,-24.71,-125.38,26.1,26.049999999999997,-140.11
2025-07-23T17:37:43.083166,27.0,47.0,-92.0,73.0,13.0,-121.0,-60.0,-51.0,-114.0,-34.0,63.0,-147.0,-3.0799999999999983,23.06,-74.12,74.05,-0.9900000000000002,-102.99,-56.78,-42.71,-88.38,-16.9,11.049999999999997,-114.11
2025-07-23T17:37:43.087541,43.0,51.0,-168.0,-22.0,32.0,-162.0,-58.0,-10.0,-123.0,-69.0,45.0,-82.0,12.920000000000002,27.06,-150.12,-20.95,18.009999999999998,-143.99,-54.78,-1.7100000000000009,-97.38,-51.9,-6.950000000000003,-49.11
2025-07-23T17:37:43.095531,108.0,65.0,-147.0,34.0,5.0,-121.0,-105.0,11.0,-117.0,-46.0,104.0,-162.0,77.92,41.06,-129.12,35.05,-8.99,-102.99,-101.78,19.29,-91.38,-28.9,52.05,-129.11
2025-07-23T17:37:43.099729,110.0,-2.0,-68.0,86.0,-57.0,-133.0,-13.0,-99.0,-212.0,3.0,-1.0,-150.0,79.92,-25.94,-50.120000000000005,87.05,-70.99,-114.99,-9.78,-90.71000000000001,-186.38,20.1,-52.95,-117.11
2025-07-23T17:37:43.108453,9.0,20.0,-135.0,43.0,-41.0,-110.0,-17.0,-88.0,-114.0,-6.0,93.0,-127.0,-21.08,-3.9400000000000013,-117.12,44.05,-54.99,-91.99,-13.78,-79.71000000000001,-88.38,11.100000000000001,41.05,-94.11
2025-07-23T17:37:43.111978,65.0,57.0,-112.0,29.0,-40.0,-143.0,-26.0,-53.0,-148.0,-21.0,87.0,-183.0,34.92,33.06,-94.12,30.05,-53.99,-124.99,-22.78,-44.71,-122.38,-3.8999999999999986,35.05,-150.11
2025-07-23T17:37:43.121116,66.0,75.0,-202.0,46.0,-2.0,-180.0,-48.0,-22.0,-117.0,-16.0,90.0,-115.0,35.92,51.06,-184.12,47.05,-15.99,-161.99,-44.78,-13.71,-91.38,1.1000000000000014,38.05,-82.11
2025-07-23T17:37:43.125563,57.0,27.0,-202.0,27.0,-17.0,-68.0,-48.0,-15.0,-166.0,-65.0,70.0,-145.0,26.92,3.0599999999999987,-184.12,28.05,-30.990000000000002,-49.989999999999995,-44.78,-6.710000000000001,-140.38,-47.9,18.049999999999997,-112.11
2025-07-23T17:37:43.132507,78.0,32.0,-140.0,55.0,-8.0,-174.0,-12.0,26.0,-133.0,-47.0,52.0,-161.0,47.92,8.059999999999999,-122.12,56.05,-21.990000000000002,-155.99,-8.78,34.29,-107.38,-29.9,0.04999999999999716,-128.11
2025-07-23T17:37:43.137918,98.0,36.0,-114.0,23.0,-40.0,-123.0,17.0,-24.0,-111.0,-91.0,39.0,-197.0,67.92,12.059999999999999,-96.12,24.05,-53.99,-104.99,20.22,-15.71,-85.38,-73.9,-12.950000000000003,-164.11
2025-07-23T17:37:43.144799,2.0,41.0,-108.0,26.0,2.0,-140.0,0.0,41.0,-79.0,-7.0,86.0,-144.0,-28.08,17.06,-90.12,27.05,-11.99,-121.99,3.22,49.29,-53.379999999999995,10.100000000000001,34.05,-111.11
2025-07-23T17:37:43.152947,133.0,60.0,-108.0,34.0,35.0,-85.0,-62.0,-26.0,-114.0,-64.0,109.0,-177.0,102.92,36.06,-90.12,35.05,21.009999999999998,-66.99,-58.78,-17.71,-88.38,-46.9,57.05,-144.11
2025-07-23T17:37:43.157660,23.0,43.0,-155.0,105.0,-13.0,-126.0,5.0,-55.0,-124.0,-10.0,58.0,-156.0,-7.079999999999998,19.06,-137.12,106.05,-26.990000000000002,-107.99,8.22,-46.71,-98.38,7.100000000000001,6.049999999999997,-123.11
2025-07-23T17:37:43.165106,157.0,21.0,-213.0,67.0,-24.0,-130.0,-38.0,-68.0,-118.0,-22.0,31.0,-131.0,126.92,-2.9400000000000013,-195.12,68.05,-37.99,-111.99,-34.78,-59.71,-92.38,-4.899999999999999,-20.950000000000003,-98.11
2025-07-23T17:37:43.170202,43.0,76.0,-118.0,41.0,-30.0,-100.0,-56.0,-6.0,-177.0,-48.0,47.0,-109.0,12.920000000000002,52.06,-100.12,42.05,-43.99,-81.99,-52.78,2.289999999999999,-151.38,-30.9,-4.950000000000003,-76.11
2025-07-23T17:37:43.177398,84.0,26.0,-177.0,122.0,-1.0,-171.0,72.0,-44.0,-91.0,-62.0,121.0,-131.0,53.92,2.0599999999999987,-159.12,123.05,-14.99,-152.99,75.22,-35.71,-65.38,-44.9,69.05,-98.11
2025-07-23T17:37:43.182147,79.0,75.0,-81.0,49.0,-58.0,-161.0,-24.0,-46.0,-185.0,-23.0,48.0,-158.0,48.92,51.06,-63.120000000000005,50.05,-71.99,-142.99,-20.78,-37.71,-159.38,-5.899999999999999,-3.950000000000003,-125.11
2025-07-23T17:37:43.189783,56.0,44.0,-152.0,-9.0,13.0,-167.0,-25.0,-10.0,-117.0,-95.0,82.0,-115.0,25.92,20.06,-134.12,-7.95,-0.9900000000000002,-148.99,-21.78,-1.7100000000000009,-91.38,-77.9,30.049999999999997,-82.11
2025-07-23T17:37:43.194004,53.0,71.0,-195.0,64.0,-18.0,-167.0,-37.0,-64.0,-151.0,-40.0,1.0,-173.0,22.92,47.06,-177.12,65.05,-31.990000000000002,-148.99,-33.78,-55.71,-125.38,-22.9,-50.95,-140.11
2025-07-23T17:37:43.202207,43.0,40.0,-211.0,16.0,-60.0,-145.0,-52.0,-117.0,-161.0,-70.0,84.0,-176.0,12.920000000000002,16.06,-193.12,17.05,-73.99,-126.99,-48.78,-108.71000000000001,-135.38,-52.9,32.05,-143.11
2025-07-23T17:37:43.206993,98.0,34.0,-145.0,34.0,21.0,-188.0,-45.0,-27.0,-126.0,-57.0,41.0,-185.0,67.92,10.059999999999999,-127.12,35.05,7.01,-169.99,-41.78,-18.71,-100.38,-39.9,-10.950000000000003,-152.11
2025-07-23T17:37:43.214378,38.0,31.0,-159.0,-20.0,5.0,-155.0,-111.0,-12.0,-120.0,-53.0,105.0,-202.0,7.920000000000002,7.059999999999999,-141.12,-18.95,-8.99,-136.99,-107.78,-3.710000000000001,-94.38,-35.9,53.05,-169.11
2025-07-23T17:37:43.222426,105.0,101.0,-85.0,86.0,24.0,-176.0,-32.0,-1.0,-168.0,-54.0,26.0,-159.0,74.92,77.06,-67.12,87.05,10.01,-157.99,-28.78,7.289999999999999,-142.38,-36.9,-25.950000000000003,-126.11
2025-07-23T17:37:43.226842,30.0,78.0,-197.0,14.0,-21.0,-107.0,-24.0,-22.0,-140.0,-34.0,26.0,-133.0,-0.0799999999999983,54.06,-179.12,15.05,-34.99,-88.99,-20.78,-13.71,-114.38,-16.9,-25.950000000000003,-100.11
2025-07-23T17:37:43.234723,112.0,35.0,-130.0,20.0,-7.0,-150.0,1.0,-34.0,-104.0,-77.0,116.0,-180.0,81.92,11.059999999999999,-112.12,21.05,-20.990000000000002,-131.99,4.220000000000001,-25.71,-78.38,-59.9,64.05,-147.11
2025-07-23T17:37:43.239071,37.0,50.0,-156.0,-12.0,-11.0,-57.0,-32.0,-52.0,-74.0,-34.0,13.0,-191.0,6.920000000000002,26.06,-138.12,-10.95,-24.990000000000002,-38.989999999999995,-28.78,-43.71,-48.379999999999995,-16.9,-38.95,-158.11
2025-07-23T17:37:43.246994,35.0,28.0,-131.0,0.0,-54.0,-133.0,-53.0,50.0,-133.0,-47.0,59.0,-176.0,4.920000000000002,4.059999999999999,-113.12,1.05,-67.99,-114.99,-49.78,58.29,-107.38,-29.9,7.049999999999997,-143.11
2025-07-23T17:37:43.251173,62.0,55.0,-166.0,30.0,-9.0,-91.0,-57.0,1.0,-96.0,-71.0,68.0,-146.0,31.92,31.06,-148.12,31.05,-22.990000000000002,-72.99,-53.78,9.29,-70.38,-53.9,16.049999999999997,-113.11
2025-07-23T17:37:43.259429,48.0,31.0,-152.0,73.0,-23.0,-129.0,-86.0,-35.0,-111.0,-102.0,43.0,-202.0,17.92,7.059999999999999,-134.12,74.05,-36.99,-110.99,-82.78,-26.71,-85.38,-84.9,-8.950000000000003,-169.11
2025-07-23T17:37:43.263612,76.0,81.0,-139.0,4.0,-22.0,-156.0,-64.0,20.0,-169.0,-68.0,55.0,-194.0,45.92,57.06,-121.12,5.05,-35.99,-137.99,-60.78,28.29,-143.38,-50.9,3.049999999999997,-161.11
2025-07-23T17:37:43.271858,132.0,84.0,-200.0,24.0,-45.0,-180.0,-23.0,-99.0,-76.0,-24.0,40.0,-207.0,101.92,60.06,-182.12,25.05,-58.99,-161.99,-19.78,-90.71000000000001,-50.379999999999995,-6.899999999999999,-11.950000000000003,-174.11
2025-07-23T17:37:43.276011,76.0,-8.0,-206.0,6.0,23.0,-197.0,-23.0,-48.0,-144.0,-20.0,38.0,-141.0,45.92,-31.94,-188.12,7.05,9.01,-178.99,-19.78,-39.71,-118.38,-2.8999999999999986,-13.950000000000003,-108.11
2025-07-23T17:37:43.283975,55.0,24.0,-115.0,48.0,12.0,-176.0,-47.0,9.0,-163.0,-9.0,110.0,-137.0,24.92,0.05999999999999872,-97.12,49.05,-1.9900000000000002,-157.99,-43.78,17.29,-137.38,8.100000000000001,58.05,-104.11
2025-07-23T17:37:43.288893,86.0,-53.0,-129.0,-41.0,4.0,-156.0,-2.0,-68.0,-154.0,-58.0,87.0,-141.0,55.92,-76.94,-111.12,-39.95,-9.99,-137.99,1.2200000000000002,-59.71,-128.38,-40.9,35.05,-108.11
2025-07-23T17:37:43.296303,79.0,69.0,-118.0,82.0,-18.0,-199.0,13.0,-75.0,-135.0,-65.0,127.0,-117.0,48.92,45.06,-100.12,83.05,-31.990000000000002,-180.99,16.22,-66.71000000000001,-109.38,-47.9,75.05,-84.11
2025-07-23T17:37:43.304308,46.0,53.0,-206.0,33.0,-52.0,-157.0,-63.0,-41.0,-88.0,-84.0,87.0,-128.0,15.920000000000002,29.06,-188.12,34.05,-65.99,-138.99,-59.78,-32.71,-62.379999999999995,-66.9,35.05,-95.11
2025-07-23T17:37:43.308684,85.0,43.0,-174.0,79.0,-1.0,-154.0,-47.0,-44.0,-182.0,-62.0,68.0,-170.0,54.92,19.06,-156.12,80.05,-14.99,-135.99,-43.78,-35.71,-156.38,-44.9,16.049999999999997,-137.11
2025-07-23T17:37:43.316611,90.0,72.0,-204.0,99.0,-30.0,-122.0,-46.0,-10.0,-172.0,-69.0,68.0,-188.0,59.92,48.06,-186.12,100.05,-43.99,-103.99,-42.78,-1.7100000000000009,-146.38,-51.9,16.049999999999997,-155.11
2025-07-23T17:37:43.321025,90.0,87.0,-132.0,51.0,-7.0,-159.0,-13.0,-29.0,-148.0,-32.0,21.0,-150.0,59.92,63.06,-114.12,52.05,-20.990000000000002,-140.99,-9.78,-20.71,-122.38,-14.899999999999999,-30.950000000000003,-117.11
2025-07-23T17:37:43.329000,54.0,14.0,-104.0,79.0,-21.0,-102.0,-67.0,-97.0,-125.0,-99.0,17.0,-101.0,23.92,-9.940000000000001,-86.12,80.05,-34.99,-83.99,-63.78,-88.71000000000001,-99.38,-81.9,-34.95,-68.11
2025-07-23T17:37:43.333192,-3.0,76.0,-129.0,51.0,26.0,-130.0,-68.0,-22.0,-169.0,-64.0,83.0,-96.0,-33.08,52.06,-111.12,52.05,12.01,-111.99,-64.78,-13.71,-143.38,-46.9,31.049999999999997,-63.11
2025-07-23T17:37:43.341203,-4.0,25.0,-184.0,66.0,-14.0,-157.0,0.0,26.0,-162.0,-68.0,87.0,-186.0,-34.08,1.0599999999999987,-166.12,67.05,-27.990000000000002,-138.99,3.22,34.29,-136.38,-50.9,35.05,-153.11
2025-07-23T17:37:43.345467,64.0,115.0,-127.0,25.0,-11.0,-138.0,-5.0,-22.0,-77.0,-31.0,22.0,-151.0,33.92,91.06,-109.12,26.05,-24.990000000000002,-119.99,-1.7799999999999998,-13.71,-51.379999999999995,-13.899999999999999,-29.950000000000003,-118.11
2025-07-23T17:37:43.353731,105.0,-3.0,-176.0,7.0,18.0,-155.0,-42.0,-42.0,-158.0,-46.0,41.0,-167.0,74.92,-26.94,-158.12,8.05,4.01,-136.99,-38.78,-33.71,-132.38,-28.9,-10.950000000000003,-134.11
2025-07-23T17:37:43.357917,132.0,13.0,-162.0,47.0,17.0,-152.0,-41.0,-22.0,-73.0,-16.0,84.0,-145.0,101.92,-10.940000000000001,-144.12,48.05,3.01,-133.99,-37.78,-13.71,-47.379999999999995,1.1000000000000014,32.05,-112.11
2025-07-23T17:37:43.365798,60.0,-27.0,-108.0,-13.0,26.0,-195.0,-57.0,-3.0,-157.0,-16.0,24.0,-142.0,29.92,-50.94,-90.12,-11.95,12.01,-176.99,-53.78,5.289999999999999,-131.38,1.1000000000000014,-27.950000000000003,-109.11
2025-07-23T17:37:43.370362,75.0,-8.0,-101.0,38.0,-44.0,-116.0,-61.0,10.0,-162.0,-57.0,119.0,-102.0,44.92,-31.94,-83.12,39.05,-57.99,-97.99,-57.78,18.29,-136.38,-39.9,67.05,-69.11
2025-07-23T17:37:43.378119,34.0,4.0,-155.0,-17.0,3.0,-141.0,-7.0,-48.0,-170.0,-97.0,157.0,-200.0,3.9200000000000017,-19.94,-137.12,-15.95,-10.99,-122.99,-3.78,-39.71,-144.38,-79.9,105.05,-167.11
2025-07-23T17:37:43.382273,118.0,87.0,-198.0,13.0,52.0,-139.0,-6.0,-43.0,-85.0,-17.0,81.0,-155.0,87.92,63.06,-180.12,14.05,38.01,-120.99,-2.78,-34.71,-59.379999999999995,0.10000000000000142,29.049999999999997,-122.11
2025-07-23T17:37:43.390531,16.0,-25.0,-152.0,24.0,-16.0,-184.0,-25.0,-63.0,-63.0,-53.0,65.0,-111.0,-14.079999999999998,-48.94,-134.12,25.05,-29.990000000000002,-165.99,-21.78,-54.71,-37.379999999999995,-35.9,13.049999999999997,-78.11
2025-07-23T17:37:43.398457,76.0,74.0,-113.0,75.0,48.0,-120.0,-33.0,5.0,-170.0,-85.0,89.0,-195.0,45.92,50.06,-95.12,76.05,34.01,-101.99,-29.78,13.29,-144.38,-67.9,37.05,-162.11
2025-07-23T17:37:43.402810,51.0,82.0,-107.0,49.0,-14.0,-86.0,27.0,13.0,-109.0,-64.0,103.0,-117.0,20.92,58.06,-89.12,50.05,-27.990000000000002,-67.99,30.22,21.29,-83.38,-46.9,51.05,-84.11
2025-07-23T17:37:43.410813,38.0,45.0,-155.0,85.0,-7.0,-134.0,-36.0,-8.0,-135.0,-74.0,87.0,-102.0,7.920000000000002,21.06,-137.12,86.05,-20.990000000000002,-115.99,-32.78,0.28999999999999915,-109.38,-56.9,35.05,-69.11
2025-07-23T17:37:43.415045,64.0,18.0,-216.0,52.0,-72.0,-160.0,-4.0,-48.0,-170.0,-121.0,121.0,-186.0,33.92,-5.940000000000001,-198.12,53.05,-85.99,-141.99,-0.7799999999999998,-39.71,-144.38,-103.9,69.05,-153.11
2025-07-23T17:37:43.423229,70.0,-7.0,-139.0,59.0,3.0,-162.0,15.0,-14.0,-146.0,-40.0,92.0,-158.0,39.92,-30.94,-121.12,60.05,-10.99,-143.99,18.22,-5.710000000000001,-120.38,-22.9,40.05,-125.11
2025-07-23T17:37:43.427364,109.0,-26.0,-165.0,55.0,-6.0,-94.0,-55.0,-97.0,-128.0,-65.0,72.0,-95.0,78.92,-49.94,-147.12,56.05,-19.990000000000002,-75.99,-51.78,-88.71000000000001,-102.38,-47.9,20.049999999999997,-62.11
2025-07-23T17:37:43.435920,32.0,71.0,-152.0,16.0,9.0,-145.0,20.0,-21.0,-142.0,-79.0,41.0,-180.0,1.9200000000000017,47.06,-134.12,17.05,-4.99,-126.99,23.22,-12.71,-116.38,-61.9,-10.950000000000003,-147.11
2025-07-23T17:37:43.439817,15.0,66.0,-88.0,-1.0,-5.0,-105.0,-58.0,-1.0,-201.0,-135.0,60.0,-88.0,-15.079999999999998,42.06,-70.12,0.050000000000000044,-18.990000000000002,-86.99,-54.78,7.289999999999999,-175.38,-117.9,8.049999999999997,-55.11
2025-07-23T17:37:43.447921,67.0,35.0,-204.0,43.0,-11.0,-114.0,-49.0,-32.0,-88.0,-42.0,157.0,-170.0,36.92,11.059999999999999,-186.12,44.05,-24.990000000000002,-95.99,-45.78,-23.71,-62.379999999999995,-24.9,105.05,-137.11
2025-07-23T17:37:43.452388,69.0,84.0,-197.0,106.0,-58.0,-135.0,30.0,-3.0,-78.0,-62.0,68.0,-157.0,38.92,60.06,-179.12,107.05,-71.99,-116.99,33.22,5.289999999999999,-52.379999999999995,-44.9,16.049999999999997,-124.11
2025-07-23T17:37:43.460470,86.0,0.0,-172.0,17.0,-6.0,-101.0,-9.0,-27.0,-164.0,-19.0,63.0,-159.0,55.92,-23.94,-154.12,18.05,-19.990000000000002,-82.99,-5.779999999999999,-18.71,-138.38,-1.8999999999999986,11.049999999999997,-126.11
2025-07-23T17:37:43.464308,40.0,85.0,-173.0,70.0,-30.0,-153.0,-4.0,0.0,-86.0,-23.0,60.0,-125.0,9.920000000000002,61.06,-155.12,71.05,-43.99,-134.99,-0.7799999999999998,8.29,-60.379999999999995,-5.899999999999999,8.049999999999997,-92.11
2025-07-23T17:37:43.472439,25.0,-9.0,-120.0,30.0,-56.0,-131.0,-21.0,-16.0,-191.0,-122.0,32.0,-181.0,-5.079999999999998,-32.94,-102.12,31.05,-69.99,-112.99,-17.78,-7.710000000000001,-165.38,-104.9,-19.950000000000003,-148.11
2025-07-23T17:37:43.476662,29.0,67.0,-131.0,80.0,8.0,-127.0,-76.0,-43.0,-96.0,-37.0,27.0,-101.0,-1.0799999999999983,43.06,-113.12,81.05,-5.99,-108.99,-72.78,-34.71,-70.38,-19.9,-24.950000000000003,-68.11
2025-07-23T17:37:43.484957,36.0,58.0,-158.0,25.0,-72.0,-116.0,-7.0,31.0,-92.0,-61.0,37.0,-243.0,5.920000000000002,34.06,-140.12,26.05,-85.99,-97.99,-3.78,39.29,-66.38,-43.9,-14.950000000000003,-210.11
2025-07-23T17:37:43.492695,96.0,88.0,-165.0,7.0,44.0,-120.0,-19.0,-21.0,-148.0,-2.0,115.0,-123.0,65.92,64.06,-147.12,8.05,30.009999999999998,-101.99,-15.78,-12.71,-122.38,15.100000000000001,63.05,-90.11
2025-07-23T17:37:43.496884,87.0,25.0,-174.0,94.0,-50.0,-91.0,23.0,-101.0,-93.0,-13.0,58.0,-181.0,56.92,1.0599999999999987,-156.12,95.05,-63.99,-72.99,26.22,-92.71000000000001,-67.38,4.100000000000001,6.049999999999997,-148.11
2025-07-23T17:37:43.505135,57.0,38.0,-50.0,68.0,-19.0,-166.0,-1.0,-60.0,-112.0,-75.0,-17.0,-147.0,26.92,14.059999999999999,-32.120000000000005,69.05,-32.99,-147.99,2.22,-51.71,-86.38,-57.9,-68.95,-114.11
2025-07-23T17:37:43.509283,-13.0,-61.0,-160.0,78.0,0.0,-164.0,-52.0,-23.0,-136.0,-103.0,76.0,-152.0,-43.08,-84.94,-142.12,79.05,-13.99,-145.99,-48.78,-14.71,-110.38,-85.9,24.049999999999997,-119.11
2025-07-23T17:37:43.517573,50.0,78.0,-148.0,76.0,-52.0,-113.0,-44.0,-27.0,-133.0,-44.0,48.0,-188.0,19.92,54.06,-130.12,77.05,-65.99,-94.99,-40.78,-18.71,-107.38,-26.9,-3.950000000000003,-155.11
2025-07-23T17:37:43.521669,53.0,40.0,-188.0,-24.0,-28.0,-114.0,-23.0,-72.0,-133.0,-38.0,51.0,-200.0,22.92,16.06,-170.12,-22.95,-41.99,-95.99,-19.78,-63.71,-107.38,-20.9,-0.9500000000000028,-167.11
2025-07-23T17:37:43.529630,68.0,82.0,-213.0,33.0,10.0,-124.0,-27.0,-6.0,-112.0,26.0,43.0,-200.0,37.92,58.06,-195.12,34.05,-3.99,-105.99,-23.78,2.289999999999999,-86.38,43.1,-8.950000000000003,-167.11
2025-07-23T17:37:43.534236,100.0,-25.0,-174.0,79.0,48.0,-144.0,-109.0,-1.0,-145.0,-51.0,94.0,-122.0,69.92,-48.94,-156.12,80.05,34.01,-125.99,-105.78,7.289999999999999,-119.38,-33.9,42.05,-89.11
2025-07-23T17:37:43.542045,49.0,-24.0,-77.0,55.0,-15.0,-174.0,-58.0,-25.0,-137.0,-50.0,43.0,-101.0,18.92,-47.94,-59.120000000000005,56.05,-28.990000000000002,-155.99,-54.78,-16.71,-111.38,-32.9,-8.950000000000003,-68.11
2025-07-23T17:37:43.546524,30.0,15.0,-94.0,34.0,-43.0,-215.0,-22.0,-42.0,-152.0,-65.0,49.0,-150.0,-0.0799999999999983,-8.940000000000001,-76.12,35.05,-56.99,-196.99,-18.78,-33.71,-126.38,-47.9,-2.950000000000003,-117.11
2025-07-23T17:37:43.554329,87.0,55.0,-117.0,8.0,38.0,-152.0,-63.0,-42.0,-160.0,-55.0,110.0,-181.0,56.92,31.06,-99.12,9.05,24.009999999999998,-133.99,-59.78,-33.71,-134.38,-37.9,58.05,-148.11
2025-07-23T17:37:43.558494,42.0,19.0,-202.0,41.0,10.0,-182.0,-38.0,-39.0,-97.0,-95.0,129.0,-208.0,11.920000000000002,-4.940000000000001,-184.12,42.05,-3.99,-163.99,-34.78,-30.71,-71.38,-77.9,77.05,-175.11
2025-07-23T17:37:43.566832,49.0,87.0,-212.0,21.0,-1.0,-111.0,-10.0,-60.0,-108.0,-89.0,64.0,-155.0,18.92,63.06,-194.12,22.05,-14.99,-92.99,-6.779999999999999,-51.71,-82.38,-71.9,12.049999999999997,-122.11
2025-07-23T17:37:43.574709,70.0,16.0,-149.0,1.0,19.0,-111.0,-18.0,-4.0,-133.0,-75.0,87.0,-113.0,39.92,-7.940000000000001,-131.12,2.05,5.01,-92.99,-14.78,4.289999999999999,-107.38,-57.9,35.05,-80.11
2025-07-23T17:37:43.578894,45.0,46.0,-179.0,9.0,37.0,-157.0,-78.0,16.0,-140.0,-8.0,30.0,-124.0,14.920000000000002,22.06,-161.12,10.05,23.009999999999998,-138.99,-74.78,24.29,-114.38,9.100000000000001,-21.950000000000003,-91.11
2025-07-23T17:37:43.587075,98.0,34.0,-62.0,28.0,15.0,-171.0,-26.0,-2.0,-156.0,-75.0,40.0,-129.0,67.92,10.059999999999999,-44.120000000000005,29.05,1.0099999999999998,-152.99,-22.78,6.289999999999999,-130.38,-57.9,-11.950000000000003,-96.11
2025-07-23T17:37:43.591321,118.0,58.0,-162.0,-1.0,11.0,-183.0,-36.0,-41.0,-154.0,-51.0,63.0,-184.0,87.92,34.06,-144.12,0.050000000000000044,-2.99,-164.99,-32.78,-32.71,-128.38,-33.9,11.049999999999997,-151.11
2025-07-23T17:37:43.599213,-2.0,-9.0,-168.0,60.0,-92.0,-158.0,-43.0,-18.0,-131.0,-15.0,51.0,-146.0,-32.08,-32.94,-150.12,61.05,-105.99,-139.99,-39.78,-9.71,-105.38,2.1000000000000014,-0.9500000000000028,-113.11
2025-07-23T17:37:43.604486,92.0,84.0,-131.0,73.0,-16.0,-122.0,-108.0,-74.0,-165.0,-139.0,54.0,-182.0,61.92,60.06,-113.12,74.05,-29.990000000000002,-103.99,-104.78,-65.71000000000001,-139.38,-121.9,2.049999999999997,-149.11
2025-07-23T17:37:43.611610,43.0,21.0,-117.0,26.0,21.0,-181.0,-43.0,-51.0,-188.0,-60.0,112.0,-102.0,12.920000000000002,-2.9400000000000013,-99.12,27.05,7.01,-162.99,-39.78,-42.71,-162.38,-42.9,60.05,-69.11
2025-07-23T17:37:43.616001,24.0,39.0,-66.0,-12.0,-22.0,-106.0,8.0,-60.0,-136.0,-86.0,112.0,-198.0,-6.079999999999998,15.059999999999999,-48.120000000000005,-10.95,-35.99,-87.99,11.22,-51.71,-110.38,-68.9,60.05,-165.11
2025-07-23T17:37:43.624160,54.0,49.0,-192.0,-35.0,-61.0,-122.0,-47.0,-52.0,-115.0,-105.0,95.0,-174.0,23.92,25.06,-174.12,-33.95,-74.99,-103.99,-43.78,-43.71,-89.38,-87.9,43.05,-141.11
2025-07-23T17:37:43.628129,122.0,48.0,-165.0,7.0,-90.0,-214.0,-44.0,-2.0,-160.0,-65.0,90.0,-210.0,91.92,24.06,-147.12,8.05,-103.99,-195.99,-40.78,6.289999999999999,-134.38,-47.9,38.05,-177.11
2025-07-23T17:37:43.636552,75.0,27.0,-113.0,68.0,33.0,-121.0,-12.0,-33.0,-166.0,-95.0,30.0,-133.0,44.92,3.0599999999999987,-95.12,69.05,19.009999999999998,-102.99,-8.78,-24.71,-140.38,-77.9,-21.950000000000003,-100.11
2025-07-23T17:37:43.640664,0.0,17.0,-150.0,6.0,31.0,-119.0,32.0,-39.0,-129.0,-49.0,38.0,-167.0,-30.08,-6.940000000000001,-132.12,7.05,17.009999999999998,-100.99,35.22,-30.71,-103.38,-31.9,-13.950000000000003,-134.11
2025-07-23T17:37:43.648534,155.0,123.0,-117.0,69.0,-25.0,-131.0,0.0,-83.0,-101.0,-75.0,130.0,-185.0,124.92,99.06,-99.12,70.05,-38.99,-112.99,3.22,-74.71000000000001,-75.38,-57.9,78.05,-152.11
2025-07-23T17:37:43.656609,-11.0,53.0,-136.0,81.0,3.0,-142.0,-37.0,-17.0,-98.0,-45.0,75.0,-114.0,-41.08,29.06,-118.12,82.05,-10.99,-123.99,-33.78,-8.71,-72.38,-27.9,23.049999999999997,-81.11
2025-07-23T17:37:43.660882,137.0,25.0,-119.0,18.0,-48.0,-96.0,-42.0,-12.0,-130.0,12.0,20.0,-111.0,106.92,1.0599999999999987,-101.12,19.05,-61.99,-77.99,-38.78,-3.710000000000001,-104.38,29.1,-31.950000000000003,-78.11
2025-07-23T17:37:43.669048,31.0,7.0,-181.0,9.0,40.0,-77.0,22.0,-44.0,-149.0,-32.0,115.0,-220.0,0.9200000000000017,-16.94,-163.12,10.05,26.009999999999998,-58.989999999999995,25.22,-35.71,-123.38,-14.899999999999999,63.05,-187.11
2025-07-23T17:37:43.673215,77.0,20.0,-95.0,8.0,-4.0,-98.0,-69.0,-8.0,-153.0,29.0,57.0,-119.0,46.92,-3.9400000000000013,-77.12,9.05,-17.990000000000002,-79.99,-65.78,0.28999999999999915,-127.38,46.1,5.049999999999997,-86.11
2025-07-23T17:37:43.681187,130.0,57.0,-115.0,39.0,-25.0,-96.0,42.0,-6.0,-182.0,-81.0,44.0,-117.0,99.92,33.06,-97.12,40.05,-38.99,-77.99,45.22,2.289999999999999,-156.38,-63.9,-7.950000000000003,-84.11
2025-07-23T17:37:43.685381,33.0,5.0,-66.0,-20.0,19.0,-113.0,-6.0,5.0,-114.0,-48.0,85.0,-102.0,2.9200000000000017,-18.94,-48.120000000000005,-18.95,5.01,-94.99,-2.78,13.29,-88.38,-30.9,33.05,-69.11
2025-07-23T17:37:43.693504,15.0,62.0,-91.0,27.0,78.0,-202.0,21.0,-31.0,-42.0,-80.0,82.0,-132.0,-15.079999999999998,38.06,-73.12,28.05,64.01,-183.99,24.22,-22.71,-16.38,-62.9,30.049999999999997,-99.11
2025-07-23T17:37:43.697722,73.0,84.0,-122.0,38.0,-20.0,-78.0,-35.0,9.0,-116.0,-94.0,87.0,-156.0,42.92,60.06,-104.12,39.05,-33.99,-59.989999999999995,-31.78,17.29,-90.38,-76.9,35.05,-123.11
2025-07-23T17:37:43.705954,92.0,56.0,-212.0,57.0,1.0,-91.0,-20.0,36.0,-75.0,-51.0,60.0,-70.0,61.92,32.06,-194.12,58.05,-12.99,-72.99,-16.78,44.29,-49.379999999999995,-33.9,8.049999999999997,-37.11
2025-07-23T17:37:43.710081,93.0,-43.0,-160.0,-1.0,12.0,-57.0,-26.0,-31.0,-120.0,-22.0,145.0,-127.0,62.92,-66.94,-142.12,0.050000000000000044,-1.9900000000000002,-38.989999999999995,-22.78,-22.71,-94.38,-4.899999999999999,93.05,-94.11
2025-07-23T17:37:43.717993,74.0,25.0,-87.0,-72.0,41.0,-96.0,-23.0,-7.0,-185.0,8.0,41.0,-54.0,43.92,1.0599999999999987,-69.12,-70.95,27.009999999999998,-77.99,-19.78,1.2899999999999991,-159.38,25.1,-10.950000000000003,-21.11
2025-07-23T17:37:43.722899,57.0,-10.0,-107.0,21.0,1.0,-63.0,-22.0,-47.0,-92.0,-43.0,32.0,-103.0,26.92,-33.94,-89.12,22.05,-12.99,-44.989999999999995,-18.78,-38.71,-66.38,-25.9,-19.950000000000003,-70.11
2025-07-23T17:37:43.730385,42.0,-3.0,-119.0,33.0,-8.0,-145.0,-67.0,-24.0,-104.0,-25.0,107.0,-132.0,11.920000000000002,-26.94,-101.12,34.05,-21.990000000000002,-126.99,-63.78,-15.71,-78.38,-7.899999999999999,55.05,-99.11
2025-07-23T17:37:43.734807,31.0,67.0,-96.0,11.0,-25.0,-51.0,17.0,-35.0,-81.0,-46.0,83.0,-87.0,0.9200000000000017,43.06,-78.12,12.05,-38.99,-32.989999999999995,20.22,-26.71,-55.379999999999995,-28.9,31.049999999999997,-54.11
2025-07-23T17:37:43.742827,30.0,55.0,-130.0,-53.0,-33.0,-127.0,10.0,24.0,-128.0,-101.0,17.0,-122.0,-0.0799999999999983,31.06,-112.12,-51.95,-46.99,-108.99,13.22,32.29,-102.38,-83.9,-34.95,-89.11
2025-07-23T17:37:43.746941,68.0,29.0,-125.0,40.0,-68.0,-77.0,63.0,32.0,-39.0,-20.0,33.0,-180.0,37.92,5.059999999999999,-107.12,41.05,-81.99,-58.989999999999995,66.22,40.29,-13.379999999999999,-2.8999999999999986,-18.950000000000003,-147.11
2025-07-23T17:37:43.755060,90.0,48.0,-142.0,22.0,-61.0,-165.0,-43.0,26.0,-78.0,-21.0,45.0,-47.0,59.92,24.06,-124.12,23.05,-74.99,-146.99,-39.78,34.29,-52.379999999999995,-3.8999999999999986,-6.950000000000003,-14.11
2025-07-23T17:37:43.759397,89.0,3.0,-114.0,-35.0,-19.0,-114.0,90.0,-59.0,-110.0,-10.0,62.0,-88.0,58.92,-20.94,-96.12,-33.95,-32.99,-95.99,93.22,-50.71,-84.38,7.100000000000001,10.049999999999997,-55.11
2025-07-23T17:37:43.767184,8.0,84.0,-97.0,-29.0,6.0,-160.0,-21.0,17.0,-80.0,64.0,98.0,-71.0,-22.08,60.06,-79.12,-27.95,-7.99,-141.99,-17.78,25.29,-54.379999999999995,81.1,46.05,-38.11
2025-07-23T17:37:43.771890,43.0,4.0,-77.0,56.0,5.0,-63.0,0.0,-52.0,-53.0,-40.0,86.0,-142.0,12.920000000000002,-19.94,-59.120000000000005,57.05,-8.99,-44.989999999999995,3.22,-43.71,-27.38,-22.9,34.05,-109.11
2025-07-23T17:37:43.779552,31.0,5.0,-115.0,88.0,33.0,-32.0,-47.0,-6.0,-9.0,-83.0,42.0,-103.0,0.9200000000000017,-18.94,-97.12,89.05,19.009999999999998,-13.989999999999998,-43.78,2.289999999999999,16.62,-65.9,-9.950000000000003,-70.11
2025-07-23T17:37:43.783983,82.0,-17.0,-46.0,110.0,-16.0,-88.0,-14.0,-56.0,-91.0,-40.0,74.0,-52.0,51.92,-40.94,-28.12,111.05,-29.990000000000002,-69.99,-10.78,-47.71,-65.38,-22.9,22.049999999999997,-19.11
2025-07-23T17:37:43.791897,37.0,70.0,-81.0,44.0,2.0,-52.0,-26.0,-5.0,-26.0,9.0,93.0,-87.0,6.920000000000002,46.06,-63.120000000000005,45.05,-11.99,-33.989999999999995,-22.78,3.289999999999999,-0.379999999999999,26.1,41.05,-54.11
2025-07-23T17:37:43.796095,57.0,54.0,-54.0,-63.0,-26.0,-95.0,-35.0,-19.0,-37.0,-11.0,109.0,-79.0,26.92,30.06,-36.120000000000005,-61.95,-39.99,-76.99,-31.78,-10.71,-11.379999999999999,6.100000000000001,57.05,-46.11
2025-07-23T17:37:43.804319,32.0,19.0,-72.0,69.0,-20.0,-60.0,-26.0,-12.0,-67.0,2.0,72.0,-60.0,1.9200000000000017,-4.940000000000001,-54.120000000000005,70.05,-33.99,-41.989999999999995,-22.78,-3.710000000000001,-41.379999999999995,19.1,20.049999999999997,-27.11
2025-07-23T17:37:43.808893,29.0,26.0,-84.0,-28.0,9.0,-39.0,62.0,47.0,-106.0,-38.0,29.0,-130.0,-1.0799999999999983,2.0599999999999987,-66.12,-26.95,-4.99,-20.99,65.22,55.29,-80.38,-20.9,-22.950000000000003,-97.11
2025-07-23T17:37:43.816377,85.0,40.0,-73.0,3.0,64.0,-100.0,3.0,-16.0,-126.0,-62.0,82.0,-180.0,54.92,16.06,-55.120000000000005,4.05,50.01,-81.99,6.220000000000001,-7.710000000000001,-100.38,-44.9,30.049999999999997,-147.11
2025-07-23T17:37:43.822598,153.0,20.0,-124.0,82.0,-28.0,-106.0,44.0,-40.0,-113.0,25.0,67.0,-96.0,122.92,-3.9400000000000013,-106.12,83.05,-41.99,-87.99,47.22,-31.71,-87.38,42.1,15.049999999999997,-63.11
2025-07-23T17:37:43.828730,27.0,33.0,-35.0,25.0,-57.0,-140.0,-11.0,-33.0,-49.0,-49.0,121.0,-110.0,-3.0799999999999983,9.059999999999999,-17.12,26.05,-70.99,-121.99,-7.779999999999999,-24.71,-23.38,-31.9,69.05,-77.11
2025-07-23T17:37:43.833426,15.0,-38.0,-97.0,-44.0,55.0,-117.0,-76.0,-27.0,-108.0,-2.0,61.0,-93.0,-15.079999999999998,-61.94,-79.12,-42.95,41.01,-98.99,-72.78,-18.71,-82.38,15.100000000000001,9.049999999999997,-60.11
2025-07-23T17:37:43.841033,8.0,51.0,-15.0,57.0,-6.0,-41.0,-12.0,33.0,-89.0,33.0,23.0,-104.0,-22.08,27.06,2.879999999999999,58.05,-19.990000000000002,-22.99,-8.78,41.29,-63.379999999999995,50.1,-28.950000000000003,-71.11
2025-07-23T17:37:43.845223,48.0,61.0,-41.0,82.0,-4.0,-102.0,14.0,87.0,-93.0,-112.0,66.0,-29.0,17.92,37.06,-23.12,83.05,-17.990000000000002,-83.99,17.22,95.28999999999999,-67.38,-94.9,14.049999999999997,3.8900000000000006
2025-07-23T17:37:43.853426,26.0,118.0,-120.0,22.0,3.0,-86.0,0.0,14.0,-76.0,22.0,69.0,-95.0,-4.079999999999998,94.06,-102.12,23.05,-10.99,-67.99,3.22,22.29,-50.379999999999995,39.1,17.049999999999997,-62.11
2025-07-23T17:37:43.857582,-65.0,88.0,-96.0,53.0,37.0,-92.0,44.0,-3.0,-40.0,-31.0,91.0,-62.0,-95.08,64.06,-78.12,54.05,23.009999999999998,-73.99,47.22,5.289999999999999,-14.379999999999999,-13.899999999999999,39.05,-29.11
2025-07-23T17:37:43.865546,-6.0,25.0,-123.0,-72.0,-20.0,-73.0,54.0,-67.0,-65.0,-73.0,71.0,-85.0,-36.08,1.0599999999999987,-105.12,-70.95,-33.99,-54.989999999999995,57.22,-58.71,-39.379999999999995,-55.9,19.049999999999997,-52.11
2025-07-23T17:37:43.870705,63.0,15.0,-124.0,-18.0,9.0,-60.0,-43.0,-32.0,-60.0,-96.0,46.0,-11.0,32.92,-8.940000000000001,-106.12,-16.95,-4.99,-41.989999999999995,-39.78,-23.71,-34.379999999999995,-78.9,-5.950000000000003,21.89
2025-07-23T17:37:43.877912,107.0,64.0,-29.0,39.0,-20.0,-39.0,10.0,-12.0,-51.0,24.0,118.0,-126.0,76.92,40.06,-11.120000000000001,40.05,-33.99,-20.99,13.22,-3.710000000000001,-25.38,41.1,66.05,-93.11
2025-07-23T17:37:43.881983,98.0,25.0,-95.0,-12.0,-70.0,-144.0,-79.0,-17.0,-70.0,6.0,46.0,-96.0,67.92,1.0599999999999987,-77.12,-10.95,-83.99,-125.99,-75.78,-8.71,-44.379999999999995,23.1,-5.950000000000003,-63.11
2025-07-23T17:37:43.890244,31.0,42.0,-35.0,1.0,-43.0,-111.0,-22.0,-38.0,-100.0,20.0,36.0,-173.0,0.9200000000000017,18.06,-17.12,2.05,-56.99,-92.99,-18.78,-29.71,-74.38,37.1,-15.950000000000003,-140.11
2025-07-23T17:37:43.894310,19.0,67.0,-70.0,10.0,-4.0,-87.0,43.0,39.0,-142.0,-32.0,45.0,-95.0,-11.079999999999998,43.06,-52.120000000000005,11.05,-17.990000000000002,-68.99,46.22,47.29,-116.38,-14.899999999999999,-6.950000000000003,-62.11
2025-07-23T17:37:43.902509,-35.0,32.0,-49.0,55.0,85.0,-21.0,15.0,14.0,-103.0,-16.0,55.0,-129.0,-65.08,8.059999999999999,-31.12,56.05,71.01,-2.9899999999999984,18.22,22.29,-77.38,1.1000000000000014,3.049999999999997,-96.11
2025-07-23T17:37:43.906755,19.0,85.0,-58.0,-64.0,13.0,-154.0,7.0,-34.0,-63.0,-51.0,15.0,-13.0,-11.079999999999998,61.06,-40.120000000000005,-62.95,-0.9900000000000002,-135.99,10.22,-25.71,-37.379999999999995,-33.9,-36.95,19.89
2025-07-23T17:37:43.914786,55.0,-72.0,-97.0,-5.0,-22.0,-16.0,-17.0,58.0,-112.0,-61.0,36.0,-53.0,24.92,-95.94,-79.12,-3.95,-35.99,2.0100000000000016,-13.78,66.28999999999999,-86.38,-43.9,-15.950000000000003,-20.11
2025-07-23T17:37:43.919020,30.0,11.0,-51.0,7.0,17.0,-50.0,-9.0,54.0,-24.0,-97.0,50.0,-46.0,-0.0799999999999983,-12.940000000000001,-33.120000000000005,8.05,3.01,-31.99,-5.779999999999999,62.29,1.620000000000001,-79.9,-1.9500000000000028,-13.11
2025-07-23T17:37:43.927068,26.0,12.0,-37.0,2.0,38.0,-76.0,-38.0,75.0,-109.0,-91.0,57.0,-125.0,-4.079999999999998,-11.940000000000001,-19.12,3.05,24.009999999999998,-57.989999999999995,-34.78,83.28999999999999,-83.38,-73.9,5.049999999999997,-92.11
2025-07-23T17:37:43.931095,61.0,83.0,0.0,20.0,26.0,-24.0,35.0,27.0,-113.0,10.0,47.0,-41.0,30.92,59.06,17.88,21.05,12.01,-5.989999999999998,38.22,35.29,-87.38,27.1,-4.950000000000003,-8.11
2025-07-23T17:37:43.939431,-12.0,9.0,-67.0,-7.0,1.0,-53.0,50.0,-25.0,-130.0,-42.0,41.0,-68.0,-42.08,-14.940000000000001,-49.120000000000005,-5.95,-12.99,-34.989999999999995,53.22,-16.71,-104.38,-24.9,-10.950000000000003,-35.11
2025-07-23T17:37:43.943489,18.0,18.0,-76.0,7.0,14.0,-29.0,-53.0,-65.0,-43.0,-25.0,25.0,-65.0,-12.079999999999998,-5.940000000000001,-58.120000000000005,8.05,0.009999999999999787,-10.989999999999998,-49.78,-56.71,-17.38,-7.899999999999999,-26.950000000000003,-32.11
2025-07-23T17:37:43.951458,-13.0,45.0,-28.0,43.0,46.0,-77.0,9.0,-29.0,0.0,-47.0,55.0,-60.0,-43.08,21.06,-10.120000000000001,44.05,32.01,-58.989999999999995,12.22,-20.71,25.62,-29.9,3.049999999999997,-27.11
2025-07-23T17:37:43.956042,-28.0,40.0,-35.0,68.0,-37.0,-37.0,15.0,-73.0,-22.0,-67.0,26.0,-135.0,-58.08,16.06,-17.12,69.05,-50.99,-18.99,18.22,-64.71000000000001,3.620000000000001,-49.9,-25.950000000000003,-102.11
2025-07-23T17:37:43.964113,38.0,46.0,-76.0,-6.0,-102.0,-48.0,1.0,-47.0,-9.0,-83.0,33.0,-139.0,7.920000000000002,22.06,-58.120000000000005,-4.95,-115.99,-29.99,4.220000000000001,-38.71,16.62,-65.9,-18.950000000000003,-106.11
2025-07-23T17:37:43.967981,107.0,42.0,-113.0,22.0,33.0,-88.0,-6.0,14.0,-12.0,5.0,101.0,-69.0,76.92,18.06,-95.12,23.05,19.009999999999998,-69.99,-2.78,22.29,13.620000000000001,22.1,49.05,-36.11
2025-07-23T17:37:43.976196,-43.0,117.0,-65.0,28.0,1.0,-108.0,-23.0,44.0,-81.0,37.0,76.0,-165.0,-73.08,93.06,-47.120000000000005,29.05,-12.99,-89.99,-19.78,52.29,-55.379999999999995,54.1,24.049999999999997,-132.11
2025-07-23T17:37:43.980272,44.0,-12.0,-39.0,-7.0,-20.0,-37.0,-9.0,0.0,-92.0,16.0,65.0,-116.0,13.920000000000002,-35.94,-21.12,-5.95,-33.99,-18.99,-5.779999999999999,8.29,-66.38,33.1,13.049999999999997,-83.11
2025-07-23T17:37:43.988523,69.0,14.0,-60.0,-11.0,43.0,-58.0,5.0,-17.0,-16.0,-23.0,19.0,-115.0,38.92,-9.940000000000001,-42.120000000000005,-9.95,29.009999999999998,-39.989999999999995,8.22,-8.71,9.620000000000001,-5.899999999999999,-32.95,-82.11
2025-07-23T17:37:43.992635,70.0,41.0,-51.0,-13.0,18.0,-57.0,14.0,-4.0,-63.0,-10.0,-3.0,-65.0,39.92,17.06,-33.120000000000005,-11.95,4.01,-38.989999999999995,17.22,4.289999999999999,-37.379999999999995,7.100000000000001,-54.95,-32.11
2025-07-23T17:37:44.000690,66.0,14.0,-63.0,29.0,-6.0,-20.0,28.0,-4.0,-57.0,-1.0,43.0,-11.0,35.92,-9.940000000000001,-45.120000000000005,30.05,-19.990000000000002,-1.9899999999999984,31.22,4.289999999999999,-31.38,16.1,-8.950000000000003,21.89
2025-07-23T17:37:44.005154,161.0,26.0,-62.0,-39.0,32.0,-46.0,64.0,-3.0,-107.0,27.0,116.0,-59.0,130.92000000000002,2.0599999999999987,-44.120000000000005,-37.95,18.009999999999998,-27.99,67.22,5.289999999999999,-81.38,44.1,64.05,-26.11
2025-07-23T17:37:44.012938,-17.0,24.0,-72.0,-43.0,-20.0,9.0,74.0,-28.0,-72.0,-6.0,59.0,-36.0,-47.08,0.05999999999999872,-54.120000000000005,-41.95,-33.99,27.01,77.22,-19.71,-46.379999999999995,11.100000000000001,7.049999999999997,-3.1099999999999994
2025-07-23T17:37:44.017219,42.0,24.0,-3.0,27.0,31.0,-63.0,86.0,-44.0,-41.0,-13.0,25.0,-23.0,11.920000000000002,0.05999999999999872,14.879999999999999,28.05,17.009999999999998,-44.989999999999995,89.22,-35.71,-15.379999999999999,4.100000000000001,-26.950000000000003,9.89
2025-07-23T17:37:44.025286,9.0,68.0,-52.0,9.0,52.0,-50.0,25.0,8.0,-79.0,-47.0,105.0,-96.0,-21.08,44.06,-34.120000000000005,10.05,38.01,-31.99,28.22,16.29,-53.379999999999995,-29.9,53.05,-63.11
2025-07-23T17:37:44.029545,40.0,51.0,-85.0,8.0,63.0,-38.0,82.0,4.0,-56.0,-5.0,79.0,-107.0,9.920000000000002,27.06,-67.12,9.05,49.01,-19.99,85.22,12.29,-30.38,12.100000000000001,27.049999999999997,-74.11
2025-07-23T17:37:44.037604,-7.0,36.0,-74.0,64.0,3.0,-73.0,18.0,-21.0,-11.0,-36.0,44.0,-65.0,-37.08,12.059999999999999,-56.120000000000005,65.05,-10.99,-54.989999999999995,21.22,-12.71,14.620000000000001,-18.9,-7.950000000000003,-32.11
2025-07-23T17:37:44.041895,18.0,-21.0,17.0,43.0,-17.0,-47.0,21.0,73.0,13.0,-13.0,23.0,-92.0,-12.079999999999998,-44.94,34.879999999999995,44.05,-30.990000000000002,-28.99,24.22,81.28999999999999,38.620000000000005,4.100000000000001,-28.950000000000003,-59.11
2025-07-23T17:37:44.049825,-75.0,53.0,-61.0,-32.0,-6.0,-13.0,39.0,83.0,-47.0,-14.0,71.0,-93.0,-105.08,29.06,-43.120000000000005,-30.95,-19.990000000000002,5.010000000000002,42.22,91.28999999999999,-21.38,3.1000000000000014,19.049999999999997,-60.11
2025-07-23T17:37:44.054978,40.0,15.0,-58.0,-44.0,22.0,-67.0,-58.0,-9.0,-62.0,29.0,72.0,-35.0,9.920000000000002,-8.940000000000001,-40.120000000000005,-42.95,8.01,-48.989999999999995,-54.78,-0.7100000000000009,-36.379999999999995,46.1,20.049999999999997,-2.1099999999999994
2025-07-23T17:37:44.062105,19.0,22.0,41.0,74.0,12.0,-96.0,-16.0,14.0,-54.0,-54.0,85.0,-15.0,-11.079999999999998,-1.9400000000000013,58.879999999999995,75.05,-1.9900000000000002,-77.99,-12.78,22.29,-28.38,-36.9,33.05,17.89
2025-07-23T17:37:44.066420,5.0,41.0,-46.0,17.0,7.0,-32.0,-11.0,-11.0,-83.0,-108.0,38.0,-70.0,-25.08,17.06,-28.12,18.05,-6.99,-13.989999999999998,-7.779999999999999,-2.710000000000001,-57.379999999999995,-90.9,-13.950000000000003,-37.11
2025-07-23T17:37:44.074335,61.0,64.0,-58.0,34.0,55.0,-30.0,12.0,0.0,-51.0,-85.0,43.0,-89.0,30.92,40.06,-40.120000000000005,35.05,41.01,-11.989999999999998,15.22,8.29,-25.38,-67.9,-8.950000000000003,-56.11
2025-07-23T17:37:44.078656,36.0,70.0,-3.0,14.0,32.0,-30.0,-32.0,-49.0,-59.0,-78.0,80.0,-56.0,5.920000000000002,46.06,14.879999999999999,15.05,18.009999999999998,-11.989999999999998,-28.78,-40.71,-33.379999999999995,-60.9,28.049999999999997,-23.11
2025-07-23T17:37:44.086819,49.0,49.0,-133.0,-9.0,41.0,6.0,-2.0,-29.0,-19.0,0.0,88.0,-72.0,18.92,25.06,-115.12,-7.95,27.009999999999998,24.01,1.2200000000000002,-20.71,6.620000000000001,17.1,36.05,-39.11
2025-07-23T17:37:44.091080,55.0,111.0,-104.0,-64.0,24.0,-14.0,-32.0,33.0,-81.0,-44.0,69.0,-36.0,24.92,87.06,-86.12,-62.95,10.01,4.010000000000002,-28.78,41.29,-55.379999999999995,-26.9,17.049999999999997,-3.1099999999999994
2025-07-23T17:37:44.098950,55.0,-16.0,-62.0,13.0,37.0,40.0,-46.0,-6.0,-24.0,46.0,38.0,-89.0,24.92,-39.94,-44.120000000000005,14.05,23.009999999999998,58.010000000000005,-42.78,2.289999999999999,1.620000000000001,63.1,-13.950000000000003,-56.11
2025-07-23T17:37:44.104236,59.0,93.0,-69.0,43.0,26.0,-16.0,44.0,-49.0,-13.0,-116.0,66.0,-34.0,28.92,69.06,-51.120000000000005,44.05,12.01,2.0100000000000016,47.22,-40.71,12.620000000000001,-98.9,14.049999999999997,-1.1099999999999994
2025-07-23T17:37:44.111320,89.0,-13.0,-96.0,-88.0,42.0,-14.0,-27.0,-65.0,-19.0,-1.0,125.0,-5.0,58.92,-36.94,-78.12,-86.95,28.009999999999998,4.010000000000002,-23.78,-56.71,6.620000000000001,16.1,73.05,27.89
2025-07-23T17:37:44.115519,24.0,43.0,-63.0,-22.0,49.0,-29.0,-1.0,-19.0,-59.0,17.0,47.0,-59.0,-6.079999999999998,19.06,-45.120000000000005,-20.95,35.01,-10.989999999999998,2.22,-10.71,-33.379999999999995,34.1,-4.950000000000003,-26.11
2025-07-23T17:37:44.123640,16.0,-23.0,-119.0,-44.0,15.0,-1.0,62.0,-47.0,-63.0,-7.0,-26.0,-9.0,-14.079999999999998,-46.94,-101.12,-42.95,1.0099999999999998,17.01,65.22,-38.71,-37.379999999999995,10.100000000000001,-77.95,23.89
2025-07-23T17:37:44.127862,127.0,2.0,-108.0,-15.0,27.0,-49.0,-28.0,18.0,-22.0,-8.0,47.0,-30.0,96.92,-21.94,-90.12,-13.95,13.01,-30.99,-24.78,26.29,3.620000000000001,9.100000000000001,-4.950000000000003,2.8900000000000006
2025-07-23T17:37:44.135747,38.0,-7.0,-40.0,9.0,-28.0,11.0,-4.0,-18.0,-31.0,-49.0,57.0,-4.0,7.920000000000002,-30.94,-22.12,10.05,-41.99,29.01,-0.7799999999999998,-9.71,-5.379999999999999,-31.9,5.049999999999997,28.89
2025-07-23T17:37:44.140221,92.0,18.0,0.0,-37.0,-5.0,-53.0,-22.0,-18.0,-47.0,-42.0,59.0,-59.0,61.92,-5.940000000000001,17.88,-35.95,-18.990000000000002,-34.989999999999995,-18.78,-9.71,-21.38,-24.9,7.049999999999997,-26.11
2025-07-23T17:37:44.144209,2.0,25.0,-21.0,28.0,39.0,-13.0,-25.0,38.0,-65.0,1.0,15.0,-26.0,-28.08,1.0599999999999987,-3.120000000000001,29.05,25.009999999999998,5.010000000000002,-21.78,46.29,-39.379999999999995,18.1,-36.95,6.890000000000001
2025-07-23T17:37:44.152381,48.0,22.0,-80.0,32.0,49.0,-71.0,68.0,-43.0,-45.0,-16.0,47.0,-45.0,17.92,-1.9400000000000013,-62.120000000000005,33.05,35.01,-52.989999999999995,71.22,-34.71,-19.38,1.1000000000000014,-4.950000000000003,-12.11
2025-07-23T17:37:44.156580,39.0,24.0,15.0,65.0,3.0,-41.0,-22.0,22.0,20.0,-3.0,146.0,-60.0,8.920000000000002,0.05999999999999872,32.879999999999995,66.05,-10.99,-22.99,-18.78,30.29,45.620000000000005,14.100000000000001,94.05,-27.11
2025-07-23T17:37:44.164539,56.0,62.0,-47.0,5.0,7.0,-50.0,-67.0,15.0,-13.0,7.0,36.0,-97.0,25.92,38.06,-29.12,6.05,-6.99,-31.99,-63.78,23.29,12.620000000000001,24.1,-15.950000000000003,-64.11
2025-07-23T17:37:44.168611,53.0,64.0,-22.0,63.0,72.0,-45.0,-42.0,-3.0,-33.0,8.0,26.0,-98.0,22.92,40.06,-4.120000000000001,64.05,58.01,-26.99,-38.78,5.289999999999999,-7.379999999999999,25.1,-25.950000000000003,-65.11
2025-07-23T17:37:44.176874,78.0,-2.0,-57.0,39.0,-38.0,-37.0,-16.0,33.0,-8.0,30.0,46.0,-104.0,47.92,-25.94,-39.120000000000005,40.05,-51.99,-18.99,-12.78,41.29,17.62,47.1,-5.950000000000003,-71.11
2025-07-23T17:37:44.180962,-7.0,100.0,9.0,-40.0,10.0,-36.0,6.0,18.0,5.0,-66.0,69.0,-91.0,-37.08,76.06,26.88,-38.95,-3.99,-17.99,9.22,26.29,30.62,-48.9,17.049999999999997,-58.11
2025-07-23T17:37:44.189213,15.0,42.0,7.0,-4.0,-2.0,-52.0,20.0,43.0,-4.0,-51.0,53.0,-68.0,-15.079999999999998,18.06,24.88,-2.95,-15.99,-33.989999999999995,23.22,51.29,21.62,-33.9,1.0499999999999972,-35.11
2025-07-23T17:37:44.193582,13.0,14.0,-96.0,-8.0,26.0,-113.0,-11.0,37.0,-44.0,-54.0,67.0,-35.0,-17.08,-9.940000000000001,-78.12,-6.95,12.01,-94.99,-7.779999999999999,45.29,-18.38,-36.9,15.049999999999997,-2.1099999999999994
2025-07-23T17:37:44.201476,32.0,9.0,-69.0,59.0,43.0,-22.0,-5.0,25.0,-15.0,-29.0,42.0,-86.0,1.9200000000000017,-14.940000000000001,-51.120000000000005,60.05,29.009999999999998,-3.9899999999999984,-1.7799999999999998,33.29,10.620000000000001,-11.899999999999999,-9.950000000000003,-53.11
2025-07-23T17:37:44.205881,-16.0,87.0,-35.0,64.0,-56.0,-3.0,1.0,34.0,15.0,27.0,61.0,-44.0,-46.08,63.06,-17.12,65.05,-69.99,15.010000000000002,4.220000000000001,42.29,40.620000000000005,44.1,9.049999999999997,-11.11
2025-07-23T17:37:44.213636,73.0,52.0,-84.0,-19.0,-30.0,-84.0,41.0,-13.0,-94.0,-62.0,-2.0,-77.0,42.92,28.06,-66.12,-17.95,-43.99,-65.99,44.22,-4.710000000000001,-68.38,-44.9,-53.95,-44.11
2025-07-23T17:37:44.217896,2.0,32.0,33.0,-8.0,-30.0,-53.0,36.0,-44.0,-34.0,-20.0,42.0,2.0,-28.08,8.059999999999999,50.879999999999995,-6.95,-43.99,-34.989999999999995,39.22,-35.71,-8.379999999999999,-2.8999999999999986,-9.950000000000003,34.89
2025-07-23T17:37:44.225958,70.0,-10.0,0.0,-37.0,4.0,14.0,-18.0,-40.0,-61.0,-37.0,142.0,-31.0,39.92,-33.94,17.88,-35.95,-9.99,32.010000000000005,-14.78,-31.71,-35.379999999999995,-19.9,90.05,1.8900000000000006
2025-07-23T17:37:44.230114,4.0,-6.0,-52.0,25.0,39.0,-19.0,33.0,-35.0,18.0,-44.0,7.0,-27.0,-26.08,-29.94,-34.120000000000005,26.05,25.009999999999998,-0.9899999999999984,36.22,-26.71,43.620000000000005,-26.9,-44.95,5.890000000000001
2025-07-23T17:37:44.238359,46.0,-22.0,-4.0,-10.0,48.0,-72.0,-24.0,-27.0,-64.0,3.0,36.0,-48.0,15.920000000000002,-45.94,13.879999999999999,-8.95,34.01,-53.989999999999995,-20.78,-18.71,-38.379999999999995,20.1,-15.950000000000003,-15.11
2025-07-23T17:37:44.242652,32.0,69.0,-47.0,59.0,25.0,-30.0,25.0,-52.0,14.0,-18.0,74.0,-68.0,1.9200000000000017,45.06,-29.12,60.05,11.01,-11.989999999999998,28.22,-43.71,39.620000000000005,-0.8999999999999986,22.049999999999997,-35.11
2025-07-23T17:37:44.250458,27.0,1.0,-7.0,39.0,94.0,-15.0,54.0,-2.0,-36.0,-28.0,39.0,21.0,-3.0799999999999983,-22.94,10.879999999999999,40.05,80.01,3.0100000000000016,57.22,6.289999999999999,-10.379999999999999,-10.899999999999999,-12.950000000000003,53.89
2025-07-23T17:37:44.255086,-13.0,-5.0,-54.0,1.0,-1.0,-52.0,-12.0,-29.0,-59.0,-29.0,84.0,-59.0,-43.08,-28.94,-36.120000000000005,2.05,-14.99,-33.989999999999995,-8.78,-20.71,-33.379999999999995,-11.899999999999999,32.05,-26.11
2025-07-23T17:37:44.262686,115.0,6.0,5.0,-99.0,61.0,1.0,8.0,-42.0,-24.0,13.0,51.0,-14.0,84.92,-17.94,22.88,-97.95,47.01,19.01,11.22,-33.71,1.620000000000001,30.1,-0.9500000000000028,18.89
2025-07-23T17:37:44.267004,7.0,-2.0,-67.0,-21.0,-24.0,-17.0,-2.0,20.0,1.0,-51.0,74.0,-57.0,-23.08,-25.94,-49.120000000000005,-19.95,-37.99,1.0100000000000016,1.2200000000000002,28.29,26.62,-33.9,22.049999999999997,-24.11
2025-07-23T17:37:44.275108,66.0,34.0,17.0,-50.0,10.0,-27.0,9.0,-7.0,-26.0,-36.0,155.0,-14.0,35.92,10.059999999999999,34.879999999999995,-48.95,-3.99,-8.989999999999998,12.22,1.2899999999999991,-0.379999999999999,-18.9,103.05,18.89
2025-07-23T17:37:44.279327,18.0,14.0,-23.0,8.0,3.0,-123.0,-36.0,24.0,-108.0,-69.0,28.0,-66.0,-12.079999999999998,-9.940000000000001,-5.120000000000001,9.05,-10.99,-104.99,-32.78,32.29,-82.38,-51.9,-23.950000000000003,-33.11
2025-07-23T17:37:44.287531,21.0,49.0,-17.0,12.0,36.0,-55.0,-94.0,-24.0,-8.0,16.0,97.0,-35.0,-9.079999999999998,25.06,0.879999999999999,13.05,22.009999999999998,-36.989999999999995,-90.78,-15.71,17.62,33.1,45.05,-2.1099999999999994
2025-07-23T17:37:44.291895,-5.0,8.0,-115.0,19.0,-3.0,-45.0,75.0,-26.0,-86.0,-18.0,59.0,-59.0,-35.08,-15.940000000000001,-97.12,20.05,-16.990000000000002,-26.99,78.22,-17.71,-60.379999999999995,-0.8999999999999986,7.049999999999997,-26.11
2025-07-23T17:37:44.299553,56.0,-1.0,-59.0,-2.0,-6.0,-25.0,10.0,-38.0,-64.0,29.0,46.0,15.0,25.92,-24.94,-41.120000000000005,-0.95,-19.990000000000002,-6.989999999999998,13.22,-29.71,-38.379999999999995,46.1,-5.950000000000003,47.89
2025-07-23T17:37:44.304515,-55.0,42.0,-91.0,-16.0,78.0,-12.0,12.0,22.0,-36.0,-14.0,11.0,-37.0,-85.08,18.06,-73.12,-14.95,64.01,6.010000000000002,15.22,30.29,-10.379999999999999,3.1000000000000014,-40.95,-4.109999999999999
2025-07-23T17:37:44.311951,10.0,17.0,-38.0,-27.0,-5.0,-58.0,60.0,-71.0,-56.0,-49.0,87.0,-57.0,-20.08,-6.940000000000001,-20.12,-25.95,-18.990000000000002,-39.989999999999995,63.22,-62.71,-30.38,-31.9,35.05,-24.11
2025-07-23T17:37:44.316078,103.0,8.0,-44.0,18.0,16.0,-23.0,33.0,53.0,-32.0,8.0,109.0,-14.0,72.92,-15.940000000000001,-26.12,19.05,2.01,-4.989999999999998,36.22,61.29,-6.379999999999999,25.1,57.05,18.89
2025-07-23T17:37:44.324123,41.0,-40.0,22.0,-20.0,-23.0,-5.0,0.0,70.0,-46.0,-43.0,45.0,3.0,10.920000000000002,-63.94,39.879999999999995,-18.95,-36.99,13.010000000000002,3.22,78.28999999999999,-20.38,-25.9,-6.950000000000003,35.89
2025-07-23T17:37:44.328444,51.0,9.0,74.0,49.0,-6.0,-13.0,-21.0,38.0,27.0,-14.0,87.0,-16.0,20.92,-14.940000000000001,91.88,50.05,-19.990000000000002,5.010000000000002,-17.78,46.29,52.620000000000005,3.1000000000000014,35.05,16.89
2025-07-23T17:37:44.336568,51.0,19.0,-54.0,-14.0,87.0,-65.0,24.0,-18.0,-7.0,-8.0,53.0,-11.0,20.92,-4.940000000000001,-36.120000000000005,-12.95,73.01,-46.989999999999995,27.22,-9.71,18.62,9.100000000000001,1.0499999999999972,21.89
2025-07-23T17:37:44.340725,62.0,-5.0,14.0,26.0,-29.0,-19.0,18.0,-2.0,-54.0,-37.0,13.0,13.0,31.92,-28.94,31.88,27.05,-42.99,-0.9899999999999984,21.22,6.289999999999999,-28.38,-19.9,-38.95,45.89
2025-07-23T17:37:44.348700,20.0,-60.0,-33.0,-65.0,-47.0,40.0,-76.0,43.0,-53.0,-47.0,33.0,-60.0,-10.079999999999998,-83.94,-15.120000000000001,-63.95,-60.99,58.010000000000005,-72.78,51.29,-27.38,-29.9,-18.950000000000003,-27.11
2025-07-23T17:37:44.353378,98.0,-66.0,24.0,-4.0,32.0,-16.0,98.0,18.0,-19.0,-27.0,41.0,25.0,67.92,-89.94,41.879999999999995,-2.95,18.009999999999998,2.0100000000000016,101.22,26.29,6.620000000000001,-9.899999999999999,-10.950000000000003,57.89
2025-07-23T17:37:44.361175,55.0,34.0,-16.0,-23.0,-35.0,-53.0,-13.0,-37.0,-85.0,-38.0,85.0,-65.0,24.92,10.059999999999999,1.879999999999999,-21.95,-48.99,-34.989999999999995,-9.78,-28.71,-59.379999999999995,-20.9,33.05,-32.11
2025-07-23T17:37:44.365280,-5.0,2.0,-79.0,43.0,40.0,80.0,-6.0,-43.0,-26.0,33.0,87.0,-58.0,-35.08,-21.94,-61.120000000000005,44.05,26.009999999999998,98.01,-2.78,-34.71,-0.379999999999999,50.1,35.05,-25.11
2025-07-23T17:37:44.369487,56.0,40.0,-15.0,20.0,28.0,-42.0,-19.0,36.0,3.0,34.0,-2.0,-6.0,25.92,16.06,2.879999999999999,21.05,14.01,-23.99,-15.78,44.29,28.62,51.1,-53.95,26.89
2025-07-23T17:37:44.377587,-11.0,109.0,-38.0,11.0,49.0,-8.0,9.0,54.0,-3.0,38.0,-3.0,22.0,-41.08,85.06,-20.12,12.05,35.01,10.010000000000002,12.22,62.29,22.62,55.1,-54.95,54.89
2025-07-23T17:37:44.381623,-25.0,17.0,-29.0,6.0,-31.0,23.0,-1.0,-20.0,-73.0,10.0,0.0,-30.0,-55.08,-6.940000000000001,-11.120000000000001,7.05,-44.99,41.010000000000005,2.22,-11.71,-47.379999999999995,27.1,-51.95,2.8900000000000006
2025-07-23T17:37:44.389877,32.0,-26.0,-110.0,-18.0,-9.0,-78.0,-8.0,-39.0,-100.0,17.0,10.0,-47.0,1.9200000000000017,-49.94,-92.12,-16.95,-22.990000000000002,-59.989999999999995,-4.779999999999999,-30.71,-74.38,34.1,-41.95,-14.11
2025-07-23T17:37:44.394057,42.0,105.0,-27.0,16.0,-10.0,32.0,38.0,6.0,9.0,-1.0,17.0,17.0,11.920000000000002,81.06,-9.120000000000001,17.05,-23.990000000000002,50.010000000000005,41.22,14.29,34.620000000000005,16.1,-34.95,49.89
2025-07-23T17:37:44.402083,61.0,20.0,-29.0,-10.0,-1.0,-17.0,12.0,61.0,-13.0,42.0,98.0,-60.0,30.92,-3.9400000000000013,-11.120000000000001,-8.95,-14.99,1.0100000000000016,15.22,69.28999999999999,12.620000000000001,59.1,46.05,-27.11
2025-07-23T17:37:44.406386,61.0,5.0,-6.0,57.0,-51.0,18.0,-3.0,33.0,43.0,15.0,29.0,-44.0,30.92,-18.94,11.879999999999999,58.05,-64.99,36.010000000000005,0.2200000000000002,41.29,68.62,32.1,-22.950000000000003,-11.11
2025-07-23T17:37:44.414442,19.0,21.0,-14.0,-76.0,-16.0,-42.0,-63.0,-12.0,-106.0,13.0,50.0,-56.0,-11.079999999999998,-2.9400000000000013,3.879999999999999,-74.95,-29.990000000000002,-23.99,-59.78,-3.710000000000001,-80.38,30.1,-1.9500000000000028,-23.11
2025-07-23T17:37:44.418635,-8.0,30.0,-57.0,-2.0,16.0,-43.0,-11.0,51.0,24.0,32.0,98.0,-34.0,-38.08,6.059999999999999,-39.120000000000005,-0.95,2.01,-24.99,-7.779999999999999,59.29,49.620000000000005,49.1,46.05,-1.1099999999999994
2025-07-23T17:37:44.426663,105.0,27.0,-33.0,-42.0,29.0,-25.0,-34.0,-8.0,-1.0,45.0,59.0,-52.0,74.92,3.0599999999999987,-15.120000000000001,-40.95,15.01,-6.989999999999998,-30.78,0.28999999999999915,24.62,62.1,7.049999999999997,-19.11
2025-07-23T17:37:44.430897,34.0,40.0,-5.0,73.0,10.0,18.0,30.0,-1.0,-61.0,-38.0,60.0,-37.0,3.9200000000000017,16.06,12.879999999999999,74.05,-3.99,36.010000000000005,33.22,7.289999999999999,-35.379999999999995,-20.9,8.049999999999997,-4.109999999999999
2025-07-23T17:37:44.439041,53.0,49.0,-10.0,46.0,10.0,-50.0,4.0,-30.0,-9.0,22.0,21.0,-68.0,22.92,25.06,7.879999999999999,47.05,-3.99,-31.99,7.220000000000001,-21.71,16.62,39.1,-30.950000000000003,-35.11
2025-07-23T17:37:44.443277,-28.0,3.0,0.0,27.0,38.0,-57.0,-36.0,45.0,4.0,-42.0,11.0,-36.0,-58.08,-20.94,17.88,28.05,24.009999999999998,-38.989999999999995,-32.78,53.29,29.62,-24.9,-40.95,-3.1099999999999994
2025-07-23T17:37:44.451298,58.0,72.0,-23.0,91.0,2.0,-58.0,-89.0,-20.0,-32.0,30.0,31.0,-46.0,27.92,48.06,-5.120000000000001,92.05,-11.99,-39.989999999999995,-85.78,-11.71,-6.379999999999999,47.1,-20.950000000000003,-13.11
2025-07-23T17:37:44.455609,-73.0,17.0,-52.0,29.0,69.0,-9.0,-11.0,21.0,14.0,46.0,36.0,-25.0,-103.08,-6.940000000000001,-34.120000000000005,30.05,55.01,9.010000000000002,-7.779999999999999,29.29,39.620000000000005,63.1,-15.950000000000003,7.890000000000001
2025-07-23T17:37:44.463506,60.0,-19.0,-94.0,25.0,65.0,-51.0,-51.0,66.0,4.0,-25.0,36.0,-52.0,29.92,-42.94,-76.12,26.05,51.01,-32.989999999999995,-47.78,74.28999999999999,29.62,-7.899999999999999,-15.950000000000003,-19.11
2025-07-23T17:37:44.467741,36.0,83.0,-95.0,-33.0,41.0,31.0,26.0,-100.0,-33.0,2.0,30.0,-50.0,5.920000000000002,59.06,-77.12,-31.95,27.009999999999998,49.010000000000005,29.22,-91.71000000000001,-7.379999999999999,19.1,-21.950000000000003,-17.11
2025-07-23T17:37:44.475853,37.0,46.0,-87.0,-42.0,-23.0,58.0,2.0,-75.0,18.0,-10.0,100.0,-38.0,6.920000000000002,22.06,-69.12,-40.95,-36.99,76.01,5.220000000000001,-66.71000000000001,43.620000000000005,7.100000000000001,48.05,-5.109999999999999
2025-07-23T17:37:44.480051,23.0,19.0,30.0,7.0,27.0,-26.0,-9.0,20.0,-3.0,-19.0,110.0,-21.0,-7.079999999999998,-4.940000000000001,47.879999999999995,8.05,13.01,-7.989999999999998,-5.779999999999999,28.29,22.62,-1.8999999999999986,58.05,11.89
2025-07-23T17:37:44.488074,26.0,12.0,0.0,7.0,-43.0,-24.0,30.0,37.0,-27.0,-36.0,64.0,-33.0,-4.079999999999998,-11.940000000000001,17.88,8.05,-56.99,-5.989999999999998,33.22,45.29,-1.379999999999999,-18.9,12.049999999999997,-0.10999999999999943
2025-07-23T17:37:44.492491,-48.0,-14.0,-8.0,40.0,16.0,-75.0,-7.0,6.0,33.0,8.0,33.0,-14.0,-78.08,-37.94,9.879999999999999,41.05,2.01,-56.989999999999995,-3.78,14.29,58.620000000000005,25.1,-18.950000000000003,18.89
2025-07-23T17:37:44.500474,-32.0,40.0,-39.0,12.0,21.0,-57.0,8.0,-30.0,-23.0,-4.0,-27.0,-12.0,-62.08,16.06,-21.12,13.05,7.01,-38.989999999999995,11.22,-21.71,2.620000000000001,13.100000000000001,-78.95,20.89
2025-07-23T17:37:44.505150,-8.0,-1.0,16.0,41.0,32.0,25.0,-27.0,-10.0,-49.0,9.0,32.0,-36.0,-38.08,-24.94,33.879999999999995,42.05,18.009999999999998,43.010000000000005,-23.78,-1.7100000000000009,-23.38,26.1,-19.950000000000003,-3.1099999999999994
2025-07-23T17:37:44.512673,28.0,8.0,-12.0,27.0,-10.0,-59.0,48.0,-70.0,57.0,40.0,54.0,-61.0,-2.0799999999999983,-15.940000000000001,5.879999999999999,28.05,-23.990000000000002,-40.989999999999995,51.22,-61.71,82.62,57.1,2.049999999999997,-28.11
2025-07-23T17:37:44.517021,14.0,29.0,-56.0,19.0,-17.0,22.0,-26.0,15.0,8.0,-40.0,56.0,-100.0,-16.08,5.059999999999999,-38.120000000000005,20.05,-30.990000000000002,40.010000000000005,-22.78,23.29,33.620000000000005,-22.9,4.049999999999997,-67.11
2025-07-23T17:37:44.525056,34.0,-34.0,25.0,-13.0,-13.0,-30.0,-34.0,31.0,7.0,31.0,-17.0,-56.0,3.9200000000000017,-57.94,42.879999999999995,-11.95,-26.990000000000002,-11.989999999999998,-30.78,39.29,32.620000000000005,48.1,-68.95,-23.11
2025-07-23T17:37:44.529173,26.0,-23.0,-54.0,-5.0,-42.0,-66.0,12.0,35.0,-61.0,-73.0,-5.0,-26.0,-4.079999999999998,-46.94,-36.120000000000005,-3.95,-55.99,-47.989999999999995,15.22,43.29,-35.379999999999995,-55.9,-56.95,6.890000000000001
2025-07-23T17:37:44.537264,75.0,15.0,12.0,2.0,39.0,-76.0,8.0,20.0,-45.0,18.0,127.0,-6.0,44.92,-8.940000000000001,29.88,3.05,25.009999999999998,-57.989999999999995,11.22,28.29,-19.38,35.1,75.05,26.89
2025-07-23T17:37:44.541980,-3.0,-18.0,-47.0,14.0,-27.0,14.0,54.0,-42.0,-55.0,-114.0,58.0,-4.0,-33.08,-41.94,-29.12,15.05,-40.99,32.010000000000005,57.22,-33.71,-29.38,-96.9,6.049999999999997,28.89
2025-07-23T17:37:44.549591,18.0,30.0,-44.0,11.0,39.0,-67.0,14.0,0.0,-12.0,-35.0,32.0,-50.0,-12.079999999999998,6.059999999999999,-26.12,12.05,25.009999999999998,-48.989999999999995,17.22,8.29,13.620000000000001,-17.9,-19.950000000000003,-17.11
2025-07-23T17:37:44.554225,45.0,2.0,-16.0,10.0,15.0,-29.0,-3.0,27.0,-37.0,-16.0,71.0,-42.0,14.920000000000002,-21.94,1.879999999999999,11.05,1.0099999999999998,-10.989999999999998,0.2200000000000002,35.29,-11.379999999999999,1.1000000000000014,19.049999999999997,-9.11
2025-07-23T17:37:44.561826,-74.0,15.0,-37.0,-69.0,-1.0,-50.0,61.0,20.0,-88.0,-2.0,67.0,-64.0,-104.08,-8.940000000000001,-19.12,-67.95,-14.99,-31.99,64.22,28.29,-62.379999999999995,15.100000000000001,15.049999999999997,-31.11
2025-07-23T17:37:44.566180,46.0,97.0,-36.0,54.0,42.0,-41.0,10.0,-82.0,-44.0,-22.0,47.0,-121.0,15.920000000000002,73.06,-18.12,55.05,28.009999999999998,-22.99,13.22,-73.71000000000001,-18.38,-4.899999999999999,-4.950000000000003,-88.11
2025-07-23T17:37:44.574116,25.0,14.0,-61.0,-58.0,-9.0,-48.0,-11.0,-80.0,35.0,66.0,35.0,23.0,-5.079999999999998,-9.940000000000001,-43.120000000000005,-56.95,-22.990000000000002,-29.99,-7.779999999999999,-71.71000000000001,60.620000000000005,83.1,-16.950000000000003,55.89
2025-07-23T17:37:44.578298,23.0,77.0,-65.0,-17.0,-12.0,6.0,-5.0,35.0,60.0,13.0,74.0,-71.0,-7.079999999999998,53.06,-47.120000000000005,-15.95,-25.990000000000002,24.01,-1.7799999999999998,43.29,85.62,30.1,22.049999999999997,-38.11
2025-07-23T17:37:44.586400,100.0,-20.0,-43.0,40.0,36.0,-22.0,38.0,-30.0,7.0,24.0,16.0,-63.0,69.92,-43.94,-25.12,41.05,22.009999999999998,-3.9899999999999984,41.22,-21.71,32.620000000000005,41.1,-35.95,-30.11
2025-07-23T17:37:44.590642,47.0,-6.0,-29.0,-15.0,27.0,-17.0,4.0,7.0,-33.0,-15.0,76.0,-58.0,16.92,-29.94,-11.120000000000001,-13.95,13.01,1.0100000000000016,7.220000000000001,15.29,-7.379999999999999,2.1000000000000014,24.049999999999997,-25.11
2025-07-23T17:37:44.594817,37.0,10.0,-75.0,-30.0,-43.0,-13.0,-3.0,-92.0,-5.0,4.0,59.0,47.0,6.920000000000002,-13.940000000000001,-57.120000000000005,-28.95,-56.99,5.010000000000002,0.2200000000000002,-83.71000000000001,20.62,21.1,7.049999999999997,79.89
2025-07-23T17:37:44.602888,62.0,22.0,-105.0,17.0,48.0,43.0,-36.0,44.0,-38.0,-15.0,-6.0,-104.0,31.92,-1.9400000000000013,-87.12,18.05,34.01,61.010000000000005,-32.78,52.29,-12.379999999999999,2.1000000000000014,-57.95,-71.11
2025-07-23T17:37:44.607073,31.0,5.0,65.0,-28.0,-20.0,37.0,9.0,-17.0,48.0,-29.0,3.0,-12.0,0.9200000000000017,-18.94,82.88,-26.95,-33.99,55.010000000000005,12.22,-8.71,73.62,-11.899999999999999,-48.95,20.89
2025-07-23T17:37:44.615013,56.0,5.0,-59.0,32.0,90.0,-57.0,-24.0,7.0,-47.0,24.0,76.0,5.0,25.92,-18.94,-41.120000000000005,33.05,76.01,-38.989999999999995,-20.78,15.29,-21.38,41.1,24.049999999999997,37.89
2025-07-23T17:37:44.619382,-44.0,-4.0,15.0,-15.0,-6.0,-31.0,38.0,21.0,-24.0,-25.0,79.0,17.0,-74.08,-27.94,32.879999999999995,-13.95,-19.990000000000002,-12.989999999999998,41.22,29.29,1.620000000000001,-7.899999999999999,27.049999999999997,49.89
2025-07-23T17:37:44.627447,28.0,43.0,-21.0,27.0,4.0,-23.0,-30.0,-39.0,-57.0,-57.0,17.0,-34.0,-2.0799999999999983,19.06,-3.120000000000001,28.05,-9.99,-4.989999999999998,-26.78,-30.71,-31.38,-39.9,-34.95,-1.1099999999999994
2025-07-23T17:37:44.631506,-22.0,4.0,-2.0,37.0,34.0,0.0,72.0,17.0,12.0,14.0,89.0,-68.0,-52.08,-19.94,15.879999999999999,38.05,20.009999999999998,18.01,75.22,25.29,37.620000000000005,31.1,37.05,-35.11
2025-07-23T17:37:44.639829,21.0,31.0,2.0,-20.0,-42.0,-7.0,49.0,-50.0,0.0,-17.0,66.0,-23.0,-9.079999999999998,7.059999999999999,19.88,-18.95,-55.99,11.010000000000002,52.22,-41.71,25.62,0.10000000000000142,14.049999999999997,9.89
2025-07-23T17:37:44.644009,27.0,18.0,-16.0,-8.0,14.0,-74.0,28.0,25.0,-59.0,-45.0,3.0,-48.0,-3.0799999999999983,-5.940000000000001,1.879999999999999,-6.95,0.009999999999999787,-55.989999999999995,31.22,33.29,-33.379999999999995,-27.9,-48.95,-15.11
2025-07-23T17:37:44.651837,21.0,8.0,19.0,41.0,37.0,3.0,-56.0,37.0,-13.0,2.0,33.0,-40.0,-9.079999999999998,-15.940000000000001,36.879999999999995,42.05,23.009999999999998,21.01,-52.78,45.29,12.620000000000001,19.1,-18.950000000000003,-7.109999999999999
2025-07-23T17:37:44.656451,15.0,22.0,17.0,25.0,-13.0,-8.0,-5.0,-76.0,-31.0,11.0,26.0,-48.0,-15.079999999999998,-1.9400000000000013,34.879999999999995,26.05,-26.990000000000002,10.010000000000002,-1.7799999999999998,-67.71000000000001,-5.379999999999999,28.1,-25.950000000000003,-15.11
2025-07-23T17:37:44.664112,2.0,54.0,7.0,33.0,22.0,-18.0,4.0,-78.0,-7.0,-36.0,104.0,17.0,-28.08,30.06,24.88,34.05,8.01,0.010000000000001563,7.220000000000001,-69.71000000000001,18.62,-18.9,52.05,49.89
2025-07-23T17:37:44.668423,48.0,-27.0,-2.0,-39.0,35.0,-9.0,28.0,-11.0,-48.0,30.0,86.0,-52.0,17.92,-50.94,15.879999999999999,-37.95,21.009999999999998,9.010000000000002,31.22,-2.710000000000001,-22.38,47.1,34.05,-19.11
2025-07-23T17:37:44.676504,-9.0,24.0,-37.0,44.0,-18.0,-41.0,22.0,-7.0,-32.0,-29.0,64.0,-42.0,-39.08,0.05999999999999872,-19.12,45.05,-31.990000000000002,-22.99,25.22,1.2899999999999991,-6.379999999999999,-11.899999999999999,12.049999999999997,-9.11
2025-07-23T17:37:44.680708,41.0,50.0,5.0,-22.0,54.0,7.0,32.0,9.0,-27.0,62.0,69.0,-62.0,10.920000000000002,26.06,22.88,-20.95,40.01,25.01,35.22,17.29,-1.379999999999999,79.1,17.049999999999997,-29.11
2025-07-23T17:37:44.688802,81.0,29.0,23.0,52.0,33.0,17.0,-74.0,-52.0,-71.0,-43.0,1.0,-33.0,50.92,5.059999999999999,40.879999999999995,53.05,19.009999999999998,35.010000000000005,-70.78,-43.71,-45.379999999999995,-25.9,-50.95,-0.10999999999999943
2025-07-23T17:37:44.693043,0.0,17.0,43.0,45.0,14.0,-11.0,-23.0,-9.0,77.0,-1.0,-28.0,-30.0,-30.08,-6.940000000000001,60.879999999999995,46.05,0.009999999999999787,7.010000000000002,-19.78,-0.7100000000000009,102.62,16.1,-79.95,2.8900000000000006
2025-07-23T17:37:44.701027,-23.0,10.0,10.0,-20.0,76.0,15.0,-51.0,-9.0,1.0,34.0,58.0,-83.0,-53.08,-13.940000000000001,27.88,-18.95,62.01,33.010000000000005,-47.78,-0.7100000000000009,26.62,51.1,6.049999999999997,-50.11
2025-07-23T17:37:44.705317,55.0,29.0,10.0,-20.0,46.0,-13.0,76.0,-82.0,-50.0,-14.0,61.0,4.0,24.92,5.059999999999999,27.88,-18.95,32.01,5.010000000000002,79.22,-73.71000000000001,-24.38,3.1000000000000014,9.049999999999997,36.89
2025-07-23T17:37:44.713384,-15.0,-10.0,-54.0,103.0,18.0,-62.0,-22.0,20.0,-25.0,-14.0,66.0,-51.0,-45.08,-33.94,-36.120000000000005,104.05,4.01,-43.989999999999995,-18.78,28.29,0.620000000000001,3.1000000000000014,14.049999999999997,-18.11
2025-07-23T17:37:44.717591,46.0,31.0,-35.0,27.0,-4.0,-12.0,-21.0,-31.0,-33.0,17.0,41.0,30.0,15.920000000000002,7.059999999999999,-17.12,28.05,-17.990000000000002,6.010000000000002,-17.78,-22.71,-7.379999999999999,34.1,-10.950000000000003,62.89
2025-07-23T17:37:44.725734,48.0,-21.0,-91.0,-8.0,-12.0,-70.0,65.0,-59.0,9.0,68.0,70.0,-21.0,17.92,-44.94,-73.12,-6.95,-25.990000000000002,-51.989999999999995,68.22,-50.71,34.620000000000005,85.1,18.049999999999997,11.89
2025-07-23T17:37:44.729881,6.0,4.0,-58.0,-23.0,-28.0,-87.0,-8.0,-4.0,-20.0,-11.0,80.0,-34.0,-24.08,-19.94,-40.120000000000005,-21.95,-41.99,-68.99,-4.779999999999999,4.289999999999999,5.620000000000001,6.100000000000001,28.049999999999997,-1.1099999999999994
2025-07-23T17:37:44.737922,15.0,-31.0,-90.0,37.0,55.0,-35.0,8.0,24.0,24.0,-81.0,6.0,16.0,-15.079999999999998,-54.94,-72.12,38.05,41.01,-16.99,11.22,32.29,49.620000000000005,-63.9,-45.95,48.89
2025-07-23T17:37:44.742197,114.0,-64.0,-30.0,8.0,-23.0,-37.0,8.0,-33.0,-21.0,57.0,90.0,-30.0,83.92,-87.94,-12.120000000000001,9.05,-36.99,-18.99,11.22,-24.71,4.620000000000001,74.1,38.05,2.8900000000000006
2025-07-23T17:37:44.747054,52.0,8.0,-19.0,20.0,73.0,22.0,27.0,7.0,-28.0,52.0,60.0,-44.0,21.92,-15.940000000000001,-1.120000000000001,21.05,59.01,40.010000000000005,30.22,15.29,-2.379999999999999,69.1,8.049999999999997,-11.11
2025-07-23T17:37:44.754676,79.0,-2.0,21.0,-67.0,81.0,-56.0,20.0,-81.0,-42.0,-3.0,27.0,-28.0,48.92,-25.94,38.879999999999995,-65.95,67.01,-37.989999999999995,23.22,-72.71000000000001,-16.38,14.100000000000001,-24.950000000000003,4.890000000000001
2025-07-23T17:37:44.758547,-18.0,-74.0,-37.0,4.0,10.0,30.0,40.0,-30.0,6.0,39.0,51.0,-106.0,-48.08,-97.94,-19.12,5.05,-3.99,48.010000000000005,43.22,-21.71,31.62,56.1,-0.9500000000000028,-73.11
2025-07-23T17:37:44.766725,96.0,-9.0,15.0,29.0,19.0,-43.0,6.0,-5.0,49.0,-11.0,44.0,-73.0,65.92,-32.94,32.879999999999995,30.05,5.01,-24.99,9.22,3.289999999999999,74.62,6.100000000000001,-7.950000000000003,-40.11
2025-07-23T17:37:44.771104,53.0,-42.0,0.0,16.0,30.0,-26.0,2.0,41.0,-33.0,-1.0,87.0,-71.0,22.92,-65.94,17.88,17.05,16.009999999999998,-7.989999999999998,5.220000000000001,49.29,-7.379999999999999,16.1,35.05,-38.11
2025-07-23T17:37:44.778998,38.0,48.0,-18.0,10.0,-1.0,-55.0,23.0,-48.0,3.0,-26.0,57.0,-33.0,7.920000000000002,24.06,-0.120000000000001,11.05,-14.99,-36.989999999999995,26.22,-39.71,28.62,-8.899999999999999,5.049999999999997,-0.10999999999999943
2025-07-23T17:37:44.783016,59.0,7.0,15.0,39.0,7.0,-49.0,-11.0,-19.0,20.0,33.0,14.0,-65.0,28.92,-16.94,32.879999999999995,40.05,-6.99,-30.99,-7.779999999999999,-10.71,45.620000000000005,50.1,-37.95,-32.11
2025-07-23T17:37:44.791150,17.0,-9.0,-36.0,24.0,-49.0,1.0,25.0,16.0,6.0,-29.0,1.0,-63.0,-13.079999999999998,-32.94,-18.12,25.05,-62.99,19.01,28.22,24.29,31.62,-11.899999999999999,-50.95,-30.11
2025-07-23T17:37:44.795391,73.0,-13.0,-3.0,-90.0,-7.0,-60.0,-10.0,4.0,15.0,-25.0,101.0,-20.0,42.92,-36.94,14.879999999999999,-88.95,-20.990000000000002,-41.989999999999995,-6.779999999999999,12.29,40.620000000000005,-7.899999999999999,49.05,12.89
2025-07-23T17:37:44.803654,27.0,-43.0,39.0,-11.0,-33.0,-4.0,-28.0,-25.0,-22.0,29.0,33.0,18.0,-3.0799999999999983,-66.94,56.879999999999995,-9.95,-46.99,14.010000000000002,-24.78,-16.71,3.620000000000001,46.1,-18.950000000000003,50.89
2025-07-23T17:37:44.807823,21.0,5.0,7.0,15.0,19.0,-59.0,-7.0,11.0,-12.0,-64.0,14.0,2.0,-9.079999999999998,-18.94,24.88,16.05,5.01,-40.989999999999995,-3.78,19.29,13.620000000000001,-46.9,-37.95,34.89
2025-07-23T17:37:44.815659,39.0,-38.0,-19.0,58.0,30.0,18.0,30.0,-44.0,1.0,-15.0,32.0,-18.0,8.920000000000002,-61.94,-1.120000000000001,59.05,16.009999999999998,36.010000000000005,33.22,-35.71,26.62,2.1000000000000014,-19.950000000000003,14.89
2025-07-23T17:37:44.820312,-37.0,17.0,-6.0,-50.0,7.0,49.0,22.0,-16.0,8.0,-18.0,66.0,-54.0,-67.08,-6.940000000000001,11.879999999999999,-48.95,-6.99,67.01,25.22,-7.710000000000001,33.620000000000005,-0.8999999999999986,14.049999999999997,-21.11
2025-07-23T17:37:44.828044,9.0,-7.0,-53.0,-10.0,75.0,-46.0,-15.0,-25.0,16.0,-71.0,80.0,-79.0,-21.08,-30.94,-35.120000000000005,-8.95,61.01,-27.99,-11.78,-16.71,41.620000000000005,-53.9,28.049999999999997,-46.11
2025-07-23T17:37:44.832260,-43.0,21.0,77.0,54.0,15.0,15.0,-16.0,6.0,-23.0,-40.0,98.0,-1.0,-73.08,-2.9400000000000013,94.88,55.05,1.0099999999999998,33.010000000000005,-12.78,14.29,2.620000000000001,-22.9,46.05,31.89
2025-07-23T17:37:44.840329,98.0,49.0,29.0,-7.0,-55.0,-18.0,23.0,9.0,-29.0,-51.0,32.0,12.0,67.92,25.06,46.879999999999995,-5.95,-68.99,0.010000000000001563,26.22,17.29,-3.379999999999999,-33.9,-19.950000000000003,44.89
2025-07-23T17:37:44.844608,30.0,47.0,-48.0,-45.0,9.0,-55.0,38.0,-12.0,20.0,-102.0,67.0,-108.0,-0.0799999999999983,23.06,-30.12,-43.95,-4.99,-36.989999999999995,41.22,-3.710000000000001,45.620000000000005,-84.9,15.049999999999997,-75.11
2025-07-23T17:37:44.852671,48.0,63.0,-81.0,-7.0,51.0,-18.0,-43.0,26.0,-22.0,-14.0,74.0,-39.0,17.92,39.06,-63.120000000000005,-5.95,37.01,0.010000000000001563,-39.78,34.29,3.620000000000001,3.1000000000000014,22.049999999999997,-6.109999999999999
2025-07-23T17:37:44.857147,127.0,49.0,-38.0,-48.0,46.0,36.0,-27.0,-33.0,-21.0,8.0,73.0,-65.0,96.92,25.06,-20.12,-46.95,32.01,54.010000000000005,-23.78,-24.71,4.620000000000001,25.1,21.049999999999997,-32.11
2025-07-23T17:37:44.864873,14.0,-51.0,-2.0,-17.0,21.0,-32.0,-51.0,56.0,-27.0,23.0,-8.0,27.0,-16.08,-74.94,15.879999999999999,-15.95,7.01,-13.989999999999998,-47.78,64.28999999999999,-1.379999999999999,40.1,-59.95,59.89
2025-07-23T17:37:44.869128,43.0,85.0,-51.0,19.0,6.0,-40.0,30.0,32.0,-20.0,33.0,8.0,-55.0,12.920000000000002,61.06,-33.120000000000005,20.05,-7.99,-21.99,33.22,40.29,5.620000000000001,50.1,-43.95,-22.11
2025-07-23T17:37:44.877230,90.0,0.0,-26.0,67.0,-7.0,-24.0,41.0,-105.0,24.0,-21.0,47.0,-20.0,59.92,-23.94,-8.120000000000001,68.05,-20.990000000000002,-5.989999999999998,44.22,-96.71000000000001,49.620000000000005,-3.8999999999999986,-4.950000000000003,12.89
2025-07-23T17:37:44.881482,40.0,-28.0,1.0,19.0,15.0,-31.0,-27.0,-58.0,17.0,-54.0,51.0,11.0,9.920000000000002,-51.94,18.88,20.05,1.0099999999999998,-12.989999999999998,-23.78,-49.71,42.620000000000005,-36.9,-0.9500000000000028,43.89
2025-07-23T17:37:44.889441,-15.0,-68.0,-9.0,56.0,-6.0,2.0,8.0,3.0,-19.0,-24.0,47.0,-11.0,-45.08,-91.94,8.879999999999999,57.05,-19.990000000000002,20.01,11.22,11.29,6.620000000000001,-6.899999999999999,-4.950000000000003,21.89
2025-07-23T17:37:44.893847,65.0,29.0,43.0,4.0,3.0,-17.0,17.0,-41.0,-34.0,-32.0,-13.0,-83.0,34.92,5.059999999999999,60.879999999999995,5.05,-10.99,1.0100000000000016,20.22,-32.71,-8.379999999999999,-14.899999999999999,-64.95,-50.11
2025-07-23T17:37:44.901726,-8.0,-66.0,-1.0,10.0,-3.0,-37.0,-80.0,-7.0,7.0,-8.0,15.0,-53.0,-38.08,-89.94,16.88,11.05,-16.990000000000002,-18.99,-76.78,1.2899999999999991,32.620000000000005,9.100000000000001,-36.95,-20.11
2025-07-23T17:37:44.906232,-37.0,-28.0,3.0,16.0,-25.0,5.0,-46.0,-62.0,9.0,35.0,99.0,-44.0,-67.08,-51.94,20.88,17.05,-38.99,23.01,-42.78,-53.71,34.620000000000005,52.1,47.05,-11.11
2025-07-23T17:37:44.913944,27.0,11.0,-45.0,-17.0,7.0,-6.0,29.0,-17.0,21.0,-83.0,81.0,-31.0,-3.0799999999999983,-12.940000000000001,-27.12,-15.95,-6.99,12.010000000000002,32.22,-8.71,46.620000000000005,-65.9,29.049999999999997,1.8900000000000006
2025-07-23T17:37:44.918360,-41.0,-45.0,3.0,56.0,-50.0,-31.0,-17.0,-38.0,-33.0,-27.0,119.0,-41.0,-71.08,-68.94,20.88,57.05,-63.99,-12.989999999999998,-13.78,-29.71,-7.379999999999999,-9.899999999999999,67.05,-8.11
2025-07-23T17:37:44.926332,31.0,58.0,-4.0,-36.0,5.0,-31.0,-33.0,-24.0,60.0,-4.0,-16.0,8.0,0.9200000000000017,34.06,13.879999999999999,-34.95,-8.99,-12.989999999999998,-29.78,-15.71,85.62,13.100000000000001,-67.95,40.89
2025-07-23T17:37:44.930553,-17.0,53.0,-17.0,25.0,-25.0,-22.0,-24.0,50.0,-15.0,-24.0,-10.0,-35.0,-47.08,29.06,0.879999999999999,26.05,-38.99,-3.9899999999999984,-20.78,58.29,10.620000000000001,-6.899999999999999,-61.95,-2.1099999999999994
2025-07-23T17:37:44.934837,4.0,2.0,0.0,-3.0,10.0,-1.0,61.0,-36.0,-53.0,-30.0,88.0,-70.0,-26.08,-21.94,17.88,-1.95,-3.99,17.01,64.22,-27.71,-27.38,-12.899999999999999,36.05,-37.11
2025-07-23T17:37:44.942879,-2.0,-54.0,-29.0,-20.0,86.0,-46.0,-20.0,32.0,-7.0,-14.0,38.0,-79.0,-32.08,-77.94,-11.120000000000001,-18.95,72.01,-27.99,-16.78,40.29,18.62,3.1000000000000014,-13.950000000000003,-46.11
2025-07-23T17:37:44.947110,60.0,-64.0,-73.0,16.0,11.0,-43.0,25.0,33.0,-65.0,-34.0,40.0,24.0,29.92,-87.94,-55.120000000000005,17.05,-2.99,-24.99,28.22,41.29,-39.379999999999995,-16.9,-11.950000000000003,56.89
2025-07-23T17:37:44.955174,-4.0,-2.0,-11.0,-37.0,14.0,-45.0,8.0,-9.0,-5.0,-83.0,46.0,8.0,-34.08,-25.94,6.879999999999999,-35.95,0.009999999999999787,-26.99,11.22,-0.7100000000000009,20.62,-65.9,-5.950000000000003,40.89
2025-07-23T17:37:44.959228,-27.0,13.0,-40.0,2.0,4.0,-27.0,54.0,-46.0,-2.0,-1.0,73.0,-71.0,-57.08,-10.940000000000001,-22.12,3.05,-9.99,-8.989999999999998,57.22,-37.71,23.62,16.1,21.049999999999997,-38.11
2025-07-23T17:37:44.967419,39.0,79.0,-125.0,-1.0,70.0,-25.0,-27.0,-8.0,-16.0,-38.0,14.0,-24.0,8.920000000000002,55.06,-107.12,0.050000000000000044,56.01,-6.989999999999998,-23.78,0.28999999999999915,9.620000000000001,-20.9,-37.95,8.89
2025-07-23T17:37:44.972088,-21.0,18.0,-41.0,-65.0,18.0,54.0,-71.0,-54.0,-50.0,5.0,42.0,-27.0,-51.08,-5.940000000000001,-23.12,-63.95,4.01,72.01,-67.78,-45.71,-24.38,22.1,-9.950000000000003,5.890000000000001
2025-07-23T17:37:44.979778,46.0,83.0,9.0,-57.0,20.0,-42.0,-5.0,-87.0,-20.0,52.0,67.0,-47.0,15.920000000000002,59.06,26.88,-55.95,6.01,-23.99,-1.7799999999999998,-78.71000000000001,5.620000000000001,69.1,15.049999999999997,-14.11
2025-07-23T17:37:44.983747,-11.0,74.0,-33.0,-23.0,43.0,3.0,-23.0,25.0,0.0,2.0,86.0,-22.0,-41.08,50.06,-15.120000000000001,-21.95,29.009999999999998,21.01,-19.78,33.29,25.62,19.1,34.05,10.89
2025-07-23T17:37:44.991884,37.0,27.0,9.0,-27.0,23.0,-11.0,23.0,41.0,-42.0,-37.0,29.0,-28.0,6.920000000000002,3.0599999999999987,26.88,-25.95,9.01,7.010000000000002,26.22,49.29,-16.38,-19.9,-22.950000000000003,4.890000000000001
2025-07-23T17:37:44.996127,30.0,-10.0,-74.0,3.0,-34.0,-39.0,-23.0,-2.0,14.0,-4.0,84.0,-34.0,-0.0799999999999983,-33.94,-56.120000000000005,4.05,-47.99,-20.99,-19.78,6.289999999999999,39.620000000000005,13.100000000000001,32.05,-1.1099999999999994
2025-07-23T17:37:45.004196,74.0,-28.0,10.0,42.0,11.0,18.0,-101.0,9.0,-60.0,-69.0,6.0,-44.0,43.92,-51.94,27.88,43.05,-2.99,36.010000000000005,-97.78,17.29,-34.379999999999995,-51.9,-45.95,-11.11
2025-07-23T17:37:45.008457,83.0,28.0,-69.0,-41.0,-14.0,-24.0,17.0,31.0,-36.0,-39.0,43.0,-45.0,52.92,4.059999999999999,-51.120000000000005,-39.95,-27.990000000000002,-5.989999999999998,20.22,39.29,-10.379999999999999,-21.9,-8.950000000000003,-12.11
2025-07-23T17:37:45.016392,16.0,-45.0,42.0,32.0,6.0,-82.0,25.0,-24.0,-10.0,49.0,14.0,-17.0,-14.079999999999998,-68.94,59.879999999999995,33.05,-7.99,-63.989999999999995,28.22,-15.71,15.620000000000001,66.1,-37.95,15.89
2025-07-23T17:37:45.021163,35.0,-2.0,-22.0,-13.0,47.0,-40.0,80.0,-70.0,-45.0,-4.0,43.0,-28.0,4.920000000000002,-25.94,-4.120000000000001,-11.95,33.01,-21.99,83.22,-61.71,-19.38,13.100000000000001,-8.950000000000003,4.890000000000001
2025-07-23T17:37:45.028716,20.0,9.0,-23.0,28.0,14.0,-48.0,28.0,-5.0,-42.0,2.0,-5.0,-22.0,-10.079999999999998,-14.940000000000001,-5.120000000000001,29.05,0.009999999999999787,-29.99,31.22,3.289999999999999,-16.38,19.1,-56.95,10.89
2025-07-23T17:37:45.033031,11.0,103.0,9.0,21.0,-33.0,-14.0,105.0,-5.0,46.0,-33.0,-19.0,-10.0,-19.08,79.06,26.88,22.05,-46.99,4.010000000000002,108.22,3.289999999999999,71.62,-15.899999999999999,-70.95,22.89
2025-07-23T17:37:45.041037,-33.0,-19.0,-37.0,46.0,35.0,-71.0,-1.0,-80.0,-15.0,29.0,41.0,-43.0,-63.08,-42.94,-19.12,47.05,21.009999999999998,-52.989999999999995,2.22,-71.71000000000001,10.620000000000001,46.1,-10.950000000000003,-10.11
2025-07-23T17:37:45.045200,-55.0,34.0,-70.0,4.0,-61.0,-32.0,-3.0,4.0,57.0,-29.0,24.0,3.0,-85.08,10.059999999999999,-52.120000000000005,5.05,-74.99,-13.989999999999998,0.2200000000000002,12.29,82.62,-11.899999999999999,-27.950000000000003,35.89
2025-07-23T17:37:45.053354,39.0,2.0,-31.0,88.0,-3.0,-57.0,29.0,-69.0,2.0,44.0,97.0,-68.0,8.920000000000002,-21.94,-13.120000000000001,89.05,-16.990000000000002,-38.989999999999995,32.22,-60.71,27.62,61.1,45.05,-35.11
2025-07-23T17:37:45.057671,16.0,52.0,-85.0,-25.0,-76.0,-44.0,13.0,37.0,-3.0,-38.0,47.0,6.0,-14.079999999999998,28.06,-67.12,-23.95,-89.99,-25.99,16.22,45.29,22.62,-20.9,-4.950000000000003,38.89
2025-07-23T17:37:45.065634,34.0,-20.0,-31.0,-3.0,-26.0,70.0,-13.0,-45.0,-28.0,-38.0,47.0,31.0,3.9200000000000017,-43.94,-13.120000000000001,-1.95,-39.99,88.01,-9.78,-36.71,-2.379999999999999,-20.9,-4.950000000000003,63.89
2025-07-23T17:37:45.070078,0.0,72.0,11.0,11.0,40.0,-11.0,-65.0,35.0,-64.0,-75.0,50.0,-49.0,-30.08,48.06,28.88,12.05,26.009999999999998,7.010000000000002,-61.78,43.29,-38.379999999999995,-57.9,-1.9500000000000028,-16.11
2025-07-23T17:37:45.077903,8.0,-23.0,-53.0,42.0,9.0,-25.0,1.0,53.0,-49.0,12.0,120.0,-64.0,-22.08,-46.94,-35.120000000000005,43.05,-4.99,-6.989999999999998,4.220000000000001,61.29,-23.38,29.1,68.05,-31.11
2025-07-23T17:37:45.082140,-30.0,87.0,-80.0,-30.0,4.0,-36.0,42.0,-66.0,-44.0,-48.0,64.0,7.0,-60.08,63.06,-62.120000000000005,-28.95,-9.99,-17.99,45.22,-57.71,-18.38,-30.9,12.049999999999997,39.89
2025-07-23T17:37:45.090120,22.0,46.0,-34.0,18.0,-14.0,20.0,-47.0,48.0,-51.0,9.0,68.0,-58.0,-8.079999999999998,22.06,-16.12,19.05,-27.990000000000002,38.010000000000005,-43.78,56.29,-25.38,26.1,16.049999999999997,-25.11
2025-07-23T17:37:45.094410,-39.0,103.0,12.0,28.0,8.0,-65.0,63.0,87.0,-14.0,-31.0,105.0,-58.0,-69.08,79.06,29.88,29.05,-5.99,-46.989999999999995,66.22,95.28999999999999,11.620000000000001,-13.899999999999999,53.05,-25.11
2025-07-23T17:37:45.102378,51.0,21.0,-42.0,-33.0,-39.0,-35.0,-31.0,3.0,-54.0,5.0,78.0,-124.0,20.92,-2.9400000000000013,-24.12,-31.95,-52.99,-16.99,-27.78,11.29,-28.38,22.1,26.049999999999997,-91.11
2025-07-23T17:37:45.106860,74.0,-100.0,-38.0,14.0,-12.0,-26.0,19.0,-16.0,-61.0,25.0,7.0,-6.0,43.92,-123.94,-20.12,15.05,-25.990000000000002,-7.989999999999998,22.22,-7.710000000000001,-35.379999999999995,42.1,-44.95,26.89
2025-07-23T17:37:45.110948,89.0,-9.0,-79.0,-5.0,12.0,-32.0,62.0,51.0,9.0,72.0,38.0,-37.0,58.92,-32.94,-61.120000000000005,-3.95,-1.9900000000000002,-13.989999999999998,65.22,59.29,34.620000000000005,89.1,-13.950000000000003,-4.109999999999999
2025-07-23T17:37:45.119056,70.0,29.0,-85.0,-19.0,-14.0,-16.0,-26.0,-22.0,-5.0,-8.0,58.0,-15.0,39.92,5.059999999999999,-67.12,-17.95,-27.990000000000002,2.0100000000000016,-22.78,-13.71,20.62,9.100000000000001,6.049999999999997,17.89
2025-07-23T17:37:45.123232,104.0,-12.0,-78.0,-14.0,23.0,-23.0,46.0,-29.0,0.0,-21.0,62.0,9.0,73.92,-35.94,-60.120000000000005,-12.95,9.01,-4.989999999999998,49.22,-20.71,25.62,-3.8999999999999986,10.049999999999997,41.89
2025-07-23T17:37:45.131194,47.0,-36.0,3.0,82.0,40.0,-53.0,-69.0,-21.0,12.0,-28.0,0.0,7.0,16.92,-59.94,20.88,83.05,26.009999999999998,-34.989999999999995,-65.78,-12.71,37.620000000000005,-10.899999999999999,-51.95,39.89
2025-07-23T17:37:45.135347,-4.0,25.0,-50.0,23.0,-28.0,4.0,13.0,-10.0,5.0,9.0,51.0,-33.0,-34.08,1.0599999999999987,-32.120000000000005,24.05,-41.99,22.01,16.22,-1.7100000000000009,30.62,26.1,-0.9500000000000028,-0.10999999999999943
2025-07-23T17:37:45.143678,42.0,-50.0,-30.0,-6.0,-34.0,-6.0,26.0,18.0,-11.0,14.0,-13.0,-52.0,11.920000000000002,-73.94,-12.120000000000001,-4.95,-47.99,12.010000000000002,29.22,26.29,14.620000000000001,31.1,-64.95,-19.11
2025-07-23T17:37:45.147580,71.0,-6.0,-5.0,6.0,33.0,33.0,-3.0,-31.0,-8.0,-78.0,-29.0,-45.0,40.92,-29.94,12.879999999999999,7.05,19.009999999999998,51.010000000000005,0.2200000000000002,-22.71,17.62,-60.9,-80.95,-12.11
2025-07-23T17:37:45.155839,13.0,12.0,-13.0,32.0,-58.0,-23.0,-43.0,-61.0,-32.0,-85.0,24.0,-40.0,-17.08,-11.940000000000001,4.879999999999999,33.05,-71.99,-4.989999999999998,-39.78,-52.71,-6.379999999999999,-67.9,-27.950000000000003,-7.109999999999999
2025-07-23T17:37:45.160044,-2.0,0.0,109.0,81.0,19.0,4.0,-42.0,11.0,-15.0,-34.0,103.0,48.0,-32.08,-23.94,126.88,82.05,5.01,22.01,-38.78,19.29,10.620000000000001,-16.9,51.05,80.89
2025-07-23T17:37:45.168130,29.0,18.0,18.0,-32.0,42.0,-63.0,-51.0,-7.0,-11.0,-11.0,64.0,-55.0,-1.0799999999999983,-5.940000000000001,35.879999999999995,-30.95,28.009999999999998,-44.989999999999995,-47.78,1.2899999999999991,14.620000000000001,6.100000000000001,12.049999999999997,-22.11
2025-07-23T17:37:45.172336,-34.0,-49.0,-7.0,22.0,25.0,-5.0,-37.0,32.0,-105.0,-49.0,41.0,-11.0,-64.08,-72.94,10.879999999999999,23.05,11.01,13.010000000000002,-33.78,40.29,-79.38,-31.9,-10.950000000000003,21.89
2025-07-23T17:37:45.180251,67.0,4.0,-26.0,-33.0,7.0,-86.0,2.0,-5.0,-48.0,-81.0,106.0,-44.0,36.92,-19.94,-8.120000000000001,-31.95,-6.99,-67.99,5.220000000000001,3.289999999999999,-22.38,-63.9,54.05,-11.11
2025-07-23T17:37:45.184590,36.0,-47.0,-6.0,11.0,19.0,-70.0,21.0,7.0,-71.0,-43.0,57.0,-72.0,5.920000000000002,-70.94,11.879999999999999,12.05,5.01,-51.989999999999995,24.22,15.29,-45.379999999999995,-25.9,5.049999999999997,-39.11
2025-07-23T17:37:45.192722,69.0,3.0,6.0,11.0,-19.0,-78.0,-5.0,44.0,-66.0,7.0,16.0,-51.0,38.92,-20.94,23.88,12.05,-32.99,-59.989999999999995,-1.7799999999999998,52.29,-40.379999999999995,24.1,-35.95,-18.11
2025-07-23T17:37:45.196791,12.0,5.0,-32.0,72.0,-80.0,-66.0,-67.0,52.0,-57.0,51.0,72.0,-55.0,-18.08,-18.94,-14.120000000000001,73.05,-93.99,-47.989999999999995,-63.78,60.29,-31.38,68.1,20.049999999999997,-22.11
2025-07-23T17:37:45.204868,18.0,-36.0,4.0,49.0,44.0,-42.0,89.0,-24.0,-32.0,-5.0,91.0,-14.0,-12.079999999999998,-59.94,21.88,50.05,30.009999999999998,-23.99,92.22,-15.71,-6.379999999999999,12.100000000000001,39.05,18.89
2025-07-23T17:37:45.209197,49.0,-22.0,-25.0,-33.0,-5.0,-38.0,-5.0,-30.0,-41.0,-5.0,57.0,-4.0,18.92,-45.94,-7.120000000000001,-31.95,-18.990000000000002,-19.99,-1.7799999999999998,-21.71,-15.379999999999999,12.100000000000001,5.049999999999997,28.89
2025-07-23T17:37:45.217162,66.0,68.0,19.0,36.0,50.0,-48.0,99.0,-75.0,-3.0,-48.0,37.0,19.0,35.92,44.06,36.879999999999995,37.05,36.01,-29.99,102.22,-66.71000000000001,22.62,-30.9,-14.950000000000003,51.89
2025-07-23T17:37:45.221433,-27.0,-19.0,0.0,1.0,-3.0,-64.0,-45.0,-5.0,-49.0,-31.0,25.0,-79.0,-57.08,-42.94,17.88,2.05,-16.990000000000002,-45.989999999999995,-41.78,3.289999999999999,-23.38,-13.899999999999999,-26.950000000000003,-46.11
2025-07-23T17:37:45.229500,-14.0,65.0,-42.0,-37.0,31.0,-44.0,45.0,-42.0,-1.0,-33.0,41.0,-132.0,-44.08,41.06,-24.12,-35.95,17.009999999999998,-25.99,48.22,-33.71,24.62,-15.899999999999999,-10.950000000000003,-99.11
2025-07-23T17:37:45.233685,21.0,134.0,-61.0,69.0,29.0,-5.0,-32.0,-28.0,-15.0,1.0,3.0,-84.0,-9.079999999999998,110.06,-43.120000000000005,70.05,15.01,13.010000000000002,-28.78,-19.71,10.620000000000001,18.1,-48.95,-51.11
2025-07-23T17:37:45.241685,58.0,-15.0,-31.0,-13.0,-3.0,25.0,-8.0,10.0,-34.0,11.0,36.0,-49.0,27.92,-38.94,-13.120000000000001,-11.95,-16.990000000000002,43.010000000000005,-4.779999999999999,18.29,-8.379999999999999,28.1,-15.950000000000003,-16.11
2025-07-23T17:37:45.245957,61.0,10.0,-80.0,25.0,-56.0,3.0,-98.0,29.0,-25.0,15.0,14.0,32.0,30.92,-13.940000000000001,-62.120000000000005,26.05,-69.99,21.01,-94.78,37.29,0.620000000000001,32.1,-37.95,64.89
2025-07-23T17:37:45.253965,49.0,88.0,-72.0,35.0,-24.0,-71.0,14.0,5.0,-46.0,14.0,0.0,-17.0,18.92,64.06,-54.120000000000005,36.05,-37.99,-52.989999999999995,17.22,13.29,-20.38,31.1,-51.95,15.89
2025-07-23T17:37:45.258202,107.0,-5.0,-46.0,-10.0,7.0,-60.0,36.0,-34.0,10.0,-34.0,-9.0,-5.0,76.92,-28.94,-28.12,-8.95,-6.99,-41.989999999999995,39.22,-25.71,35.620000000000005,-16.9,-60.95,27.89
