timestamp,x1,y1,z1,x2,y2,z2,x3,y3,z3,x4,y4,z4,x1_calib,y1_calib,z1_calib,x2_calib,y2_calib,z2_calib,x3_calib,y3_calib,z3_calib,x4_calib,y4_calib,z4_calib
2025-07-29T20:33:53.373167,-42.0,-86.0,136.0,0.0,-15.0,-2.0,-46.0,43.0,-26.0,-17.0,-44.0,-33.0,-36.41,-44.7,77.66,26.68,-17.48,11.16,-55.94,43.68,-1.9699999999999989,2.1000000000000014,-69.36,-8.16
2025-07-29T20:33:53.377592,-34.0,-36.0,146.0,14.0,57.0,-73.0,10.0,26.0,4.0,34.0,-17.0,-83.0,-28.41,5.299999999999997,87.66,40.68,54.52,-59.84,0.0600000000000005,26.68,28.03,53.1,-42.36,-58.16
2025-07-29T20:33:53.385544,-6.0,-8.0,56.0,-86.0,-40.0,-37.0,-4.0,5.0,-53.0,9.0,-32.0,-24.0,-0.41000000000000014,33.3,-2.3400000000000034,-59.32,-42.48,-23.84,-13.94,5.68,-28.97,28.1,-57.36,0.8399999999999999
2025-07-29T20:33:53.389737,-37.0,-49.0,76.0,-64.0,62.0,11.0,-1.0,84.0,-65.0,24.0,6.0,-80.0,-31.41,-7.700000000000003,17.659999999999997,-37.32,59.52,24.16,-10.94,84.68,-40.97,43.1,-19.36,-55.16
2025-07-29T20:33:53.397617,-30.0,16.0,71.0,-75.0,-13.0,-25.0,9.0,92.0,-12.0,26.0,49.0,-90.0,-24.41,57.3,12.659999999999997,-48.32,-15.48,-11.84,-0.9399999999999995,92.68,12.030000000000001,45.1,23.64,-65.16
2025-07-29T20:33:53.401950,30.0,-42.0,99.0,-38.0,75.0,15.0,-18.0,-6.0,23.0,68.0,70.0,-28.0,35.59,-0.7000000000000028,40.66,-11.32,72.52,28.16,-27.939999999999998,-5.32,47.03,87.1,44.64,-3.16
2025-07-29T20:33:53.410057,37.0,-111.0,3.0,-74.0,-4.0,-37.0,-34.0,44.0,32.0,-36.0,59.0,-24.0,42.59,-69.7,-55.34,-47.32,-6.48,-23.84,-43.94,44.68,56.03,-16.9,33.64,0.8399999999999999
2025-07-29T20:33:53.414193,25.0,-63.0,77.0,33.0,-36.0,18.0,5.0,-19.0,-30.0,-33.0,44.0,-30.0,30.59,-21.700000000000003,18.659999999999997,59.68,-38.48,31.16,-4.9399999999999995,-18.32,-5.969999999999999,-13.899999999999999,18.64,-5.16
2025-07-29T20:33:53.422435,-86.0,17.0,107.0,32.0,6.0,-14.0,0.0,-15.0,-21.0,-81.0,15.0,-56.0,-80.41,58.3,48.66,58.68,3.52,-0.8399999999999999,-9.94,-14.32,3.030000000000001,-61.9,-10.36,-31.16
2025-07-29T20:33:53.426755,-63.0,-6.0,61.0,-101.0,-33.0,-81.0,38.0,-2.0,-45.0,-18.0,52.0,-29.0,-57.41,35.3,2.6599999999999966,-74.32,-35.48,-67.84,28.060000000000002,-1.3199999999999998,-20.97,1.1000000000000014,26.64,-4.16
2025-07-29T20:33:53.434641,-62.0,-83.0,-14.0,-41.0,37.0,59.0,24.0,32.0,-67.0,-2.0,25.0,-35.0,-56.41,-41.7,-72.34,-14.32,34.52,72.16,14.06,32.68,-42.97,17.1,-0.35999999999999943,-10.16
2025-07-29T20:33:53.438806,57.0,-4.0,33.0,8.0,13.0,-7.0,105.0,5.0,63.0,-16.0,-23.0,6.0,62.59,37.3,-25.340000000000003,34.68,10.52,6.16,95.06,5.68,87.03,3.1000000000000014,-48.36,30.84
2025-07-29T20:33:53.446776,28.0,13.0,22.0,-84.0,26.0,14.0,24.0,77.0,-35.0,4.0,14.0,27.0,33.59,54.3,-36.34,-57.32,23.52,27.16,14.06,77.68,-10.969999999999999,23.1,-11.36,51.84
2025-07-29T20:33:53.451267,-38.0,-64.0,41.0,-107.0,24.0,-10.0,25.0,-10.0,73.0,-59.0,-3.0,59.0,-32.41,-22.700000000000003,-17.340000000000003,-80.32,21.52,3.16,15.06,-9.32,97.03,-39.9,-28.36,83.84
2025-07-29T20:33:53.459081,0.0,-45.0,100.0,-46.0,13.0,-32.0,37.0,-25.0,-18.0,-17.0,84.0,-37.0,5.59,-3.700000000000003,41.66,-19.32,10.52,-18.84,27.060000000000002,-24.32,6.030000000000001,2.1000000000000014,58.64,-12.16
2025-07-29T20:33:53.463519,-8.0,-61.0,80.0,-58.0,28.0,52.0,-49.0,18.0,-16.0,14.0,42.0,-6.0,-2.41,-19.700000000000003,21.659999999999997,-31.32,25.52,65.16,-58.94,18.68,8.030000000000001,33.1,16.64,18.84
2025-07-29T20:33:53.471444,-110.0,-129.0,106.0,-107.0,-30.0,23.0,33.0,87.0,-6.0,21.0,26.0,23.0,-104.41,-87.7,47.66,-80.32,-32.48,36.16,23.060000000000002,87.68,18.03,40.1,0.6400000000000006,47.84
2025-07-29T20:33:53.475774,-63.0,-24.0,155.0,-6.0,41.0,77.0,-48.0,85.0,-24.0,-29.0,9.0,1.0,-57.41,17.299999999999997,96.66,20.68,38.52,90.16,-57.94,85.68,0.030000000000001137,-9.899999999999999,-16.36,25.84
2025-07-29T20:33:53.483790,-77.0,-33.0,46.0,-48.0,-7.0,17.0,-14.0,61.0,-28.0,-36.0,-79.0,-14.0,-71.41,8.299999999999997,-12.340000000000003,-21.32,-9.48,30.16,-23.939999999999998,61.68,-3.969999999999999,-16.9,-104.36,10.84
2025-07-29T20:33:53.488074,-70.0,-64.0,-8.0,-43.0,-25.0,9.0,50.0,97.0,-49.0,-54.0,-20.0,-4.0,-64.41,-22.700000000000003,-66.34,-16.32,-27.48,22.16,40.06,97.68,-24.97,-34.9,-45.36,20.84
2025-07-29T20:33:53.495931,70.0,-52.0,49.0,-3.0,46.0,0.0,-13.0,-10.0,-13.0,21.0,-3.0,32.0,75.59,-10.700000000000003,-9.340000000000003,23.68,43.52,13.16,-22.939999999999998,-9.32,11.030000000000001,40.1,-28.36,56.84
2025-07-29T20:33:53.500246,13.0,-3.0,68.0,-64.0,-56.0,-39.0,30.0,48.0,-6.0,-10.0,62.0,16.0,18.59,38.3,9.659999999999997,-37.32,-58.48,-25.84,20.060000000000002,48.68,18.03,9.100000000000001,36.64,40.84
2025-07-29T20:33:53.504409,-12.0,17.0,4.0,-88.0,-48.0,-3.0,-21.0,-22.0,8.0,50.0,-49.0,-27.0,-6.41,58.3,-54.34,-61.32,-50.48,10.16,-30.939999999999998,-21.32,32.03,69.1,-74.36,-2.16
2025-07-29T20:33:53.512681,36.0,-26.0,21.0,-62.0,5.0,-1.0,39.0,-35.0,-43.0,100.0,-10.0,25.0,41.59,15.299999999999997,-37.34,-35.32,2.52,12.16,29.060000000000002,-34.32,-18.97,119.1,-35.36,49.84
2025-07-29T20:33:53.516583,-32.0,-175.0,109.0,-81.0,36.0,-24.0,102.0,-2.0,-70.0,73.0,-9.0,7.0,-26.41,-133.7,50.66,-54.32,33.52,-10.84,92.06,-1.3199999999999998,-45.97,92.1,-34.36,31.84
2025-07-29T20:33:53.524764,-45.0,-142.0,94.0,43.0,-67.0,2.0,-10.0,33.0,8.0,51.0,-67.0,12.0,-39.41,-100.7,35.66,69.68,-69.48,15.16,-19.939999999999998,33.68,32.03,70.1,-92.36,36.84
2025-07-29T20:33:53.528888,-2.0,-23.0,115.0,-12.0,-2.0,-96.0,46.0,64.0,27.0,62.0,34.0,44.0,3.59,18.299999999999997,56.66,14.68,-4.48,-82.84,36.06,64.68,51.03,81.1,8.64,68.84
2025-07-29T20:33:53.537124,-68.0,-11.0,145.0,-8.0,-17.0,10.0,11.0,24.0,-38.0,-9.0,-42.0,54.0,-62.41,30.299999999999997,86.66,18.68,-19.48,23.16,1.0600000000000005,24.68,-13.969999999999999,10.100000000000001,-67.36,78.84
2025-07-29T20:33:53.541194,13.0,-29.0,25.0,-61.0,-87.0,-8.0,44.0,-19.0,-28.0,37.0,-19.0,24.0,18.59,12.299999999999997,-33.34,-34.32,-89.48,5.16,34.06,-18.32,-3.969999999999999,56.1,-44.36,48.84
2025-07-29T20:33:53.549353,30.0,9.0,98.0,-85.0,37.0,10.0,50.0,-1.0,-29.0,71.0,-32.0,33.0,35.59,50.3,39.66,-58.32,34.52,23.16,40.06,-0.31999999999999995,-4.969999999999999,90.1,-57.36,57.84
2025-07-29T20:33:53.553572,0.0,-40.0,43.0,-20.0,4.0,35.0,57.0,42.0,-63.0,26.0,-11.0,10.0,5.59,1.2999999999999972,-15.340000000000003,6.68,1.52,48.16,47.06,42.68,-38.97,45.1,-36.36,34.84
2025-07-29T20:33:53.561595,-5.0,7.0,-8.0,-10.0,19.0,-23.0,33.0,12.0,-44.0,23.0,-92.0,58.0,0.5899999999999999,48.3,-66.34,16.68,16.52,-9.84,23.060000000000002,12.68,-19.97,42.1,-117.36,82.84
2025-07-29T20:33:53.565917,55.0,-63.0,82.0,-49.0,26.0,-71.0,42.0,61.0,-86.0,-1.0,-62.0,-19.0,60.59,-21.700000000000003,23.659999999999997,-22.32,23.52,-57.84,32.06,61.68,-61.97,18.1,-87.36,5.84
2025-07-29T20:33:53.573973,38.0,15.0,43.0,-22.0,-41.0,-65.0,74.0,3.0,8.0,6.0,-19.0,-26.0,43.59,56.3,-15.340000000000003,4.68,-43.48,-51.84,64.06,3.68,32.03,25.1,-44.36,-1.1600000000000001
2025-07-29T20:33:53.578281,-70.0,-108.0,5.0,-61.0,63.0,-37.0,13.0,50.0,25.0,56.0,42.0,59.0,-64.41,-66.7,-53.34,-34.32,60.52,-23.84,3.0600000000000005,50.68,49.03,75.1,16.64,83.84
2025-07-29T20:33:53.586269,-28.0,-46.0,117.0,-14.0,4.0,26.0,27.0,-13.0,-39.0,55.0,33.0,53.0,-22.41,-4.700000000000003,58.66,12.68,1.52,39.16,17.060000000000002,-12.32,-14.969999999999999,74.1,7.640000000000001,77.84
2025-07-29T20:33:53.590539,-55.0,0.0,47.0,61.0,-14.0,18.0,37.0,-5.0,-80.0,53.0,-14.0,35.0,-49.41,41.3,-11.340000000000003,87.68,-16.48,31.16,27.060000000000002,-4.32,-55.97,72.1,-39.36,59.84
2025-07-29T20:33:53.598512,-17.0,-56.0,97.0,16.0,-11.0,-46.0,9.0,23.0,-44.0,4.0,25.0,56.0,-11.41,-14.700000000000003,38.66,42.68,-13.48,-32.84,-0.9399999999999995,23.68,-19.97,23.1,-0.35999999999999943,80.84
2025-07-29T20:33:53.602839,-58.0,-70.0,108.0,-42.0,-32.0,37.0,61.0,-32.0,17.0,-7.0,-40.0,5.0,-52.41,-28.700000000000003,49.66,-15.32,-34.48,50.16,51.06,-31.32,41.03,12.100000000000001,-65.36,29.84
2025-07-29T20:33:53.610840,-1.0,-15.0,127.0,-59.0,23.0,15.0,40.0,11.0,-31.0,37.0,-39.0,-28.0,4.59,26.299999999999997,68.66,-32.32,20.52,28.16,30.060000000000002,11.68,-6.969999999999999,56.1,-64.36,-3.16
2025-07-29T20:33:53.615077,-73.0,-21.0,20.0,6.0,12.0,-5.0,24.0,-20.0,-1.0,21.0,-8.0,28.0,-67.41,20.299999999999997,-38.34,32.68,9.52,8.16,14.06,-19.32,23.03,40.1,-33.36,52.84
2025-07-29T20:33:53.622952,-27.0,-51.0,62.0,-11.0,27.0,-31.0,85.0,-34.0,-7.0,-20.0,-14.0,51.0,-21.41,-9.700000000000003,3.6599999999999966,15.68,24.52,-17.84,75.06,-33.32,17.03,-0.8999999999999986,-39.36,75.84
2025-07-29T20:33:53.627291,48.0,76.0,30.0,64.0,9.0,-52.0,-3.0,6.0,4.0,64.0,-19.0,4.0,53.59,117.3,-28.340000000000003,90.68,6.52,-38.84,-12.94,6.68,28.03,83.1,-44.36,28.84
2025-07-29T20:33:53.635171,16.0,-3.0,1.0,-26.0,48.0,-12.0,-61.0,-52.0,-56.0,-21.0,-54.0,-11.0,21.59,38.3,-57.34,0.6799999999999997,45.52,1.1600000000000001,-70.94,-51.32,-31.97,-1.8999999999999986,-79.36,13.84
2025-07-29T20:33:53.639521,32.0,-75.0,-3.0,2.0,18.0,-40.0,8.0,-73.0,-42.0,60.0,-28.0,-35.0,37.59,-33.7,-61.34,28.68,15.52,-26.84,-1.9399999999999995,-72.32,-17.97,79.1,-53.36,-10.16
2025-07-29T20:33:53.643668,8.0,-39.0,63.0,-66.0,1.0,4.0,10.0,24.0,-25.0,-28.0,6.0,-77.0,13.59,2.299999999999997,4.659999999999997,-39.32,-1.48,17.16,0.0600000000000005,24.68,-0.9699999999999989,-8.899999999999999,-19.36,-52.16
2025-07-29T20:33:53.652536,26.0,-134.0,35.0,54.0,-23.0,-14.0,5.0,10.0,-51.0,29.0,33.0,-32.0,31.59,-92.7,-23.340000000000003,80.68,-25.48,-0.8399999999999999,-4.9399999999999995,10.68,-26.97,48.1,7.640000000000001,-7.16
2025-07-29T20:33:53.655915,52.0,-51.0,97.0,-121.0,-59.0,22.0,60.0,11.0,37.0,-17.0,5.0,-81.0,57.59,-9.700000000000003,38.66,-94.32,-61.48,35.16,50.06,11.68,61.03,2.1000000000000014,-20.36,-56.16
2025-07-29T20:33:53.664492,-79.0,-98.0,29.0,-8.0,-48.0,-48.0,33.0,-28.0,-9.0,51.0,2.0,-33.0,-73.41,-56.7,-29.340000000000003,18.68,-50.48,-34.84,23.060000000000002,-27.32,15.030000000000001,70.1,-23.36,-8.16
2025-07-29T20:33:53.668090,-2.0,-33.0,48.0,-72.0,64.0,-70.0,62.0,-29.0,-12.0,63.0,29.0,-29.0,3.59,8.299999999999997,-10.340000000000003,-45.32,61.52,-56.84,52.06,-28.32,12.030000000000001,82.1,3.6400000000000006,-4.16
2025-07-29T20:33:53.676407,-48.0,-42.0,117.0,-46.0,23.0,-43.0,-20.0,-74.0,3.0,9.0,15.0,-38.0,-42.41,-0.7000000000000028,58.66,-19.32,20.52,-29.84,-29.939999999999998,-73.32,27.03,28.1,-10.36,-13.16
2025-07-29T20:33:53.680545,0.0,-46.0,101.0,8.0,-59.0,-25.0,-15.0,-11.0,-54.0,56.0,58.0,-12.0,5.59,-4.700000000000003,42.66,34.68,-61.48,-11.84,-24.939999999999998,-10.32,-29.97,75.1,32.64,12.84
2025-07-29T20:33:53.688599,1.0,-148.0,-11.0,-21.0,-28.0,-41.0,11.0,44.0,-39.0,24.0,49.0,12.0,6.59,-106.7,-69.34,5.68,-30.48,-27.84,1.0600000000000005,44.68,-14.969999999999999,43.1,23.64,36.84
2025-07-29T20:33:53.692659,37.0,-62.0,140.0,-85.0,-29.0,10.0,30.0,-11.0,10.0,49.0,56.0,-7.0,42.59,-20.700000000000003,81.66,-58.32,-31.48,23.16,20.060000000000002,-10.32,34.03,68.1,30.64,17.84
2025-07-29T20:33:53.700973,-15.0,-64.0,101.0,-38.0,-25.0,-3.0,61.0,-12.0,35.0,15.0,95.0,-59.0,-9.41,-22.700000000000003,42.66,-11.32,-27.48,10.16,51.06,-11.32,59.03,34.1,69.64,-34.16
2025-07-29T20:33:53.704996,-83.0,-3.0,173.0,-35.0,36.0,45.0,-10.0,-18.0,-10.0,60.0,54.0,-65.0,-77.41,38.3,114.66,-8.32,33.52,58.16,-19.939999999999998,-17.32,14.030000000000001,79.1,28.64,-40.16
2025-07-29T20:33:53.713170,-72.0,-36.0,37.0,-35.0,33.0,-44.0,-90.0,45.0,1.0,-12.0,42.0,-50.0,-66.41,5.299999999999997,-21.340000000000003,-8.32,30.52,-30.84,-99.94,45.68,25.03,7.100000000000001,16.64,-25.16
2025-07-29T20:33:53.717272,33.0,-71.0,9.0,-15.0,-31.0,-32.0,36.0,28.0,-8.0,44.0,47.0,-80.0,38.59,-29.700000000000003,-49.34,11.68,-33.48,-18.84,26.060000000000002,28.68,16.03,63.1,21.64,-55.16
2025-07-29T20:33:53.725551,-17.0,-23.0,-4.0,40.0,-21.0,25.0,-45.0,97.0,-37.0,31.0,40.0,-74.0,-11.41,18.299999999999997,-62.34,66.68,-23.48,38.16,-54.94,97.68,-12.969999999999999,50.1,14.64,-49.16
2025-07-29T20:33:53.729590,65.0,-67.0,27.0,-48.0,-34.0,-10.0,-21.0,10.0,5.0,36.0,19.0,-20.0,70.59,-25.700000000000003,-31.340000000000003,-21.32,-36.48,3.16,-30.939999999999998,10.68,29.03,55.1,-6.359999999999999,4.84
2025-07-29T20:33:53.737745,27.0,-102.0,60.0,-91.0,83.0,-6.0,14.0,92.0,-53.0,62.0,-7.0,-21.0,32.59,-60.7,1.6599999999999966,-64.32,80.52,7.16,4.0600000000000005,92.68,-28.97,81.1,-32.36,3.84
2025-07-29T20:33:53.741856,-47.0,-67.0,93.0,-17.0,49.0,-8.0,-12.0,63.0,-98.0,18.0,8.0,-41.0,-41.41,-25.700000000000003,34.66,9.68,46.52,5.16,-21.939999999999998,63.68,-73.97,37.1,-17.36,-16.16
2025-07-29T20:33:53.750058,-2.0,-72.0,102.0,-32.0,29.0,-41.0,6.0,-41.0,-38.0,-56.0,-31.0,16.0,3.59,-30.700000000000003,43.66,-5.32,26.52,-27.84,-3.9399999999999995,-40.32,-13.969999999999999,-36.9,-56.36,40.84
2025-07-29T20:33:53.754361,-24.0,-17.0,43.0,29.0,4.0,22.0,2.0,19.0,-43.0,-3.0,39.0,-39.0,-18.41,24.299999999999997,-15.340000000000003,55.68,1.52,35.16,-7.9399999999999995,19.68,-18.97,16.1,13.64,-14.16
2025-07-29T20:33:53.762654,-48.0,-2.0,103.0,6.0,35.0,21.0,-6.0,36.0,-50.0,-69.0,99.0,23.0,-42.41,39.3,44.66,32.68,32.52,34.16,-15.94,36.68,-25.97,-49.9,73.64,47.84
2025-07-29T20:33:53.766593,-39.0,-49.0,92.0,-107.0,-44.0,31.0,-44.0,44.0,-23.0,9.0,62.0,-73.0,-33.41,-7.700000000000003,33.66,-80.32,-46.48,44.16,-53.94,44.68,1.0300000000000011,28.1,36.64,-48.16
2025-07-29T20:33:53.774577,-3.0,-48.0,14.0,-90.0,-46.0,-78.0,-33.0,34.0,-40.0,4.0,43.0,-31.0,2.59,-6.700000000000003,-44.34,-63.32,-48.48,-64.84,-42.94,34.68,-15.969999999999999,23.1,17.64,-6.16
2025-07-29T20:33:53.778846,-46.0,-57.0,49.0,-21.0,-6.0,-22.0,27.0,14.0,12.0,-38.0,-12.0,-43.0,-40.41,-15.700000000000003,-9.340000000000003,5.68,-8.48,-8.84,17.060000000000002,14.68,36.03,-18.9,-37.36,-18.16
2025-07-29T20:33:53.786948,-9.0,-12.0,66.0,-37.0,-24.0,-11.0,58.0,42.0,-64.0,-17.0,-23.0,5.0,-3.41,29.299999999999997,7.659999999999997,-10.32,-26.48,2.16,48.06,42.68,-39.97,2.1000000000000014,-48.36,29.84
2025-07-29T20:33:53.791195,-26.0,6.0,61.0,-24.0,-37.0,-13.0,-8.0,32.0,-55.0,-18.0,49.0,-61.0,-20.41,47.3,2.6599999999999966,2.6799999999999997,-39.48,0.16000000000000014,-17.939999999999998,32.68,-30.97,1.1000000000000014,23.64,-36.16
2025-07-29T20:33:53.799125,76.0,-10.0,-13.0,-32.0,-40.0,22.0,62.0,-3.0,-32.0,14.0,45.0,-68.0,81.59,31.299999999999997,-71.34,-5.32,-42.48,35.16,52.06,-2.32,-7.969999999999999,33.1,19.64,-43.16
2025-07-29T20:33:53.803461,-8.0,-108.0,53.0,-60.0,-6.0,51.0,-4.0,33.0,-14.0,-9.0,13.0,53.0,-2.41,-66.7,-5.340000000000003,-33.32,-8.48,64.16,-13.94,33.68,10.030000000000001,10.100000000000001,-12.36,77.84
2025-07-29T20:33:53.811525,-9.0,-92.0,131.0,7.0,-4.0,38.0,-16.0,-51.0,-18.0,-11.0,52.0,-3.0,-3.41,-50.7,72.66,33.68,-6.48,51.16,-25.939999999999998,-50.32,6.030000000000001,8.100000000000001,26.64,21.84
2025-07-29T20:33:53.815674,-20.0,-51.0,86.0,4.0,30.0,86.0,-30.0,17.0,-28.0,-21.0,3.0,4.0,-14.41,-9.700000000000003,27.659999999999997,30.68,27.52,99.16,-39.94,17.68,-3.969999999999999,-1.8999999999999986,-22.36,28.84
2025-07-29T20:33:53.823645,24.0,-32.0,126.0,-73.0,40.0,-60.0,-19.0,49.0,-45.0,2.0,59.0,-52.0,29.59,9.299999999999997,67.66,-46.32,37.52,-46.84,-28.939999999999998,49.68,-20.97,21.1,33.64,-27.16
2025-07-29T20:33:53.828055,-116.0,-86.0,80.0,-13.0,10.0,-20.0,77.0,75.0,-46.0,33.0,4.0,-45.0,-110.41,-44.7,21.659999999999997,13.68,7.52,-6.84,67.06,75.68,-21.97,52.1,-21.36,-20.16
2025-07-29T20:33:53.836114,-68.0,-4.0,138.0,77.0,-6.0,-21.0,59.0,-7.0,-75.0,-33.0,43.0,-30.0,-62.41,37.3,79.66,103.68,-8.48,-7.84,49.06,-6.32,-50.97,-13.899999999999999,17.64,-5.16
2025-07-29T20:33:53.840322,-72.0,-12.0,66.0,20.0,-27.0,-16.0,29.0,78.0,13.0,-22.0,76.0,-21.0,-66.41,29.299999999999997,7.659999999999997,46.68,-29.48,-2.84,19.060000000000002,78.68,37.03,-2.8999999999999986,50.64,3.84
2025-07-29T20:33:53.844515,-36.0,35.0,57.0,-6.0,-8.0,15.0,1.0,59.0,-90.0,-40.0,48.0,-43.0,-30.41,76.3,-1.3400000000000034,20.68,-10.48,28.16,-8.94,59.68,-65.97,-20.9,22.64,-18.16
2025-07-29T20:33:53.852626,-34.0,-43.0,43.0,-81.0,-7.0,-34.0,55.0,-28.0,-54.0,-15.0,29.0,-67.0,-28.41,-1.7000000000000028,-15.340000000000003,-54.32,-9.48,-20.84,45.06,-27.32,-29.97,4.100000000000001,3.6400000000000006,-42.16
2025-07-29T20:33:53.860688,29.0,-21.0,60.0,-35.0,51.0,-56.0,56.0,17.0,-53.0,-15.0,10.0,-24.0,34.59,20.299999999999997,1.6599999999999966,-8.32,48.52,-42.84,46.06,17.68,-28.97,4.100000000000001,-15.36,0.8399999999999999
2025-07-29T20:33:53.864977,-13.0,-22.0,57.0,-69.0,-51.0,-2.0,-61.0,-41.0,6.0,-66.0,-38.0,-55.0,-7.41,19.299999999999997,-1.3400000000000034,-42.32,-53.48,11.16,-70.94,-40.32,30.03,-46.9,-63.36,-30.16
2025-07-29T20:33:53.872777,4.0,-95.0,132.0,12.0,22.0,-32.0,37.0,-47.0,-11.0,-101.0,11.0,-36.0,9.59,-53.7,73.66,38.68,19.52,-18.84,27.060000000000002,-46.32,13.030000000000001,-81.9,-14.36,-11.16
2025-07-29T20:33:53.877118,-36.0,-40.0,27.0,-12.0,53.0,-39.0,-6.0,28.0,42.0,-57.0,85.0,-6.0,-30.41,1.2999999999999972,-31.340000000000003,14.68,50.52,-25.84,-15.94,28.68,66.03,-37.9,59.64,18.84
2025-07-29T20:33:53.885172,-33.0,-16.0,86.0,-20.0,15.0,-45.0,-30.0,-69.0,30.0,34.0,63.0,-94.0,-27.41,25.299999999999997,27.659999999999997,6.68,12.52,-31.84,-39.94,-68.32,54.03,53.1,37.64,-69.16
2025-07-29T20:33:53.889456,-37.0,-9.0,44.0,-28.0,10.0,-73.0,18.0,-8.0,18.0,-17.0,65.0,28.0,-31.41,32.3,-14.340000000000003,-1.3200000000000003,7.52,-59.84,8.06,-7.32,42.03,2.1000000000000014,39.64,52.84
2025-07-29T20:33:53.893364,-95.0,27.0,13.0,-72.0,-18.0,-3.0,65.0,-50.0,-56.0,-34.0,2.0,-83.0,-89.41,68.3,-45.34,-45.32,-20.48,10.16,55.06,-49.32,-31.97,-14.899999999999999,-23.36,-58.16
2025-07-29T20:33:53.901699,-86.0,38.0,9.0,-58.0,-73.0,-21.0,19.0,8.0,-76.0,-38.0,18.0,17.0,-80.41,79.3,-49.34,-31.32,-75.48,-7.84,9.06,8.68,-51.97,-18.9,-7.359999999999999,41.84
2025-07-29T20:33:53.905665,-52.0,-22.0,36.0,-72.0,-14.0,-58.0,27.0,19.0,-6.0,-53.0,61.0,-32.0,-46.41,19.299999999999997,-22.340000000000003,-45.32,-16.48,-44.84,17.060000000000002,19.68,18.03,-33.9,35.64,-7.16
2025-07-29T20:33:53.913806,49.0,-2.0,-13.0,-64.0,-9.0,0.0,-2.0,-39.0,21.0,-13.0,18.0,17.0,54.59,39.3,-71.34,-37.32,-11.48,13.16,-11.94,-38.32,45.03,6.100000000000001,-7.359999999999999,41.84
2025-07-29T20:33:53.918022,18.0,-21.0,29.0,-13.0,-9.0,-61.0,-11.0,-34.0,3.0,74.0,23.0,-35.0,23.59,20.299999999999997,-29.340000000000003,13.68,-11.48,-47.84,-20.939999999999998,-33.32,27.03,93.1,-2.3599999999999994,-10.16
2025-07-29T20:33:53.926124,59.0,36.0,17.0,19.0,-2.0,-41.0,4.0,-12.0,4.0,-2.0,-20.0,-73.0,64.59,77.3,-41.34,45.68,-4.48,-27.84,-5.9399999999999995,-11.32,28.03,17.1,-45.36,-48.16
2025-07-29T20:33:53.930334,2.0,34.0,-11.0,-52.0,-56.0,-8.0,24.0,1.0,5.0,37.0,97.0,-83.0,7.59,75.3,-69.34,-25.32,-58.48,5.16,14.06,1.6800000000000002,29.03,56.1,71.64,-58.16
2025-07-29T20:33:53.938525,-34.0,12.0,18.0,-82.0,-47.0,-51.0,-26.0,13.0,7.0,45.0,35.0,42.0,-28.41,53.3,-40.34,-55.32,-49.48,-37.84,-35.94,13.68,31.03,64.1,9.64,66.84
2025-07-29T20:33:53.942764,39.0,-66.0,58.0,-33.0,-23.0,-26.0,-12.0,30.0,-1.0,-26.0,38.0,4.0,44.59,-24.700000000000003,-0.3400000000000034,-6.32,-25.48,-12.84,-21.939999999999998,30.68,23.03,-6.899999999999999,12.64,28.84
2025-07-29T20:33:53.950687,49.0,-57.0,48.0,-13.0,40.0,18.0,-9.0,18.0,-27.0,-13.0,-25.0,-72.0,54.59,-15.700000000000003,-10.340000000000003,13.68,37.52,31.16,-18.939999999999998,18.68,-2.969999999999999,6.100000000000001,-50.36,-47.16
2025-07-29T20:33:53.954928,-58.0,-24.0,109.0,-7.0,-16.0,-43.0,-51.0,79.0,-6.0,-14.0,48.0,48.0,-52.41,17.299999999999997,50.66,19.68,-18.48,-29.84,-60.94,79.68,18.03,5.100000000000001,22.64,72.84
2025-07-29T20:33:53.963140,2.0,2.0,61.0,-58.0,-37.0,48.0,10.0,54.0,-14.0,-5.0,29.0,50.0,7.59,43.3,2.6599999999999966,-31.32,-39.48,61.16,0.0600000000000005,54.68,10.030000000000001,14.100000000000001,3.6400000000000006,74.84
2025-07-29T20:33:53.967298,-33.0,62.0,74.0,1.0,23.0,-11.0,20.0,-14.0,1.0,47.0,-48.0,0.0,-27.41,103.3,15.659999999999997,27.68,20.52,2.16,10.06,-13.32,25.03,66.1,-73.36,24.84
2025-07-29T20:33:53.975253,-35.0,-10.0,134.0,-15.0,0.0,-41.0,6.0,87.0,3.0,12.0,-62.0,46.0,-29.41,31.299999999999997,75.66,11.68,-2.48,-27.84,-3.9399999999999995,87.68,27.03,31.1,-87.36,70.84
2025-07-29T20:33:53.979377,-12.0,-7.0,79.0,-3.0,26.0,-24.0,-37.0,11.0,7.0,4.0,-10.0,30.0,-6.41,34.3,20.659999999999997,23.68,23.52,-10.84,-46.94,11.68,31.03,23.1,-35.36,54.84
2025-07-29T20:33:53.987567,-48.0,31.0,78.0,-25.0,-14.0,-106.0,-21.0,-12.0,18.0,53.0,-41.0,69.0,-42.41,72.3,19.659999999999997,1.6799999999999997,-16.48,-92.84,-30.939999999999998,-11.32,42.03,72.1,-66.36,93.84
2025-07-29T20:33:53.991748,-78.0,8.0,59.0,4.0,20.0,-23.0,36.0,41.0,-86.0,24.0,-40.0,-2.0,-72.41,49.3,0.6599999999999966,30.68,17.52,-9.84,26.060000000000002,41.68,-61.97,43.1,-65.36,22.84
2025-07-29T20:33:53.999819,-77.0,77.0,54.0,-30.0,-9.0,-4.0,14.0,-18.0,-13.0,52.0,-55.0,-2.0,-71.41,118.3,-4.340000000000003,-3.3200000000000003,-11.48,9.16,4.0600000000000005,-17.32,11.030000000000001,71.1,-80.36,22.84
2025-07-29T20:33:54.004250,50.0,-16.0,68.0,-24.0,-75.0,-13.0,-73.0,1.0,-27.0,-15.0,-48.0,107.0,55.59,25.299999999999997,9.659999999999997,2.6799999999999997,-77.48,0.16000000000000014,-82.94,1.6800000000000002,-2.969999999999999,4.100000000000001,-73.36,131.84
2025-07-29T20:33:54.008379,15.0,29.0,13.0,4.0,31.0,-38.0,3.0,-12.0,13.0,25.0,-15.0,69.0,20.59,70.3,-45.34,30.68,28.52,-24.84,-6.9399999999999995,-11.32,37.03,44.1,-40.36,93.84
2025-07-29T20:33:54.016358,16.0,-23.0,36.0,36.0,1.0,9.0,21.0,106.0,-56.0,-16.0,-73.0,66.0,21.59,18.299999999999997,-22.340000000000003,62.68,-1.48,22.16,11.06,106.68,-31.97,3.1000000000000014,-98.36,90.84
2025-07-29T20:33:54.020328,6.0,53.0,59.0,-78.0,-86.0,57.0,-23.0,-50.0,-27.0,4.0,-5.0,-14.0,11.59,94.3,0.6599999999999966,-51.32,-88.48,70.16,-32.94,-49.32,-2.969999999999999,23.1,-30.36,10.84
2025-07-29T20:33:54.028454,29.0,2.0,58.0,-32.0,22.0,61.0,-24.0,-5.0,-36.0,70.0,-23.0,16.0,34.59,43.3,-0.3400000000000034,-5.32,19.52,74.16,-33.94,-4.32,-11.969999999999999,89.1,-48.36,40.84
2025-07-29T20:33:54.032627,28.0,-55.0,21.0,-87.0,82.0,13.0,19.0,23.0,-46.0,60.0,-43.0,30.0,33.59,-13.700000000000003,-37.34,-60.32,79.52,26.16,9.06,23.68,-21.97,79.1,-68.36,54.84
2025-07-29T20:33:54.040863,4.0,-64.0,23.0,-52.0,4.0,19.0,22.0,2.0,-5.0,25.0,-31.0,0.0,9.59,-22.700000000000003,-35.34,-25.32,1.52,32.16,12.06,2.68,19.03,44.1,-56.36,24.84
2025-07-29T20:33:54.044923,66.0,-60.0,46.0,44.0,28.0,-110.0,36.0,91.0,-15.0,32.0,-21.0,68.0,71.59,-18.700000000000003,-12.340000000000003,70.68,25.52,-96.84,26.060000000000002,91.68,9.030000000000001,51.1,-46.36,92.84
2025-07-29T20:33:54.053178,56.0,-33.0,93.0,-15.0,45.0,-52.0,56.0,-46.0,-94.0,58.0,-12.0,28.0,61.59,8.299999999999997,34.66,11.68,42.52,-38.84,46.06,-45.32,-69.97,77.1,-37.36,52.84
2025-07-29T20:33:54.057394,-78.0,-81.0,77.0,-5.0,44.0,-22.0,13.0,10.0,-56.0,111.0,48.0,43.0,-72.41,-39.7,18.659999999999997,21.68,41.52,-8.84,3.0600000000000005,10.68,-31.97,130.1,22.64,67.84
2025-07-29T20:33:54.065475,-50.0,-56.0,76.0,-100.0,1.0,22.0,-8.0,75.0,-48.0,-21.0,40.0,41.0,-44.41,-14.700000000000003,17.659999999999997,-73.32,-1.48,35.16,-17.939999999999998,75.68,-23.97,-1.8999999999999986,14.64,65.84
2025-07-29T20:33:54.069702,-109.0,-33.0,16.0,-83.0,27.0,0.0,12.0,14.0,-61.0,79.0,-79.0,65.0,-103.41,8.299999999999997,-42.34,-56.32,24.52,13.16,2.0600000000000005,14.68,-36.97,98.1,-104.36,89.84
2025-07-29T20:33:54.077617,6.0,-24.0,36.0,-50.0,10.0,27.0,-1.0,9.0,-67.0,49.0,-27.0,54.0,11.59,17.299999999999997,-22.340000000000003,-23.32,7.52,40.16,-10.94,9.68,-42.97,68.1,-52.36,78.84
2025-07-29T20:33:54.081885,75.0,82.0,54.0,27.0,22.0,-12.0,-24.0,58.0,-32.0,-4.0,-12.0,74.0,80.59,123.3,-4.340000000000003,53.68,19.52,1.1600000000000001,-33.94,58.68,-7.969999999999999,15.100000000000001,-37.36,98.84
2025-07-29T20:33:54.089934,17.0,-16.0,72.0,-21.0,8.0,-75.0,40.0,18.0,-54.0,39.0,-40.0,56.0,22.59,25.299999999999997,13.659999999999997,5.68,5.52,-61.84,30.060000000000002,18.68,-29.97,58.1,-65.36,80.84
2025-07-29T20:33:54.094324,30.0,-117.0,133.0,4.0,-7.0,-19.0,-17.0,58.0,-56.0,7.0,46.0,-24.0,35.59,-75.7,74.66,30.68,-9.48,-5.84,-26.939999999999998,58.68,-31.97,26.1,20.64,0.8399999999999999
2025-07-29T20:33:54.102113,-22.0,-68.0,68.0,-14.0,49.0,-9.0,77.0,-36.0,-1.0,22.0,60.0,25.0,-16.41,-26.700000000000003,9.659999999999997,12.68,46.52,4.16,67.06,-35.32,23.03,41.1,34.64,49.84
2025-07-29T20:33:54.106653,-51.0,-61.0,23.0,-94.0,4.0,12.0,19.0,50.0,-6.0,42.0,-35.0,37.0,-45.41,-19.700000000000003,-35.34,-67.32,1.52,25.16,9.06,50.68,18.03,61.1,-60.36,61.84
2025-07-29T20:33:54.114463,-91.0,-82.0,60.0,-23.0,29.0,-7.0,72.0,1.0,7.0,8.0,-27.0,58.0,-85.41,-40.7,1.6599999999999966,3.6799999999999997,26.52,6.16,62.06,1.6800000000000002,31.03,27.1,-52.36,82.84
2025-07-29T20:33:54.118874,-8.0,10.0,86.0,-29.0,54.0,15.0,28.0,-21.0,-56.0,-12.0,-28.0,21.0,-2.41,51.3,27.659999999999997,-2.3200000000000003,51.52,28.16,18.060000000000002,-20.32,-31.97,7.100000000000001,-53.36,45.84
2025-07-29T20:33:54.126691,-79.0,-15.0,51.0,-101.0,30.0,-47.0,40.0,-13.0,-21.0,16.0,-2.0,56.0,-73.41,26.299999999999997,-7.340000000000003,-74.32,27.52,-33.84,30.060000000000002,-12.32,3.030000000000001,35.1,-27.36,80.84
2025-07-29T20:33:54.131258,18.0,-7.0,70.0,-25.0,87.0,-30.0,-2.0,13.0,-37.0,39.0,13.0,15.0,23.59,34.3,11.659999999999997,1.6799999999999997,84.52,-16.84,-11.94,13.68,-12.969999999999999,58.1,-12.36,39.84
2025-07-29T20:33:54.138968,35.0,-25.0,-7.0,22.0,-52.0,-47.0,24.0,13.0,-92.0,-14.0,1.0,1.0,40.59,16.299999999999997,-65.34,48.68,-54.48,-33.84,14.06,13.68,-67.97,5.100000000000001,-24.36,25.84
2025-07-29T20:33:54.143534,11.0,22.0,-11.0,-55.0,-7.0,-83.0,17.0,-11.0,-47.0,23.0,-83.0,-8.0,16.59,63.3,-69.34,-28.32,-9.48,-69.84,7.0600000000000005,-10.32,-22.97,42.1,-108.36,16.84
2025-07-29T20:33:54.151257,-14.0,-33.0,16.0,7.0,-18.0,-23.0,39.0,-42.0,-24.0,13.0,-39.0,-17.0,-8.41,8.299999999999997,-42.34,33.68,-20.48,-9.84,29.060000000000002,-41.32,0.030000000000001137,32.1,-64.36,7.84
2025-07-29T20:33:54.155640,66.0,-14.0,29.0,-140.0,-25.0,-13.0,43.0,-38.0,-40.0,-46.0,-28.0,0.0,71.59,27.299999999999997,-29.340000000000003,-113.32,-27.48,0.16000000000000014,33.06,-37.32,-15.969999999999999,-26.9,-53.36,24.84
2025-07-29T20:33:54.163580,1.0,11.0,113.0,-57.0,-15.0,-22.0,-70.0,-51.0,-19.0,8.0,-16.0,42.0,6.59,52.3,54.66,-30.32,-17.48,-8.84,-79.94,-50.32,5.030000000000001,27.1,-41.36,66.84
2025-07-29T20:33:54.167841,-46.0,-63.0,39.0,-19.0,-8.0,-55.0,12.0,11.0,-82.0,47.0,-61.0,35.0,-40.41,-21.700000000000003,-19.340000000000003,7.68,-10.48,-41.84,2.0600000000000005,11.68,-57.97,66.1,-86.36,59.84
2025-07-29T20:33:54.175996,-28.0,-31.0,123.0,-49.0,10.0,-67.0,-12.0,-48.0,-26.0,83.0,-12.0,84.0,-22.41,10.299999999999997,64.66,-22.32,7.52,-53.84,-21.939999999999998,-47.32,-1.9699999999999989,102.1,-37.36,108.84
2025-07-29T20:33:54.180251,-26.0,-11.0,32.0,-14.0,-24.0,6.0,-12.0,45.0,23.0,-4.0,4.0,3.0,-20.41,30.299999999999997,-26.340000000000003,12.68,-26.48,19.16,-21.939999999999998,45.68,47.03,15.100000000000001,-21.36,27.84
2025-07-29T20:33:54.184152,-57.0,-17.0,58.0,-62.0,4.0,-43.0,7.0,29.0,-19.0,43.0,-12.0,-61.0,-51.41,24.299999999999997,-0.3400000000000034,-35.32,1.52,-29.84,-2.9399999999999995,29.68,5.030000000000001,62.1,-37.36,-36.16
2025-07-29T20:33:54.192318,-9.0,4.0,44.0,-49.0,-84.0,-22.0,16.0,43.0,29.0,44.0,14.0,28.0,-3.41,45.3,-14.340000000000003,-22.32,-86.48,-8.84,6.0600000000000005,43.68,53.03,63.1,-11.36,52.84
2025-07-29T20:33:54.196529,6.0,1.0,33.0,-48.0,11.0,48.0,-10.0,40.0,-67.0,-2.0,-37.0,57.0,11.59,42.3,-25.340000000000003,-21.32,8.52,61.16,-19.939999999999998,40.68,-42.97,17.1,-62.36,81.84
2025-07-29T20:33:54.204760,26.0,-2.0,-12.0,-53.0,-46.0,-15.0,55.0,57.0,-21.0,-35.0,-68.0,51.0,31.59,39.3,-70.34,-26.32,-48.48,-1.8399999999999999,45.06,57.68,3.030000000000001,-15.899999999999999,-93.36,75.84
2025-07-29T20:33:54.208754,-4.0,-70.0,60.0,4.0,-17.0,23.0,18.0,-52.0,-96.0,24.0,-37.0,28.0,1.5899999999999999,-28.700000000000003,1.6599999999999966,30.68,-19.48,36.16,8.06,-51.32,-71.97,43.1,-62.36,52.84
2025-07-29T20:33:54.217034,62.0,-93.0,47.0,-109.0,-4.0,-26.0,-43.0,-6.0,-59.0,32.0,-44.0,55.0,67.59,-51.7,-11.340000000000003,-82.32,-6.48,-12.84,-52.94,-5.32,-34.97,51.1,-69.36,79.84
2025-07-29T20:33:54.221038,28.0,-73.0,90.0,-4.0,-21.0,-28.0,48.0,62.0,-18.0,64.0,-112.0,-15.0,33.59,-31.700000000000003,31.659999999999997,22.68,-23.48,-14.84,38.06,62.68,6.030000000000001,83.1,-137.36,9.84
2025-07-29T20:33:54.229405,-35.0,-73.0,117.0,-15.0,-31.0,-30.0,30.0,28.0,-39.0,-12.0,32.0,5.0,-29.41,-31.700000000000003,58.66,11.68,-33.48,-16.84,20.060000000000002,28.68,-14.969999999999999,7.100000000000001,6.640000000000001,29.84
2025-07-29T20:33:54.233352,-59.0,51.0,58.0,0.0,26.0,45.0,-20.0,37.0,-1.0,103.0,-40.0,3.0,-53.41,92.3,-0.3400000000000034,26.68,23.52,58.16,-29.939999999999998,37.68,23.03,122.1,-65.36,27.84
2025-07-29T20:33:54.241524,-98.0,11.0,13.0,-102.0,-20.0,21.0,28.0,71.0,-84.0,47.0,-9.0,64.0,-92.41,52.3,-45.34,-75.32,-22.48,34.16,18.060000000000002,71.68,-59.97,66.1,-34.36,88.84
2025-07-29T20:33:54.245592,75.0,35.0,-1.0,-35.0,51.0,72.0,30.0,-40.0,-26.0,-30.0,-33.0,48.0,80.59,76.3,-59.34,-8.32,48.52,85.16,20.060000000000002,-39.32,-1.9699999999999989,-10.899999999999999,-58.36,72.84
2025-07-29T20:33:54.253814,-34.0,-31.0,42.0,-4.0,23.0,-59.0,-38.0,-27.0,-51.0,73.0,-10.0,-46.0,-28.41,10.299999999999997,-16.340000000000003,22.68,20.52,-45.84,-47.94,-26.32,-26.97,92.1,-35.36,-21.16
2025-07-29T20:33:54.257916,15.0,-34.0,53.0,17.0,20.0,-57.0,30.0,-115.0,-2.0,27.0,40.0,48.0,20.59,7.299999999999997,-5.340000000000003,43.68,17.52,-43.84,20.060000000000002,-114.32,22.03,46.1,14.64,72.84
2025-07-29T20:33:54.266113,-19.0,-72.0,65.0,-46.0,-42.0,-11.0,56.0,-27.0,-30.0,47.0,25.0,30.0,-13.41,-30.700000000000003,6.659999999999997,-19.32,-44.48,2.16,46.06,-26.32,-5.969999999999999,66.1,-0.35999999999999943,54.84
2025-07-29T20:33:54.270218,4.0,-21.0,86.0,-101.0,-49.0,30.0,-28.0,-18.0,-30.0,39.0,-10.0,27.0,9.59,20.299999999999997,27.659999999999997,-74.32,-51.48,43.16,-37.94,-17.32,-5.969999999999999,58.1,-35.36,51.84
2025-07-29T20:33:54.278345,-49.0,24.0,54.0,-17.0,49.0,-18.0,9.0,37.0,-51.0,31.0,23.0,52.0,-43.41,65.3,-4.340000000000003,9.68,46.52,-4.84,-0.9399999999999995,37.68,-26.97,50.1,-2.3599999999999994,76.84
2025-07-29T20:33:54.282517,-2.0,-22.0,-14.0,-9.0,46.0,-21.0,84.0,30.0,34.0,69.0,-55.0,50.0,3.59,19.299999999999997,-72.34,17.68,43.52,-7.84,74.06,30.68,58.03,88.1,-80.36,74.84
2025-07-29T20:33:54.290729,58.0,-27.0,42.0,-87.0,-51.0,-18.0,26.0,47.0,-31.0,68.0,29.0,42.0,63.59,14.299999999999997,-16.340000000000003,-60.32,-53.48,-4.84,16.060000000000002,47.68,-6.969999999999999,87.1,3.6400000000000006,66.84
2025-07-29T20:33:54.294786,-4.0,-26.0,162.0,-55.0,1.0,-99.0,-3.0,13.0,-1.0,34.0,-4.0,29.0,1.5899999999999999,15.299999999999997,103.66,-28.32,-1.48,-85.84,-12.94,13.68,23.03,53.1,-29.36,53.84
2025-07-29T20:33:54.303159,-1.0,-61.0,91.0,38.0,6.0,-58.0,-32.0,-31.0,-22.0,8.0,7.0,-25.0,4.59,-19.700000000000003,32.66,64.68,3.52,-44.84,-41.94,-30.32,2.030000000000001,27.1,-18.36,-0.16000000000000014
2025-07-29T20:33:54.307167,16.0,-63.0,111.0,2.0,-17.0,2.0,-31.0,-23.0,-31.0,62.0,-86.0,34.0,21.59,-21.700000000000003,52.66,28.68,-19.48,15.16,-40.94,-22.32,-6.969999999999999,81.1,-111.36,58.84
2025-07-29T20:33:54.315168,6.0,-106.0,75.0,5.0,-81.0,-9.0,-42.0,-42.0,-33.0,14.0,46.0,20.0,11.59,-64.7,16.659999999999997,31.68,-83.48,4.16,-51.94,-41.32,-8.969999999999999,33.1,20.64,44.84
2025-07-29T20:33:54.319794,-78.0,-81.0,46.0,-13.0,-7.0,23.0,-23.0,-12.0,-30.0,33.0,-45.0,8.0,-72.41,-39.7,-12.340000000000003,13.68,-9.48,36.16,-32.94,-11.32,-5.969999999999999,52.1,-70.36,32.84
2025-07-29T20:33:54.327546,-80.0,16.0,75.0,-98.0,-22.0,39.0,20.0,-18.0,-1.0,45.0,-8.0,78.0,-74.41,57.3,16.659999999999997,-71.32,-24.48,52.16,10.06,-17.32,23.03,64.1,-33.36,102.84
2025-07-29T20:33:54.331914,-44.0,-22.0,121.0,-12.0,23.0,10.0,-28.0,-34.0,-2.0,13.0,-21.0,-19.0,-38.41,19.299999999999997,62.66,14.68,20.52,23.16,-37.94,-33.32,22.03,32.1,-46.36,5.84
2025-07-29T20:33:54.339696,-36.0,13.0,42.0,-8.0,21.0,-44.0,5.0,-25.0,-15.0,84.0,-41.0,15.0,-30.41,54.3,-16.340000000000003,18.68,18.52,-30.84,-4.9399999999999995,-24.32,9.030000000000001,103.1,-66.36,39.84
2025-07-29T20:33:54.344173,48.0,-52.0,33.0,-47.0,24.0,2.0,-61.0,-7.0,-11.0,82.0,-44.0,-12.0,53.59,-10.700000000000003,-25.340000000000003,-20.32,21.52,15.16,-70.94,-6.32,13.030000000000001,101.1,-69.36,12.84
2025-07-29T20:33:54.351992,-29.0,-66.0,31.0,-10.0,9.0,-96.0,-49.0,-46.0,-26.0,4.0,-71.0,15.0,-23.41,-24.700000000000003,-27.340000000000003,16.68,6.52,-82.84,-58.94,-45.32,-1.9699999999999989,23.1,-96.36,39.84
2025-07-29T20:33:54.356442,31.0,-38.0,1.0,24.0,-23.0,27.0,-16.0,-46.0,9.0,78.0,-19.0,120.0,36.59,3.299999999999997,-57.34,50.68,-25.48,40.16,-25.939999999999998,-45.32,33.03,97.1,-44.36,144.84
2025-07-29T20:33:54.364318,9.0,-22.0,44.0,-33.0,-43.0,2.0,-29.0,-89.0,-27.0,-10.0,-42.0,8.0,14.59,19.299999999999997,-14.340000000000003,-6.32,-45.48,15.16,-38.94,-88.32,-2.969999999999999,9.100000000000001,-67.36,32.84
2025-07-29T20:33:54.368558,0.0,-40.0,128.0,-58.0,76.0,16.0,-33.0,-57.0,-3.0,68.0,-23.0,6.0,5.59,1.2999999999999972,69.66,-31.32,73.52,29.16,-42.94,-56.32,21.03,87.1,-48.36,30.84
2025-07-29T20:33:54.376562,-45.0,-74.0,121.0,-40.0,22.0,-22.0,-3.0,-80.0,4.0,110.0,-57.0,-5.0,-39.41,-32.7,62.66,-13.32,19.52,-8.84,-12.94,-79.32,28.03,129.1,-82.36,19.84
2025-07-29T20:33:54.380713,-71.0,10.0,137.0,-79.0,63.0,-27.0,11.0,-5.0,25.0,11.0,-38.0,-32.0,-65.41,51.3,78.66,-52.32,60.52,-13.84,1.0600000000000005,-4.32,49.03,30.1,-63.36,-7.16
2025-07-29T20:33:54.384966,19.0,32.0,51.0,-2.0,8.0,-50.0,28.0,-12.0,-12.0,26.0,9.0,3.0,24.59,73.3,-7.340000000000003,24.68,5.52,-36.84,18.060000000000002,-11.32,12.030000000000001,45.1,-16.36,27.84
2025-07-29T20:33:54.393282,-48.0,26.0,67.0,-9.0,21.0,-12.0,21.0,-94.0,-31.0,46.0,11.0,20.0,-42.41,67.3,8.659999999999997,17.68,18.52,1.1600000000000001,11.06,-93.32,-6.969999999999999,65.1,-14.36,44.84
2025-07-29T20:33:54.397119,-48.0,5.0,68.0,-44.0,-30.0,-25.0,-55.0,-8.0,-9.0,79.0,47.0,9.0,-42.41,46.3,9.659999999999997,-17.32,-32.48,-11.84,-64.94,-7.32,15.030000000000001,98.1,21.64,33.84
2025-07-29T20:33:54.405569,-27.0,-63.0,30.0,-30.0,-50.0,-33.0,22.0,-33.0,-53.0,55.0,-31.0,-57.0,-21.41,-21.700000000000003,-28.340000000000003,-3.3200000000000003,-52.48,-19.84,12.06,-32.32,-28.97,74.1,-56.36,-32.16
2025-07-29T20:33:54.409746,-11.0,-23.0,-47.0,5.0,32.0,8.0,32.0,44.0,-13.0,53.0,4.0,-22.0,-5.41,18.299999999999997,-105.34,31.68,29.52,21.16,22.060000000000002,44.68,11.030000000000001,72.1,-21.36,2.84
2025-07-29T20:33:54.417616,-11.0,-10.0,58.0,-75.0,8.0,-5.0,49.0,41.0,-8.0,93.0,-19.0,-60.0,-5.41,31.299999999999997,-0.3400000000000034,-48.32,5.52,8.16,39.06,41.68,16.03,112.1,-44.36,-35.16
2025-07-29T20:33:54.421729,-11.0,3.0,52.0,-55.0,27.0,-77.0,-52.0,1.0,9.0,38.0,-37.0,-49.0,-5.41,44.3,-6.340000000000003,-28.32,24.52,-63.84,-61.94,1.6800000000000002,33.03,57.1,-62.36,-24.16
2025-07-29T20:33:54.429853,22.0,-8.0,44.0,-35.0,73.0,-39.0,-42.0,30.0,9.0,20.0,80.0,-80.0,27.59,33.3,-14.340000000000003,-8.32,70.52,-25.84,-51.94,30.68,33.03,39.1,54.64,-55.16
2025-07-29T20:33:54.434033,36.0,-17.0,-30.0,-48.0,83.0,-40.0,-55.0,-46.0,-52.0,61.0,-1.0,-31.0,41.59,24.299999999999997,-88.34,-21.32,80.52,-26.84,-64.94,-45.32,-27.97,80.1,-26.36,-6.16
2025-07-29T20:33:54.442098,67.0,-73.0,48.0,-36.0,27.0,8.0,43.0,41.0,-30.0,61.0,29.0,-75.0,72.59,-31.700000000000003,-10.340000000000003,-9.32,24.52,21.16,33.06,41.68,-5.969999999999999,80.1,3.6400000000000006,-50.16
2025-07-29T20:33:54.446423,15.0,-13.0,16.0,-60.0,1.0,20.0,-20.0,8.0,-54.0,12.0,9.0,-65.0,20.59,28.299999999999997,-42.34,-33.32,-1.48,33.16,-29.939999999999998,8.68,-29.97,31.1,-16.36,-40.16
2025-07-29T20:33:54.454595,7.0,-99.0,96.0,-34.0,27.0,-28.0,5.0,15.0,-30.0,-12.0,30.0,-11.0,12.59,-57.7,37.66,-7.32,24.52,-14.84,-4.9399999999999995,15.68,-5.969999999999999,7.100000000000001,4.640000000000001,13.84
2025-07-29T20:33:54.458889,52.0,-79.0,99.0,-25.0,-27.0,63.0,-29.0,45.0,-27.0,-40.0,34.0,-75.0,57.59,-37.7,40.66,1.6799999999999997,-29.48,76.16,-38.94,45.68,-2.969999999999999,-20.9,8.64,-50.16
2025-07-29T20:33:54.466867,-24.0,-118.0,118.0,-101.0,13.0,-11.0,-10.0,35.0,-8.0,-49.0,32.0,19.0,-18.41,-76.7,59.66,-74.32,10.52,2.16,-19.939999999999998,35.68,16.03,-29.9,6.640000000000001,43.84
2025-07-29T20:33:54.471167,-5.0,-53.0,101.0,6.0,-7.0,-14.0,-19.0,35.0,-64.0,-40.0,11.0,-46.0,0.5899999999999999,-11.700000000000003,42.66,32.68,-9.48,-0.8399999999999999,-28.939999999999998,35.68,-39.97,-20.9,-14.36,-21.16
2025-07-29T20:33:54.479244,33.0,-45.0,40.0,-11.0,-25.0,-42.0,40.0,-11.0,-81.0,-10.0,16.0,-21.0,38.59,-3.700000000000003,-18.340000000000003,15.68,-27.48,-28.84,30.060000000000002,-10.32,-56.97,9.100000000000001,-9.36,3.84
2025-07-29T20:33:54.483446,-25.0,-37.0,12.0,17.0,-26.0,-9.0,32.0,-59.0,-61.0,9.0,46.0,-41.0,-19.41,4.299999999999997,-46.34,43.68,-28.48,4.16,22.060000000000002,-58.32,-36.97,28.1,20.64,-16.16
2025-07-29T20:33:54.491412,-32.0,-48.0,33.0,4.0,-23.0,-45.0,10.0,-32.0,-57.0,-3.0,54.0,-41.0,-26.41,-6.700000000000003,-25.340000000000003,30.68,-25.48,-31.84,0.0600000000000005,-31.32,-32.97,16.1,28.64,-16.16
2025-07-29T20:33:54.495577,7.0,18.0,-5.0,33.0,7.0,11.0,97.0,71.0,0.0,5.0,5.0,29.0,12.59,59.3,-63.34,59.68,4.52,24.16,87.06,71.68,24.03,24.1,-20.36,53.84
2025-07-29T20:33:54.503642,29.0,3.0,60.0,19.0,-25.0,63.0,12.0,44.0,-68.0,-22.0,-36.0,27.0,34.59,44.3,1.6599999999999966,45.68,-27.48,76.16,2.0600000000000005,44.68,-43.97,-2.8999999999999986,-61.36,51.84
2025-07-29T20:33:54.507835,7.0,-10.0,1.0,-43.0,65.0,2.0,-67.0,10.0,11.0,-21.0,9.0,13.0,12.59,31.299999999999997,-57.34,-16.32,62.52,15.16,-76.94,10.68,35.03,-1.8999999999999986,-16.36,37.84
2025-07-29T20:33:54.515933,23.0,-3.0,-7.0,-42.0,23.0,45.0,-48.0,42.0,-20.0,-19.0,-12.0,41.0,28.59,38.3,-65.34,-15.32,20.52,58.16,-57.94,42.68,4.030000000000001,0.10000000000000142,-37.36,65.84
2025-07-29T20:33:54.520288,-7.0,-70.0,-18.0,-37.0,43.0,-41.0,-43.0,72.0,-14.0,-78.0,-16.0,57.0,-1.4100000000000001,-28.700000000000003,-76.34,-10.32,40.52,-27.84,-52.94,72.68,10.030000000000001,-58.9,-41.36,81.84
2025-07-29T20:33:54.528285,8.0,-89.0,90.0,-47.0,48.0,-5.0,6.0,7.0,-32.0,-19.0,-5.0,-16.0,13.59,-47.7,31.659999999999997,-20.32,45.52,8.16,-3.9399999999999995,7.68,-7.969999999999999,0.10000000000000142,-30.36,8.84
2025-07-29T20:33:54.532528,35.0,-61.0,139.0,-3.0,34.0,-42.0,3.0,-21.0,-40.0,60.0,-72.0,27.0,40.59,-19.700000000000003,80.66,23.68,31.52,-28.84,-6.9399999999999995,-20.32,-15.969999999999999,79.1,-97.36,51.84
2025-07-29T20:33:54.540539,-7.0,-47.0,71.0,-18.0,-15.0,-60.0,86.0,-64.0,8.0,13.0,12.0,-22.0,-1.4100000000000001,-5.700000000000003,12.659999999999997,8.68,-17.48,-46.84,76.06,-63.32,32.03,32.1,-13.36,2.84
2025-07-29T20:33:54.544844,-62.0,-114.0,58.0,-62.0,-52.0,-27.0,46.0,1.0,-51.0,107.0,-18.0,1.0,-56.41,-72.7,-0.3400000000000034,-35.32,-54.48,-13.84,36.06,1.6800000000000002,-26.97,126.1,-43.36,25.84
2025-07-29T20:33:54.552742,-80.0,-12.0,74.0,-13.0,-71.0,-54.0,59.0,-51.0,-56.0,37.0,-50.0,-16.0,-74.41,29.299999999999997,15.659999999999997,13.68,-73.48,-40.84,49.06,-50.32,-31.97,56.1,-75.36,8.84
2025-07-29T20:33:54.557069,-55.0,32.0,-11.0,-97.0,41.0,8.0,39.0,24.0,-22.0,6.0,-90.0,-17.0,-49.41,73.3,-69.34,-70.32,38.52,21.16,29.060000000000002,24.68,2.030000000000001,25.1,-115.36,7.84
2025-07-29T20:33:54.561037,47.0,-27.0,38.0,-41.0,-36.0,17.0,33.0,35.0,-14.0,51.0,10.0,62.0,52.59,14.299999999999997,-20.340000000000003,-14.32,-38.48,30.16,23.060000000000002,35.68,10.030000000000001,70.1,-15.36,86.84
2025-07-29T20:33:54.569389,92.0,-17.0,6.0,-44.0,28.0,-31.0,-9.0,11.0,-44.0,14.0,-83.0,7.0,97.59,24.299999999999997,-52.34,-17.32,25.52,-17.84,-18.939999999999998,11.68,-19.97,33.1,-108.36,31.84
2025-07-29T20:33:54.573226,31.0,-54.0,8.0,-28.0,-42.0,-8.0,-61.0,-9.0,-64.0,81.0,0.0,51.0,36.59,-12.700000000000003,-50.34,-1.3200000000000003,-44.48,5.16,-70.94,-8.32,-39.97,100.1,-25.36,75.84
2025-07-29T20:33:54.581518,12.0,-41.0,38.0,5.0,-1.0,-99.0,17.0,39.0,-9.0,35.0,-3.0,-54.0,17.59,0.29999999999999716,-20.340000000000003,31.68,-3.48,-85.84,7.0600000000000005,39.68,15.030000000000001,54.1,-28.36,-29.16
2025-07-29T20:33:54.585590,-4.0,-136.0,-2.0,15.0,-22.0,-44.0,47.0,-33.0,-49.0,14.0,45.0,-76.0,1.5899999999999999,-94.7,-60.34,41.68,-24.48,-30.84,37.06,-32.32,-24.97,33.1,19.64,-51.16
2025-07-29T20:33:54.593795,-13.0,4.0,32.0,-30.0,-5.0,34.0,-18.0,22.0,-77.0,70.0,19.0,-64.0,-7.41,45.3,-26.340000000000003,-3.3200000000000003,-7.48,47.16,-27.939999999999998,22.68,-52.97,89.1,-6.359999999999999,-39.16
2025-07-29T20:33:54.598174,23.0,-130.0,99.0,-1.0,-81.0,24.0,62.0,-23.0,-96.0,37.0,18.0,-62.0,28.59,-88.7,40.66,25.68,-83.48,37.16,52.06,-22.32,-71.97,56.1,-7.359999999999999,-37.16
2025-07-29T20:33:54.606158,-88.0,-59.0,93.0,-62.0,-28.0,-27.0,-11.0,-12.0,-80.0,48.0,22.0,-39.0,-82.41,-17.700000000000003,34.66,-35.32,-30.48,-13.84,-20.939999999999998,-11.32,-55.97,67.1,-3.3599999999999994,-14.16
2025-07-29T20:33:54.610490,22.0,28.0,122.0,22.0,70.0,2.0,96.0,-10.0,-23.0,-42.0,-14.0,-31.0,27.59,69.3,63.66,48.68,67.52,15.16,86.06,-9.32,1.0300000000000011,-22.9,-39.36,-6.16
2025-07-29T20:33:54.618356,-26.0,-36.0,20.0,-74.0,38.0,-27.0,-26.0,2.0,10.0,14.0,43.0,-82.0,-20.41,5.299999999999997,-38.34,-47.32,35.52,-13.84,-35.94,2.68,34.03,33.1,17.64,-57.16
2025-07-29T20:33:54.622646,49.0,29.0,42.0,-26.0,42.0,-39.0,-77.0,-67.0,2.0,47.0,-47.0,-85.0,54.59,70.3,-16.340000000000003,0.6799999999999997,39.52,-25.84,-86.94,-66.32,26.03,66.1,-72.36,-60.16
2025-07-29T20:33:54.630555,62.0,-43.0,54.0,40.0,30.0,-32.0,52.0,-33.0,-14.0,9.0,90.0,10.0,67.59,-1.7000000000000028,-4.340000000000003,66.68,27.52,-18.84,42.06,-32.32,10.030000000000001,28.1,64.64,34.84
2025-07-29T20:33:54.634918,89.0,-53.0,74.0,-7.0,19.0,-27.0,-13.0,4.0,-14.0,65.0,70.0,-61.0,94.59,-11.700000000000003,15.659999999999997,19.68,16.52,-13.84,-22.939999999999998,4.68,10.030000000000001,84.1,44.64,-36.16
2025-07-29T20:33:54.642870,57.0,-54.0,95.0,-54.0,-48.0,26.0,77.0,55.0,-114.0,-37.0,9.0,-36.0,62.59,-12.700000000000003,36.66,-27.32,-50.48,39.16,67.06,55.68,-89.97,-17.9,-16.36,-11.16
2025-07-29T20:33:54.647235,1.0,-85.0,83.0,-67.0,38.0,-10.0,57.0,33.0,-4.0,60.0,32.0,-45.0,6.59,-43.7,24.659999999999997,-40.32,35.52,3.16,47.06,33.68,20.03,79.1,6.640000000000001,-20.16
2025-07-29T20:33:54.655260,11.0,-40.0,89.0,-45.0,13.0,0.0,48.0,-57.0,-72.0,28.0,26.0,-48.0,16.59,1.2999999999999972,30.659999999999997,-18.32,10.52,13.16,38.06,-56.32,-47.97,47.1,0.6400000000000006,-23.16
2025-07-29T20:33:54.659330,-29.0,-48.0,91.0,-18.0,83.0,-32.0,23.0,-36.0,40.0,25.0,105.0,-96.0,-23.41,-6.700000000000003,32.66,8.68,80.52,-18.84,13.06,-35.32,64.03,44.1,79.64,-71.16
2025-07-29T20:33:54.667459,19.0,-21.0,-30.0,-24.0,-36.0,-52.0,50.0,14.0,-69.0,-69.0,98.0,-65.0,24.59,20.299999999999997,-88.34,2.6799999999999997,-38.48,-38.84,40.06,14.68,-44.97,-49.9,72.64,-40.16
2025-07-29T20:33:54.671757,8.0,38.0,15.0,40.0,-53.0,-39.0,5.0,-61.0,-35.0,-56.0,-14.0,-42.0,13.59,79.3,-43.34,66.68,-55.48,-25.84,-4.9399999999999995,-60.32,-10.969999999999999,-36.9,-39.36,-17.16
2025-07-29T20:33:54.679662,-7.0,-55.0,18.0,-52.0,-80.0,-39.0,-7.0,16.0,-40.0,12.0,29.0,-10.0,-1.4100000000000001,-13.700000000000003,-40.34,-25.32,-82.48,-25.84,-16.939999999999998,16.68,-15.969999999999999,31.1,3.6400000000000006,14.84
2025-07-29T20:33:54.684110,10.0,-32.0,38.0,-96.0,18.0,29.0,49.0,-44.0,-60.0,-8.0,34.0,-87.0,15.59,9.299999999999997,-20.340000000000003,-69.32,15.52,42.16,39.06,-43.32,-35.97,11.100000000000001,8.64,-62.16
2025-07-29T20:33:54.692027,30.0,-7.0,113.0,-3.0,18.0,-88.0,75.0,-1.0,-40.0,-8.0,31.0,-100.0,35.59,34.3,54.66,23.68,15.52,-74.84,65.06,-0.31999999999999995,-15.969999999999999,11.100000000000001,5.640000000000001,-75.16
2025-07-29T20:33:54.696372,26.0,-27.0,92.0,-18.0,-13.0,-53.0,-33.0,-17.0,11.0,2.0,-7.0,-85.0,31.59,14.299999999999997,33.66,8.68,-15.48,-39.84,-42.94,-16.32,35.03,21.1,-32.36,-60.16
2025-07-29T20:33:54.704275,5.0,-98.0,73.0,-10.0,7.0,-57.0,7.0,-10.0,-29.0,-35.0,70.0,-73.0,10.59,-56.7,14.659999999999997,16.68,4.52,-43.84,-2.9399999999999995,-9.32,-4.969999999999999,-15.899999999999999,44.64,-48.16
2025-07-29T20:33:54.708559,24.0,-40.0,80.0,17.0,16.0,-79.0,36.0,43.0,-61.0,-54.0,98.0,-23.0,29.59,1.2999999999999972,21.659999999999997,43.68,13.52,-65.84,26.060000000000002,43.68,-36.97,-34.9,72.64,1.8399999999999999
2025-07-29T20:33:54.716531,-50.0,-16.0,102.0,-55.0,-4.0,-2.0,6.0,14.0,-38.0,-58.0,16.0,-108.0,-44.41,25.299999999999997,43.66,-28.32,-6.48,11.16,-3.9399999999999995,14.68,-13.969999999999999,-38.9,-9.36,-83.16
2025-07-29T20:33:54.720796,12.0,-47.0,74.0,-51.0,-52.0,-25.0,40.0,-39.0,-66.0,-21.0,29.0,10.0,17.59,-5.700000000000003,15.659999999999997,-24.32,-54.48,-11.84,30.060000000000002,-38.32,-41.97,-1.8999999999999986,3.6400000000000006,34.84
2025-07-29T20:33:54.728877,-19.0,49.0,-24.0,-93.0,54.0,32.0,25.0,-45.0,-84.0,-29.0,73.0,-46.0,-13.41,90.3,-82.34,-66.32,51.52,45.16,15.06,-44.32,-59.97,-9.899999999999999,47.64,-21.16
2025-07-29T20:33:54.733201,-61.0,-9.0,-4.0,-8.0,-4.0,-49.0,18.0,-32.0,-113.0,23.0,-13.0,-124.0,-55.41,32.3,-62.34,18.68,-6.48,-35.84,8.06,-31.32,-88.97,42.1,-38.36,-99.16
2025-07-29T20:33:54.741137,77.0,-18.0,-3.0,-23.0,-15.0,-72.0,-16.0,8.0,-55.0,-31.0,20.0,-56.0,82.59,23.299999999999997,-61.34,3.6799999999999997,-17.48,-58.84,-25.939999999999998,8.68,-30.97,-11.899999999999999,-5.359999999999999,-31.16
2025-07-29T20:33:54.745478,-11.0,47.0,50.0,7.0,22.0,-67.0,2.0,-39.0,-106.0,2.0,23.0,-1.0,-5.41,88.3,-8.340000000000003,33.68,19.52,-53.84,-7.9399999999999995,-38.32,-81.97,21.1,-2.3599999999999994,23.84
2025-07-29T20:33:54.753309,-29.0,-107.0,-1.0,-1.0,-40.0,-28.0,83.0,-11.0,-66.0,-52.0,70.0,-46.0,-23.41,-65.7,-59.34,25.68,-42.48,-14.84,73.06,-10.32,-41.97,-32.9,44.64,-21.16
2025-07-29T20:33:54.757665,62.0,-103.0,-57.0,-4.0,3.0,9.0,30.0,-32.0,-73.0,-46.0,64.0,-49.0,67.59,-61.7,-115.34,22.68,0.52,22.16,20.060000000000002,-31.32,-48.97,-26.9,38.64,-24.16
2025-07-29T20:33:54.765585,41.0,-35.0,-12.0,-12.0,-20.0,-24.0,31.0,-60.0,-64.0,-56.0,124.0,-39.0,46.59,6.299999999999997,-70.34,14.68,-22.48,-10.84,21.060000000000002,-59.32,-39.97,-36.9,98.64,-14.16
2025-07-29T20:33:54.770349,62.0,-81.0,127.0,-69.0,9.0,-20.0,13.0,22.0,-50.0,13.0,5.0,-82.0,67.59,-39.7,68.66,-42.32,6.52,-6.84,3.0600000000000005,22.68,-25.97,32.1,-20.36,-57.16
2025-07-29T20:33:54.774019,-59.0,16.0,110.0,32.0,7.0,30.0,-19.0,-25.0,-8.0,10.0,92.0,-36.0,-53.41,57.3,51.66,58.68,4.52,43.16,-28.939999999999998,-24.32,16.03,29.1,66.64,-11.16
2025-07-29T20:33:54.782552,-100.0,49.0,42.0,-58.0,43.0,-64.0,1.0,8.0,-18.0,-80.0,33.0,-45.0,-94.41,90.3,-16.340000000000003,-31.32,40.52,-50.84,-8.94,8.68,6.030000000000001,-60.9,7.640000000000001,-20.16
2025-07-29T20:33:54.786279,-53.0,0.0,47.0,-30.0,20.0,-21.0,67.0,-7.0,-47.0,-23.0,-37.0,-20.0,-47.41,41.3,-11.340000000000003,-3.3200000000000003,17.52,-7.84,57.06,-6.32,-22.97,-3.8999999999999986,-62.36,4.84
2025-07-29T20:33:54.794679,88.0,9.0,9.0,12.0,-52.0,-68.0,31.0,-81.0,27.0,-10.0,47.0,-67.0,93.59,50.3,-49.34,38.68,-54.48,-54.84,21.060000000000002,-80.32,51.03,9.100000000000001,21.64,-42.16
2025-07-29T20:33:54.798576,55.0,-3.0,1.0,15.0,-48.0,-33.0,50.0,3.0,-78.0,17.0,44.0,-91.0,60.59,38.3,-57.34,41.68,-50.48,-19.84,40.06,3.68,-53.97,36.1,18.64,-66.16
2025-07-29T20:33:54.806931,78.0,-31.0,9.0,6.0,-3.0,-67.0,-27.0,26.0,-61.0,2.0,115.0,-79.0,83.59,10.299999999999997,-49.34,32.68,-5.48,-53.84,-36.94,26.68,-36.97,21.1,89.64,-54.16
2025-07-29T20:33:54.810845,76.0,66.0,26.0,13.0,-45.0,-62.0,4.0,-28.0,-30.0,0.0,68.0,-61.0,81.59,107.3,-32.34,39.68,-47.48,-48.84,-5.9399999999999995,-27.32,-5.969999999999999,19.1,42.64,-36.16
2025-07-29T20:33:54.819140,49.0,-17.0,-14.0,5.0,-43.0,-29.0,1.0,-60.0,-29.0,7.0,72.0,0.0,54.59,24.299999999999997,-72.34,31.68,-45.48,-15.84,-8.94,-59.32,-4.969999999999999,26.1,46.64,24.84
2025-07-29T20:33:54.823188,59.0,-35.0,55.0,5.0,-30.0,-52.0,17.0,31.0,-24.0,-50.0,4.0,-72.0,64.59,6.299999999999997,-3.3400000000000034,31.68,-32.48,-38.84,7.0600000000000005,31.68,0.030000000000001137,-30.9,-21.36,-47.16
2025-07-29T20:33:54.831325,13.0,14.0,41.0,-74.0,10.0,-23.0,31.0,5.0,-62.0,-32.0,65.0,-115.0,18.59,55.3,-17.340000000000003,-47.32,7.52,-9.84,21.060000000000002,5.68,-37.97,-12.899999999999999,39.64,-90.16
2025-07-29T20:33:54.835617,-3.0,-86.0,9.0,-40.0,7.0,-71.0,67.0,10.0,-6.0,-18.0,76.0,-87.0,2.59,-44.7,-49.34,-13.32,4.52,-57.84,57.06,10.68,18.03,1.1000000000000014,50.64,-62.16
2025-07-29T20:33:54.843592,35.0,-57.0,-24.0,-20.0,15.0,-6.0,9.0,-54.0,-33.0,-40.0,128.0,-105.0,40.59,-15.700000000000003,-82.34,6.68,12.52,7.16,-0.9399999999999995,-53.32,-8.969999999999999,-20.9,102.64,-80.16
2025-07-29T20:33:54.847881,29.0,-111.0,37.0,-64.0,65.0,-29.0,-16.0,54.0,-13.0,-20.0,11.0,-36.0,34.59,-69.7,-21.340000000000003,-37.32,62.52,-15.84,-25.939999999999998,54.68,11.030000000000001,-0.8999999999999986,-14.36,-11.16
2025-07-29T20:33:54.856016,-11.0,-70.0,83.0,29.0,-42.0,-52.0,-59.0,2.0,-64.0,44.0,59.0,-66.0,-5.41,-28.700000000000003,24.659999999999997,55.68,-44.48,-38.84,-68.94,2.68,-39.97,63.1,33.64,-41.16
2025-07-29T20:33:54.860247,-49.0,-2.0,47.0,-37.0,5.0,-52.0,-63.0,-15.0,-18.0,44.0,22.0,-41.0,-43.41,39.3,-11.340000000000003,-10.32,2.52,-38.84,-72.94,-14.32,6.030000000000001,63.1,-3.3599999999999994,-16.16
2025-07-29T20:33:54.868223,-25.0,34.0,27.0,-5.0,33.0,-7.0,53.0,36.0,-58.0,-30.0,77.0,-66.0,-19.41,75.3,-31.340000000000003,21.68,30.52,6.16,43.06,36.68,-33.97,-10.899999999999999,51.64,-41.16
2025-07-29T20:33:54.872525,-47.0,36.0,34.0,-35.0,86.0,0.0,-58.0,-13.0,-55.0,-43.0,22.0,-57.0,-41.41,77.3,-24.340000000000003,-8.32,83.52,13.16,-67.94,-12.32,-30.97,-23.9,-3.3599999999999994,-32.16
2025-07-29T20:33:54.880598,35.0,-27.0,73.0,-133.0,-23.0,-6.0,-29.0,93.0,-85.0,-81.0,45.0,-64.0,40.59,14.299999999999997,14.659999999999997,-106.32,-25.48,7.16,-38.94,93.68,-60.97,-61.9,19.64,-39.16
2025-07-29T20:33:54.884793,-69.0,-85.0,26.0,-104.0,1.0,-146.0,-31.0,-7.0,-68.0,14.0,14.0,-57.0,-63.41,-43.7,-32.34,-77.32,-1.48,-132.84,-40.94,-6.32,-43.97,33.1,-11.36,-32.16
2025-07-29T20:33:54.892678,112.0,-121.0,90.0,61.0,32.0,-32.0,-32.0,-3.0,-19.0,1.0,12.0,-42.0,117.59,-79.7,31.659999999999997,87.68,29.52,-18.84,-41.94,-2.32,5.030000000000001,20.1,-13.36,-17.16
2025-07-29T20:33:54.897092,12.0,-33.0,105.0,-58.0,1.0,15.0,11.0,13.0,-65.0,-48.0,69.0,-74.0,17.59,8.299999999999997,46.66,-31.32,-1.48,28.16,1.0600000000000005,13.68,-40.97,-28.9,43.64,-49.16
2025-07-29T20:33:54.905127,49.0,21.0,34.0,-70.0,29.0,-30.0,-63.0,34.0,-100.0,-32.0,-31.0,-121.0,54.59,62.3,-24.340000000000003,-43.32,26.52,-16.84,-72.94,34.68,-75.97,-12.899999999999999,-56.36,-96.16
2025-07-29T20:33:54.909374,11.0,47.0,3.0,-46.0,24.0,-21.0,13.0,-16.0,-31.0,-105.0,36.0,-46.0,16.59,88.3,-55.34,-19.32,21.52,-7.84,3.0600000000000005,-15.32,-6.969999999999999,-85.9,10.64,-21.16
2025-07-29T20:33:54.917298,20.0,39.0,24.0,-28.0,31.0,-49.0,91.0,10.0,-90.0,-44.0,43.0,-86.0,25.59,80.3,-34.34,-1.3200000000000003,28.52,-35.84,81.06,10.68,-65.97,-24.9,17.64,-61.16
2025-07-29T20:33:54.921648,41.0,-50.0,85.0,-62.0,0.0,-25.0,22.0,27.0,-50.0,-38.0,42.0,-40.0,46.59,-8.700000000000003,26.659999999999997,-35.32,-2.48,-11.84,12.06,27.68,-25.97,-18.9,16.64,-15.16
2025-07-29T20:33:54.929729,47.0,-89.0,20.0,-22.0,16.0,-77.0,120.0,13.0,-57.0,-11.0,51.0,-68.0,52.59,-47.7,-38.34,4.68,13.52,-63.84,110.06,13.68,-32.97,8.100000000000001,25.64,-43.16
2025-07-29T20:33:54.933853,-87.0,-50.0,88.0,26.0,-52.0,-43.0,11.0,-26.0,-79.0,-61.0,5.0,-21.0,-81.41,-8.700000000000003,29.659999999999997,52.68,-54.48,-29.84,1.0600000000000005,-25.32,-54.97,-41.9,-20.36,3.84
2025-07-29T20:33:54.941953,-26.0,9.0,75.0,31.0,-67.0,-43.0,-20.0,-10.0,-40.0,-53.0,113.0,-66.0,-20.41,50.3,16.659999999999997,57.68,-69.48,-29.84,-29.939999999999998,-9.32,-15.969999999999999,-33.9,87.64,-41.16
2025-07-29T20:33:54.946112,-35.0,12.0,-52.0,-83.0,-32.0,-69.0,39.0,19.0,-22.0,-64.0,7.0,-64.0,-29.41,53.3,-110.34,-56.32,-34.48,-55.84,29.060000000000002,19.68,2.030000000000001,-44.9,-18.36,-39.16
2025-07-29T20:33:54.954237,41.0,3.0,-15.0,42.0,21.0,13.0,-19.0,-25.0,-17.0,-32.0,60.0,-65.0,46.59,44.3,-73.34,68.68,18.52,26.16,-28.939999999999998,-24.32,7.030000000000001,-12.899999999999999,34.64,-40.16
2025-07-29T20:33:54.958496,18.0,6.0,-19.0,-80.0,-56.0,-25.0,80.0,-18.0,-42.0,-45.0,74.0,-65.0,23.59,47.3,-77.34,-53.32,-58.48,-11.84,70.06,-17.32,-17.97,-25.9,48.64,-40.16
2025-07-29T20:33:54.962840,-4.0,-91.0,73.0,-38.0,8.0,-60.0,44.0,-5.0,-7.0,8.0,64.0,-70.0,1.5899999999999999,-49.7,14.659999999999997,-11.32,5.52,-46.84,34.06,-4.32,17.03,27.1,38.64,-45.16
2025-07-29T20:33:54.970729,22.0,13.0,73.0,23.0,6.0,-68.0,24.0,16.0,-26.0,-51.0,52.0,-5.0,27.59,54.3,14.659999999999997,49.68,3.52,-54.84,14.06,16.68,-1.9699999999999989,-31.9,26.64,19.84
2025-07-29T20:33:54.974615,9.0,-38.0,82.0,-20.0,-61.0,-43.0,20.0,-16.0,-27.0,-9.0,-2.0,34.0,14.59,3.299999999999997,23.659999999999997,6.68,-63.48,-29.84,10.06,-15.32,-2.969999999999999,10.100000000000001,-27.36,58.84
2025-07-29T20:33:54.982967,18.0,-102.0,75.0,-44.0,22.0,-86.0,38.0,15.0,53.0,22.0,51.0,-24.0,23.59,-60.7,16.659999999999997,-17.32,19.52,-72.84,28.060000000000002,15.68,77.03,41.1,25.64,0.8399999999999999
2025-07-29T20:33:54.987372,-17.0,-92.0,33.0,12.0,-21.0,3.0,14.0,29.0,-34.0,42.0,-4.0,0.0,-11.41,-50.7,-25.340000000000003,38.68,-23.48,16.16,4.0600000000000005,29.68,-9.969999999999999,61.1,-29.36,24.84
2025-07-29T20:33:54.995134,-25.0,-23.0,85.0,-12.0,-56.0,9.0,12.0,-14.0,-22.0,49.0,-37.0,14.0,-19.41,18.299999999999997,26.659999999999997,14.68,-58.48,22.16,2.0600000000000005,-13.32,2.030000000000001,68.1,-62.36,38.84
2025-07-29T20:33:54.999226,-8.0,13.0,75.0,-14.0,-17.0,-20.0,84.0,28.0,-18.0,26.0,-77.0,-2.0,-2.41,54.3,16.659999999999997,12.68,-19.48,-6.84,74.06,28.68,6.030000000000001,45.1,-102.36,22.84
2025-07-29T20:33:55.007588,-49.0,63.0,72.0,-9.0,-41.0,-85.0,-60.0,25.0,-38.0,28.0,-16.0,30.0,-43.41,104.3,13.659999999999997,17.68,-43.48,-71.84,-69.94,25.68,-13.969999999999999,47.1,-41.36,54.84
2025-07-29T20:33:55.011727,-14.0,-28.0,13.0,-4.0,-32.0,-36.0,53.0,-11.0,13.0,-15.0,-4.0,10.0,-8.41,13.299999999999997,-45.34,22.68,-34.48,-22.84,43.06,-10.32,37.03,4.100000000000001,-29.36,34.84
2025-07-29T20:33:55.019695,34.0,37.0,-19.0,-32.0,-20.0,6.0,-7.0,75.0,-27.0,28.0,8.0,4.0,39.59,78.3,-77.34,-5.32,-22.48,19.16,-16.939999999999998,75.68,-2.969999999999999,47.1,-17.36,28.84
2025-07-29T20:33:55.024109,52.0,7.0,-12.0,-19.0,71.0,-26.0,8.0,-43.0,-23.0,18.0,38.0,-7.0,57.59,48.3,-70.34,7.68,68.52,-12.84,-1.9399999999999995,-42.32,1.0300000000000011,37.1,12.64,17.84
2025-07-29T20:33:55.032135,12.0,35.0,-28.0,94.0,-75.0,2.0,-42.0,-48.0,-36.0,33.0,-14.0,-57.0,17.59,76.3,-86.34,120.68,-77.48,15.16,-51.94,-47.32,-11.969999999999999,52.1,-39.36,-32.16
2025-07-29T20:33:55.036250,7.0,-83.0,26.0,-41.0,-17.0,-27.0,-2.0,27.0,-13.0,-8.0,15.0,-23.0,12.59,-41.7,-32.34,-14.32,-19.48,-13.84,-11.94,27.68,11.030000000000001,11.100000000000001,-10.36,1.8399999999999999
2025-07-29T20:33:55.044458,64.0,-111.0,51.0,-45.0,9.0,-67.0,61.0,-24.0,-111.0,82.0,-66.0,37.0,69.59,-69.7,-7.340000000000003,-18.32,6.52,-53.84,51.06,-23.32,-86.97,101.1,-91.36,61.84
2025-07-29T20:33:55.048634,-34.0,-7.0,86.0,-71.0,12.0,-55.0,-5.0,-73.0,-41.0,53.0,-19.0,-25.0,-28.41,34.3,27.659999999999997,-44.32,9.52,-41.84,-14.94,-72.32,-16.97,72.1,-44.36,-0.16000000000000014
2025-07-29T20:33:55.056614,-30.0,-95.0,35.0,-8.0,0.0,-76.0,13.0,75.0,-40.0,31.0,3.0,1.0,-24.41,-53.7,-23.340000000000003,18.68,-2.48,-62.84,3.0600000000000005,75.68,-15.969999999999999,50.1,-22.36,25.84
2025-07-29T20:33:55.060865,-70.0,-59.0,35.0,35.0,-11.0,-54.0,24.0,-47.0,-82.0,40.0,-61.0,-96.0,-64.41,-17.700000000000003,-23.340000000000003,61.68,-13.48,-40.84,14.06,-46.32,-57.97,59.1,-86.36,-71.16
2025-07-29T20:33:55.068942,-10.0,9.0,80.0,-23.0,5.0,-54.0,-12.0,53.0,-12.0,66.0,-6.0,-53.0,-4.41,50.3,21.659999999999997,3.6799999999999997,2.52,-40.84,-21.939999999999998,53.68,12.030000000000001,85.1,-31.36,-28.16
2025-07-29T20:33:55.073192,-20.0,12.0,24.0,0.0,-78.0,-38.0,-53.0,80.0,4.0,16.0,48.0,-56.0,-14.41,53.3,-34.34,26.68,-80.48,-24.84,-62.94,80.68,28.03,35.1,22.64,-31.16
2025-07-29T20:33:55.081211,-108.0,20.0,19.0,15.0,2.0,-19.0,10.0,7.0,1.0,112.0,79.0,-99.0,-102.41,61.3,-39.34,41.68,-0.48,-5.84,0.0600000000000005,7.68,25.03,131.1,53.64,-74.16
2025-07-29T20:33:55.085528,49.0,19.0,52.0,-32.0,-5.0,33.0,20.0,-60.0,-62.0,44.0,59.0,-53.0,54.59,60.3,-6.340000000000003,-5.32,-7.48,46.16,10.06,-59.32,-37.97,63.1,33.64,-28.16
2025-07-29T20:33:55.093332,23.0,-23.0,18.0,-94.0,43.0,-7.0,-3.0,-4.0,-52.0,92.0,23.0,-54.0,28.59,18.299999999999997,-40.34,-67.32,40.52,6.16,-12.94,-3.32,-27.97,111.1,-2.3599999999999994,-29.16
2025-07-29T20:33:55.097722,60.0,-17.0,73.0,-27.0,4.0,-117.0,-28.0,-32.0,-82.0,71.0,49.0,-35.0,65.59,24.299999999999997,14.659999999999997,-0.3200000000000003,1.52,-103.84,-37.94,-31.32,-57.97,90.1,23.64,-10.16
2025-07-29T20:33:55.105811,39.0,-95.0,113.0,4.0,43.0,-82.0,43.0,17.0,-71.0,-4.0,13.0,-23.0,44.59,-53.7,54.66,30.68,40.52,-68.84,33.06,17.68,-46.97,15.100000000000001,-12.36,1.8399999999999999
2025-07-29T20:33:55.109915,-22.0,-3.0,88.0,-27.0,36.0,-51.0,-17.0,34.0,-39.0,42.0,28.0,-51.0,-16.41,38.3,29.659999999999997,-0.3200000000000003,33.52,-37.84,-26.939999999999998,34.68,-14.969999999999999,61.1,2.6400000000000006,-26.16
2025-07-29T20:33:55.113975,58.0,50.0,-43.0,3.0,53.0,-63.0,9.0,7.0,-82.0,29.0,33.0,-37.0,63.59,91.3,-101.34,29.68,50.52,-49.84,-0.9399999999999995,7.68,-57.97,48.1,7.640000000000001,-12.16
2025-07-29T20:33:55.122281,48.0,-19.0,-9.0,18.0,7.0,-27.0,-82.0,-28.0,-95.0,-40.0,54.0,-50.0,53.59,22.299999999999997,-67.34,44.68,4.52,-13.84,-91.94,-27.32,-70.97,-20.9,28.64,-25.16
2025-07-29T20:33:55.130336,-36.0,11.0,-91.0,-29.0,23.0,-19.0,-22.0,-4.0,-64.0,-7.0,-11.0,-69.0,-30.41,52.3,-149.34,-2.3200000000000003,20.52,-5.84,-31.939999999999998,-3.32,-39.97,12.100000000000001,-36.36,-44.16
2025-07-29T20:33:55.134573,-7.0,-58.0,32.0,-91.0,18.0,18.0,-43.0,46.0,-35.0,-38.0,32.0,-51.0,-1.4100000000000001,-16.700000000000003,-26.340000000000003,-64.32,15.52,31.16,-52.94,46.68,-10.969999999999999,-18.9,6.640000000000001,-26.16
2025-07-29T20:33:55.138580,21.0,-28.0,8.0,-44.0,40.0,-90.0,29.0,14.0,-71.0,-17.0,23.0,-80.0,26.59,13.299999999999997,-50.34,-17.32,37.52,-76.84,19.060000000000002,14.68,-46.97,2.1000000000000014,-2.3599999999999994,-55.16
2025-07-29T20:33:55.147047,73.0,22.0,-12.0,-16.0,83.0,-26.0,42.0,-30.0,-51.0,-9.0,65.0,-100.0,78.59,63.3,-70.34,10.68,80.52,-12.84,32.06,-29.32,-26.97,10.100000000000001,39.64,-75.16
2025-07-29T20:33:55.150796,117.0,-126.0,78.0,-8.0,-21.0,5.0,59.0,4.0,-12.0,-83.0,3.0,-46.0,122.59,-84.7,19.659999999999997,18.68,-23.48,18.16,49.06,4.68,12.030000000000001,-63.9,-22.36,-21.16
2025-07-29T20:33:55.158946,11.0,-47.0,8.0,4.0,-2.0,-3.0,53.0,41.0,-51.0,-34.0,26.0,-78.0,16.59,-5.700000000000003,-50.34,30.68,-4.48,10.16,43.06,41.68,-26.97,-14.899999999999999,0.6400000000000006,-53.16
2025-07-29T20:33:55.163116,36.0,-6.0,71.0,-1.0,-21.0,-6.0,55.0,41.0,-46.0,-48.0,65.0,-74.0,41.59,35.3,12.659999999999997,25.68,-23.48,7.16,45.06,41.68,-21.97,-28.9,39.64,-49.16
2025-07-29T20:33:55.171337,45.0,-47.0,34.0,43.0,11.0,-64.0,34.0,-42.0,-100.0,-36.0,0.0,-24.0,50.59,-5.700000000000003,-24.340000000000003,69.68,8.52,-50.84,24.060000000000002,-41.32,-75.97,-16.9,-25.36,0.8399999999999999
2025-07-29T20:33:55.175583,-27.0,-60.0,65.0,-47.0,-18.0,0.0,31.0,-35.0,-44.0,-32.0,22.0,-42.0,-21.41,-18.700000000000003,6.659999999999997,-20.32,-20.48,13.16,21.060000000000002,-34.32,-19.97,-12.899999999999999,-3.3599999999999994,-17.16
2025-07-29T20:33:55.183520,-17.0,21.0,79.0,-30.0,45.0,31.0,15.0,-5.0,-113.0,-21.0,63.0,-40.0,-11.41,62.3,20.659999999999997,-3.3200000000000003,42.52,44.16,5.0600000000000005,-4.32,-88.97,-1.8999999999999986,37.64,-15.16
2025-07-29T20:33:55.187836,-60.0,69.0,4.0,4.0,3.0,-25.0,17.0,61.0,-73.0,17.0,0.0,5.0,-54.41,110.3,-54.34,30.68,0.52,-11.84,7.0600000000000005,61.68,-48.97,36.1,-25.36,29.84
2025-07-29T20:33:55.195988,54.0,-1.0,15.0,-42.0,31.0,-24.0,-51.0,-13.0,-21.0,41.0,20.0,-10.0,59.59,40.3,-43.34,-15.32,28.52,-10.84,-60.94,-12.32,3.030000000000001,60.1,-5.359999999999999,14.84
2025-07-29T20:33:55.200270,55.0,-10.0,46.0,-52.0,17.0,-53.0,21.0,42.0,-80.0,-44.0,82.0,58.0,60.59,31.299999999999997,-12.340000000000003,-25.32,14.52,-39.84,11.06,42.68,-55.97,-24.9,56.64,82.84
2025-07-29T20:33:55.208192,-2.0,-103.0,-28.0,12.0,16.0,-126.0,65.0,23.0,-64.0,16.0,53.0,2.0,3.59,-61.7,-86.34,38.68,13.52,-112.84,55.06,23.68,-39.97,35.1,27.64,26.84
2025-07-29T20:33:55.212568,75.0,-57.0,28.0,17.0,-35.0,-123.0,24.0,-24.0,-64.0,37.0,-16.0,22.0,80.59,-15.700000000000003,-30.340000000000003,43.68,-37.48,-109.84,14.06,-23.32,-39.97,56.1,-41.36,46.84
2025-07-29T20:33:55.220454,-3.0,-22.0,100.0,-63.0,-25.0,-19.0,47.0,-26.0,-42.0,-21.0,25.0,4.0,2.59,19.299999999999997,41.66,-36.32,-27.48,-5.84,37.06,-25.32,-17.97,-1.8999999999999986,-0.35999999999999943,28.84
2025-07-29T20:33:55.224642,28.0,56.0,39.0,-32.0,-47.0,-21.0,-33.0,-5.0,-75.0,-50.0,53.0,-8.0,33.59,97.3,-19.340000000000003,-5.32,-49.48,-7.84,-42.94,-4.32,-50.97,-30.9,27.64,16.84
2025-07-29T20:33:55.232600,25.0,59.0,76.0,-88.0,-27.0,-68.0,76.0,-14.0,-76.0,-9.0,6.0,-28.0,30.59,100.3,17.659999999999997,-61.32,-29.48,-54.84,66.06,-13.32,-51.97,10.100000000000001,-19.36,-3.16
2025-07-29T20:33:55.236847,-30.0,0.0,79.0,-39.0,31.0,13.0,12.0,-99.0,-76.0,-62.0,-40.0,-11.0,-24.41,41.3,20.659999999999997,-12.32,28.52,26.16,2.0600000000000005,-98.32,-51.97,-42.9,-65.36,13.84
2025-07-29T20:33:55.244928,6.0,45.0,37.0,-22.0,0.0,-32.0,32.0,-79.0,-48.0,-69.0,-20.0,-15.0,11.59,86.3,-21.340000000000003,4.68,-2.48,-18.84,22.060000000000002,-78.32,-23.97,-49.9,-45.36,9.84
2025-07-29T20:33:55.249235,-22.0,-21.0,1.0,20.0,50.0,-17.0,14.0,19.0,-45.0,0.0,-47.0,-3.0,-16.41,20.299999999999997,-57.34,46.68,47.52,-3.84,4.0600000000000005,19.68,-20.97,19.1,-72.36,21.84
2025-07-29T20:33:55.257387,69.0,-57.0,23.0,42.0,-18.0,-8.0,-16.0,-51.0,-82.0,9.0,-40.0,-16.0,74.59,-15.700000000000003,-35.34,68.68,-20.48,5.16,-25.939999999999998,-50.32,-57.97,28.1,-65.36,8.84
2025-07-29T20:33:55.261550,36.0,49.0,26.0,-14.0,-26.0,-9.0,48.0,-17.0,-80.0,22.0,-5.0,-2.0,41.59,90.3,-32.34,12.68,-28.48,4.16,38.06,-16.32,-55.97,41.1,-30.36,22.84
2025-07-29T20:33:55.269502,28.0,30.0,16.0,-17.0,-45.0,-36.0,-14.0,-93.0,-134.0,57.0,28.0,-49.0,33.59,71.3,-42.34,9.68,-47.48,-22.84,-23.939999999999998,-92.32,-109.97,76.1,2.6400000000000006,-24.16
2025-07-29T20:33:55.273700,56.0,-45.0,-42.0,-64.0,-35.0,-2.0,4.0,11.0,-64.0,13.0,20.0,22.0,61.59,-3.700000000000003,-100.34,-37.32,-37.48,11.16,-5.9399999999999995,11.68,-39.97,32.1,-5.359999999999999,46.84
2025-07-29T20:33:55.277928,-5.0,-71.0,-12.0,4.0,-64.0,-16.0,-13.0,27.0,-29.0,20.0,9.0,-87.0,0.5899999999999999,-29.700000000000003,-70.34,30.68,-66.48,-2.84,-22.939999999999998,27.68,-4.969999999999999,39.1,-16.36,-62.16
2025-07-29T20:33:55.286085,42.0,-41.0,2.0,-80.0,-20.0,-17.0,-35.0,36.0,-85.0,-40.0,29.0,-19.0,47.59,0.29999999999999716,-56.34,-53.32,-22.48,-3.84,-44.94,36.68,-60.97,-20.9,3.6400000000000006,5.84
2025-07-29T20:33:55.290269,76.0,-49.0,55.0,-31.0,9.0,-48.0,40.0,-16.0,23.0,50.0,-10.0,1.0,81.59,-7.700000000000003,-3.3400000000000034,-4.32,6.52,-34.84,30.060000000000002,-15.32,47.03,69.1,-35.36,25.84
2025-07-29T20:33:55.298346,6.0,-55.0,89.0,-5.0,76.0,-33.0,-19.0,-11.0,-2.0,63.0,-30.0,17.0,11.59,-13.700000000000003,30.659999999999997,21.68,73.52,-19.84,-28.939999999999998,-10.32,22.03,82.1,-55.36,41.84
2025-07-29T20:33:55.302332,-53.0,-25.0,81.0,-49.0,11.0,-48.0,65.0,-22.0,-33.0,14.0,-20.0,9.0,-47.41,16.299999999999997,22.659999999999997,-22.32,8.52,-34.84,55.06,-21.32,-8.969999999999999,33.1,-45.36,33.84
2025-07-29T20:33:55.310612,-4.0,-5.0,73.0,10.0,18.0,-5.0,37.0,-75.0,2.0,28.0,-21.0,20.0,1.5899999999999999,36.3,14.659999999999997,36.68,15.52,8.16,27.060000000000002,-74.32,26.03,47.1,-46.36,44.84
2025-07-29T20:33:55.314872,-26.0,-20.0,65.0,-5.0,18.0,-119.0,27.0,35.0,-47.0,95.0,-27.0,-73.0,-20.41,21.299999999999997,6.659999999999997,21.68,15.52,-105.84,17.060000000000002,35.68,-22.97,114.1,-52.36,-48.16
2025-07-29T20:33:55.322876,-94.0,-9.0,17.0,-17.0,29.0,-59.0,74.0,-14.0,-85.0,-1.0,-13.0,-104.0,-88.41,32.3,-41.34,9.68,26.52,-45.84,64.06,-13.32,-60.97,18.1,-38.36,-79.16
2025-07-29T20:33:55.326982,35.0,-3.0,16.0,11.0,-23.0,-7.0,-13.0,30.0,-40.0,25.0,-38.0,5.0,40.59,38.3,-42.34,37.68,-25.48,6.16,-22.939999999999998,30.68,-15.969999999999999,44.1,-63.36,29.84
2025-07-29T20:33:55.335359,64.0,-52.0,-21.0,-51.0,12.0,20.0,-3.0,-24.0,-3.0,11.0,-50.0,-70.0,69.59,-10.700000000000003,-79.34,-24.32,9.52,33.16,-12.94,-23.32,21.03,30.1,-75.36,-45.16
2025-07-29T20:33:55.339348,88.0,-45.0,27.0,-59.0,34.0,-3.0,-25.0,-23.0,-80.0,38.0,69.0,-86.0,93.59,-3.700000000000003,-31.340000000000003,-32.32,31.52,10.16,-34.94,-22.32,-55.97,57.1,43.64,-61.16
2025-07-29T20:33:55.347537,40.0,-60.0,14.0,-19.0,12.0,-48.0,21.0,-16.0,-15.0,30.0,-24.0,-85.0,45.59,-18.700000000000003,-44.34,7.68,9.52,-34.84,11.06,-15.32,9.030000000000001,49.1,-49.36,-60.16
2025-07-29T20:33:55.351631,71.0,-50.0,51.0,-18.0,1.0,-98.0,17.0,-3.0,-7.0,105.0,28.0,-69.0,76.59,-8.700000000000003,-7.340000000000003,8.68,-1.48,-84.84,7.0600000000000005,-2.32,17.03,124.1,2.6400000000000006,-44.16
2025-07-29T20:33:55.359671,0.0,-81.0,65.0,-71.0,7.0,-36.0,7.0,-22.0,-1.0,-70.0,-9.0,-63.0,5.59,-39.7,6.659999999999997,-44.32,4.52,-22.84,-2.9399999999999995,-21.32,23.03,-50.9,-34.36,-38.16
2025-07-29T20:33:55.363857,134.0,9.0,55.0,-13.0,-12.0,-18.0,34.0,-10.0,-29.0,-44.0,38.0,-28.0,139.59,50.3,-3.3400000000000034,13.68,-14.48,-4.84,24.060000000000002,-9.32,-4.969999999999999,-24.9,12.64,-3.16
2025-07-29T20:33:55.371951,-75.0,-59.0,33.0,-29.0,98.0,26.0,2.0,-60.0,-28.0,-8.0,-6.0,-49.0,-69.41,-17.700000000000003,-25.340000000000003,-2.3200000000000003,95.52,39.16,-7.9399999999999995,-59.32,-3.969999999999999,11.100000000000001,-31.36,-24.16
2025-07-29T20:33:55.376289,-7.0,18.0,37.0,-17.0,33.0,-56.0,22.0,-52.0,-34.0,-85.0,3.0,47.0,-1.4100000000000001,59.3,-21.340000000000003,9.68,30.52,-42.84,12.06,-51.32,-9.969999999999999,-65.9,-22.36,71.84
2025-07-29T20:33:55.384315,-51.0,98.0,-1.0,-13.0,24.0,-21.0,-44.0,-29.0,-32.0,-63.0,13.0,-9.0,-45.41,139.3,-59.34,13.68,21.52,-7.84,-53.94,-28.32,-7.969999999999999,-43.9,-12.36,15.84
2025-07-29T20:33:55.388573,20.0,35.0,36.0,-61.0,-41.0,-5.0,13.0,-50.0,-19.0,-52.0,41.0,-24.0,25.59,76.3,-22.340000000000003,-34.32,-43.48,8.16,3.0600000000000005,-49.32,5.030000000000001,-32.9,15.64,0.8399999999999999
2025-07-29T20:33:55.396530,14.0,-111.0,34.0,-24.0,12.0,-8.0,4.0,20.0,-4.0,-28.0,-35.0,-56.0,19.59,-69.7,-24.340000000000003,2.6799999999999997,9.52,5.16,-5.9399999999999995,20.68,20.03,-8.899999999999999,-60.36,-31.16
2025-07-29T20:33:55.400836,-20.0,33.0,65.0,28.0,-7.0,-56.0,42.0,33.0,-5.0,-51.0,107.0,-21.0,-14.41,74.3,6.659999999999997,54.68,-9.48,-42.84,32.06,33.68,19.03,-31.9,81.64,3.84
2025-07-29T20:33:55.408709,-23.0,2.0,46.0,-33.0,39.0,-13.0,-21.0,-110.0,-89.0,-30.0,66.0,14.0,-17.41,43.3,-12.340000000000003,-6.32,36.52,0.16000000000000014,-30.939999999999998,-109.32,-64.97,-10.899999999999999,40.64,38.84
2025-07-29T20:33:55.412946,-13.0,75.0,94.0,-26.0,-38.0,20.0,-15.0,-3.0,-44.0,11.0,7.0,-11.0,-7.41,116.3,35.66,0.6799999999999997,-40.48,33.16,-24.939999999999998,-2.32,-19.97,30.1,-18.36,13.84
2025-07-29T20:33:55.421148,19.0,-10.0,-4.0,-3.0,19.0,18.0,35.0,14.0,14.0,-2.0,36.0,-24.0,24.59,31.299999999999997,-62.34,23.68,16.52,31.16,25.060000000000002,14.68,38.03,17.1,10.64,0.8399999999999999
2025-07-29T20:33:55.425408,-59.0,12.0,90.0,17.0,35.0,-49.0,-17.0,56.0,-90.0,-9.0,-47.0,11.0,-53.41,53.3,31.659999999999997,43.68,32.52,-35.84,-26.939999999999998,56.68,-65.97,10.100000000000001,-72.36,35.84
2025-07-29T20:33:55.433449,29.0,18.0,75.0,-100.0,22.0,-79.0,54.0,33.0,-31.0,-102.0,-15.0,-38.0,34.59,59.3,16.659999999999997,-73.32,19.52,-65.84,44.06,33.68,-6.969999999999999,-82.9,-40.36,-13.16
2025-07-29T20:33:55.437686,16.0,-75.0,-6.0,0.0,1.0,-22.0,34.0,5.0,-52.0,18.0,37.0,35.0,21.59,-33.7,-64.34,26.68,-1.48,-8.84,24.060000000000002,5.68,-27.97,37.1,11.64,59.84
2025-07-29T20:33:55.445593,8.0,19.0,46.0,-38.0,19.0,-18.0,-39.0,44.0,-30.0,24.0,-52.0,-39.0,13.59,60.3,-12.340000000000003,-11.32,16.52,-4.84,-48.94,44.68,-5.969999999999999,43.1,-77.36,-14.16
2025-07-29T20:33:55.449825,-19.0,-19.0,57.0,-30.0,-11.0,-12.0,-2.0,70.0,-112.0,15.0,-51.0,41.0,-13.41,22.299999999999997,-1.3400000000000034,-3.3200000000000003,-13.48,1.1600000000000001,-11.94,70.68,-87.97,34.1,-76.36,65.84
2025-07-29T20:33:55.458098,-1.0,-70.0,71.0,10.0,21.0,-54.0,18.0,-32.0,-10.0,29.0,-10.0,-40.0,4.59,-28.700000000000003,12.659999999999997,36.68,18.52,-40.84,8.06,-31.32,14.030000000000001,48.1,-35.36,-15.16
2025-07-29T20:33:55.462669,-55.0,-101.0,114.0,-66.0,58.0,-70.0,120.0,25.0,-72.0,-53.0,3.0,47.0,-49.41,-59.7,55.66,-39.32,55.52,-56.84,110.06,25.68,-47.97,-33.9,-22.36,71.84
2025-07-29T20:33:55.466478,-10.0,6.0,118.0,-41.0,67.0,-42.0,15.0,-43.0,-50.0,46.0,2.0,34.0,-4.41,47.3,59.66,-14.32,64.52,-28.84,5.0600000000000005,-42.32,-25.97,65.1,-23.36,58.84
2025-07-29T20:33:55.474516,9.0,-16.0,66.0,29.0,-5.0,-101.0,53.0,25.0,-61.0,52.0,30.0,-21.0,14.59,25.299999999999997,7.659999999999997,55.68,-7.48,-87.84,43.06,25.68,-36.97,71.1,4.640000000000001,3.84
2025-07-29T20:33:55.478428,2.0,17.0,10.0,19.0,-49.0,-18.0,19.0,32.0,-83.0,-45.0,5.0,-13.0,7.59,58.3,-48.34,45.68,-51.48,-4.84,9.06,32.68,-58.97,-25.9,-20.36,11.84
2025-07-29T20:33:55.486712,-5.0,-13.0,-4.0,42.0,-34.0,-50.0,79.0,-40.0,-67.0,25.0,-25.0,18.0,0.5899999999999999,28.299999999999997,-62.34,68.68,-36.48,-36.84,69.06,-39.32,-42.97,44.1,-50.36,42.84
2025-07-29T20:33:55.490797,44.0,40.0,-29.0,-85.0,2.0,-12.0,-6.0,-20.0,-38.0,-8.0,0.0,54.0,49.59,81.3,-87.34,-58.32,-0.48,1.1600000000000001,-15.94,-19.32,-13.969999999999999,11.100000000000001,-25.36,78.84
2025-07-29T20:33:55.498923,-40.0,5.0,33.0,9.0,35.0,-84.0,-4.0,-25.0,-50.0,-38.0,-29.0,-14.0,-34.41,46.3,-25.340000000000003,35.68,32.52,-70.84,-13.94,-24.32,-25.97,-18.9,-54.36,10.84
2025-07-29T20:33:55.503207,-29.0,-13.0,43.0,-3.0,-10.0,-52.0,37.0,10.0,-50.0,15.0,-14.0,-40.0,-23.41,28.299999999999997,-15.340000000000003,23.68,-12.48,-38.84,27.060000000000002,10.68,-25.97,34.1,-39.36,-15.16
2025-07-29T20:33:55.511218,37.0,-2.0,-62.0,-41.0,42.0,-27.0,77.0,-40.0,-18.0,7.0,-64.0,40.0,42.59,39.3,-120.34,-14.32,39.52,-13.84,67.06,-39.32,6.030000000000001,26.1,-89.36,64.84
2025-07-29T20:33:55.515471,16.0,12.0,41.0,-26.0,16.0,-80.0,-32.0,-21.0,-40.0,-9.0,-24.0,-5.0,21.59,53.3,-17.340000000000003,0.6799999999999997,13.52,-66.84,-41.94,-20.32,-15.969999999999999,10.100000000000001,-49.36,19.84
2025-07-29T20:33:55.523617,91.0,-11.0,-17.0,-4.0,46.0,-69.0,52.0,-19.0,-56.0,-23.0,-31.0,-13.0,96.59,30.299999999999997,-75.34,22.68,43.52,-55.84,42.06,-18.32,-31.97,-3.8999999999999986,-56.36,11.84
2025-07-29T20:33:55.527751,-21.0,-31.0,23.0,46.0,-43.0,9.0,61.0,19.0,-1.0,-7.0,-12.0,35.0,-15.41,10.299999999999997,-35.34,72.68,-45.48,22.16,51.06,19.68,23.03,12.100000000000001,-37.36,59.84
2025-07-29T20:33:55.535902,61.0,-105.0,-80.0,5.0,-23.0,-17.0,33.0,-32.0,-43.0,68.0,-3.0,47.0,66.59,-63.7,-138.34,31.68,-25.48,-3.84,23.060000000000002,-31.32,-18.97,87.1,-28.36,71.84
2025-07-29T20:33:55.540031,88.0,-67.0,54.0,-36.0,43.0,-76.0,98.0,-35.0,-25.0,13.0,67.0,-29.0,93.59,-25.700000000000003,-4.340000000000003,-9.32,40.52,-62.84,88.06,-34.32,-0.9699999999999989,32.1,41.64,-4.16
2025-07-29T20:33:55.547988,55.0,-125.0,95.0,-63.0,-12.0,-5.0,28.0,-11.0,21.0,107.0,8.0,103.0,60.59,-83.7,36.66,-36.32,-14.48,8.16,18.060000000000002,-10.32,45.03,126.1,-17.36,127.84
2025-07-29T20:33:55.552368,-38.0,49.0,46.0,-38.0,29.0,-40.0,77.0,52.0,-16.0,133.0,40.0,101.0,-32.41,90.3,-12.340000000000003,-11.32,26.52,-26.84,67.06,52.68,8.030000000000001,152.1,14.64,125.84
2025-07-29T20:33:55.560269,86.0,-4.0,66.0,65.0,73.0,-37.0,-40.0,84.0,-9.0,112.0,45.0,67.0,91.59,37.3,7.659999999999997,91.68,70.52,-23.84,-49.94,84.68,15.030000000000001,131.1,19.64,91.84
2025-07-29T20:33:55.564652,-44.0,36.0,-61.0,-19.0,-12.0,-57.0,36.0,58.0,-91.0,90.0,14.0,141.0,-38.41,77.3,-119.34,7.68,-14.48,-43.84,26.060000000000002,58.68,-66.97,109.1,-11.36,165.84
2025-07-29T20:33:55.572603,120.0,-68.0,114.0,62.0,-81.0,-33.0,76.0,81.0,52.0,97.0,35.0,78.0,125.59,-26.700000000000003,55.66,88.68,-83.48,-19.84,66.06,81.68,76.03,116.1,9.64,102.84
2025-07-29T20:33:55.576862,88.0,-58.0,82.0,2.0,35.0,-43.0,26.0,39.0,-33.0,117.0,34.0,63.0,93.59,-16.700000000000003,23.659999999999997,28.68,32.52,-29.84,16.060000000000002,39.68,-8.969999999999999,136.1,8.64,87.84
2025-07-29T20:33:55.584970,47.0,1.0,95.0,49.0,86.0,-10.0,45.0,-20.0,-44.0,109.0,51.0,104.0,52.59,42.3,36.66,75.68,83.52,3.16,35.06,-19.32,-19.97,128.1,25.64,128.84
2025-07-29T20:33:55.589143,48.0,66.0,154.0,12.0,67.0,-30.0,43.0,38.0,-88.0,124.0,147.0,76.0,53.59,107.3,95.66,38.68,64.52,-16.84,33.06,38.68,-63.97,143.1,121.64,100.84
2025-07-29T20:33:55.597121,27.0,84.0,154.0,91.0,36.0,-63.0,76.0,83.0,-174.0,131.0,255.0,85.0,32.59,125.3,95.66,117.68,33.52,-49.84,66.06,83.68,-149.97,150.1,229.64,109.84
2025-07-29T20:33:55.601630,41.0,161.0,120.0,102.0,152.0,16.0,33.0,119.0,-220.0,108.0,285.0,27.0,46.59,202.3,61.66,128.68,149.52,29.16,23.060000000000002,119.68,-195.97,127.1,259.64,51.84
2025-07-29T20:33:55.609646,92.0,132.0,122.0,68.0,141.0,-23.0,83.0,104.0,-206.0,43.0,322.0,14.0,97.59,173.3,63.66,94.68,138.52,-9.84,73.06,104.68,-181.97,62.1,296.64,38.84
2025-07-29T20:33:55.617548,138.0,212.0,157.0,124.0,64.0,-128.0,98.0,139.0,-326.0,91.0,363.0,-29.0,143.59,253.3,98.66,150.68,61.52,-114.84,88.06,139.68,-301.97,110.1,337.64,-4.16
2025-07-29T20:33:55.621908,152.0,178.0,123.0,171.0,141.0,-133.0,61.0,109.0,-307.0,41.0,366.0,-91.0,157.59,219.3,64.66,197.68,138.52,-119.84,51.06,109.68,-282.97,60.1,340.64,-66.16
2025-07-29T20:33:55.630136,144.0,314.0,152.0,123.0,218.0,-144.0,-49.0,114.0,-335.0,85.0,376.0,-87.0,149.59,355.3,93.66,149.68,215.52,-130.84,-58.94,114.68,-310.97,104.1,350.64,-62.16
2025-07-29T20:33:55.634327,108.0,264.0,157.0,165.0,158.0,-173.0,80.0,176.0,-283.0,135.0,399.0,-93.0,113.59,305.3,98.66,191.68,155.52,-159.84,70.06,176.68,-258.97,154.1,373.64,-68.16
2025-07-29T20:33:55.642504,97.0,356.0,170.0,188.0,209.0,-203.0,85.0,115.0,-343.0,93.0,398.0,-25.0,102.59,397.3,111.66,214.68,206.52,-189.84,75.06,115.68,-318.97,112.1,372.64,-0.16000000000000014
2025-07-29T20:33:55.650330,122.0,309.0,95.0,269.0,223.0,-219.0,42.0,151.0,-364.0,18.0,457.0,-8.0,127.59,350.3,36.66,295.68,220.52,-205.84,32.06,151.68,-339.97,37.1,431.64,16.84
2025-07-29T20:33:55.654666,144.0,292.0,122.0,260.0,213.0,-185.0,43.0,163.0,-391.0,50.0,507.0,18.0,149.59,333.3,63.66,286.68,210.52,-171.84,33.06,163.68,-366.97,69.1,481.64,42.84
2025-07-29T20:33:55.662600,108.0,417.0,138.0,249.0,217.0,-235.0,-9.0,112.0,-430.0,72.0,568.0,-92.0,113.59,458.3,79.66,275.68,214.52,-221.84,-18.939999999999998,112.68,-405.97,91.1,542.64,-67.16
2025-07-29T20:33:55.667099,261.0,389.0,147.0,305.0,235.0,-254.0,2.0,69.0,-425.0,120.0,574.0,-104.0,266.59,430.3,88.66,331.68,232.52,-240.84,-7.9399999999999995,69.68,-400.97,139.1,548.64,-79.16
2025-07-29T20:33:55.675100,168.0,365.0,134.0,278.0,153.0,-237.0,-5.0,145.0,-396.0,68.0,525.0,-91.0,173.59,406.3,75.66,304.68,150.52,-223.84,-14.94,145.68,-371.97,87.1,499.64,-66.16
2025-07-29T20:33:55.683157,180.0,427.0,100.0,319.0,233.0,-305.0,60.0,109.0,-395.0,72.0,478.0,-85.0,185.59,468.3,41.66,345.68,230.52,-291.84,50.06,109.68,-370.97,91.1,452.64,-60.16
2025-07-29T20:33:55.687531,238.0,378.0,76.0,323.0,202.0,-287.0,57.0,135.0,-431.0,95.0,463.0,-9.0,243.59,419.3,17.659999999999997,349.68,199.52,-273.84,47.06,135.68,-406.97,114.1,437.64,15.84
2025-07-29T20:33:55.695609,188.0,359.0,171.0,212.0,238.0,-248.0,11.0,216.0,-409.0,72.0,601.0,33.0,193.59,400.3,112.66,238.68,235.52,-234.84,1.0600000000000005,216.68,-384.97,91.1,575.64,57.84
2025-07-29T20:33:55.699888,131.0,510.0,108.0,362.0,282.0,-248.0,-63.0,194.0,-405.0,48.0,576.0,-103.0,136.59,551.3,49.66,388.68,279.52,-234.84,-72.94,194.68,-380.97,67.1,550.64,-78.16
2025-07-29T20:33:55.707826,154.0,348.0,134.0,333.0,254.0,-207.0,48.0,171.0,-418.0,89.0,547.0,-126.0,159.59,389.3,75.66,359.68,251.52,-193.84,38.06,171.68,-393.97,108.1,521.64,-101.16
2025-07-29T20:33:55.711926,251.0,457.0,101.0,266.0,247.0,-253.0,6.0,111.0,-432.0,70.0,495.0,-75.0,256.59,498.3,42.66,292.68,244.52,-239.84,-3.9399999999999995,111.68,-407.97,89.1,469.64,-50.16
2025-07-29T20:33:55.720287,199.0,419.0,106.0,318.0,249.0,-227.0,-20.0,145.0,-436.0,20.0,506.0,-83.0,204.59,460.3,47.66,344.68,246.52,-213.84,-29.939999999999998,145.68,-411.97,39.1,480.64,-58.16
2025-07-29T20:33:55.728408,154.0,316.0,119.0,334.0,220.0,-198.0,36.0,183.0,-468.0,53.0,639.0,-26.0,159.59,357.3,60.66,360.68,217.52,-184.84,26.060000000000002,183.68,-443.97,72.1,613.64,-1.1600000000000001
2025-07-29T20:33:55.732597,135.0,463.0,32.0,299.0,171.0,-228.0,-2.0,149.0,-386.0,105.0,575.0,-87.0,140.59,504.3,-26.340000000000003,325.68,168.52,-214.84,-11.94,149.68,-361.97,124.1,549.64,-62.16
2025-07-29T20:33:55.740564,277.0,332.0,28.0,299.0,201.0,-272.0,-9.0,196.0,-435.0,99.0,624.0,-120.0,282.59,373.3,-30.340000000000003,325.68,198.52,-258.84,-18.939999999999998,196.68,-410.97,118.1,598.64,-95.16
2025-07-29T20:33:55.744832,198.0,431.0,166.0,311.0,242.0,-260.0,32.0,124.0,-502.0,98.0,489.0,-60.0,203.59,472.3,107.66,337.68,239.52,-246.84,22.060000000000002,124.68,-477.97,117.1,463.64,-35.16
2025-07-29T20:33:55.753012,212.0,487.0,100.0,266.0,266.0,-273.0,35.0,92.0,-389.0,115.0,460.0,-86.0,217.59,528.3,41.66,292.68,263.52,-259.84,25.060000000000002,92.68,-364.97,134.1,434.64,-61.16
2025-07-29T20:33:55.761089,286.0,433.0,66.0,263.0,137.0,-297.0,15.0,143.0,-450.0,40.0,568.0,-62.0,291.59,474.3,7.659999999999997,289.68,134.52,-283.84,5.0600000000000005,143.68,-425.97,59.1,542.64,-37.16
2025-07-29T20:33:55.765269,198.0,374.0,188.0,314.0,263.0,-250.0,-55.0,123.0,-394.0,86.0,607.0,-33.0,203.59,415.3,129.66,340.68,260.52,-236.84,-64.94,123.68,-369.97,105.1,581.64,-8.16
2025-07-29T20:33:55.773488,173.0,436.0,69.0,391.0,234.0,-257.0,-36.0,195.0,-452.0,34.0,605.0,-94.0,178.59,477.3,10.659999999999997,417.68,231.52,-243.84,-45.94,195.68,-427.97,53.1,579.64,-69.16
2025-07-29T20:33:55.777725,201.0,385.0,113.0,347.0,245.0,-201.0,55.0,94.0,-370.0,86.0,537.0,-77.0,206.59,426.3,54.66,373.68,242.52,-187.84,45.06,94.68,-345.97,105.1,511.64,-52.16
2025-07-29T20:33:55.785816,147.0,337.0,104.0,252.0,274.0,-246.0,-15.0,193.0,-447.0,92.0,486.0,-140.0,152.59,378.3,45.66,278.68,271.52,-232.84,-24.939999999999998,193.68,-422.97,111.1,460.64,-115.16
2025-07-29T20:33:55.793738,124.0,464.0,123.0,331.0,246.0,-295.0,1.0,141.0,-396.0,156.0,458.0,-41.0,129.59,505.3,64.66,357.68,243.52,-281.84,-8.94,141.68,-371.97,175.1,432.64,-16.16
2025-07-29T20:33:55.797987,278.0,375.0,83.0,357.0,184.0,-245.0,44.0,188.0,-440.0,71.0,515.0,-75.0,283.59,416.3,24.659999999999997,383.68,181.52,-231.84,34.06,188.68,-415.97,90.1,489.64,-50.16
2025-07-29T20:33:55.806208,111.0,399.0,166.0,224.0,276.0,-239.0,0.0,203.0,-486.0,54.0,563.0,-31.0,116.59,440.3,107.66,250.68,273.52,-225.84,-9.94,203.68,-461.97,73.1,537.64,-6.16
2025-07-29T20:33:55.810524,166.0,459.0,110.0,323.0,232.0,-304.0,13.0,152.0,-438.0,88.0,603.0,-111.0,171.59,500.3,51.66,349.68,229.52,-290.84,3.0600000000000005,152.68,-413.97,107.1,577.64,-86.16
2025-07-29T20:33:55.818596,261.0,427.0,94.0,330.0,194.0,-272.0,40.0,67.0,-425.0,104.0,531.0,-121.0,266.59,468.3,35.66,356.68,191.52,-258.84,30.060000000000002,67.68,-400.97,123.1,505.64,-96.16
2025-07-29T20:33:55.826390,129.0,449.0,109.0,383.0,260.0,-261.0,-12.0,208.0,-468.0,84.0,531.0,-72.0,134.59,490.3,50.66,409.68,257.52,-247.84,-21.939999999999998,208.68,-443.97,103.1,505.64,-47.16
2025-07-29T20:33:55.830784,207.0,545.0,17.0,350.0,157.0,-229.0,-38.0,182.0,-497.0,31.0,563.0,-66.0,212.59,586.3,-41.34,376.68,154.52,-215.84,-47.94,182.68,-472.97,50.1,537.64,-41.16
2025-07-29T20:33:55.838851,243.0,349.0,159.0,242.0,312.0,-213.0,41.0,124.0,-478.0,79.0,554.0,-50.0,248.59,390.3,100.66,268.68,309.52,-199.84,31.060000000000002,124.68,-453.97,98.1,528.64,-25.16
2025-07-29T20:33:55.843283,193.0,470.0,149.0,316.0,221.0,-241.0,11.0,159.0,-451.0,53.0,505.0,-129.0,198.59,511.3,90.66,342.68,218.52,-227.84,1.0600000000000005,159.68,-426.97,72.1,479.64,-104.16
2025-07-29T20:33:55.851303,262.0,382.0,82.0,340.0,182.0,-254.0,8.0,182.0,-471.0,90.0,523.0,-79.0,267.59,423.3,23.659999999999997,366.68,179.52,-240.84,-1.9399999999999995,182.68,-446.97,109.1,497.64,-54.16
2025-07-29T20:33:55.859396,266.0,418.0,129.0,342.0,273.0,-207.0,11.0,132.0,-460.0,73.0,495.0,-71.0,271.59,459.3,70.66,368.68,270.52,-193.84,1.0600000000000005,132.68,-435.97,92.1,469.64,-46.16
2025-07-29T20:33:55.863607,201.0,480.0,124.0,329.0,210.0,-227.0,31.0,99.0,-525.0,21.0,501.0,-51.0,206.59,521.3,65.66,355.68,207.52,-213.84,21.060000000000002,99.68,-500.97,40.1,475.64,-26.16
2025-07-29T20:33:55.871659,178.0,488.0,116.0,318.0,182.0,-251.0,-49.0,174.0,-511.0,25.0,568.0,-64.0,183.59,529.3,57.66,344.68,179.52,-237.84,-58.94,174.68,-486.97,44.1,542.64,-39.16
2025-07-29T20:33:55.876034,237.0,332.0,134.0,314.0,260.0,-273.0,-35.0,205.0,-460.0,105.0,585.0,-87.0,242.59,373.3,75.66,340.68,257.52,-259.84,-44.94,205.68,-435.97,124.1,559.64,-62.16
2025-07-29T20:33:55.884085,132.0,357.0,92.0,349.0,194.0,-240.0,15.0,95.0,-404.0,147.0,517.0,-142.0,137.59,398.3,33.66,375.68,191.52,-226.84,5.0600000000000005,95.68,-379.97,166.1,491.64,-117.16
2025-07-29T20:33:55.892040,239.0,433.0,47.0,265.0,269.0,-284.0,48.0,175.0,-470.0,140.0,522.0,-24.0,244.59,474.3,-11.340000000000003,291.68,266.52,-270.84,38.06,175.68,-445.97,159.1,496.64,0.8399999999999999
2025-07-29T20:33:55.896414,183.0,400.0,125.0,304.0,167.0,-273.0,49.0,147.0,-456.0,75.0,471.0,8.0,188.59,441.3,66.66,330.68,164.52,-259.84,39.06,147.68,-431.97,94.1,445.64,32.84
2025-07-29T20:33:55.904526,125.0,519.0,96.0,265.0,237.0,-244.0,-11.0,156.0,-441.0,34.0,526.0,-62.0,130.59,560.3,37.66,291.68,234.52,-230.84,-20.939999999999998,156.68,-416.97,53.1,500.64,-37.16
2025-07-29T20:33:55.908889,221.0,375.0,26.0,400.0,268.0,-246.0,4.0,166.0,-375.0,54.0,540.0,-80.0,226.59,416.3,-32.34,426.68,265.52,-232.84,-5.9399999999999995,166.68,-350.97,73.1,514.64,-55.16
2025-07-29T20:33:55.916653,214.0,339.0,124.0,318.0,186.0,-230.0,72.0,175.0,-407.0,75.0,583.0,-52.0,219.59,380.3,65.66,344.68,183.52,-216.84,62.06,175.68,-382.97,94.1,557.64,-27.16
2025-07-29T20:33:55.921038,159.0,469.0,97.0,261.0,230.0,-263.0,53.0,211.0,-468.0,89.0,476.0,-117.0,164.59,510.3,38.66,287.68,227.52,-249.84,43.06,211.68,-443.97,108.1,450.64,-92.16
2025-07-29T20:33:55.929226,256.0,380.0,129.0,338.0,270.0,-231.0,-26.0,49.0,-382.0,43.0,531.0,-111.0,261.59,421.3,70.66,364.68,267.52,-217.84,-35.94,49.68,-357.97,62.1,505.64,-86.16
2025-07-29T20:33:55.937231,148.0,403.0,178.0,317.0,242.0,-297.0,-51.0,179.0,-458.0,82.0,564.0,-74.0,153.59,444.3,119.66,343.68,239.52,-283.84,-60.94,179.68,-433.97,101.1,538.64,-49.16
2025-07-29T20:33:55.941387,160.0,485.0,170.0,307.0,152.0,-217.0,6.0,156.0,-494.0,76.0,587.0,-25.0,165.59,526.3,111.66,333.68,149.52,-203.84,-3.9399999999999995,156.68,-469.97,95.1,561.64,-0.16000000000000014
2025-07-29T20:33:55.949598,246.0,389.0,80.0,334.0,226.0,-213.0,79.0,149.0,-397.0,26.0,548.0,-88.0,251.59,430.3,21.659999999999997,360.68,223.52,-199.84,69.06,149.68,-372.97,45.1,522.64,-63.16
2025-07-29T20:33:55.953890,149.0,413.0,178.0,387.0,274.0,-286.0,-37.0,136.0,-499.0,91.0,533.0,-99.0,154.59,454.3,119.66,413.68,271.52,-272.84,-46.94,136.68,-474.97,110.1,507.64,-74.16
2025-07-29T20:33:55.961795,196.0,409.0,88.0,360.0,208.0,-199.0,-8.0,170.0,-424.0,95.0,529.0,-67.0,201.59,450.3,29.659999999999997,386.68,205.52,-185.84,-17.939999999999998,170.68,-399.97,114.1,503.64,-42.16
2025-07-29T20:33:55.970032,221.0,368.0,75.0,294.0,277.0,-250.0,28.0,167.0,-437.0,129.0,431.0,-101.0,226.59,409.3,16.659999999999997,320.68,274.52,-236.84,18.060000000000002,167.68,-412.97,148.1,405.64,-76.16
2025-07-29T20:33:55.974135,162.0,388.0,110.0,325.0,251.0,-279.0,54.0,167.0,-444.0,65.0,576.0,-25.0,167.59,429.3,51.66,351.68,248.52,-265.84,44.06,167.68,-419.97,84.1,550.64,-0.16000000000000014
2025-07-29T20:33:55.982342,177.0,443.0,43.0,370.0,149.0,-230.0,17.0,153.0,-425.0,96.0,533.0,-132.0,182.59,484.3,-15.340000000000003,396.68,146.52,-216.84,7.0600000000000005,153.68,-400.97,115.1,507.64,-107.16
2025-07-29T20:33:55.986617,219.0,341.0,56.0,300.0,233.0,-250.0,18.0,134.0,-400.0,103.0,538.0,-176.0,224.59,382.3,-2.3400000000000034,326.68,230.52,-236.84,8.06,134.68,-375.97,122.1,512.64,-151.16
2025-07-29T20:33:55.994566,174.0,349.0,177.0,360.0,166.0,-233.0,21.0,124.0,-425.0,98.0,505.0,-77.0,179.59,390.3,118.66,386.68,163.52,-219.84,11.06,124.68,-400.97,117.1,479.64,-52.16
2025-07-29T20:33:56.002518,177.0,440.0,98.0,303.0,277.0,-277.0,35.0,203.0,-537.0,72.0,467.0,-48.0,182.59,481.3,39.66,329.68,274.52,-263.84,25.060000000000002,203.68,-512.97,91.1,441.64,-23.16
2025-07-29T20:33:56.006896,216.0,396.0,81.0,356.0,177.0,-242.0,36.0,125.0,-458.0,12.0,575.0,-58.0,221.59,437.3,22.659999999999997,382.68,174.52,-228.84,26.060000000000002,125.68,-433.97,31.1,549.64,-33.16
2025-07-29T20:33:56.015051,140.0,337.0,158.0,291.0,222.0,-226.0,-13.0,178.0,-510.0,9.0,593.0,-105.0,145.59,378.3,99.66,317.68,219.52,-212.84,-22.939999999999998,178.68,-485.97,28.1,567.64,-80.16
2025-07-29T20:33:56.019347,165.0,485.0,44.0,315.0,212.0,-290.0,80.0,200.0,-431.0,134.0,582.0,-132.0,170.59,526.3,-14.340000000000003,341.68,209.52,-276.84,70.06,200.68,-406.97,153.1,556.64,-107.16
2025-07-29T20:33:56.027498,274.0,392.0,90.0,300.0,200.0,-221.0,-43.0,177.0,-396.0,131.0,456.0,-47.0,279.59,433.3,31.659999999999997,326.68,197.52,-207.84,-52.94,177.68,-371.97,150.1,430.64,-22.16
2025-07-29T20:33:56.035375,203.0,459.0,130.0,273.0,245.0,-188.0,-26.0,148.0,-379.0,5.0,497.0,-11.0,208.59,500.3,71.66,299.68,242.52,-174.84,-35.94,148.68,-354.97,24.1,471.64,13.84
2025-07-29T20:33:56.039666,261.0,473.0,72.0,343.0,207.0,-241.0,2.0,123.0,-405.0,68.0,497.0,-53.0,266.59,514.3,13.659999999999997,369.68,204.52,-227.84,-7.9399999999999995,123.68,-380.97,87.1,471.64,-28.16
2025-07-29T20:33:56.047702,216.0,393.0,121.0,210.0,192.0,-187.0,23.0,111.0,-398.0,83.0,600.0,-82.0,221.59,434.3,62.66,236.68,189.52,-173.84,13.06,111.68,-373.97,102.1,574.64,-57.16
2025-07-29T20:33:56.052033,221.0,490.0,84.0,316.0,254.0,-252.0,49.0,212.0,-444.0,91.0,541.0,-205.0,226.59,531.3,25.659999999999997,342.68,251.52,-238.84,39.06,212.68,-419.97,110.1,515.64,-180.16
2025-07-29T20:33:56.060194,295.0,448.0,25.0,386.0,177.0,-237.0,44.0,170.0,-471.0,115.0,496.0,-102.0,300.59,489.3,-33.34,412.68,174.52,-223.84,34.06,170.68,-446.97,134.1,470.64,-77.16
2025-07-29T20:33:56.068049,247.0,379.0,151.0,281.0,190.0,-334.0,16.0,188.0,-428.0,160.0,496.0,-26.0,252.59,420.3,92.66,307.68,187.52,-320.84,6.0600000000000005,188.68,-403.97,179.1,470.64,-1.1600000000000001
2025-07-29T20:33:56.072518,192.0,385.0,57.0,298.0,222.0,-201.0,-29.0,82.0,-443.0,44.0,608.0,-85.0,197.59,426.3,-1.3400000000000034,324.68,219.52,-187.84,-38.94,82.68,-418.97,63.1,582.64,-60.16
2025-07-29T20:33:56.080510,285.0,383.0,51.0,295.0,268.0,-234.0,-5.0,107.0,-426.0,42.0,555.0,-92.0,290.59,424.3,-7.340000000000003,321.68,265.52,-220.84,-14.94,107.68,-401.97,61.1,529.64,-67.16
2025-07-29T20:33:56.084765,206.0,375.0,139.0,337.0,249.0,-276.0,-27.0,120.0,-479.0,109.0,539.0,-107.0,211.59,416.3,80.66,363.68,246.52,-262.84,-36.94,120.68,-454.97,128.1,513.64,-82.16
2025-07-29T20:33:56.092782,151.0,402.0,125.0,285.0,233.0,-209.0,23.0,140.0,-444.0,148.0,514.0,-91.0,156.59,443.3,66.66,311.68,230.52,-195.84,13.06,140.68,-419.97,167.1,488.64,-66.16
2025-07-29T20:33:56.096970,242.0,414.0,26.0,285.0,246.0,-231.0,1.0,166.0,-449.0,51.0,573.0,-35.0,247.59,455.3,-32.34,311.68,243.52,-217.84,-8.94,166.68,-424.97,70.1,547.64,-10.16
2025-07-29T20:33:56.105362,194.0,353.0,119.0,317.0,190.0,-227.0,6.0,102.0,-479.0,81.0,571.0,-136.0,199.59,394.3,60.66,343.68,187.52,-213.84,-3.9399999999999995,102.68,-454.97,100.1,545.64,-111.16
2025-07-29T20:33:56.113438,199.0,389.0,77.0,316.0,226.0,-231.0,-13.0,202.0,-422.0,140.0,523.0,-157.0,204.59,430.3,18.659999999999997,342.68,223.52,-217.84,-22.939999999999998,202.68,-397.97,159.1,497.64,-132.16
2025-07-29T20:33:56.117570,228.0,392.0,106.0,298.0,258.0,-282.0,-11.0,196.0,-493.0,46.0,493.0,-72.0,233.59,433.3,47.66,324.68,255.52,-268.84,-20.939999999999998,196.68,-468.97,65.1,467.64,-47.16
2025-07-29T20:33:56.125710,198.0,438.0,144.0,305.0,228.0,-247.0,25.0,162.0,-455.0,-41.0,523.0,-42.0,203.59,479.3,85.66,331.68,225.52,-233.84,15.06,162.68,-430.97,-21.9,497.64,-17.16
2025-07-29T20:33:56.129909,248.0,482.0,113.0,371.0,162.0,-261.0,-6.0,175.0,-467.0,39.0,540.0,-69.0,253.59,523.3,54.66,397.68,159.52,-247.84,-15.94,175.68,-442.97,58.1,514.64,-44.16
2025-07-29T20:33:56.138130,277.0,369.0,162.0,368.0,176.0,-321.0,-38.0,135.0,-426.0,36.0,559.0,-88.0,282.59,410.3,103.66,394.68,173.52,-307.84,-47.94,135.68,-401.97,55.1,533.64,-63.16
2025-07-29T20:33:56.146180,171.0,508.0,154.0,329.0,213.0,-197.0,-14.0,114.0,-451.0,115.0,568.0,-81.0,176.59,549.3,95.66,355.68,210.52,-183.84,-23.939999999999998,114.68,-426.97,134.1,542.64,-56.16
2025-07-29T20:33:56.150510,197.0,470.0,100.0,284.0,235.0,-282.0,2.0,100.0,-410.0,94.0,513.0,-42.0,202.59,511.3,41.66,310.68,232.52,-268.84,-7.9399999999999995,100.68,-385.97,113.1,487.64,-17.16
2025-07-29T20:33:56.158506,214.0,376.0,174.0,344.0,190.0,-244.0,-37.0,170.0,-433.0,14.0,499.0,-16.0,219.59,417.3,115.66,370.68,187.52,-230.84,-46.94,170.68,-408.97,33.1,473.64,8.84
2025-07-29T20:33:56.162823,191.0,422.0,108.0,298.0,179.0,-253.0,60.0,212.0,-408.0,109.0,586.0,-18.0,196.59,463.3,49.66,324.68,176.52,-239.84,50.06,212.68,-383.97,128.1,560.64,6.84
2025-07-29T20:33:56.170622,256.0,421.0,78.0,411.0,224.0,-279.0,-44.0,80.0,-464.0,45.0,536.0,-113.0,261.59,462.3,19.659999999999997,437.68,221.52,-265.84,-53.94,80.68,-439.97,64.1,510.64,-88.16
2025-07-29T20:33:56.178763,261.0,346.0,146.0,354.0,231.0,-328.0,14.0,163.0,-462.0,91.0,515.0,-166.0,266.59,387.3,87.66,380.68,228.52,-314.84,4.0600000000000005,163.68,-437.97,110.1,489.64,-141.16
2025-07-29T20:33:56.183145,199.0,407.0,85.0,336.0,164.0,-244.0,37.0,180.0,-416.0,71.0,528.0,-89.0,204.59,448.3,26.659999999999997,362.68,161.52,-230.84,27.060000000000002,180.68,-391.97,90.1,502.64,-64.16
2025-07-29T20:33:56.191081,221.0,333.0,125.0,281.0,224.0,-285.0,-2.0,74.0,-472.0,43.0,515.0,-53.0,226.59,374.3,66.66,307.68,221.52,-271.84,-11.94,74.68,-447.97,62.1,489.64,-28.16
2025-07-29T20:33:56.195495,185.0,391.0,114.0,352.0,167.0,-259.0,-21.0,153.0,-498.0,68.0,549.0,-73.0,190.59,432.3,55.66,378.68,164.52,-245.84,-30.939999999999998,153.68,-473.97,87.1,523.64,-48.16
2025-07-29T20:33:56.203607,146.0,439.0,34.0,270.0,204.0,-242.0,58.0,184.0,-414.0,78.0,551.0,-146.0,151.59,480.3,-24.340000000000003,296.68,201.52,-228.84,48.06,184.68,-389.97,97.1,525.64,-121.16
2025-07-29T20:33:56.211672,225.0,450.0,106.0,236.0,224.0,-311.0,15.0,142.0,-388.0,88.0,576.0,-47.0,230.59,491.3,47.66,262.68,221.52,-297.84,5.0600000000000005,142.68,-363.97,107.1,550.64,-22.16
2025-07-29T20:33:56.215760,203.0,391.0,112.0,358.0,235.0,-246.0,-7.0,179.0,-424.0,114.0,513.0,-112.0,208.59,432.3,53.66,384.68,232.52,-232.84,-16.939999999999998,179.68,-399.97,133.1,487.64,-87.16
2025-07-29T20:33:56.223993,193.0,514.0,88.0,327.0,228.0,-285.0,-12.0,123.0,-417.0,108.0,457.0,-62.0,198.59,555.3,29.659999999999997,353.68,225.52,-271.84,-21.939999999999998,123.68,-392.97,127.1,431.64,-37.16
2025-07-29T20:33:56.228292,256.0,362.0,46.0,358.0,220.0,-233.0,25.0,81.0,-463.0,21.0,484.0,-41.0,261.59,403.3,-12.340000000000003,384.68,217.52,-219.84,15.06,81.68,-438.97,40.1,458.64,-16.16
2025-07-29T20:33:56.236273,215.0,400.0,95.0,314.0,213.0,-277.0,29.0,150.0,-441.0,96.0,489.0,-42.0,220.59,441.3,36.66,340.68,210.52,-263.84,19.060000000000002,150.68,-416.97,115.1,463.64,-17.16
2025-07-29T20:33:56.244350,216.0,466.0,88.0,363.0,176.0,-278.0,-6.0,156.0,-446.0,-8.0,619.0,-139.0,221.59,507.3,29.659999999999997,389.68,173.52,-264.84,-15.94,156.68,-421.97,11.100000000000001,593.64,-114.16
2025-07-29T20:33:56.248565,286.0,334.0,67.0,351.0,170.0,-226.0,-65.0,214.0,-449.0,132.0,566.0,-90.0,291.59,375.3,8.659999999999997,377.68,167.52,-212.84,-74.94,214.68,-424.97,151.1,540.64,-65.16
2025-07-29T20:33:56.256613,193.0,388.0,144.0,273.0,275.0,-271.0,-6.0,189.0,-426.0,108.0,529.0,-125.0,198.59,429.3,85.66,299.68,272.52,-257.84,-15.94,189.68,-401.97,127.1,503.64,-100.16
2025-07-29T20:33:56.260959,233.0,482.0,112.0,311.0,195.0,-239.0,10.0,137.0,-442.0,149.0,501.0,-48.0,238.59,523.3,53.66,337.68,192.52,-225.84,0.0600000000000005,137.68,-417.97,168.1,475.64,-23.16
2025-07-29T20:33:56.269367,261.0,326.0,155.0,304.0,234.0,-284.0,27.0,170.0,-453.0,24.0,551.0,-85.0,266.59,367.3,96.66,330.68,231.52,-270.84,17.060000000000002,170.68,-428.97,43.1,525.64,-60.16
2025-07-29T20:33:56.277028,259.0,334.0,156.0,352.0,151.0,-221.0,-43.0,191.0,-416.0,36.0,535.0,-99.0,264.59,375.3,97.66,378.68,148.52,-207.84,-52.94,191.68,-391.97,55.1,509.64,-74.16
2025-07-29T20:33:56.281466,233.0,434.0,94.0,354.0,242.0,-271.0,58.0,147.0,-438.0,140.0,582.0,-129.0,238.59,475.3,35.66,380.68,239.52,-257.84,48.06,147.68,-413.97,159.1,556.64,-104.16
2025-07-29T20:33:56.289524,213.0,374.0,113.0,379.0,183.0,-248.0,95.0,144.0,-430.0,121.0,479.0,-64.0,218.59,415.3,54.66,405.68,180.52,-234.84,85.06,144.68,-405.97,140.1,453.64,-39.16
2025-07-29T20:33:56.293665,189.0,435.0,96.0,324.0,283.0,-244.0,6.0,127.0,-426.0,55.0,548.0,-54.0,194.59,476.3,37.66,350.68,280.52,-230.84,-3.9399999999999995,127.68,-401.97,74.1,522.64,-29.16
2025-07-29T20:33:56.301821,301.0,383.0,117.0,327.0,223.0,-277.0,-5.0,136.0,-514.0,118.0,565.0,-74.0,306.59,424.3,58.66,353.68,220.52,-263.84,-14.94,136.68,-489.97,137.1,539.64,-49.16
2025-07-29T20:33:56.309753,185.0,387.0,152.0,323.0,190.0,-278.0,-13.0,176.0,-510.0,103.0,571.0,-145.0,190.59,428.3,93.66,349.68,187.52,-264.84,-22.939999999999998,176.68,-485.97,122.1,545.64,-120.16
2025-07-29T20:33:56.314097,184.0,386.0,101.0,375.0,191.0,-266.0,7.0,205.0,-433.0,85.0,469.0,-21.0,189.59,427.3,42.66,401.68,188.52,-252.84,-2.9399999999999995,205.68,-408.97,104.1,443.64,3.84
2025-07-29T20:33:56.322281,268.0,384.0,98.0,311.0,192.0,-299.0,-17.0,179.0,-452.0,77.0,431.0,-82.0,273.59,425.3,39.66,337.68,189.52,-285.84,-26.939999999999998,179.68,-427.97,96.1,405.64,-57.16
2025-07-29T20:33:56.326539,139.0,417.0,207.0,331.0,264.0,-218.0,39.0,175.0,-459.0,76.0,545.0,-35.0,144.59,458.3,148.66,357.68,261.52,-204.84,29.060000000000002,175.68,-434.97,95.1,519.64,-10.16
2025-07-29T20:33:56.334615,221.0,504.0,71.0,309.0,256.0,-228.0,42.0,137.0,-406.0,44.0,537.0,-175.0,226.59,545.3,12.659999999999997,335.68,253.52,-214.84,32.06,137.68,-381.97,63.1,511.64,-150.16
2025-07-29T20:33:56.342588,251.0,343.0,67.0,328.0,184.0,-241.0,-12.0,151.0,-443.0,107.0,609.0,-148.0,256.59,384.3,8.659999999999997,354.68,181.52,-227.84,-21.939999999999998,151.68,-418.97,126.1,583.64,-123.16
2025-07-29T20:33:56.346808,197.0,382.0,159.0,304.0,262.0,-272.0,30.0,124.0,-454.0,82.0,448.0,-49.0,202.59,423.3,100.66,330.68,259.52,-258.84,20.060000000000002,124.68,-429.97,101.1,422.64,-24.16
2025-07-29T20:33:56.354983,131.0,449.0,92.0,394.0,227.0,-195.0,-27.0,154.0,-426.0,33.0,493.0,-43.0,136.59,490.3,33.66,420.68,224.52,-181.84,-36.94,154.68,-401.97,52.1,467.64,-18.16
2025-07-29T20:33:56.359120,234.0,381.0,95.0,321.0,199.0,-203.0,5.0,200.0,-437.0,47.0,581.0,-42.0,239.59,422.3,36.66,347.68,196.52,-189.84,-4.9399999999999995,200.68,-412.97,66.1,555.64,-17.16
2025-07-29T20:33:56.367223,193.0,427.0,127.0,304.0,279.0,-272.0,-16.0,78.0,-441.0,54.0,451.0,-159.0,198.59,468.3,68.66,330.68,276.52,-258.84,-25.939999999999998,78.68,-416.97,73.1,425.64,-134.16
2025-07-29T20:33:56.375413,157.0,418.0,123.0,281.0,167.0,-199.0,13.0,141.0,-382.0,110.0,536.0,-145.0,162.59,459.3,64.66,307.68,164.52,-185.84,3.0600000000000005,141.68,-357.97,129.1,510.64,-120.16
2025-07-29T20:33:56.379726,164.0,266.0,119.0,200.0,218.0,-216.0,28.0,139.0,-423.0,70.0,439.0,-54.0,169.59,307.3,60.66,226.68,215.52,-202.84,18.060000000000002,139.68,-398.97,89.1,413.64,-29.16
2025-07-29T20:33:56.387698,163.0,379.0,115.0,243.0,204.0,-223.0,19.0,144.0,-365.0,-6.0,456.0,-70.0,168.59,420.3,56.66,269.68,201.52,-209.84,9.06,144.68,-340.97,13.100000000000001,430.64,-45.16
2025-07-29T20:33:56.391992,160.0,285.0,82.0,233.0,190.0,-142.0,95.0,132.0,-322.0,51.0,454.0,-75.0,165.59,326.3,23.659999999999997,259.68,187.52,-128.84,85.06,132.68,-297.97,70.1,428.64,-50.16
2025-07-29T20:33:56.400053,165.0,303.0,138.0,280.0,147.0,-223.0,-2.0,161.0,-328.0,21.0,413.0,-129.0,170.59,344.3,79.66,306.68,144.52,-209.84,-11.94,161.68,-303.97,40.1,387.64,-104.16
2025-07-29T20:33:56.404232,141.0,216.0,187.0,164.0,162.0,-150.0,40.0,131.0,-350.0,118.0,341.0,-96.0,146.59,257.3,128.66,190.68,159.52,-136.84,30.060000000000002,131.68,-325.97,137.1,315.64,-71.16
2025-07-29T20:33:56.412520,200.0,237.0,73.0,198.0,186.0,-189.0,58.0,143.0,-298.0,47.0,380.0,-36.0,205.59,278.3,14.659999999999997,224.68,183.52,-175.84,48.06,143.68,-273.97,66.1,354.64,-11.16
2025-07-29T20:33:56.420389,167.0,236.0,178.0,253.0,107.0,-138.0,49.0,95.0,-309.0,37.0,296.0,-38.0,172.59,277.3,119.66,279.68,104.52,-124.84,39.06,95.68,-284.97,56.1,270.64,-13.16
2025-07-29T20:33:56.424787,104.0,285.0,129.0,157.0,121.0,-86.0,-12.0,142.0,-312.0,24.0,366.0,-88.0,109.59,326.3,70.66,183.68,118.52,-72.84,-21.939999999999998,142.68,-287.97,43.1,340.64,-63.16
2025-07-29T20:33:56.432776,146.0,212.0,81.0,65.0,143.0,-183.0,67.0,90.0,-314.0,9.0,335.0,-92.0,151.59,253.3,22.659999999999997,91.68,140.52,-169.84,57.06,90.68,-289.97,28.1,309.64,-67.16
2025-07-29T20:33:56.437116,106.0,135.0,140.0,150.0,81.0,-86.0,66.0,73.0,-210.0,55.0,311.0,-78.0,111.59,176.3,81.66,176.68,78.52,-72.84,56.06,73.68,-185.97,74.1,285.64,-53.16
2025-07-29T20:33:56.445024,129.0,186.0,106.0,79.0,79.0,-78.0,-30.0,102.0,-233.0,114.0,240.0,-59.0,134.59,227.3,47.66,105.68,76.52,-64.84,-39.94,102.68,-208.97,133.1,214.64,-34.16
2025-07-29T20:33:56.449434,69.0,131.0,51.0,95.0,88.0,-60.0,18.0,152.0,-205.0,8.0,190.0,11.0,74.59,172.3,-7.340000000000003,121.68,85.52,-46.84,8.06,152.68,-180.97,27.1,164.64,35.84
2025-07-29T20:33:56.457474,108.0,67.0,102.0,120.0,102.0,-119.0,49.0,75.0,-123.0,57.0,114.0,20.0,113.59,108.3,43.66,146.68,99.52,-105.84,39.06,75.68,-98.97,76.1,88.64,44.84
2025-07-29T20:33:56.461408,-13.0,23.0,121.0,101.0,13.0,11.0,16.0,66.0,-113.0,-34.0,183.0,-2.0,-7.41,64.3,62.66,127.68,10.52,24.16,6.0600000000000005,66.68,-88.97,-14.899999999999999,157.64,22.84
2025-07-29T20:33:56.469660,7.0,133.0,84.0,0.0,80.0,-28.0,30.0,54.0,-135.0,-17.0,62.0,33.0,12.59,174.3,25.659999999999997,26.68,77.52,-14.84,20.060000000000002,54.68,-110.97,2.1000000000000014,36.64,57.84
2025-07-29T20:33:56.473679,1.0,68.0,29.0,2.0,-18.0,-39.0,32.0,27.0,-50.0,18.0,58.0,-50.0,6.59,109.3,-29.340000000000003,28.68,-20.48,-25.84,22.060000000000002,27.68,-25.97,37.1,32.64,-25.16
2025-07-29T20:33:56.482087,47.0,-9.0,35.0,54.0,33.0,-82.0,36.0,32.0,-61.0,-24.0,110.0,-1.0,52.59,32.3,-23.340000000000003,80.68,30.52,-68.84,26.060000000000002,32.68,-36.97,-4.899999999999999,84.64,23.84
2025-07-29T20:33:56.486022,30.0,-65.0,57.0,12.0,47.0,-54.0,57.0,-8.0,-92.0,22.0,-6.0,-6.0,35.59,-23.700000000000003,-1.3400000000000034,38.68,44.52,-40.84,47.06,-7.32,-67.97,41.1,-31.36,18.84
2025-07-29T20:33:56.494157,51.0,-18.0,99.0,-53.0,85.0,-52.0,-8.0,52.0,65.0,41.0,59.0,61.0,56.59,23.299999999999997,40.66,-26.32,82.52,-38.84,-17.939999999999998,52.68,89.03,60.1,33.64,85.84
2025-07-29T20:33:56.498290,28.0,-6.0,23.0,77.0,-16.0,-59.0,-3.0,-3.0,-30.0,35.0,-26.0,-1.0,33.59,35.3,-35.34,103.68,-18.48,-45.84,-12.94,-2.32,-5.969999999999999,54.1,-51.36,23.84
2025-07-29T20:33:56.506345,-9.0,-5.0,9.0,35.0,24.0,-74.0,6.0,-7.0,-7.0,94.0,-5.0,31.0,-3.41,36.3,-49.34,61.68,21.52,-60.84,-3.9399999999999995,-6.32,17.03,113.1,-30.36,55.84
2025-07-29T20:33:56.510833,60.0,108.0,-26.0,-66.0,62.0,-49.0,126.0,-9.0,-24.0,97.0,-13.0,-68.0,65.59,149.3,-84.34,-39.32,59.52,-35.84,116.06,-8.32,0.030000000000001137,116.1,-38.36,-43.16
2025-07-29T20:33:56.518680,50.0,21.0,42.0,55.0,22.0,-21.0,15.0,28.0,-51.0,86.0,2.0,-73.0,55.59,62.3,-16.340000000000003,81.68,19.52,-7.84,5.0600000000000005,28.68,-26.97,105.1,-23.36,-48.16
2025-07-29T20:33:56.523117,44.0,29.0,-19.0,-30.0,-25.0,-136.0,55.0,8.0,-38.0,82.0,-7.0,-10.0,49.59,70.3,-77.34,-3.3200000000000003,-27.48,-122.84,45.06,8.68,-13.969999999999999,101.1,-32.36,14.84
2025-07-29T20:33:56.531147,50.0,-40.0,77.0,-14.0,47.0,-86.0,-38.0,38.0,-13.0,11.0,-20.0,-12.0,55.59,1.2999999999999972,18.659999999999997,12.68,44.52,-72.84,-47.94,38.68,11.030000000000001,30.1,-45.36,12.84
2025-07-29T20:33:56.535266,-60.0,-78.0,84.0,55.0,-33.0,-63.0,11.0,11.0,-15.0,57.0,-14.0,-48.0,-54.41,-36.7,25.659999999999997,81.68,-35.48,-49.84,1.0600000000000005,11.68,9.030000000000001,76.1,-39.36,-23.16
2025-07-29T20:33:56.543310,-49.0,33.0,47.0,-30.0,-32.0,-2.0,34.0,66.0,-40.0,86.0,-27.0,-63.0,-43.41,74.3,-11.340000000000003,-3.3200000000000003,-34.48,11.16,24.060000000000002,66.68,-15.969999999999999,105.1,-52.36,-38.16
2025-07-29T20:33:56.547669,-96.0,58.0,59.0,-37.0,-14.0,3.0,-5.0,-21.0,-91.0,57.0,8.0,-52.0,-90.41,99.3,0.6599999999999966,-10.32,-16.48,16.16,-14.94,-20.32,-66.97,76.1,-17.36,-27.16
2025-07-29T20:33:56.555695,-48.0,50.0,62.0,3.0,-3.0,-13.0,-35.0,42.0,-71.0,40.0,67.0,-70.0,-42.41,91.3,3.6599999999999966,29.68,-5.48,0.16000000000000014,-44.94,42.68,-46.97,59.1,41.64,-45.16
2025-07-29T20:33:56.559790,14.0,-16.0,-9.0,-57.0,8.0,-8.0,8.0,-66.0,-11.0,17.0,67.0,-22.0,19.59,25.299999999999997,-67.34,-30.32,5.52,5.16,-1.9399999999999995,-65.32,13.030000000000001,36.1,41.64,2.84
2025-07-29T20:33:56.567972,-52.0,55.0,33.0,-29.0,31.0,-48.0,31.0,6.0,-10.0,-39.0,13.0,-61.0,-46.41,96.3,-25.340000000000003,-2.3200000000000003,28.52,-34.84,21.060000000000002,6.68,14.030000000000001,-19.9,-12.36,-36.16
2025-07-29T20:33:56.572072,31.0,12.0,45.0,-13.0,-24.0,24.0,27.0,-8.0,-74.0,-42.0,2.0,-58.0,36.59,53.3,-13.340000000000003,13.68,-26.48,37.16,17.060000000000002,-7.32,-49.97,-22.9,-23.36,-33.16
2025-07-29T20:33:56.580187,-22.0,-27.0,54.0,24.0,33.0,-39.0,24.0,31.0,-106.0,-24.0,44.0,3.0,-16.41,14.299999999999997,-4.340000000000003,50.68,30.52,-25.84,14.06,31.68,-81.97,-4.899999999999999,18.64,27.84
2025-07-29T20:33:56.584454,8.0,-97.0,3.0,74.0,5.0,-31.0,-7.0,7.0,-40.0,-58.0,86.0,-51.0,13.59,-55.7,-55.34,100.68,2.52,-17.84,-16.939999999999998,7.68,-15.969999999999999,-38.9,60.64,-26.16
2025-07-29T20:33:56.588443,47.0,-76.0,-18.0,-1.0,21.0,-141.0,8.0,-23.0,-30.0,3.0,68.0,-30.0,52.59,-34.7,-76.34,25.68,18.52,-127.84,-1.9399999999999995,-22.32,-5.969999999999999,22.1,42.64,-5.16
2025-07-29T20:33:56.596548,17.0,-60.0,15.0,-18.0,14.0,8.0,-33.0,38.0,-41.0,40.0,28.0,-33.0,22.59,-18.700000000000003,-43.34,8.68,11.52,21.16,-42.94,38.68,-16.97,59.1,2.6400000000000006,-8.16
2025-07-29T20:33:56.600675,4.0,-19.0,52.0,-19.0,8.0,-43.0,9.0,-92.0,-30.0,-13.0,45.0,-46.0,9.59,22.299999999999997,-6.340000000000003,7.68,5.52,-29.84,-0.9399999999999995,-91.32,-5.969999999999999,6.100000000000001,19.64,-21.16
2025-07-29T20:33:56.609064,41.0,-27.0,30.0,-81.0,-3.0,-40.0,50.0,47.0,-31.0,-31.0,31.0,-84.0,46.59,14.299999999999997,-28.340000000000003,-54.32,-5.48,-26.84,40.06,47.68,-6.969999999999999,-11.899999999999999,5.640000000000001,-59.16
2025-07-29T20:33:56.613051,-29.0,-50.0,45.0,11.0,54.0,-47.0,-31.0,51.0,-21.0,-40.0,31.0,-127.0,-23.41,-8.700000000000003,-13.340000000000003,37.68,51.52,-33.84,-40.94,51.68,3.030000000000001,-20.9,5.640000000000001,-102.16
2025-07-29T20:33:56.621189,-2.0,-39.0,64.0,2.0,6.0,-40.0,6.0,85.0,-57.0,-6.0,67.0,-50.0,3.59,2.299999999999997,5.659999999999997,28.68,3.52,-26.84,-3.9399999999999995,85.68,-32.97,13.100000000000001,41.64,-25.16
2025-07-29T20:33:56.625274,18.0,-17.0,23.0,7.0,-21.0,20.0,36.0,-74.0,-17.0,-54.0,80.0,22.0,23.59,24.299999999999997,-35.34,33.68,-23.48,33.16,26.060000000000002,-73.32,7.030000000000001,-34.9,54.64,46.84
2025-07-29T20:33:56.633564,-80.0,13.0,-45.0,-54.0,-10.0,-79.0,38.0,-11.0,-12.0,39.0,90.0,-3.0,-74.41,54.3,-103.34,-27.32,-12.48,-65.84,28.060000000000002,-10.32,12.030000000000001,58.1,64.64,21.84
2025-07-29T20:33:56.637580,16.0,32.0,32.0,28.0,49.0,-50.0,-10.0,10.0,3.0,20.0,7.0,-5.0,21.59,73.3,-26.340000000000003,54.68,46.52,-36.84,-19.939999999999998,10.68,27.03,39.1,-18.36,19.84
2025-07-29T20:33:56.645634,15.0,-13.0,-17.0,-11.0,20.0,15.0,-11.0,42.0,-34.0,-26.0,-49.0,35.0,20.59,28.299999999999997,-75.34,15.68,17.52,28.16,-20.939999999999998,42.68,-9.969999999999999,-6.899999999999999,-74.36,59.84
2025-07-29T20:33:56.649983,30.0,13.0,24.0,-3.0,-19.0,-26.0,-54.0,39.0,-37.0,-53.0,36.0,-29.0,35.59,54.3,-34.34,23.68,-21.48,-12.84,-63.94,39.68,-12.969999999999999,-33.9,10.64,-4.16
2025-07-29T20:33:56.657993,37.0,-50.0,95.0,-5.0,30.0,-10.0,-73.0,27.0,-33.0,-39.0,-8.0,10.0,42.59,-8.700000000000003,36.66,21.68,27.52,3.16,-82.94,27.68,-8.969999999999999,-19.9,-33.36,34.84
2025-07-29T20:33:56.662586,37.0,-40.0,99.0,12.0,70.0,-118.0,66.0,15.0,-57.0,50.0,-44.0,8.0,42.59,1.2999999999999972,40.66,38.68,67.52,-104.84,56.06,15.68,-32.97,69.1,-69.36,32.84
2025-07-29T20:33:56.670458,-54.0,-28.0,74.0,-80.0,10.0,-51.0,-36.0,-4.0,-55.0,-1.0,16.0,48.0,-48.41,13.299999999999997,15.659999999999997,-53.32,7.52,-37.84,-45.94,-3.32,-30.97,18.1,-9.36,72.84
2025-07-29T20:33:56.674708,-35.0,-76.0,44.0,24.0,-102.0,-14.0,-69.0,30.0,-71.0,43.0,-11.0,-32.0,-29.41,-34.7,-14.340000000000003,50.68,-104.48,-0.8399999999999999,-78.94,30.68,-46.97,62.1,-36.36,-7.16
2025-07-29T20:33:56.682568,-21.0,61.0,81.0,9.0,74.0,-21.0,49.0,11.0,-55.0,71.0,-31.0,25.0,-15.41,102.3,22.659999999999997,35.68,71.52,-7.84,39.06,11.68,-30.97,90.1,-56.36,49.84
2025-07-29T20:33:56.686880,-75.0,-5.0,49.0,-16.0,4.0,-18.0,-50.0,20.0,-11.0,14.0,0.0,26.0,-69.41,36.3,-9.340000000000003,10.68,1.52,-4.84,-59.94,20.68,13.030000000000001,33.1,-25.36,50.84
2025-07-29T20:33:56.694938,-63.0,-16.0,61.0,-93.0,-27.0,-47.0,9.0,71.0,-52.0,37.0,8.0,56.0,-57.41,25.299999999999997,2.6599999999999966,-66.32,-29.48,-33.84,-0.9399999999999995,71.68,-27.97,56.1,-17.36,80.84
2025-07-29T20:33:56.699216,-4.0,2.0,65.0,-27.0,65.0,-23.0,47.0,3.0,-58.0,3.0,24.0,2.0,1.5899999999999999,43.3,6.659999999999997,-0.3200000000000003,62.52,-9.84,37.06,3.68,-33.97,22.1,-1.3599999999999994,26.84
2025-07-29T20:33:56.707198,6.0,15.0,45.0,48.0,35.0,-17.0,28.0,83.0,-58.0,10.0,46.0,-45.0,11.59,56.3,-13.340000000000003,74.68,32.52,-3.84,18.060000000000002,83.68,-33.97,29.1,20.64,-20.16
2025-07-29T20:33:56.711376,-52.0,-4.0,38.0,2.0,-62.0,-28.0,22.0,16.0,-28.0,21.0,-8.0,-18.0,-46.41,37.3,-20.340000000000003,28.68,-64.48,-14.84,12.06,16.68,-3.969999999999999,40.1,-33.36,6.84
2025-07-29T20:33:56.719537,2.0,7.0,-10.0,24.0,9.0,-43.0,-43.0,5.0,-128.0,37.0,-15.0,-27.0,7.59,48.3,-68.34,50.68,6.52,-29.84,-52.94,5.68,-103.97,56.1,-40.36,-2.16
2025-07-29T20:33:56.723771,-35.0,9.0,-13.0,-31.0,-13.0,21.0,69.0,10.0,-33.0,33.0,30.0,-4.0,-29.41,50.3,-71.34,-4.32,-15.48,34.16,59.06,10.68,-8.969999999999999,52.1,4.640000000000001,20.84
2025-07-29T20:33:56.731698,-17.0,2.0,-45.0,-23.0,23.0,-34.0,12.0,4.0,-82.0,0.0,99.0,-45.0,-11.41,43.3,-103.34,3.6799999999999997,20.52,-20.84,2.0600000000000005,4.68,-57.97,19.1,73.64,-20.16
2025-07-29T20:33:56.735904,16.0,25.0,21.0,-13.0,13.0,0.0,29.0,-10.0,-57.0,-68.0,69.0,-3.0,21.59,66.3,-37.34,13.68,10.52,13.16,19.060000000000002,-9.32,-32.97,-48.9,43.64,21.84
2025-07-29T20:33:56.743968,27.0,-1.0,24.0,49.0,-24.0,-20.0,24.0,25.0,-79.0,-83.0,10.0,-60.0,32.59,40.3,-34.34,75.68,-26.48,-6.84,14.06,25.68,-54.97,-63.9,-15.36,-35.16
2025-07-29T20:33:56.748369,15.0,-63.0,68.0,-52.0,42.0,-21.0,49.0,-3.0,-61.0,-56.0,43.0,-26.0,20.59,-21.700000000000003,9.659999999999997,-25.32,39.52,-7.84,39.06,-2.32,-36.97,-36.9,17.64,-1.1600000000000001
2025-07-29T20:33:56.756257,13.0,-45.0,72.0,0.0,-56.0,-66.0,-31.0,-26.0,-54.0,0.0,37.0,-42.0,18.59,-3.700000000000003,13.659999999999997,26.68,-58.48,-52.84,-40.94,-25.32,-29.97,19.1,11.64,-17.16
2025-07-29T20:33:56.760667,-26.0,-54.0,16.0,20.0,17.0,-10.0,-30.0,107.0,-48.0,13.0,4.0,-55.0,-20.41,-12.700000000000003,-42.34,46.68,14.52,3.16,-39.94,107.68,-23.97,32.1,-21.36,-30.16
2025-07-29T20:33:56.764532,9.0,36.0,90.0,-32.0,-40.0,-17.0,-26.0,3.0,-2.0,-54.0,51.0,-5.0,14.59,77.3,31.659999999999997,-5.32,-42.48,-3.84,-35.94,3.68,22.03,-34.9,25.64,19.84
2025-07-29T20:33:56.772772,-62.0,51.0,24.0,18.0,42.0,2.0,-40.0,32.0,-8.0,13.0,57.0,73.0,-56.41,92.3,-34.34,44.68,39.52,15.16,-49.94,32.68,16.03,32.1,31.64,97.84
2025-07-29T20:33:56.776796,5.0,36.0,56.0,-29.0,12.0,1.0,-71.0,17.0,-9.0,-45.0,67.0,20.0,10.59,77.3,-2.3400000000000034,-2.3200000000000003,9.52,14.16,-80.94,17.68,15.030000000000001,-25.9,41.64,44.84
2025-07-29T20:33:56.785225,-28.0,-13.0,51.0,-72.0,-3.0,-32.0,34.0,31.0,-50.0,3.0,-23.0,-26.0,-22.41,28.299999999999997,-7.340000000000003,-45.32,-5.48,-18.84,24.060000000000002,31.68,-25.97,22.1,-48.36,-1.1600000000000001
2025-07-29T20:33:56.789103,46.0,65.0,-10.0,-34.0,2.0,-57.0,-62.0,34.0,-23.0,30.0,-15.0,18.0,51.59,106.3,-68.34,-7.32,-0.48,-43.84,-71.94,34.68,1.0300000000000011,49.1,-40.36,42.84
2025-07-29T20:33:56.797457,68.0,-24.0,73.0,31.0,12.0,-40.0,26.0,50.0,-114.0,-1.0,-6.0,22.0,73.59,17.299999999999997,14.659999999999997,57.68,9.52,-26.84,16.060000000000002,50.68,-89.97,18.1,-31.36,46.84
2025-07-29T20:33:56.801402,32.0,5.0,-21.0,87.0,63.0,-39.0,55.0,-20.0,-15.0,1.0,-24.0,-54.0,37.59,46.3,-79.34,113.68,60.52,-25.84,45.06,-19.32,9.030000000000001,20.1,-49.36,-29.16
2025-07-29T20:33:56.809642,46.0,-97.0,14.0,-70.0,24.0,-25.0,4.0,15.0,-80.0,-27.0,-52.0,4.0,51.59,-55.7,-44.34,-43.32,21.52,-11.84,-5.9399999999999995,15.68,-55.97,-7.899999999999999,-77.36,28.84
2025-07-29T20:33:56.813879,-23.0,-84.0,38.0,-20.0,23.0,-45.0,-35.0,20.0,-34.0,-17.0,-40.0,-30.0,-17.41,-42.7,-20.340000000000003,6.68,20.52,-31.84,-44.94,20.68,-9.969999999999999,2.1000000000000014,-65.36,-5.16
2025-07-29T20:33:56.821875,46.0,-25.0,48.0,3.0,14.0,-69.0,43.0,-20.0,-51.0,3.0,-39.0,41.0,51.59,16.299999999999997,-10.340000000000003,29.68,11.52,-55.84,33.06,-19.32,-26.97,22.1,-64.36,65.84
2025-07-29T20:33:56.826167,40.0,-63.0,126.0,-95.0,45.0,-68.0,49.0,45.0,-82.0,-9.0,-52.0,-31.0,45.59,-21.700000000000003,67.66,-68.32,42.52,-54.84,39.06,45.68,-57.97,10.100000000000001,-77.36,-6.16
2025-07-29T20:33:56.834222,-33.0,-38.0,-1.0,-12.0,12.0,-18.0,-2.0,3.0,-43.0,-25.0,16.0,16.0,-27.41,3.299999999999997,-59.34,14.68,9.52,-4.84,-11.94,3.68,-18.97,-5.899999999999999,-9.36,40.84
2025-07-29T20:33:56.838377,36.0,-37.0,72.0,-74.0,12.0,-84.0,52.0,1.0,4.0,62.0,6.0,2.0,41.59,4.299999999999997,13.659999999999997,-47.32,9.52,-70.84,42.06,1.6800000000000002,28.03,81.1,-19.36,26.84
2025-07-29T20:33:56.846374,-32.0,-68.0,104.0,9.0,9.0,-109.0,31.0,33.0,-107.0,75.0,-46.0,-11.0,-26.41,-26.700000000000003,45.66,35.68,6.52,-95.84,21.060000000000002,33.68,-82.97,94.1,-71.36,13.84
2025-07-29T20:33:56.850719,-2.0,29.0,61.0,31.0,23.0,-40.0,7.0,71.0,-5.0,48.0,-3.0,-15.0,3.59,70.3,2.6599999999999966,57.68,20.52,-26.84,-2.9399999999999995,71.68,19.03,67.1,-28.36,9.84
2025-07-29T20:33:56.858673,-84.0,40.0,89.0,-62.0,46.0,12.0,-30.0,11.0,-5.0,3.0,66.0,-43.0,-78.41,81.3,30.659999999999997,-35.32,43.52,25.16,-39.94,11.68,19.03,22.1,40.64,-18.16
2025-07-29T20:33:56.862832,-1.0,-8.0,68.0,-69.0,12.0,-2.0,-17.0,-67.0,50.0,47.0,64.0,-6.0,4.59,33.3,9.659999999999997,-42.32,9.52,11.16,-26.939999999999998,-66.32,74.03,66.1,38.64,18.84
2025-07-29T20:33:56.870937,-46.0,-1.0,81.0,4.0,-3.0,-55.0,38.0,-23.0,10.0,-54.0,-6.0,-43.0,-40.41,40.3,22.659999999999997,30.68,-5.48,-41.84,28.060000000000002,-22.32,34.03,-34.9,-31.36,-18.16
2025-07-29T20:33:56.875326,-51.0,-26.0,118.0,24.0,-26.0,12.0,46.0,-3.0,-38.0,-59.0,36.0,-25.0,-45.41,15.299999999999997,59.66,50.68,-28.48,25.16,36.06,-2.32,-13.969999999999999,-39.9,10.64,-0.16000000000000014
2025-07-29T20:33:56.883285,-66.0,37.0,51.0,3.0,44.0,-41.0,76.0,68.0,-84.0,-51.0,88.0,-94.0,-60.41,78.3,-7.340000000000003,29.68,41.52,-27.84,66.06,68.68,-59.97,-31.9,62.64,-69.16
2025-07-29T20:33:56.887636,-18.0,9.0,31.0,-10.0,-14.0,-39.0,-8.0,-6.0,-32.0,-11.0,31.0,-64.0,-12.41,50.3,-27.340000000000003,16.68,-16.48,-25.84,-17.939999999999998,-5.32,-7.969999999999999,8.100000000000001,5.640000000000001,-39.16
2025-07-29T20:33:56.891814,69.0,-3.0,65.0,-90.0,17.0,-49.0,-8.0,17.0,-93.0,-5.0,82.0,-31.0,74.59,38.3,6.659999999999997,-63.32,14.52,-35.84,-17.939999999999998,17.68,-68.97,14.100000000000001,56.64,-6.16
2025-07-29T20:33:56.899825,-12.0,-23.0,-37.0,-46.0,55.0,-13.0,-47.0,30.0,14.0,-55.0,86.0,-91.0,-6.41,18.299999999999997,-95.34,-19.32,52.52,0.16000000000000014,-56.94,30.68,38.03,-35.9,60.64,-66.16
2025-07-29T20:33:56.907961,-12.0,-28.0,-10.0,-22.0,-20.0,-70.0,94.0,37.0,-18.0,-53.0,25.0,-31.0,-6.41,13.299999999999997,-68.34,4.68,-22.48,-56.84,84.06,37.68,6.030000000000001,-33.9,-0.35999999999999943,-6.16
2025-07-29T20:33:56.912134,56.0,-22.0,63.0,18.0,-43.0,-87.0,25.0,50.0,-40.0,-43.0,64.0,-26.0,61.59,19.299999999999997,4.659999999999997,44.68,-45.48,-73.84,15.06,50.68,-15.969999999999999,-23.9,38.64,-1.1600000000000001
2025-07-29T20:33:56.916514,-31.0,12.0,52.0,26.0,48.0,-39.0,-16.0,12.0,6.0,-50.0,73.0,-41.0,-25.41,53.3,-6.340000000000003,52.68,45.52,-25.84,-25.939999999999998,12.68,30.03,-30.9,47.64,-16.16
2025-07-29T20:33:56.924390,-8.0,-6.0,90.0,-24.0,81.0,-15.0,12.0,60.0,-59.0,1.0,39.0,-54.0,-2.41,35.3,31.659999999999997,2.6799999999999997,78.52,-1.8399999999999999,2.0600000000000005,60.68,-34.97,20.1,13.64,-29.16
2025-07-29T20:33:56.928387,-7.0,-4.0,29.0,45.0,-15.0,-43.0,-5.0,-30.0,-16.0,-78.0,37.0,-35.0,-1.4100000000000001,37.3,-29.340000000000003,71.68,-17.48,-29.84,-14.94,-29.32,8.030000000000001,-58.9,11.64,-10.16
2025-07-29T20:33:56.936518,-3.0,98.0,-8.0,28.0,36.0,-21.0,-59.0,16.0,16.0,15.0,69.0,-32.0,2.59,139.3,-66.34,54.68,33.52,-7.84,-68.94,16.68,40.03,34.1,43.64,-7.16
2025-07-29T20:33:56.940688,36.0,-42.0,34.0,-68.0,19.0,-63.0,-80.0,25.0,23.0,-31.0,2.0,-53.0,41.59,-0.7000000000000028,-24.340000000000003,-41.32,16.52,-49.84,-89.94,25.68,47.03,-11.899999999999999,-23.36,-28.16
2025-07-29T20:33:56.948955,81.0,-32.0,51.0,-15.0,-12.0,-81.0,-32.0,51.0,-8.0,-1.0,42.0,-80.0,86.59,9.299999999999997,-7.340000000000003,11.68,-14.48,-67.84,-41.94,51.68,16.03,18.1,16.64,-55.16
2025-07-29T20:33:56.953143,28.0,-59.0,-20.0,-18.0,6.0,-23.0,30.0,21.0,-13.0,-19.0,29.0,2.0,33.59,-17.700000000000003,-78.34,8.68,3.52,-9.84,20.060000000000002,21.68,11.030000000000001,0.10000000000000142,3.6400000000000006,26.84
2025-07-29T20:33:56.961229,37.0,-1.0,93.0,13.0,-37.0,-60.0,-3.0,2.0,-17.0,7.0,53.0,-85.0,42.59,40.3,34.66,39.68,-39.48,-46.84,-12.94,2.68,7.030000000000001,26.1,27.64,-60.16
2025-07-29T20:33:56.965382,33.0,30.0,105.0,-63.0,-26.0,-26.0,40.0,61.0,1.0,35.0,46.0,19.0,38.59,71.3,46.66,-36.32,-28.48,-12.84,30.060000000000002,61.68,25.03,54.1,20.64,43.84
2025-07-29T20:33:56.973439,-7.0,-149.0,79.0,17.0,-38.0,6.0,-16.0,3.0,15.0,-39.0,55.0,-43.0,-1.4100000000000001,-107.7,20.659999999999997,43.68,-40.48,19.16,-25.939999999999998,3.68,39.03,-19.9,29.64,-18.16
2025-07-29T20:33:56.977734,-26.0,-105.0,81.0,-9.0,30.0,9.0,-18.0,51.0,-33.0,-42.0,34.0,45.0,-20.41,-63.7,22.659999999999997,17.68,27.52,22.16,-27.939999999999998,51.68,-8.969999999999999,-22.9,8.64,69.84
2025-07-29T20:33:56.985764,4.0,25.0,105.0,-12.0,-24.0,0.0,20.0,4.0,-39.0,-27.0,15.0,50.0,9.59,66.3,46.66,14.68,-26.48,13.16,10.06,4.68,-14.969999999999999,-7.899999999999999,-10.36,74.84
2025-07-29T20:33:56.989938,-61.0,25.0,67.0,16.0,15.0,-9.0,-68.0,-21.0,10.0,-34.0,-24.0,-85.0,-55.41,66.3,8.659999999999997,42.68,12.52,4.16,-77.94,-20.32,34.03,-14.899999999999999,-49.36,-60.16
2025-07-29T20:33:56.998052,-58.0,-5.0,19.0,-24.0,3.0,-68.0,-53.0,-9.0,-42.0,-55.0,-3.0,13.0,-52.41,36.3,-39.34,2.6799999999999997,0.52,-54.84,-62.94,-8.32,-17.97,-35.9,-28.36,37.84
2025-07-29T20:33:57.002155,-19.0,14.0,-11.0,-7.0,22.0,-41.0,-3.0,-4.0,-12.0,9.0,-37.0,-46.0,-13.41,55.3,-69.34,19.68,19.52,-27.84,-12.94,-3.32,12.030000000000001,28.1,-62.36,-21.16
2025-07-29T20:33:57.010342,-34.0,5.0,31.0,22.0,75.0,-45.0,-37.0,-11.0,-71.0,36.0,-37.0,20.0,-28.41,46.3,-27.340000000000003,48.68,72.52,-31.84,-46.94,-10.32,-46.97,55.1,-62.36,44.84
2025-07-29T20:33:57.014588,-44.0,-16.0,4.0,-41.0,-17.0,-13.0,-68.0,30.0,-38.0,71.0,-39.0,-1.0,-38.41,25.299999999999997,-54.34,-14.32,-19.48,0.16000000000000014,-77.94,30.68,-13.969999999999999,90.1,-64.36,23.84
2025-07-29T20:33:57.022561,54.0,13.0,-32.0,8.0,-19.0,-86.0,-91.0,-35.0,-102.0,23.0,-27.0,14.0,59.59,54.3,-90.34,34.68,-21.48,-72.84,-100.94,-34.32,-77.97,42.1,-52.36,38.84
2025-07-29T20:33:57.026598,-21.0,-76.0,85.0,-113.0,41.0,-10.0,-49.0,37.0,-46.0,-19.0,-68.0,4.0,-15.41,-34.7,26.659999999999997,-86.32,38.52,3.16,-58.94,37.68,-21.97,0.10000000000000142,-93.36,28.84
2025-07-29T20:33:57.034743,-55.0,-66.0,92.0,-38.0,11.0,-80.0,-38.0,-8.0,-37.0,35.0,11.0,3.0,-49.41,-24.700000000000003,33.66,-11.32,8.52,-66.84,-47.94,-7.32,-12.969999999999999,54.1,-14.36,27.84
2025-07-29T20:33:57.039081,49.0,-30.0,87.0,-54.0,-17.0,-68.0,-66.0,25.0,-56.0,31.0,24.0,47.0,54.59,11.299999999999997,28.659999999999997,-27.32,-19.48,-54.84,-75.94,25.68,-31.97,50.1,-1.3599999999999994,71.84
2025-07-29T20:33:57.043196,-36.0,12.0,102.0,0.0,51.0,-51.0,-6.0,30.0,-6.0,49.0,-16.0,57.0,-30.41,53.3,43.66,26.68,48.52,-37.84,-15.94,30.68,18.03,68.1,-41.36,81.84
2025-07-29T20:33:57.051210,-54.0,10.0,19.0,83.0,15.0,-54.0,48.0,-42.0,-18.0,29.0,-23.0,29.0,-48.41,51.3,-39.34,109.68,12.52,-40.84,38.06,-41.32,6.030000000000001,48.1,-48.36,53.84
2025-07-29T20:33:57.059443,-24.0,-4.0,-1.0,-25.0,-68.0,-22.0,-7.0,47.0,-8.0,53.0,-34.0,48.0,-18.41,37.3,-59.34,1.6799999999999997,-70.48,-8.84,-16.939999999999998,47.68,16.03,72.1,-59.36,72.84
2025-07-29T20:33:57.063553,-63.0,-21.0,38.0,0.0,-10.0,-34.0,-21.0,4.0,-2.0,108.0,-35.0,-53.0,-57.41,20.299999999999997,-20.340000000000003,26.68,-12.48,-20.84,-30.939999999999998,4.68,22.03,127.1,-60.36,-28.16
2025-07-29T20:33:57.071619,51.0,118.0,-35.0,-53.0,-16.0,-13.0,-27.0,-26.0,24.0,57.0,-71.0,-2.0,56.59,159.3,-93.34,-26.32,-18.48,0.16000000000000014,-36.94,-25.32,48.03,76.1,-96.36,22.84
2025-07-29T20:33:57.075806,10.0,-68.0,21.0,-29.0,99.0,-35.0,-23.0,10.0,-46.0,49.0,-6.0,-42.0,15.59,-26.700000000000003,-37.34,-2.3200000000000003,96.52,-21.84,-32.94,10.68,-21.97,68.1,-31.36,-17.16
2025-07-29T20:33:57.080018,-5.0,-21.0,35.0,0.0,64.0,-98.0,-11.0,68.0,-24.0,36.0,-36.0,-10.0,0.5899999999999999,20.299999999999997,-23.340000000000003,26.68,61.52,-84.84,-20.939999999999998,68.68,0.030000000000001137,55.1,-61.36,14.84
2025-07-29T20:33:57.088114,5.0,-86.0,62.0,60.0,4.0,-34.0,-35.0,27.0,6.0,39.0,18.0,3.0,10.59,-44.7,3.6599999999999966,86.68,1.52,-20.84,-44.94,27.68,30.03,58.1,-7.359999999999999,27.84
2025-07-29T20:33:57.092173,7.0,-71.0,1.0,-30.0,-12.0,-86.0,-31.0,7.0,-48.0,-10.0,45.0,-45.0,12.59,-29.700000000000003,-57.34,-3.3200000000000003,-14.48,-72.84,-40.94,7.68,-23.97,9.100000000000001,19.64,-20.16
2025-07-29T20:33:57.100491,-6.0,-7.0,21.0,-22.0,15.0,-58.0,27.0,6.0,-99.0,36.0,20.0,-39.0,-0.41000000000000014,34.3,-37.34,4.68,12.52,-44.84,17.060000000000002,6.68,-74.97,55.1,-5.359999999999999,-14.16
2025-07-29T20:33:57.104770,26.0,-89.0,75.0,-34.0,44.0,-63.0,54.0,43.0,-36.0,-78.0,42.0,-8.0,31.59,-47.7,16.659999999999997,-7.32,41.52,-49.84,44.06,43.68,-11.969999999999999,-58.9,16.64,16.84
2025-07-29T20:33:57.112718,-40.0,-11.0,100.0,8.0,-19.0,-39.0,24.0,25.0,-95.0,-44.0,7.0,-37.0,-34.41,30.299999999999997,41.66,34.68,-21.48,-25.84,14.06,25.68,-70.97,-24.9,-18.36,-12.16
2025-07-29T20:33:57.116868,-68.0,8.0,105.0,-13.0,-74.0,-42.0,-5.0,55.0,-111.0,-29.0,-6.0,-3.0,-62.41,49.3,46.66,13.68,-76.48,-28.84,-14.94,55.68,-86.97,-9.899999999999999,-31.36,21.84
2025-07-29T20:33:57.125015,-45.0,53.0,50.0,-51.0,46.0,-6.0,-83.0,-1.0,-83.0,-7.0,18.0,-25.0,-39.41,94.3,-8.340000000000003,-24.32,43.52,7.16,-92.94,-0.31999999999999995,-58.97,12.100000000000001,-7.359999999999999,-0.16000000000000014
2025-07-29T20:33:57.129278,-96.0,14.0,64.0,-136.0,-38.0,-62.0,-6.0,-15.0,-15.0,-70.0,56.0,-92.0,-90.41,55.3,5.659999999999997,-109.32,-40.48,-48.84,-15.94,-14.32,9.030000000000001,-50.9,30.64,-67.16
2025-07-29T20:33:57.137138,2.0,5.0,-8.0,20.0,22.0,-47.0,-15.0,58.0,-52.0,-23.0,4.0,-13.0,7.59,46.3,-66.34,46.68,19.52,-33.84,-24.939999999999998,58.68,-27.97,-3.8999999999999986,-21.36,11.84
2025-07-29T20:33:57.141577,9.0,-13.0,-29.0,35.0,74.0,-41.0,-39.0,57.0,-84.0,11.0,53.0,-94.0,14.59,28.299999999999997,-87.34,61.68,71.52,-27.84,-48.94,57.68,-59.97,30.1,27.64,-69.16
2025-07-29T20:33:57.149545,59.0,10.0,-6.0,-28.0,6.0,-1.0,12.0,6.0,-90.0,-10.0,93.0,-102.0,64.59,51.3,-64.34,-1.3200000000000003,3.52,12.16,2.0600000000000005,6.68,-65.97,9.100000000000001,67.64,-77.16
2025-07-29T20:33:57.153832,36.0,24.0,30.0,-44.0,22.0,-56.0,3.0,-15.0,-20.0,-72.0,32.0,-9.0,41.59,65.3,-28.340000000000003,-17.32,19.52,-42.84,-6.9399999999999995,-14.32,4.030000000000001,-52.9,6.640000000000001,15.84
2025-07-29T20:33:57.161768,38.0,-41.0,17.0,-14.0,23.0,-45.0,4.0,22.0,-47.0,-54.0,47.0,-55.0,43.59,0.29999999999999716,-41.34,12.68,20.52,-31.84,-5.9399999999999995,22.68,-22.97,-34.9,21.64,-30.16
2025-07-29T20:33:57.166060,27.0,-56.0,78.0,-1.0,-32.0,-26.0,8.0,-30.0,-24.0,-62.0,27.0,-13.0,32.59,-14.700000000000003,19.659999999999997,25.68,-34.48,-12.84,-1.9399999999999995,-29.32,0.030000000000001137,-42.9,1.6400000000000006,11.84
2025-07-29T20:33:57.174041,145.0,-31.0,16.0,14.0,0.0,4.0,4.0,30.0,-13.0,-53.0,17.0,-128.0,150.59,10.299999999999997,-42.34,40.68,-2.48,17.16,-5.9399999999999995,30.68,11.030000000000001,-33.9,-8.36,-103.16
2025-07-29T20:33:57.178295,-9.0,-46.0,95.0,8.0,-49.0,34.0,32.0,19.0,-63.0,-62.0,17.0,-13.0,-3.41,-4.700000000000003,36.66,34.68,-51.48,47.16,22.060000000000002,19.68,-38.97,-42.9,-8.36,11.84
2025-07-29T20:33:57.186271,42.0,-54.0,62.0,-55.0,-29.0,-70.0,3.0,83.0,-69.0,-15.0,102.0,-54.0,47.59,-12.700000000000003,3.6599999999999966,-28.32,-31.48,-56.84,-6.9399999999999995,83.68,-44.97,4.100000000000001,76.64,-29.16
2025-07-29T20:33:57.190529,-52.0,-39.0,60.0,-5.0,25.0,-49.0,38.0,22.0,-91.0,-27.0,4.0,-6.0,-46.41,2.299999999999997,1.6599999999999966,21.68,22.52,-35.84,28.060000000000002,22.68,-66.97,-7.899999999999999,-21.36,18.84
2025-07-29T20:33:57.198496,-84.0,-26.0,129.0,0.0,14.0,-59.0,-7.0,9.0,-78.0,-83.0,62.0,-94.0,-78.41,15.299999999999997,70.66,26.68,11.52,-45.84,-16.939999999999998,9.68,-53.97,-63.9,36.64,-69.16
2025-07-29T20:33:57.202889,-62.0,-82.0,119.0,13.0,29.0,-79.0,4.0,8.0,-51.0,-51.0,-8.0,-105.0,-56.41,-40.7,60.66,39.68,26.52,-65.84,-5.9399999999999995,8.68,-26.97,-31.9,-33.36,-80.16
2025-07-29T20:33:57.210813,-18.0,21.0,86.0,-41.0,-54.0,-57.0,-73.0,44.0,-56.0,-60.0,34.0,-55.0,-12.41,62.3,27.659999999999997,-14.32,-56.48,-43.84,-82.94,44.68,-31.97,-40.9,8.64,-30.16
2025-07-29T20:33:57.215183,-82.0,-82.0,70.0,-39.0,-39.0,4.0,54.0,-38.0,-69.0,-53.0,14.0,-81.0,-76.41,-40.7,11.659999999999997,-12.32,-41.48,17.16,44.06,-37.32,-44.97,-33.9,-11.36,-56.16
2025-07-29T20:33:57.219184,34.0,44.0,35.0,-86.0,-36.0,-41.0,50.0,6.0,-56.0,-38.0,66.0,-107.0,39.59,85.3,-23.340000000000003,-59.32,-38.48,-27.84,40.06,6.68,-31.97,-18.9,40.64,-82.16
2025-07-29T20:33:57.227453,41.0,-66.0,37.0,-8.0,72.0,19.0,-75.0,13.0,-57.0,41.0,36.0,-52.0,46.59,-24.700000000000003,-21.340000000000003,18.68,69.52,32.16,-84.94,13.68,-32.97,60.1,10.64,-27.16
2025-07-29T20:33:57.231410,43.0,30.0,57.0,-41.0,-16.0,-96.0,21.0,5.0,28.0,-4.0,35.0,-56.0,48.59,71.3,-1.3400000000000034,-14.32,-18.48,-82.84,11.06,5.68,52.03,15.100000000000001,9.64,-31.16
2025-07-29T20:33:57.239755,39.0,-34.0,48.0,-15.0,-3.0,-10.0,-19.0,50.0,-28.0,2.0,8.0,-50.0,44.59,7.299999999999997,-10.340000000000003,11.68,-5.48,3.16,-28.939999999999998,50.68,-3.969999999999999,21.1,-17.36,-25.16
2025-07-29T20:33:57.243807,40.0,-88.0,75.0,-32.0,-14.0,-105.0,2.0,-21.0,-53.0,-33.0,48.0,-65.0,45.59,-46.7,16.659999999999997,-5.32,-16.48,-91.84,-7.9399999999999995,-20.32,-28.97,-13.899999999999999,22.64,-40.16
2025-07-29T20:33:57.252011,-37.0,-1.0,47.0,37.0,-56.0,-48.0,1.0,80.0,-26.0,-19.0,16.0,-33.0,-31.41,40.3,-11.340000000000003,63.68,-58.48,-34.84,-8.94,80.68,-1.9699999999999989,0.10000000000000142,-9.36,-8.16
2025-07-29T20:33:57.259991,-30.0,50.0,90.0,-25.0,-36.0,-39.0,-15.0,-17.0,-50.0,-48.0,-36.0,-113.0,-24.41,91.3,31.659999999999997,1.6799999999999997,-38.48,-25.84,-24.939999999999998,-16.32,-25.97,-28.9,-61.36,-88.16
2025-07-29T20:33:57.264345,-74.0,15.0,-40.0,4.0,86.0,-42.0,65.0,-69.0,-75.0,-16.0,36.0,-81.0,-68.41,56.3,-98.34,30.68,83.52,-28.84,55.06,-68.32,-50.97,3.1000000000000014,10.64,-56.16
2025-07-29T20:33:57.268256,58.0,-44.0,3.0,-58.0,17.0,26.0,-8.0,-5.0,-22.0,-3.0,24.0,-29.0,63.59,-2.700000000000003,-55.34,-31.32,14.52,39.16,-17.939999999999998,-4.32,2.030000000000001,16.1,-1.3599999999999994,-4.16
2025-07-29T20:33:57.276546,47.0,21.0,3.0,-44.0,-36.0,-58.0,-31.0,-6.0,-18.0,-39.0,81.0,-66.0,52.59,62.3,-55.34,-17.32,-38.48,-44.84,-40.94,-5.32,6.030000000000001,-19.9,55.64,-41.16
2025-07-29T20:33:57.280882,-82.0,26.0,36.0,51.0,21.0,-43.0,-29.0,34.0,-25.0,-28.0,-23.0,-38.0,-76.41,67.3,-22.340000000000003,77.68,18.52,-29.84,-38.94,34.68,-0.9699999999999989,-8.899999999999999,-48.36,-13.16
2025-07-29T20:33:57.288788,3.0,-104.0,20.0,100.0,-15.0,19.0,83.0,32.0,3.0,-31.0,38.0,2.0,8.59,-62.7,-38.34,126.68,-17.48,32.16,73.06,32.68,27.03,-11.899999999999999,12.64,26.84
2025-07-29T20:33:57.292860,35.0,-131.0,33.0,-51.0,20.0,-60.0,33.0,13.0,4.0,-4.0,32.0,-51.0,40.59,-89.7,-25.340000000000003,-24.32,17.52,-46.84,23.060000000000002,13.68,28.03,15.100000000000001,6.640000000000001,-26.16
2025-07-29T20:33:57.301100,-26.0,-33.0,30.0,-71.0,-67.0,-9.0,23.0,16.0,10.0,-31.0,72.0,-56.0,-20.41,8.299999999999997,-28.340000000000003,-44.32,-69.48,4.16,13.06,16.68,34.03,-11.899999999999999,46.64,-31.16
2025-07-29T20:33:57.305494,-99.0,9.0,123.0,17.0,104.0,6.0,-70.0,26.0,-17.0,-53.0,-40.0,-26.0,-93.41,50.3,64.66,43.68,101.52,19.16,-79.94,26.68,7.030000000000001,-33.9,-65.36,-1.1600000000000001
2025-07-29T20:33:57.313389,-16.0,-39.0,-5.0,-6.0,62.0,-11.0,-31.0,15.0,-52.0,-38.0,41.0,2.0,-10.41,2.299999999999997,-63.34,20.68,59.52,2.16,-40.94,15.68,-27.97,-18.9,15.64,26.84
2025-07-29T20:33:57.317631,45.0,-24.0,20.0,-65.0,-65.0,-42.0,-14.0,36.0,-10.0,-3.0,13.0,-63.0,50.59,17.299999999999997,-38.34,-38.32,-67.48,-28.84,-23.939999999999998,36.68,14.030000000000001,16.1,-12.36,-38.16
2025-07-29T20:33:57.325659,-2.0,-73.0,33.0,7.0,-10.0,-55.0,54.0,47.0,-57.0,-40.0,14.0,45.0,3.59,-31.700000000000003,-25.340000000000003,33.68,-12.48,-41.84,44.06,47.68,-32.97,-20.9,-11.36,69.84
2025-07-29T20:33:57.329916,16.0,-29.0,68.0,-35.0,-30.0,-80.0,48.0,19.0,-37.0,-37.0,21.0,-90.0,21.59,12.299999999999997,9.659999999999997,-8.32,-32.48,-66.84,38.06,19.68,-12.969999999999999,-17.9,-4.359999999999999,-65.16
2025-07-29T20:33:57.338037,-31.0,-77.0,89.0,-23.0,20.0,-94.0,38.0,-32.0,-32.0,-41.0,4.0,-42.0,-25.41,-35.7,30.659999999999997,3.6799999999999997,17.52,-80.84,28.060000000000002,-31.32,-7.969999999999999,-21.9,-21.36,-17.16
2025-07-29T20:33:57.342248,-9.0,27.0,46.0,-43.0,-55.0,-68.0,-57.0,34.0,7.0,-46.0,16.0,-76.0,-3.41,68.3,-12.340000000000003,-16.32,-57.48,-54.84,-66.94,34.68,31.03,-26.9,-9.36,-51.16
2025-07-29T20:33:57.350228,6.0,9.0,24.0,-56.0,13.0,-37.0,-20.0,4.0,9.0,-70.0,16.0,-34.0,11.59,50.3,-34.34,-29.32,10.52,-23.84,-29.939999999999998,4.68,33.03,-50.9,-9.36,-9.16
2025-07-29T20:33:57.354371,-40.0,23.0,43.0,41.0,-59.0,-38.0,25.0,82.0,4.0,30.0,-4.0,-53.0,-34.41,64.3,-15.340000000000003,67.68,-61.48,-24.84,15.06,82.68,28.03,49.1,-29.36,-28.16
2025-07-29T20:33:57.362686,-44.0,51.0,8.0,17.0,-38.0,40.0,32.0,79.0,-44.0,-31.0,23.0,-33.0,-38.41,92.3,-50.34,43.68,-40.48,53.16,22.060000000000002,79.68,-19.97,-11.899999999999999,-2.3599999999999994,-8.16
2025-07-29T20:33:57.366842,17.0,-91.0,37.0,-1.0,-66.0,38.0,6.0,-15.0,-33.0,-71.0,-35.0,-66.0,22.59,-49.7,-21.340000000000003,25.68,-68.48,51.16,-3.9399999999999995,-14.32,-8.969999999999999,-51.9,-60.36,-41.16
2025-07-29T20:33:57.374735,-11.0,31.0,39.0,-44.0,58.0,12.0,-4.0,24.0,9.0,-70.0,24.0,-28.0,-5.41,72.3,-19.340000000000003,-17.32,55.52,25.16,-13.94,24.68,33.03,-50.9,-1.3599999999999994,-3.16
2025-07-29T20:33:57.379083,50.0,-46.0,35.0,-12.0,3.0,-20.0,22.0,139.0,-55.0,-21.0,-58.0,-16.0,55.59,-4.700000000000003,-23.340000000000003,14.68,0.52,-6.84,12.06,139.68,-30.97,-1.8999999999999986,-83.36,8.84
2025-07-29T20:33:57.387105,-16.0,-68.0,107.0,38.0,24.0,-22.0,53.0,-11.0,-80.0,5.0,64.0,9.0,-10.41,-26.700000000000003,48.66,64.68,21.52,-8.84,43.06,-10.32,-55.97,24.1,38.64,33.84
2025-07-29T20:33:57.391218,89.0,-61.0,81.0,-16.0,-6.0,-20.0,-2.0,8.0,-28.0,-54.0,5.0,13.0,94.59,-19.700000000000003,22.659999999999997,10.68,-8.48,-6.84,-11.94,8.68,-3.969999999999999,-34.9,-20.36,37.84
2025-07-29T20:33:57.399399,-18.0,-63.0,51.0,-32.0,10.0,-82.0,21.0,52.0,-43.0,-20.0,47.0,29.0,-12.41,-21.700000000000003,-7.340000000000003,-5.32,7.52,-68.84,11.06,52.68,-18.97,-0.8999999999999986,21.64,53.84
2025-07-29T20:33:57.403604,-67.0,-55.0,75.0,-9.0,-43.0,-37.0,0.0,-1.0,-25.0,-76.0,4.0,-53.0,-61.41,-13.700000000000003,16.659999999999997,17.68,-45.48,-23.84,-9.94,-0.31999999999999995,-0.9699999999999989,-56.9,-21.36,-28.16
2025-07-29T20:33:57.411474,-35.0,-75.0,112.0,-14.0,-18.0,3.0,8.0,46.0,-47.0,-39.0,-9.0,-7.0,-29.41,-33.7,53.66,12.68,-20.48,16.16,-1.9399999999999995,46.68,-22.97,-19.9,-34.36,17.84
2025-07-29T20:33:57.415770,-18.0,-63.0,76.0,-10.0,18.0,9.0,8.0,42.0,-30.0,-48.0,43.0,-78.0,-12.41,-21.700000000000003,17.659999999999997,16.68,15.52,22.16,-1.9399999999999995,42.68,-5.969999999999999,-28.9,17.64,-53.16
2025-07-29T20:33:57.423931,-97.0,-120.0,67.0,39.0,-50.0,10.0,14.0,42.0,-10.0,-23.0,51.0,-82.0,-91.41,-78.7,8.659999999999997,65.68,-52.48,23.16,4.0600000000000005,42.68,14.030000000000001,-3.8999999999999986,25.64,-57.16
2025-07-29T20:33:57.428066,-16.0,31.0,44.0,-115.0,-16.0,13.0,17.0,39.0,-81.0,-8.0,16.0,-76.0,-10.41,72.3,-14.340000000000003,-88.32,-18.48,26.16,7.0600000000000005,39.68,-56.97,11.100000000000001,-9.36,-51.16
2025-07-29T20:33:57.432476,-11.0,-4.0,54.0,-71.0,19.0,31.0,17.0,73.0,-71.0,-74.0,71.0,1.0,-5.41,37.3,-4.340000000000003,-44.32,16.52,44.16,7.0600000000000005,73.68,-46.97,-54.9,45.64,25.84
2025-07-29T20:33:57.440286,-59.0,54.0,65.0,-96.0,8.0,-33.0,35.0,75.0,-23.0,-76.0,26.0,-3.0,-53.41,95.3,6.659999999999997,-69.32,5.52,-19.84,25.060000000000002,75.68,1.0300000000000011,-56.9,0.6400000000000006,21.84
2025-07-29T20:33:57.444794,38.0,-11.0,66.0,6.0,49.0,26.0,33.0,-14.0,-111.0,-58.0,60.0,-18.0,43.59,30.299999999999997,7.659999999999997,32.68,46.52,39.16,23.060000000000002,-13.32,-86.97,-38.9,34.64,6.84
2025-07-29T20:33:57.452503,40.0,-17.0,1.0,17.0,28.0,-6.0,48.0,5.0,1.0,-3.0,-18.0,-24.0,45.59,24.299999999999997,-57.34,43.68,25.52,7.16,38.06,5.68,25.03,16.1,-43.36,0.8399999999999999
2025-07-29T20:33:57.456676,20.0,-1.0,50.0,-71.0,33.0,28.0,38.0,53.0,-18.0,-23.0,36.0,-13.0,25.59,40.3,-8.340000000000003,-44.32,30.52,41.16,28.060000000000002,53.68,6.030000000000001,-3.8999999999999986,10.64,11.84
2025-07-29T20:33:57.464972,46.0,-67.0,-15.0,-28.0,21.0,19.0,43.0,13.0,-5.0,-13.0,0.0,2.0,51.59,-25.700000000000003,-73.34,-1.3200000000000003,18.52,32.16,33.06,13.68,19.03,6.100000000000001,-25.36,26.84
2025-07-29T20:33:57.469045,-5.0,-53.0,-3.0,-90.0,22.0,-43.0,26.0,-8.0,-77.0,-38.0,65.0,-2.0,0.5899999999999999,-11.700000000000003,-61.34,-63.32,19.52,-29.84,16.060000000000002,-7.32,-52.97,-18.9,39.64,22.84
2025-07-29T20:33:57.477259,88.0,-53.0,-21.0,12.0,-34.0,40.0,26.0,-16.0,-41.0,6.0,20.0,33.0,93.59,-11.700000000000003,-79.34,38.68,-36.48,53.16,16.060000000000002,-15.32,-16.97,25.1,-5.359999999999999,57.84
2025-07-29T20:33:57.481647,2.0,-64.0,82.0,-14.0,-14.0,-9.0,35.0,-39.0,-22.0,-40.0,29.0,-29.0,7.59,-22.700000000000003,23.659999999999997,12.68,-16.48,4.16,25.060000000000002,-38.32,2.030000000000001,-20.9,3.6400000000000006,-4.16
2025-07-29T20:33:57.489555,16.0,14.0,68.0,-57.0,-5.0,-27.0,-8.0,7.0,-72.0,-48.0,34.0,-24.0,21.59,55.3,9.659999999999997,-30.32,-7.48,-13.84,-17.939999999999998,7.68,-47.97,-28.9,8.64,0.8399999999999999
2025-07-29T20:33:57.493929,27.0,-55.0,67.0,-46.0,0.0,-62.0,37.0,37.0,-50.0,-32.0,49.0,-10.0,32.59,-13.700000000000003,8.659999999999997,-19.32,-2.48,-48.84,27.060000000000002,37.68,-25.97,-12.899999999999999,23.64,14.84
2025-07-29T20:33:57.501758,-59.0,-32.0,73.0,-27.0,56.0,-74.0,34.0,44.0,-31.0,-47.0,11.0,-61.0,-53.41,9.299999999999997,14.659999999999997,-0.3200000000000003,53.52,-60.84,24.060000000000002,44.68,-6.969999999999999,-27.9,-14.36,-36.16
2025-07-29T20:33:57.506128,19.0,-79.0,45.0,4.0,-8.0,-129.0,-30.0,1.0,-15.0,-52.0,39.0,11.0,24.59,-37.7,-13.340000000000003,30.68,-10.48,-115.84,-39.94,1.6800000000000002,9.030000000000001,-32.9,13.64,35.84
2025-07-29T20:33:57.514047,-75.0,4.0,107.0,-43.0,-25.0,-13.0,49.0,-35.0,-6.0,12.0,36.0,-76.0,-69.41,45.3,48.66,-16.32,-27.48,0.16000000000000014,39.06,-34.32,18.03,31.1,10.64,-51.16
2025-07-29T20:33:57.518248,-37.0,-29.0,-5.0,-56.0,25.0,-8.0,52.0,-19.0,-22.0,-25.0,69.0,-67.0,-31.41,12.299999999999997,-63.34,-29.32,22.52,5.16,42.06,-18.32,2.030000000000001,-5.899999999999999,43.64,-42.16
2025-07-29T20:33:57.526413,37.0,-51.0,34.0,-56.0,56.0,-22.0,6.0,-35.0,-55.0,-21.0,18.0,-31.0,42.59,-9.700000000000003,-24.340000000000003,-29.32,53.52,-8.84,-3.9399999999999995,-34.32,-30.97,-1.8999999999999986,-7.359999999999999,-6.16
2025-07-29T20:33:57.530615,37.0,-28.0,47.0,-59.0,-3.0,-3.0,-52.0,-20.0,-56.0,-40.0,51.0,-10.0,42.59,13.299999999999997,-11.340000000000003,-32.32,-5.48,10.16,-61.94,-19.32,-31.97,-20.9,25.64,14.84
2025-07-29T20:33:57.538671,43.0,-23.0,41.0,0.0,6.0,-73.0,53.0,38.0,-27.0,-30.0,-2.0,-59.0,48.59,18.299999999999997,-17.340000000000003,26.68,3.52,-59.84,43.06,38.68,-2.969999999999999,-10.899999999999999,-27.36,-34.16
2025-07-29T20:33:57.542951,-5.0,-18.0,-40.0,1.0,18.0,-54.0,31.0,-32.0,-82.0,-52.0,19.0,-31.0,0.5899999999999999,23.299999999999997,-98.34,27.68,15.52,-40.84,21.060000000000002,-31.32,-57.97,-32.9,-6.359999999999999,-6.16
2025-07-29T20:33:57.550941,5.0,11.0,76.0,-6.0,31.0,-49.0,-22.0,-49.0,-33.0,-22.0,34.0,-34.0,10.59,52.3,17.659999999999997,20.68,28.52,-35.84,-31.939999999999998,-48.32,-8.969999999999999,-2.8999999999999986,8.64,-9.16
2025-07-29T20:33:57.555197,60.0,-90.0,44.0,-59.0,26.0,67.0,-52.0,32.0,-34.0,-5.0,14.0,-56.0,65.59,-48.7,-14.340000000000003,-32.32,23.52,80.16,-61.94,32.68,-9.969999999999999,14.100000000000001,-11.36,-31.16
2025-07-29T20:33:57.559339,21.0,-43.0,57.0,-33.0,47.0,-9.0,10.0,34.0,-73.0,6.0,15.0,7.0,26.59,-1.7000000000000028,-1.3400000000000034,-6.32,44.52,4.16,0.0600000000000005,34.68,-48.97,25.1,-10.36,31.84
2025-07-29T20:33:57.567347,51.0,-103.0,44.0,-109.0,10.0,-6.0,-4.0,-1.0,-64.0,24.0,35.0,6.0,56.59,-61.7,-14.340000000000003,-82.32,7.52,7.16,-13.94,-0.31999999999999995,-39.97,43.1,9.64,30.84
2025-07-29T20:33:57.575476,2.0,-108.0,101.0,-53.0,79.0,-7.0,-24.0,-35.0,-79.0,-80.0,5.0,-58.0,7.59,-66.7,42.66,-26.32,76.52,6.16,-33.94,-34.32,-54.97,-60.9,-20.36,-33.16
2025-07-29T20:33:57.579588,-93.0,-10.0,61.0,-51.0,34.0,-31.0,26.0,-15.0,-6.0,13.0,-33.0,10.0,-87.41,31.299999999999997,2.6599999999999966,-24.32,31.52,-17.84,16.060000000000002,-14.32,18.03,32.1,-58.36,34.84
2025-07-29T20:33:57.583686,-28.0,20.0,69.0,-52.0,17.0,-94.0,-33.0,-42.0,13.0,13.0,-6.0,-29.0,-22.41,61.3,10.659999999999997,-25.32,14.52,-80.84,-42.94,-41.32,37.03,32.1,-31.36,-4.16
2025-07-29T20:33:57.592015,-28.0,-72.0,40.0,-77.0,53.0,-49.0,25.0,-33.0,-34.0,41.0,14.0,-58.0,-22.41,-30.700000000000003,-18.340000000000003,-50.32,50.52,-35.84,15.06,-32.32,-9.969999999999999,60.1,-11.36,-33.16
2025-07-29T20:33:57.596087,42.0,0.0,14.0,5.0,-1.0,-41.0,71.0,-15.0,-6.0,-26.0,30.0,-60.0,47.59,41.3,-44.34,31.68,-3.48,-27.84,61.06,-14.32,18.03,-6.899999999999999,4.640000000000001,-35.16
2025-07-29T20:33:57.604215,3.0,-5.0,35.0,-47.0,-4.0,-39.0,-54.0,-11.0,29.0,-5.0,1.0,-42.0,8.59,36.3,-23.340000000000003,-20.32,-6.48,-25.84,-63.94,-10.32,53.03,14.100000000000001,-24.36,-17.16
2025-07-29T20:33:57.608335,49.0,-10.0,27.0,17.0,-11.0,-10.0,43.0,47.0,46.0,-72.0,67.0,-51.0,54.59,31.299999999999997,-31.340000000000003,43.68,-13.48,3.16,33.06,47.68,70.03,-52.9,41.64,-26.16
2025-07-29T20:33:57.616539,-5.0,-34.0,84.0,20.0,3.0,-38.0,18.0,-34.0,-8.0,-9.0,48.0,-19.0,0.5899999999999999,7.299999999999997,25.659999999999997,46.68,0.52,-24.84,8.06,-33.32,16.03,10.100000000000001,22.64,5.84
2025-07-29T20:33:57.620628,0.0,-68.0,30.0,-84.0,7.0,16.0,17.0,-22.0,-66.0,-43.0,9.0,115.0,5.59,-26.700000000000003,-28.340000000000003,-57.32,4.52,29.16,7.0600000000000005,-21.32,-41.97,-23.9,-16.36,139.84
2025-07-29T20:33:57.628781,18.0,-37.0,43.0,-74.0,-30.0,-41.0,-57.0,-1.0,-13.0,-84.0,52.0,-37.0,23.59,4.299999999999997,-15.340000000000003,-47.32,-32.48,-27.84,-66.94,-0.31999999999999995,11.030000000000001,-64.9,26.64,-12.16
2025-07-29T20:33:57.632980,60.0,-64.0,94.0,-43.0,-86.0,32.0,-41.0,33.0,17.0,39.0,-1.0,-1.0,65.59,-22.700000000000003,35.66,-16.32,-88.48,45.16,-50.94,33.68,41.03,58.1,-26.36,23.84
2025-07-29T20:33:57.641071,60.0,-116.0,92.0,-126.0,38.0,-35.0,-118.0,46.0,-15.0,-8.0,-15.0,7.0,65.59,-74.7,33.66,-99.32,35.52,-21.84,-127.94,46.68,9.030000000000001,11.100000000000001,-40.36,31.84
2025-07-29T20:33:57.645255,-61.0,-125.0,62.0,-13.0,-33.0,-1.0,-2.0,-4.0,-10.0,-56.0,-14.0,25.0,-55.41,-83.7,3.6599999999999966,13.68,-35.48,12.16,-11.94,-3.32,14.030000000000001,-36.9,-39.36,49.84
2025-07-29T20:33:57.653284,17.0,-63.0,40.0,19.0,18.0,-134.0,-54.0,-22.0,-61.0,-54.0,12.0,4.0,22.59,-21.700000000000003,-18.340000000000003,45.68,15.52,-120.84,-63.94,-21.32,-36.97,-34.9,-13.36,28.84
2025-07-29T20:33:57.657594,-26.0,-69.0,106.0,-68.0,12.0,23.0,18.0,53.0,-23.0,-69.0,-14.0,91.0,-20.41,-27.700000000000003,47.66,-41.32,9.52,36.16,8.06,53.68,1.0300000000000011,-49.9,-39.36,115.84
2025-07-29T20:33:57.665522,-10.0,1.0,16.0,-29.0,-27.0,-49.0,-11.0,80.0,-35.0,-48.0,55.0,64.0,-4.41,42.3,-42.34,-2.3200000000000003,-29.48,-35.84,-20.939999999999998,80.68,-10.969999999999999,-28.9,29.64,88.84
2025-07-29T20:33:57.669812,19.0,29.0,-12.0,-59.0,-34.0,-10.0,-19.0,78.0,-16.0,-9.0,-96.0,51.0,24.59,70.3,-70.34,-32.32,-36.48,3.16,-28.939999999999998,78.68,8.030000000000001,10.100000000000001,-121.36,75.84
2025-07-29T20:33:57.677878,7.0,-47.0,-41.0,-74.0,58.0,-75.0,29.0,26.0,-41.0,28.0,-51.0,25.0,12.59,-5.700000000000003,-99.34,-47.32,55.52,-61.84,19.060000000000002,26.68,-16.97,47.1,-76.36,49.84
2025-07-29T20:33:57.682088,20.0,-71.0,60.0,1.0,19.0,-68.0,31.0,-70.0,-6.0,16.0,-44.0,18.0,25.59,-29.700000000000003,1.6599999999999966,27.68,16.52,-54.84,21.060000000000002,-69.32,18.03,35.1,-69.36,42.84
2025-07-29T20:33:57.690129,9.0,-110.0,69.0,41.0,30.0,-38.0,-48.0,-4.0,-29.0,-61.0,55.0,-10.0,14.59,-68.7,10.659999999999997,67.68,27.52,-24.84,-57.94,-3.32,-4.969999999999999,-41.9,29.64,14.84
2025-07-29T20:33:57.694518,-59.0,8.0,85.0,-19.0,-32.0,-54.0,44.0,-16.0,-72.0,-3.0,-49.0,8.0,-53.41,49.3,26.659999999999997,7.68,-34.48,-40.84,34.06,-15.32,-47.97,16.1,-74.36,32.84
2025-07-29T20:33:57.702395,-18.0,-24.0,88.0,0.0,-5.0,-73.0,28.0,31.0,-22.0,-17.0,-37.0,17.0,-12.41,17.299999999999997,29.659999999999997,26.68,-7.48,-59.84,18.060000000000002,31.68,2.030000000000001,2.1000000000000014,-62.36,41.84
2025-07-29T20:33:57.706619,-18.0,-84.0,80.0,-15.0,14.0,-4.0,73.0,6.0,-2.0,34.0,-57.0,44.0,-12.41,-42.7,21.659999999999997,11.68,11.52,9.16,63.06,6.68,22.03,53.1,-82.36,68.84
2025-07-29T20:33:57.714708,-60.0,-100.0,129.0,-36.0,-6.0,3.0,31.0,-28.0,-44.0,6.0,-42.0,8.0,-54.41,-58.7,70.66,-9.32,-8.48,16.16,21.060000000000002,-27.32,-19.97,25.1,-67.36,32.84
2025-07-29T20:33:57.719037,-88.0,-67.0,74.0,-54.0,-15.0,16.0,2.0,3.0,-65.0,12.0,35.0,51.0,-82.41,-25.700000000000003,15.659999999999997,-27.32,-17.48,29.16,-7.9399999999999995,3.68,-40.97,31.1,9.64,75.84
2025-07-29T20:33:57.727059,-41.0,-36.0,94.0,-43.0,-37.0,38.0,-16.0,25.0,-19.0,35.0,-103.0,15.0,-35.41,5.299999999999997,35.66,-16.32,-39.48,51.16,-25.939999999999998,25.68,5.030000000000001,54.1,-128.36,39.84
2025-07-29T20:33:57.731384,-63.0,-18.0,69.0,-67.0,-46.0,11.0,63.0,66.0,-48.0,-15.0,-78.0,-5.0,-57.41,23.299999999999997,10.659999999999997,-40.32,-48.48,24.16,53.06,66.68,-23.97,4.100000000000001,-103.36,19.84
2025-07-29T20:33:57.739333,-33.0,27.0,-27.0,-32.0,26.0,-59.0,-27.0,-76.0,-2.0,42.0,-15.0,16.0,-27.41,68.3,-85.34,-5.32,23.52,-45.84,-36.94,-75.32,22.03,61.1,-40.36,40.84
2025-07-29T20:33:57.743654,34.0,10.0,-8.0,-21.0,-3.0,16.0,-67.0,17.0,25.0,22.0,-33.0,13.0,39.59,51.3,-66.34,5.68,-5.48,29.16,-76.94,17.68,49.03,41.1,-58.36,37.84
2025-07-29T20:33:57.751585,-14.0,-84.0,12.0,11.0,-17.0,-79.0,-25.0,-17.0,4.0,20.0,-10.0,62.0,-8.41,-42.7,-46.34,37.68,-19.48,-65.84,-34.94,-16.32,28.03,39.1,-35.36,86.84
2025-07-29T20:33:57.755766,6.0,-40.0,128.0,63.0,-13.0,-26.0,-14.0,-10.0,5.0,51.0,13.0,39.0,11.59,1.2999999999999972,69.66,89.68,-15.48,-12.84,-23.939999999999998,-9.32,29.03,70.1,-12.36,63.84
2025-07-29T20:33:57.759773,7.0,-74.0,127.0,-4.0,-20.0,12.0,20.0,10.0,39.0,32.0,-56.0,27.0,12.59,-32.7,68.66,22.68,-22.48,25.16,10.06,10.68,63.03,51.1,-81.36,51.84
2025-07-29T20:33:57.768112,-45.0,-13.0,25.0,-37.0,56.0,-4.0,0.0,-37.0,-11.0,59.0,31.0,37.0,-39.41,28.299999999999997,-33.34,-10.32,53.52,9.16,-9.94,-36.32,13.030000000000001,78.1,5.640000000000001,61.84
2025-07-29T20:33:57.772062,-30.0,31.0,48.0,-98.0,59.0,-49.0,-5.0,-2.0,5.0,32.0,-40.0,3.0,-24.41,72.3,-10.340000000000003,-71.32,56.52,-35.84,-14.94,-1.3199999999999998,29.03,51.1,-65.36,27.84
2025-07-29T20:33:57.780316,-47.0,17.0,34.0,-91.0,50.0,-43.0,19.0,67.0,1.0,5.0,-80.0,6.0,-41.41,58.3,-24.340000000000003,-64.32,47.52,-29.84,9.06,67.68,25.03,24.1,-105.36,30.84
2025-07-29T20:33:57.784521,-68.0,-14.0,46.0,-75.0,-39.0,-30.0,-54.0,29.0,-6.0,3.0,-51.0,26.0,-62.41,27.299999999999997,-12.340000000000003,-48.32,-41.48,-16.84,-63.94,29.68,18.03,22.1,-76.36,50.84
2025-07-29T20:33:57.792743,10.0,22.0,2.0,-37.0,24.0,-7.0,-1.0,3.0,-7.0,65.0,13.0,54.0,15.59,63.3,-56.34,-10.32,21.52,6.16,-10.94,3.68,17.03,84.1,-12.36,78.84
2025-07-29T20:33:57.796860,55.0,-5.0,13.0,-48.0,-10.0,-76.0,-39.0,28.0,-52.0,-18.0,-49.0,72.0,60.59,36.3,-45.34,-21.32,-12.48,-62.84,-48.94,28.68,-27.97,1.1000000000000014,-74.36,96.84
2025-07-29T20:33:57.804802,19.0,-83.0,1.0,-52.0,-5.0,19.0,11.0,17.0,-18.0,47.0,-15.0,82.0,24.59,-41.7,-57.34,-25.32,-7.48,32.16,1.0600000000000005,17.68,6.030000000000001,66.1,-40.36,106.84
2025-07-29T20:33:57.809124,58.0,-76.0,55.0,-31.0,-31.0,-65.0,9.0,2.0,-5.0,-41.0,-67.0,40.0,63.59,-34.7,-3.3400000000000034,-4.32,-33.48,-51.84,-0.9399999999999995,2.68,19.03,-21.9,-92.36,64.84
2025-07-29T20:33:57.817194,11.0,-79.0,56.0,7.0,26.0,-36.0,23.0,-69.0,1.0,3.0,-32.0,14.0,16.59,-37.7,-2.3400000000000034,33.68,23.52,-22.84,13.06,-68.32,25.03,22.1,-57.36,38.84
2025-07-29T20:33:57.821506,23.0,-59.0,23.0,-43.0,9.0,-11.0,-10.0,-24.0,37.0,-17.0,10.0,3.0,28.59,-17.700000000000003,-35.34,-16.32,6.52,2.16,-19.939999999999998,-23.32,61.03,2.1000000000000014,-15.36,27.84
2025-07-29T20:33:57.829404,3.0,-59.0,68.0,-43.0,-49.0,3.0,-17.0,55.0,65.0,47.0,-65.0,13.0,8.59,-17.700000000000003,9.659999999999997,-16.32,-51.48,16.16,-26.939999999999998,55.68,89.03,66.1,-90.36,37.84
2025-07-29T20:33:57.833713,0.0,-78.0,82.0,-30.0,40.0,0.0,-60.0,14.0,-19.0,45.0,13.0,8.0,5.59,-36.7,23.659999999999997,-3.3200000000000003,37.52,13.16,-69.94,14.68,5.030000000000001,64.1,-12.36,32.84
2025-07-29T20:33:57.841678,53.0,-70.0,83.0,-19.0,-10.0,1.0,35.0,-20.0,7.0,45.0,-57.0,15.0,58.59,-28.700000000000003,24.659999999999997,7.68,-12.48,14.16,25.060000000000002,-19.32,31.03,64.1,-82.36,39.84
2025-07-29T20:33:57.845879,14.0,-91.0,68.0,-53.0,-3.0,0.0,30.0,31.0,-52.0,18.0,-90.0,29.0,19.59,-49.7,9.659999999999997,-26.32,-5.48,13.16,20.060000000000002,31.68,-27.97,37.1,-115.36,53.84
2025-07-29T20:33:57.854049,30.0,-63.0,69.0,-10.0,21.0,4.0,-11.0,46.0,28.0,41.0,-21.0,13.0,35.59,-21.700000000000003,10.659999999999997,16.68,18.52,17.16,-20.939999999999998,46.68,52.03,60.1,-46.36,37.84
2025-07-29T20:33:57.858163,-84.0,13.0,62.0,4.0,52.0,26.0,-22.0,3.0,36.0,68.0,3.0,34.0,-78.41,54.3,3.6599999999999966,30.68,49.52,39.16,-31.939999999999998,3.68,60.03,87.1,-22.36,58.84
2025-07-29T20:33:57.862510,-65.0,-80.0,84.0,-11.0,36.0,-30.0,-83.0,29.0,-4.0,63.0,12.0,57.0,-59.41,-38.7,25.659999999999997,15.68,33.52,-16.84,-92.94,29.68,20.03,82.1,-13.36,81.84
2025-07-29T20:33:57.870570,-53.0,-61.0,36.0,-69.0,-25.0,73.0,62.0,-27.0,43.0,25.0,-28.0,56.0,-47.41,-19.700000000000003,-22.340000000000003,-42.32,-27.48,86.16,52.06,-26.32,67.03,44.1,-53.36,80.84
2025-07-29T20:33:57.874512,-80.0,21.0,91.0,24.0,-17.0,-42.0,2.0,-57.0,7.0,72.0,-18.0,8.0,-74.41,62.3,32.66,50.68,-19.48,-28.84,-7.9399999999999995,-56.32,31.03,91.1,-43.36,32.84
2025-07-29T20:33:57.882628,-65.0,8.0,81.0,-6.0,-25.0,-23.0,-2.0,-59.0,23.0,1.0,-36.0,60.0,-59.41,49.3,22.659999999999997,20.68,-27.48,-9.84,-11.94,-58.32,47.03,20.1,-61.36,84.84
2025-07-29T20:33:57.886811,-46.0,31.0,129.0,23.0,41.0,-20.0,-25.0,1.0,1.0,39.0,-29.0,54.0,-40.41,72.3,70.66,49.68,38.52,-6.84,-34.94,1.6800000000000002,25.03,58.1,-54.36,78.84
2025-07-29T20:33:57.895008,-12.0,18.0,36.0,-114.0,-54.0,-42.0,11.0,5.0,37.0,19.0,-22.0,1.0,-6.41,59.3,-22.340000000000003,-87.32,-56.48,-28.84,1.0600000000000005,5.68,61.03,38.1,-47.36,25.84
2025-07-29T20:33:57.899423,46.0,-19.0,66.0,-4.0,-29.0,11.0,-17.0,-28.0,-45.0,-2.0,-82.0,73.0,51.59,22.299999999999997,7.659999999999997,22.68,-31.48,24.16,-26.939999999999998,-27.32,-20.97,17.1,-107.36,97.84
2025-07-29T20:33:57.907155,-20.0,-45.0,105.0,-21.0,37.0,-5.0,78.0,8.0,25.0,-6.0,-70.0,73.0,-14.41,-3.700000000000003,46.66,5.68,34.52,8.16,68.06,8.68,49.03,13.100000000000001,-95.36,97.84
2025-07-29T20:33:57.911605,-18.0,9.0,7.0,-71.0,7.0,-39.0,13.0,11.0,24.0,31.0,44.0,-19.0,-12.41,50.3,-51.34,-44.32,4.52,-25.84,3.0600000000000005,11.68,48.03,50.1,18.64,5.84
2025-07-29T20:33:57.919525,6.0,-67.0,33.0,-30.0,58.0,-2.0,-22.0,-14.0,1.0,39.0,-74.0,9.0,11.59,-25.700000000000003,-25.340000000000003,-3.3200000000000003,55.52,11.16,-31.939999999999998,-13.32,25.03,58.1,-99.36,33.84
2025-07-29T20:33:57.923829,17.0,-80.0,97.0,-36.0,-10.0,-49.0,7.0,2.0,-37.0,-4.0,-41.0,7.0,22.59,-38.7,38.66,-9.32,-12.48,-35.84,-2.9399999999999995,2.68,-12.969999999999999,15.100000000000001,-66.36,31.84
2025-07-29T20:33:57.931734,28.0,-49.0,47.0,-20.0,-2.0,-25.0,-1.0,-48.0,34.0,52.0,-8.0,44.0,33.59,-7.700000000000003,-11.340000000000003,6.68,-4.48,-11.84,-10.94,-47.32,58.03,71.1,-33.36,68.84
2025-07-29T20:33:57.936082,47.0,-38.0,79.0,-53.0,24.0,-49.0,-14.0,11.0,-3.0,-24.0,18.0,57.0,52.59,3.299999999999997,20.659999999999997,-26.32,21.52,-35.84,-23.939999999999998,11.68,21.03,-4.899999999999999,-7.359999999999999,81.84
2025-07-29T20:33:57.944123,-61.0,-54.0,108.0,66.0,-77.0,-6.0,0.0,-33.0,26.0,14.0,-27.0,-4.0,-55.41,-12.700000000000003,49.66,92.68,-79.48,7.16,-9.94,-32.32,50.03,33.1,-52.36,20.84
2025-07-29T20:33:57.948363,-54.0,-48.0,74.0,-75.0,17.0,-3.0,50.0,29.0,-9.0,13.0,-63.0,10.0,-48.41,-6.700000000000003,15.659999999999997,-48.32,14.52,10.16,40.06,29.68,15.030000000000001,32.1,-88.36,34.84
2025-07-29T20:33:57.956243,-67.0,-55.0,47.0,-73.0,9.0,18.0,11.0,-16.0,-41.0,17.0,-58.0,35.0,-61.41,-13.700000000000003,-11.340000000000003,-46.32,6.52,31.16,1.0600000000000005,-15.32,-16.97,36.1,-83.36,59.84
2025-07-29T20:33:57.960585,-48.0,-14.0,70.0,-34.0,40.0,33.0,0.0,44.0,-33.0,35.0,-56.0,30.0,-42.41,27.299999999999997,11.659999999999997,-7.32,37.52,46.16,-9.94,44.68,-8.969999999999999,54.1,-81.36,54.84
2025-07-29T20:33:57.968730,-93.0,-29.0,-2.0,-48.0,21.0,-11.0,-4.0,39.0,-37.0,7.0,-42.0,50.0,-87.41,12.299999999999997,-60.34,-21.32,18.52,2.16,-13.94,39.68,-12.969999999999999,26.1,-67.36,74.84
2025-07-29T20:33:57.972993,26.0,-27.0,94.0,-41.0,-51.0,-54.0,37.0,34.0,-11.0,-34.0,-23.0,25.0,31.59,14.299999999999997,35.66,-14.32,-53.48,-40.84,27.060000000000002,34.68,13.030000000000001,-14.899999999999999,-48.36,49.84
2025-07-29T20:33:57.981141,33.0,-118.0,29.0,-43.0,-25.0,-7.0,7.0,21.0,8.0,37.0,-84.0,15.0,38.59,-76.7,-29.340000000000003,-16.32,-27.48,6.16,-2.9399999999999995,21.68,32.03,56.1,-109.36,39.84
2025-07-29T20:33:57.985251,-24.0,-90.0,80.0,-44.0,2.0,26.0,-66.0,74.0,11.0,-18.0,2.0,31.0,-18.41,-48.7,21.659999999999997,-17.32,-0.48,39.16,-75.94,74.68,35.03,1.1000000000000014,-23.36,55.84
2025-07-29T20:33:57.993298,-21.0,-71.0,68.0,47.0,-17.0,14.0,-15.0,-11.0,-9.0,20.0,-5.0,41.0,-15.41,-29.700000000000003,9.659999999999997,73.68,-19.48,27.16,-24.939999999999998,-10.32,15.030000000000001,39.1,-30.36,65.84
2025-07-29T20:33:57.997521,-68.0,-46.0,94.0,-77.0,-44.0,25.0,-3.0,8.0,16.0,-44.0,-57.0,9.0,-62.41,-4.700000000000003,35.66,-50.32,-46.48,38.16,-12.94,8.68,40.03,-24.9,-82.36,33.84
2025-07-29T20:33:58.001513,23.0,-51.0,73.0,-27.0,46.0,59.0,46.0,56.0,-38.0,6.0,-50.0,49.0,28.59,-9.700000000000003,14.659999999999997,-0.3200000000000003,43.52,72.16,36.06,56.68,-13.969999999999999,25.1,-75.36,73.84
2025-07-29T20:33:58.009734,-17.0,-43.0,33.0,-55.0,48.0,-2.0,-4.0,-10.0,21.0,-4.0,0.0,26.0,-11.41,-1.7000000000000028,-25.340000000000003,-28.32,45.52,11.16,-13.94,-9.32,45.03,15.100000000000001,-25.36,50.84
2025-07-29T20:33:58.013702,15.0,-39.0,93.0,-8.0,-24.0,-8.0,16.0,91.0,16.0,13.0,-5.0,45.0,20.59,2.299999999999997,34.66,18.68,-26.48,5.16,6.0600000000000005,91.68,40.03,32.1,-30.36,69.84
2025-07-29T20:33:58.021992,30.0,-70.0,44.0,-112.0,30.0,-40.0,-50.0,116.0,18.0,31.0,-15.0,68.0,35.59,-28.700000000000003,-14.340000000000003,-85.32,27.52,-26.84,-59.94,116.68,42.03,50.1,-40.36,92.84
2025-07-29T20:33:58.026018,-42.0,31.0,27.0,-37.0,2.0,-55.0,1.0,41.0,-59.0,26.0,-65.0,47.0,-36.41,72.3,-31.340000000000003,-10.32,-0.48,-41.84,-8.94,41.68,-34.97,45.1,-90.36,71.84
2025-07-29T20:33:58.034306,-20.0,57.0,80.0,-43.0,15.0,-79.0,-20.0,76.0,4.0,-16.0,-35.0,57.0,-14.41,98.3,21.659999999999997,-16.32,12.52,-65.84,-29.939999999999998,76.68,28.03,3.1000000000000014,-60.36,81.84
2025-07-29T20:33:58.038573,-78.0,-29.0,11.0,3.0,31.0,-33.0,-55.0,-45.0,14.0,17.0,-54.0,65.0,-72.41,12.299999999999997,-47.34,29.68,28.52,-19.84,-64.94,-44.32,38.03,36.1,-79.36,89.84
2025-07-29T20:33:58.046589,4.0,-9.0,-29.0,11.0,-44.0,-56.0,-18.0,71.0,-21.0,2.0,-47.0,21.0,9.59,32.3,-87.34,37.68,-46.48,-42.84,-27.939999999999998,71.68,3.030000000000001,21.1,-72.36,45.84
2025-07-29T20:33:58.050876,36.0,-76.0,-22.0,-15.0,-31.0,14.0,-48.0,26.0,-38.0,21.0,-76.0,52.0,41.59,-34.7,-80.34,11.68,-33.48,27.16,-57.94,26.68,-13.969999999999999,40.1,-101.36,76.84
2025-07-29T20:33:58.058816,47.0,-53.0,131.0,-30.0,110.0,-32.0,3.0,-7.0,-4.0,101.0,-65.0,37.0,52.59,-11.700000000000003,72.66,-3.3200000000000003,107.52,-18.84,-6.9399999999999995,-6.32,20.03,120.1,-90.36,61.84
2025-07-29T20:33:58.063053,-34.0,-153.0,51.0,-25.0,31.0,-53.0,16.0,-7.0,-11.0,27.0,-31.0,40.0,-28.41,-111.7,-7.340000000000003,1.6799999999999997,28.52,-39.84,6.0600000000000005,-6.32,13.030000000000001,46.1,-56.36,64.84
2025-07-29T20:33:58.071107,-45.0,-18.0,81.0,-29.0,36.0,-47.0,23.0,-58.0,12.0,33.0,-23.0,2.0,-39.41,23.299999999999997,22.659999999999997,-2.3200000000000003,33.52,-33.84,13.06,-57.32,36.03,52.1,-48.36,26.84
2025-07-29T20:33:58.075439,7.0,-77.0,74.0,27.0,-6.0,-58.0,-22.0,96.0,-40.0,33.0,-51.0,37.0,12.59,-35.7,15.659999999999997,53.68,-8.48,-44.84,-31.939999999999998,96.68,-15.969999999999999,52.1,-76.36,61.84
2025-07-29T20:33:58.083302,-1.0,17.0,85.0,-5.0,3.0,11.0,44.0,20.0,-29.0,33.0,-12.0,3.0,4.59,58.3,26.659999999999997,21.68,0.52,24.16,34.06,20.68,-4.969999999999999,52.1,-37.36,27.84
2025-07-29T20:33:58.087745,-54.0,5.0,97.0,-27.0,-33.0,19.0,35.0,38.0,-27.0,50.0,-51.0,-32.0,-48.41,46.3,38.66,-0.3200000000000003,-35.48,32.16,25.060000000000002,38.68,-2.969999999999999,69.1,-76.36,-7.16
2025-07-29T20:33:58.095757,56.0,-5.0,59.0,-99.0,-56.0,-26.0,11.0,-20.0,-31.0,-31.0,-20.0,-29.0,61.59,36.3,0.6599999999999966,-72.32,-58.48,-12.84,1.0600000000000005,-19.32,-6.969999999999999,-11.899999999999999,-45.36,-4.16
2025-07-29T20:33:58.099731,-58.0,15.0,57.0,-27.0,-16.0,0.0,46.0,13.0,-36.0,24.0,-73.0,-5.0,-52.41,56.3,-1.3400000000000034,-0.3200000000000003,-18.48,13.16,36.06,13.68,-11.969999999999999,43.1,-98.36,19.84
2025-07-29T20:33:58.107779,-10.0,15.0,16.0,-15.0,10.0,1.0,-9.0,-18.0,41.0,16.0,-59.0,-25.0,-4.41,56.3,-42.34,11.68,7.52,14.16,-18.939999999999998,-17.32,65.03,35.1,-84.36,-0.16000000000000014
2025-07-29T20:33:58.112272,64.0,-94.0,132.0,-27.0,-10.0,-18.0,10.0,-9.0,5.0,56.0,-76.0,2.0,69.59,-52.7,73.66,-0.3200000000000003,-12.48,-4.84,0.0600000000000005,-8.32,29.03,75.1,-101.36,26.84
2025-07-29T20:33:58.120107,24.0,-99.0,79.0,-50.0,16.0,-30.0,18.0,-31.0,5.0,-18.0,42.0,-90.0,29.59,-57.7,20.659999999999997,-23.32,13.52,-16.84,8.06,-30.32,29.03,1.1000000000000014,16.64,-65.16
2025-07-29T20:33:58.124543,-43.0,-62.0,94.0,13.0,2.0,17.0,24.0,30.0,10.0,40.0,7.0,27.0,-37.41,-20.700000000000003,35.66,39.68,-0.48,30.16,14.06,30.68,34.03,59.1,-18.36,51.84
2025-07-29T20:33:58.132431,-21.0,-40.0,77.0,26.0,-112.0,13.0,25.0,-42.0,3.0,-58.0,29.0,-17.0,-15.41,1.2999999999999972,18.659999999999997,52.68,-114.48,26.16,15.06,-41.32,27.03,-38.9,3.6400000000000006,7.84
2025-07-29T20:33:58.136732,-31.0,-67.0,101.0,-12.0,-23.0,25.0,87.0,-28.0,2.0,-27.0,-11.0,-14.0,-25.41,-25.700000000000003,42.66,14.68,-25.48,38.16,77.06,-27.32,26.03,-7.899999999999999,-36.36,10.84
2025-07-29T20:33:58.144691,7.0,-14.0,0.0,-9.0,43.0,2.0,94.0,-13.0,2.0,11.0,13.0,-40.0,12.59,27.299999999999997,-58.34,17.68,40.52,15.16,84.06,-12.32,26.03,30.1,-12.36,-15.16
2025-07-29T20:33:58.148940,-40.0,19.0,104.0,-102.0,-48.0,5.0,7.0,-3.0,34.0,-24.0,20.0,-41.0,-34.41,60.3,45.66,-75.32,-50.48,18.16,-2.9399999999999995,-2.32,58.03,-4.899999999999999,-5.359999999999999,-16.16
2025-07-29T20:33:58.157027,-76.0,46.0,52.0,-101.0,35.0,-53.0,66.0,-28.0,-18.0,-25.0,19.0,-22.0,-70.41,87.3,-6.340000000000003,-74.32,32.52,-39.84,56.06,-27.32,6.030000000000001,-5.899999999999999,-6.359999999999999,2.84
2025-07-29T20:33:58.161333,11.0,-67.0,3.0,-11.0,55.0,-87.0,-47.0,49.0,-15.0,6.0,12.0,-66.0,16.59,-25.700000000000003,-55.34,15.68,52.52,-73.84,-56.94,49.68,9.030000000000001,25.1,-13.36,-41.16
2025-07-29T20:33:58.169305,49.0,-38.0,15.0,-31.0,13.0,-54.0,-7.0,15.0,26.0,-20.0,-14.0,-66.0,54.59,3.299999999999997,-43.34,-4.32,10.52,-40.84,-16.939999999999998,15.68,50.03,-0.8999999999999986,-39.36,-41.16
2025-07-29T20:33:58.173571,15.0,-99.0,5.0,5.0,25.0,-12.0,2.0,-4.0,73.0,7.0,29.0,-33.0,20.59,-57.7,-53.34,31.68,22.52,1.1600000000000001,-7.9399999999999995,-3.32,97.03,26.1,3.6400000000000006,-8.16
2025-07-29T20:33:58.177568,-34.0,-86.0,54.0,-31.0,-2.0,5.0,4.0,-69.0,1.0,12.0,72.0,35.0,-28.41,-44.7,-4.340000000000003,-4.32,-4.48,18.16,-5.9399999999999995,-68.32,25.03,31.1,46.64,59.84
2025-07-29T20:33:58.185786,50.0,1.0,45.0,-73.0,-18.0,-25.0,65.0,-20.0,29.0,-34.0,9.0,41.0,55.59,42.3,-13.340000000000003,-46.32,-20.48,-11.84,55.06,-19.32,53.03,-14.899999999999999,-16.36,65.84
2025-07-29T20:33:58.194050,58.0,-124.0,55.0,-68.0,-11.0,-26.0,-77.0,-8.0,-26.0,-29.0,-63.0,-61.0,63.59,-82.7,-3.3400000000000034,-41.32,-13.48,-12.84,-86.94,-7.32,-1.9699999999999989,-9.899999999999999,-88.36,-36.16
2025-07-29T20:33:58.198083,2.0,-70.0,117.0,31.0,31.0,21.0,-10.0,-31.0,16.0,-26.0,-90.0,46.0,7.59,-28.700000000000003,58.66,57.68,28.52,34.16,-19.939999999999998,-30.32,40.03,-6.899999999999999,-115.36,70.84
2025-07-29T20:33:58.202162,-23.0,11.0,96.0,-109.0,-46.0,-30.0,50.0,-69.0,-63.0,-14.0,-29.0,23.0,-17.41,52.3,37.66,-82.32,-48.48,-16.84,40.06,-68.32,-38.97,5.100000000000001,-54.36,47.84
2025-07-29T20:33:58.210277,-94.0,-63.0,58.0,-13.0,10.0,-42.0,5.0,99.0,-25.0,-53.0,-53.0,25.0,-88.41,-21.700000000000003,-0.3400000000000034,13.68,7.52,-28.84,-4.9399999999999995,99.68,-0.9699999999999989,-33.9,-78.36,49.84
2025-07-29T20:33:58.214423,74.0,-9.0,-30.0,-1.0,-28.0,-1.0,-1.0,-75.0,-20.0,27.0,-21.0,19.0,79.59,32.3,-88.34,25.68,-30.48,12.16,-10.94,-74.32,4.030000000000001,46.1,-46.36,43.84
2025-07-29T20:33:58.222470,6.0,4.0,44.0,-43.0,-47.0,71.0,-5.0,33.0,-56.0,41.0,24.0,38.0,11.59,45.3,-14.340000000000003,-16.32,-49.48,84.16,-14.94,33.68,-31.97,60.1,-1.3599999999999994,62.84
2025-07-29T20:33:58.226775,102.0,-37.0,73.0,-15.0,2.0,-12.0,-47.0,67.0,-43.0,35.0,-35.0,45.0,107.59,4.299999999999997,14.659999999999997,11.68,-0.48,1.1600000000000001,-56.94,67.68,-18.97,54.1,-60.36,69.84
2025-07-29T20:33:58.234902,14.0,6.0,76.0,-45.0,18.0,-2.0,-1.0,96.0,-18.0,-4.0,-29.0,-21.0,19.59,47.3,17.659999999999997,-18.32,15.52,11.16,-10.94,96.68,6.030000000000001,15.100000000000001,-54.36,3.84
2025-07-29T20:33:58.239212,-21.0,-101.0,56.0,-80.0,12.0,-23.0,-67.0,29.0,-12.0,-15.0,-45.0,29.0,-15.41,-59.7,-2.3400000000000034,-53.32,9.52,-9.84,-76.94,29.68,12.030000000000001,4.100000000000001,-70.36,53.84
2025-07-29T20:33:58.247148,22.0,-104.0,77.0,-9.0,-12.0,15.0,21.0,-3.0,-34.0,59.0,-39.0,-12.0,27.59,-62.7,18.659999999999997,17.68,-14.48,28.16,11.06,-2.32,-9.969999999999999,78.1,-64.36,12.84
2025-07-29T20:33:58.251600,-27.0,-26.0,109.0,-106.0,-88.0,46.0,-21.0,32.0,-34.0,-6.0,-15.0,-63.0,-21.41,15.299999999999997,50.66,-79.32,-90.48,59.16,-30.939999999999998,32.68,-9.969999999999999,13.100000000000001,-40.36,-38.16
2025-07-29T20:33:58.259550,-39.0,-16.0,70.0,-41.0,24.0,14.0,35.0,61.0,-31.0,30.0,-87.0,-10.0,-33.41,25.299999999999997,11.659999999999997,-14.32,21.52,27.16,25.060000000000002,61.68,-6.969999999999999,49.1,-112.36,14.84
2025-07-29T20:33:58.263718,-17.0,-4.0,20.0,-66.0,-5.0,-5.0,-5.0,59.0,-23.0,94.0,-50.0,-34.0,-11.41,37.3,-38.34,-39.32,-7.48,8.16,-14.94,59.68,1.0300000000000011,113.1,-75.36,-9.16
2025-07-29T20:33:58.271715,-35.0,18.0,-1.0,-45.0,-78.0,34.0,-5.0,22.0,26.0,-41.0,-18.0,-63.0,-29.41,59.3,-59.34,-18.32,-80.48,47.16,-14.94,22.68,50.03,-21.9,-43.36,-38.16
2025-07-29T20:33:58.276018,-42.0,-13.0,1.0,-22.0,38.0,11.0,45.0,28.0,-13.0,16.0,-34.0,-34.0,-36.41,28.299999999999997,-57.34,4.68,35.52,24.16,35.06,28.68,11.030000000000001,35.1,-59.36,-9.16
2025-07-29T20:33:58.284062,17.0,18.0,27.0,-29.0,13.0,-15.0,17.0,70.0,-1.0,73.0,25.0,-7.0,22.59,59.3,-31.340000000000003,-2.3200000000000003,10.52,-1.8399999999999999,7.0600000000000005,70.68,23.03,92.1,-0.35999999999999943,17.84
2025-07-29T20:33:58.288216,3.0,-114.0,66.0,-97.0,-29.0,3.0,42.0,35.0,30.0,40.0,-24.0,-21.0,8.59,-72.7,7.659999999999997,-70.32,-31.48,16.16,32.06,35.68,54.03,59.1,-49.36,3.84
2025-07-29T20:33:58.296332,35.0,-88.0,64.0,-24.0,-10.0,3.0,80.0,-35.0,48.0,48.0,60.0,-102.0,40.59,-46.7,5.659999999999997,2.6799999999999997,-12.48,16.16,70.06,-34.32,72.03,67.1,34.64,-77.16
2025-07-29T20:33:58.300612,-71.0,-74.0,86.0,-16.0,-68.0,-23.0,18.0,49.0,-7.0,41.0,59.0,-29.0,-65.41,-32.7,27.659999999999997,10.68,-70.48,-9.84,8.06,49.68,17.03,60.1,33.64,-4.16
2025-07-29T20:33:58.308536,-54.0,34.0,80.0,-23.0,-30.0,-66.0,27.0,61.0,-8.0,15.0,-5.0,-31.0,-48.41,75.3,21.659999999999997,3.6799999999999997,-32.48,-52.84,17.060000000000002,61.68,16.03,34.1,-30.36,-6.16
2025-07-29T20:33:58.312830,-37.0,34.0,76.0,-88.0,8.0,-36.0,36.0,4.0,-35.0,-48.0,34.0,-33.0,-31.41,75.3,17.659999999999997,-61.32,5.52,-22.84,26.060000000000002,4.68,-10.969999999999999,-28.9,8.64,-8.16
2025-07-29T20:33:58.320939,-4.0,-54.0,87.0,-84.0,20.0,-40.0,-7.0,-6.0,35.0,11.0,27.0,-8.0,1.5899999999999999,-12.700000000000003,28.659999999999997,-57.32,17.52,-26.84,-16.939999999999998,-5.32,59.03,30.1,1.6400000000000006,16.84
2025-07-29T20:33:58.325116,-47.0,14.0,104.0,-10.0,110.0,38.0,6.0,21.0,-20.0,-1.0,-44.0,-49.0,-41.41,55.3,45.66,16.68,107.52,51.16,-3.9399999999999995,21.68,4.030000000000001,18.1,-69.36,-24.16
2025-07-29T20:33:58.333236,-91.0,-55.0,30.0,-102.0,18.0,-27.0,21.0,-17.0,53.0,-11.0,80.0,55.0,-85.41,-13.700000000000003,-28.340000000000003,-75.32,15.52,-13.84,11.06,-16.32,77.03,8.100000000000001,54.64,79.84
2025-07-29T20:33:58.337547,26.0,4.0,75.0,-47.0,21.0,-12.0,3.0,-103.0,50.0,-43.0,30.0,-35.0,31.59,45.3,16.659999999999997,-20.32,18.52,1.1600000000000001,-6.9399999999999995,-102.32,74.03,-23.9,4.640000000000001,-10.16
2025-07-29T20:33:58.345599,50.0,-34.0,28.0,-22.0,12.0,-41.0,34.0,103.0,-3.0,-53.0,43.0,-33.0,55.59,7.299999999999997,-30.340000000000003,4.68,9.52,-27.84,24.060000000000002,103.68,21.03,-33.9,17.64,-8.16
2025-07-29T20:33:58.349714,-11.0,-27.0,95.0,19.0,-1.0,-20.0,36.0,42.0,12.0,-30.0,16.0,4.0,-5.41,14.299999999999997,36.66,45.68,-3.48,-6.84,26.060000000000002,42.68,36.03,-10.899999999999999,-9.36,28.84
2025-07-29T20:33:58.357866,29.0,-114.0,89.0,20.0,27.0,3.0,-10.0,24.0,5.0,-94.0,-28.0,-59.0,34.59,-72.7,30.659999999999997,46.68,24.52,16.16,-19.939999999999998,24.68,29.03,-74.9,-53.36,-34.16
2025-07-29T20:33:58.361896,-62.0,-67.0,99.0,-82.0,33.0,8.0,25.0,25.0,3.0,-40.0,4.0,-13.0,-56.41,-25.700000000000003,40.66,-55.32,30.52,21.16,15.06,25.68,27.03,-20.9,-21.36,11.84
2025-07-29T20:33:58.369889,-57.0,-26.0,45.0,-68.0,-27.0,41.0,-56.0,27.0,6.0,-30.0,-17.0,-51.0,-51.41,15.299999999999997,-13.340000000000003,-41.32,-29.48,54.16,-65.94,27.68,30.03,-10.899999999999999,-42.36,-26.16
2025-07-29T20:33:58.374230,2.0,-39.0,63.0,-62.0,6.0,-24.0,-1.0,21.0,-67.0,-77.0,31.0,22.0,7.59,2.299999999999997,4.659999999999997,-35.32,3.52,-10.84,-10.94,21.68,-42.97,-57.9,5.640000000000001,46.84
2025-07-29T20:33:58.378240,-75.0,-39.0,58.0,-49.0,-30.0,27.0,9.0,44.0,-4.0,-82.0,55.0,-8.0,-69.41,2.299999999999997,-0.3400000000000034,-22.32,-32.48,40.16,-0.9399999999999995,44.68,20.03,-62.9,29.64,16.84
2025-07-29T20:33:58.386570,-67.0,-36.0,101.0,-43.0,1.0,-11.0,82.0,48.0,-66.0,-58.0,28.0,-52.0,-61.41,5.299999999999997,42.66,-16.32,-1.48,2.16,72.06,48.68,-41.97,-38.9,2.6400000000000006,-27.16
2025-07-29T20:33:58.390550,-21.0,32.0,66.0,-15.0,-39.0,-66.0,-21.0,1.0,19.0,1.0,-16.0,44.0,-15.41,73.3,7.659999999999997,11.68,-41.48,-52.84,-30.939999999999998,1.6800000000000002,43.03,20.1,-41.36,68.84
2025-07-29T20:33:58.398707,-9.0,-23.0,29.0,-1.0,-16.0,15.0,-52.0,15.0,9.0,-41.0,45.0,-20.0,-3.41,18.299999999999997,-29.340000000000003,25.68,-18.48,28.16,-61.94,15.68,33.03,-21.9,19.64,4.84
2025-07-29T20:33:58.402795,32.0,4.0,-4.0,23.0,-21.0,62.0,-39.0,48.0,-16.0,-36.0,76.0,-24.0,37.59,45.3,-62.34,49.68,-23.48,75.16,-48.94,48.68,8.030000000000001,-16.9,50.64,0.8399999999999999
2025-07-29T20:33:58.411133,84.0,25.0,52.0,-46.0,50.0,-39.0,-8.0,22.0,-68.0,-59.0,9.0,30.0,89.59,66.3,-6.340000000000003,-19.32,47.52,-25.84,-17.939999999999998,22.68,-43.97,-39.9,-16.36,54.84
2025-07-29T20:33:58.415123,20.0,6.0,85.0,-10.0,-49.0,44.0,-18.0,-7.0,-35.0,-61.0,-21.0,-25.0,25.59,47.3,26.659999999999997,16.68,-51.48,57.16,-27.939999999999998,-6.32,-10.969999999999999,-41.9,-46.36,-0.16000000000000014
2025-07-29T20:33:58.423464,1.0,-25.0,76.0,-69.0,27.0,-21.0,21.0,27.0,-24.0,-14.0,-6.0,-32.0,6.59,16.299999999999997,17.659999999999997,-42.32,24.52,-7.84,11.06,27.68,0.030000000000001137,5.100000000000001,-31.36,-7.16
2025-07-29T20:33:58.427611,32.0,-65.0,46.0,-19.0,55.0,-66.0,-12.0,13.0,-26.0,-35.0,43.0,-6.0,37.59,-23.700000000000003,-12.340000000000003,7.68,52.52,-52.84,-21.939999999999998,13.68,-1.9699999999999989,-15.899999999999999,17.64,18.84
2025-07-29T20:33:58.435663,42.0,-81.0,92.0,-55.0,1.0,-66.0,-62.0,-59.0,-59.0,-48.0,27.0,-20.0,47.59,-39.7,33.66,-28.32,-1.48,-52.84,-71.94,-58.32,-34.97,-28.9,1.6400000000000006,4.84
2025-07-29T20:33:58.439901,39.0,-59.0,60.0,12.0,-18.0,24.0,-39.0,62.0,-17.0,-3.0,36.0,32.0,44.59,-17.700000000000003,1.6599999999999966,38.68,-20.48,37.16,-48.94,62.68,7.030000000000001,16.1,10.64,56.84
2025-07-29T20:33:58.447927,-10.0,-31.0,39.0,-40.0,73.0,-26.0,-36.0,8.0,0.0,-58.0,14.0,-31.0,-4.41,10.299999999999997,-19.340000000000003,-13.32,70.52,-12.84,-45.94,8.68,24.03,-38.9,-11.36,-6.16
2025-07-29T20:33:58.452202,-52.0,21.0,68.0,-23.0,52.0,16.0,-23.0,-2.0,37.0,-63.0,56.0,-60.0,-46.41,62.3,9.659999999999997,3.6799999999999997,49.52,29.16,-32.94,-1.3199999999999998,61.03,-43.9,30.64,-35.16
2025-07-29T20:33:58.460118,14.0,5.0,62.0,-73.0,-3.0,-37.0,-54.0,-2.0,-33.0,49.0,18.0,-16.0,19.59,46.3,3.6599999999999966,-46.32,-5.48,-23.84,-63.94,-1.3199999999999998,-8.969999999999999,68.1,-7.359999999999999,8.84
2025-07-29T20:33:58.464558,-18.0,16.0,10.0,-55.0,13.0,-9.0,15.0,41.0,-20.0,-46.0,-11.0,-57.0,-12.41,57.3,-48.34,-28.32,10.52,4.16,5.0600000000000005,41.68,4.030000000000001,-26.9,-36.36,-32.16
2025-07-29T20:33:58.472456,53.0,-49.0,58.0,-3.0,47.0,-24.0,-57.0,-9.0,-43.0,-51.0,17.0,-29.0,58.59,-7.700000000000003,-0.3400000000000034,23.68,44.52,-10.84,-66.94,-8.32,-18.97,-31.9,-8.36,-4.16
2025-07-29T20:33:58.476859,56.0,-33.0,-5.0,-73.0,-28.0,-48.0,21.0,25.0,-31.0,-94.0,18.0,28.0,61.59,8.299999999999997,-63.34,-46.32,-30.48,-34.84,11.06,25.68,-6.969999999999999,-74.9,-7.359999999999999,52.84
2025-07-29T20:33:58.484719,-1.0,-79.0,51.0,-26.0,-41.0,71.0,10.0,-34.0,-42.0,-24.0,22.0,-85.0,4.59,-37.7,-7.340000000000003,0.6799999999999997,-43.48,84.16,0.0600000000000005,-33.32,-17.97,-4.899999999999999,-3.3599999999999994,-60.16
2025-07-29T20:33:58.489068,-36.0,-23.0,132.0,-66.0,2.0,-41.0,59.0,-32.0,-30.0,-48.0,-4.0,36.0,-30.41,18.299999999999997,73.66,-39.32,-0.48,-27.84,49.06,-31.32,-5.969999999999999,-28.9,-29.36,60.84
2025-07-29T20:33:58.496927,-3.0,-42.0,55.0,-62.0,88.0,-53.0,-1.0,3.0,-52.0,-28.0,18.0,-14.0,2.59,-0.7000000000000028,-3.3400000000000034,-35.32,85.52,-39.84,-10.94,3.68,-27.97,-8.899999999999999,-7.359999999999999,10.84
2025-07-29T20:33:58.501181,-82.0,-8.0,10.0,-98.0,29.0,-31.0,55.0,-13.0,-64.0,-29.0,40.0,13.0,-76.41,33.3,-48.34,-71.32,26.52,-17.84,45.06,-12.32,-39.97,-9.899999999999999,14.64,37.84
2025-07-29T20:33:58.509165,74.0,-53.0,57.0,2.0,1.0,-79.0,-100.0,29.0,-14.0,-32.0,-53.0,19.0,79.59,-11.700000000000003,-1.3400000000000034,28.68,-1.48,-65.84,-109.94,29.68,10.030000000000001,-12.899999999999999,-78.36,43.84
2025-07-29T20:33:58.513663,46.0,-56.0,36.0,-40.0,13.0,-50.0,-24.0,7.0,-62.0,-2.0,-13.0,-4.0,51.59,-14.700000000000003,-22.340000000000003,-13.32,10.52,-36.84,-33.94,7.68,-37.97,17.1,-38.36,20.84
2025-07-29T20:33:58.521623,11.0,-35.0,38.0,17.0,47.0,-46.0,-15.0,-10.0,-66.0,5.0,67.0,4.0,16.59,6.299999999999997,-20.340000000000003,43.68,44.52,-32.84,-24.939999999999998,-9.32,-41.97,24.1,41.64,28.84
2025-07-29T20:33:58.525806,94.0,-117.0,11.0,-103.0,-27.0,-11.0,12.0,38.0,-56.0,-27.0,48.0,-5.0,99.59,-75.7,-47.34,-76.32,-29.48,2.16,2.0600000000000005,38.68,-31.97,-7.899999999999999,22.64,19.84
2025-07-29T20:33:58.533796,-3.0,-57.0,82.0,-31.0,-31.0,-43.0,31.0,23.0,-65.0,-68.0,16.0,-62.0,2.59,-15.700000000000003,23.659999999999997,-4.32,-33.48,-29.84,21.060000000000002,23.68,-40.97,-48.9,-9.36,-37.16
2025-07-29T20:33:58.538224,-16.0,-39.0,108.0,-86.0,-24.0,-68.0,66.0,-99.0,-19.0,-35.0,50.0,-30.0,-10.41,2.299999999999997,49.66,-59.32,-26.48,-54.84,56.06,-98.32,5.030000000000001,-15.899999999999999,24.64,-5.16
2025-07-29T20:33:58.546100,-80.0,33.0,84.0,-7.0,44.0,-23.0,-33.0,47.0,36.0,-58.0,-20.0,-34.0,-74.41,74.3,25.659999999999997,19.68,41.52,-9.84,-42.94,47.68,60.03,-38.9,-45.36,-9.16
2025-07-29T20:33:58.550304,-81.0,-68.0,66.0,-23.0,59.0,-70.0,69.0,-37.0,11.0,-59.0,24.0,10.0,-75.41,-26.700000000000003,7.659999999999997,3.6799999999999997,56.52,-56.84,59.06,-36.32,35.03,-39.9,-1.3599999999999994,34.84
2025-07-29T20:33:58.558443,49.0,-87.0,62.0,47.0,-22.0,-21.0,26.0,-32.0,-31.0,-70.0,64.0,-4.0,54.59,-45.7,3.6599999999999966,73.68,-24.48,-7.84,16.060000000000002,-31.32,-6.969999999999999,-50.9,38.64,20.84
2025-07-29T20:33:58.562638,-27.0,-46.0,57.0,-36.0,-71.0,6.0,33.0,27.0,-1.0,6.0,-44.0,-13.0,-21.41,-4.700000000000003,-1.3400000000000034,-9.32,-73.48,19.16,23.060000000000002,27.68,23.03,25.1,-69.36,11.84
2025-07-29T20:33:58.566701,74.0,10.0,107.0,-41.0,9.0,13.0,19.0,2.0,9.0,-79.0,43.0,-19.0,79.59,51.3,48.66,-14.32,6.52,26.16,9.06,2.68,33.03,-59.9,17.64,5.84
2025-07-29T20:33:58.574920,-21.0,-86.0,79.0,-38.0,-32.0,3.0,-7.0,-46.0,11.0,-55.0,18.0,-45.0,-15.41,-44.7,20.659999999999997,-11.32,-34.48,16.16,-16.939999999999998,-45.32,35.03,-35.9,-7.359999999999999,-20.16
2025-07-29T20:33:58.578941,-18.0,-91.0,120.0,11.0,0.0,-14.0,-6.0,14.0,-56.0,-47.0,23.0,-16.0,-12.41,-49.7,61.66,37.68,-2.48,-0.8399999999999999,-15.94,14.68,-31.97,-27.9,-2.3599999999999994,8.84
2025-07-29T20:33:58.587265,-70.0,-135.0,76.0,-60.0,5.0,-26.0,-24.0,-6.0,-38.0,-15.0,18.0,43.0,-64.41,-93.7,17.659999999999997,-33.32,2.52,-12.84,-33.94,-5.32,-13.969999999999999,4.100000000000001,-7.359999999999999,67.84
2025-07-29T20:33:58.591242,-35.0,13.0,60.0,16.0,19.0,-26.0,25.0,-90.0,-29.0,-12.0,-27.0,-47.0,-29.41,54.3,1.6599999999999966,42.68,16.52,-12.84,15.06,-89.32,-4.969999999999999,7.100000000000001,-52.36,-22.16
2025-07-29T20:33:58.599434,-37.0,-38.0,23.0,69.0,-61.0,-5.0,30.0,-55.0,-12.0,-24.0,11.0,-4.0,-31.41,3.299999999999997,-35.34,95.68,-63.48,8.16,20.060000000000002,-54.32,12.030000000000001,-4.899999999999999,-14.36,20.84
2025-07-29T20:33:58.603467,11.0,-29.0,43.0,-44.0,-3.0,7.0,-51.0,-24.0,17.0,0.0,24.0,-31.0,16.59,12.299999999999997,-15.340000000000003,-17.32,-5.48,20.16,-60.94,-23.32,41.03,19.1,-1.3599999999999994,-6.16
2025-07-29T20:33:58.611690,53.0,-26.0,40.0,-28.0,20.0,-18.0,-56.0,7.0,-25.0,-64.0,50.0,-58.0,58.59,15.299999999999997,-18.340000000000003,-1.3200000000000003,17.52,-4.84,-65.94,7.68,-0.9699999999999989,-44.9,24.64,-33.16
2025-07-29T20:33:58.615847,38.0,-133.0,11.0,-33.0,49.0,-6.0,-11.0,-31.0,41.0,-28.0,-2.0,-31.0,43.59,-91.7,-47.34,-6.32,46.52,7.16,-20.939999999999998,-30.32,65.03,-8.899999999999999,-27.36,-6.16
2025-07-29T20:33:58.623983,0.0,5.0,79.0,-34.0,48.0,-42.0,-57.0,45.0,22.0,-77.0,-23.0,-43.0,5.59,46.3,20.659999999999997,-7.32,45.52,-28.84,-66.94,45.68,46.03,-57.9,-48.36,-18.16
2025-07-29T20:33:58.628080,67.0,-54.0,60.0,-16.0,7.0,54.0,-15.0,28.0,31.0,2.0,45.0,-18.0,72.59,-12.700000000000003,1.6599999999999966,10.68,4.52,67.16,-24.939999999999998,28.68,55.03,21.1,19.64,6.84
2025-07-29T20:33:58.636516,-19.0,-74.0,101.0,-66.0,9.0,-68.0,-27.0,25.0,-23.0,-11.0,-25.0,-35.0,-13.41,-32.7,42.66,-39.32,6.52,-54.84,-36.94,25.68,1.0300000000000011,8.100000000000001,-50.36,-10.16
2025-07-29T20:33:58.640387,-50.0,-8.0,45.0,-61.0,86.0,59.0,-34.0,-16.0,25.0,-70.0,46.0,-37.0,-44.41,33.3,-13.340000000000003,-34.32,83.52,72.16,-43.94,-15.32,49.03,-50.9,20.64,-12.16
2025-07-29T20:33:58.648740,-134.0,24.0,58.0,-114.0,-71.0,-21.0,78.0,28.0,-23.0,-60.0,-25.0,20.0,-128.41,65.3,-0.3400000000000034,-87.32,-73.48,-7.84,68.06,28.68,1.0300000000000011,-40.9,-50.36,44.84
2025-07-29T20:33:58.652667,8.0,-4.0,31.0,-38.0,66.0,-13.0,36.0,0.0,-17.0,-12.0,19.0,23.0,13.59,37.3,-27.340000000000003,-11.32,63.52,0.16000000000000014,26.060000000000002,0.68,7.030000000000001,7.100000000000001,-6.359999999999999,47.84
2025-07-29T20:33:58.660891,-3.0,1.0,34.0,-56.0,39.0,21.0,19.0,79.0,-40.0,11.0,49.0,-48.0,2.59,42.3,-24.340000000000003,-29.32,36.52,34.16,9.06,79.68,-15.969999999999999,30.1,23.64,-23.16
2025-07-29T20:33:58.665027,32.0,-91.0,137.0,-53.0,13.0,-25.0,91.0,-16.0,-45.0,13.0,-71.0,-22.0,37.59,-49.7,78.66,-26.32,10.52,-11.84,81.06,-15.32,-20.97,32.1,-96.36,2.84
2025-07-29T20:33:58.673228,-61.0,-63.0,76.0,17.0,-13.0,22.0,32.0,-9.0,-22.0,-20.0,15.0,-38.0,-55.41,-21.700000000000003,17.659999999999997,43.68,-15.48,35.16,22.060000000000002,-8.32,2.030000000000001,-0.8999999999999986,-10.36,-13.16
2025-07-29T20:33:58.677476,-28.0,-15.0,48.0,-56.0,-48.0,9.0,-18.0,-20.0,49.0,12.0,61.0,-33.0,-22.41,26.299999999999997,-10.340000000000003,-29.32,-50.48,22.16,-27.939999999999998,-19.32,73.03,31.1,35.64,-8.16
2025-07-29T20:33:58.685556,-16.0,24.0,-11.0,-44.0,36.0,42.0,-26.0,8.0,15.0,-19.0,-10.0,-68.0,-10.41,65.3,-69.34,-17.32,33.52,55.16,-35.94,8.68,39.03,0.10000000000000142,-35.36,-43.16
2025-07-29T20:33:58.689549,-15.0,17.0,20.0,-107.0,17.0,-65.0,23.0,3.0,2.0,37.0,38.0,-32.0,-9.41,58.3,-38.34,-80.32,14.52,-51.84,13.06,3.68,26.03,56.1,12.64,-7.16
2025-07-29T20:33:58.697724,15.0,-75.0,24.0,-25.0,0.0,-2.0,38.0,-42.0,-36.0,-17.0,28.0,-52.0,20.59,-33.7,-34.34,1.6799999999999997,-2.48,11.16,28.060000000000002,-41.32,-11.969999999999999,2.1000000000000014,2.6400000000000006,-27.16
2025-07-29T20:33:58.701912,-8.0,-79.0,100.0,-31.0,14.0,-57.0,-20.0,3.0,-43.0,77.0,10.0,-43.0,-2.41,-37.7,41.66,-4.32,11.52,-43.84,-29.939999999999998,3.68,-18.97,96.1,-15.36,-18.16
2025-07-29T20:33:58.710169,-107.0,-94.0,52.0,-9.0,-102.0,-5.0,-24.0,-90.0,44.0,26.0,-1.0,-58.0,-101.41,-52.7,-6.340000000000003,17.68,-104.48,8.16,-33.94,-89.32,68.03,45.1,-26.36,-33.16
2025-07-29T20:33:58.714272,-53.0,-36.0,138.0,-21.0,-33.0,9.0,-47.0,-53.0,11.0,17.0,124.0,11.0,-47.41,5.299999999999997,79.66,5.68,-35.48,22.16,-56.94,-52.32,35.03,36.1,98.64,35.84
2025-07-29T20:33:58.722378,-13.0,-3.0,-46.0,-18.0,78.0,-14.0,-29.0,47.0,21.0,-41.0,75.0,-37.0,-7.41,38.3,-104.34,8.68,75.52,-0.8399999999999999,-38.94,47.68,45.03,-21.9,49.64,-12.16
2025-07-29T20:33:58.726603,-14.0,-94.0,-49.0,-38.0,58.0,6.0,-40.0,17.0,-68.0,54.0,14.0,-23.0,-8.41,-52.7,-107.34,-11.32,55.52,19.16,-49.94,17.68,-43.97,73.1,-11.36,1.8399999999999999
2025-07-29T20:33:58.734564,119.0,-89.0,21.0,-32.0,47.0,-5.0,17.0,17.0,12.0,65.0,59.0,-30.0,124.59,-47.7,-37.34,-5.32,44.52,8.16,7.0600000000000005,17.68,36.03,84.1,33.64,-5.16
2025-07-29T20:33:58.738762,59.0,-67.0,130.0,-104.0,-1.0,-75.0,30.0,37.0,-36.0,9.0,56.0,38.0,64.59,-25.700000000000003,71.66,-77.32,-3.48,-61.84,20.060000000000002,37.68,-11.969999999999999,28.1,30.64,62.84
2025-07-29T20:33:58.746924,-30.0,-55.0,139.0,26.0,-32.0,23.0,-17.0,68.0,-85.0,20.0,23.0,6.0,-24.41,-13.700000000000003,80.66,52.68,-34.48,36.16,-26.939999999999998,68.68,-60.97,39.1,-2.3599999999999994,30.84
2025-07-29T20:33:58.751187,44.0,-118.0,90.0,-28.0,-27.0,7.0,-1.0,36.0,19.0,6.0,72.0,-42.0,49.59,-76.7,31.659999999999997,-1.3200000000000003,-29.48,20.16,-10.94,36.68,43.03,25.1,46.64,-17.16
2025-07-29T20:33:58.759282,-24.0,25.0,8.0,5.0,53.0,50.0,1.0,24.0,-21.0,-63.0,-35.0,-50.0,-18.41,66.3,-50.34,31.68,50.52,63.16,-8.94,24.68,3.030000000000001,-43.9,-60.36,-25.16
2025-07-29T20:33:58.763613,-49.0,-14.0,129.0,-16.0,29.0,-20.0,63.0,28.0,-37.0,-75.0,44.0,-61.0,-43.41,27.299999999999997,70.66,10.68,26.52,-6.84,53.06,28.68,-12.969999999999999,-55.9,18.64,-36.16
2025-07-29T20:33:58.771506,-16.0,22.0,-21.0,-71.0,-10.0,-8.0,52.0,-35.0,-7.0,-49.0,-17.0,21.0,-10.41,63.3,-79.34,-44.32,-12.48,5.16,42.06,-34.32,17.03,-29.9,-42.36,45.84
2025-07-29T20:33:58.775781,11.0,-30.0,42.0,-22.0,-8.0,10.0,65.0,17.0,-28.0,-24.0,-22.0,-31.0,16.59,11.299999999999997,-16.340000000000003,4.68,-10.48,23.16,55.06,17.68,-3.969999999999999,-4.899999999999999,-47.36,-6.16
2025-07-29T20:33:58.783713,-26.0,-75.0,46.0,10.0,-25.0,-4.0,50.0,-5.0,8.0,-22.0,24.0,-44.0,-20.41,-33.7,-12.340000000000003,36.68,-27.48,9.16,40.06,-4.32,32.03,-2.8999999999999986,-1.3599999999999994,-19.16
2025-07-29T20:33:58.788149,33.0,-58.0,29.0,-95.0,11.0,34.0,55.0,11.0,-37.0,-22.0,-11.0,-24.0,38.59,-16.700000000000003,-29.340000000000003,-68.32,8.52,47.16,45.06,11.68,-12.969999999999999,-2.8999999999999986,-36.36,0.8399999999999999
2025-07-29T20:33:58.796136,3.0,-54.0,63.0,-36.0,-12.0,49.0,64.0,-26.0,-49.0,0.0,39.0,-66.0,8.59,-12.700000000000003,4.659999999999997,-9.32,-14.48,62.16,54.06,-25.32,-24.97,19.1,13.64,-41.16
