timestamp,x1,y1,z1,x2,y2,z2,x3,y3,z3,x4,y4,z4,x1_calib,y1_calib,z1_calib,x2_calib,y2_calib,z2_calib,x3_calib,y3_calib,z3_calib,x4_calib,y4_calib,z4_calib
2025-08-13T12:19:12.009410,30.0,-4.0,36.0,56.0,52.0,10.0,27.0,-20.0,-47.0,-32.0,33.0,-16.0,15.53,-22.93,50.2,40.14,33.32,40.29,3.5199999999999996,-41.370000000000005,-38.37,-12.670000000000002,-1.3200000000000003,4.16
2025-08-13T12:19:12.011270,-57.0,24.0,-56.0,10.0,-33.0,9.0,17.0,-1.0,-30.0,-76.0,86.0,4.0,-71.47,5.07,-41.8,-5.859999999999999,-51.68,39.29,-6.48,-22.37,-21.369999999999997,-56.67,51.68,24.16
2025-08-13T12:19:12.017304,-6.0,120.0,-22.0,31.0,-46.0,7.0,-51.0,4.0,18.0,-68.0,68.0,-8.0,-20.47,101.07,-7.800000000000001,15.14,-64.68,37.29,-74.48,-17.37,26.630000000000003,-48.67,33.68,12.16
2025-08-13T12:19:12.021432,34.0,25.0,-52.0,-19.0,61.0,39.0,47.0,-17.0,-4.0,7.0,26.0,-28.0,19.53,6.07,-37.8,-34.86,42.32,69.28999999999999,23.52,-38.370000000000005,4.630000000000001,26.33,-8.32,-7.84
2025-08-13T12:19:12.029507,20.0,9.0,-82.0,43.0,17.0,-54.0,10.0,6.0,7.0,48.0,51.0,2.0,5.529999999999999,-9.93,-67.8,27.14,-1.6799999999999997,-23.71,-13.48,-15.370000000000001,15.63,67.33,16.68,22.16
2025-08-13T12:19:12.033821,-56.0,-20.0,-98.0,15.0,19.0,39.0,20.0,40.0,4.0,55.0,68.0,-10.0,-70.47,-38.93,-83.8,-0.8599999999999994,0.3200000000000003,69.28999999999999,-3.4800000000000004,18.63,12.63,74.33,33.68,10.16
2025-08-13T12:19:12.041681,-24.0,76.0,11.0,26.0,-37.0,-1.0,-14.0,18.0,21.0,65.0,79.0,-59.0,-38.47,57.07,25.2,10.14,-55.68,29.29,-37.480000000000004,-3.370000000000001,29.630000000000003,84.33,44.68,-38.84
2025-08-13T12:19:12.046178,-19.0,22.0,-5.0,-10.0,-41.0,-88.0,47.0,13.0,20.0,16.0,-39.0,14.0,-33.47,3.0700000000000003,9.2,-25.86,-59.68,-57.71,23.52,-8.370000000000001,28.630000000000003,35.33,-73.32,34.16
2025-08-13T12:19:12.054095,47.0,18.0,-27.0,15.0,18.0,-84.0,15.0,47.0,24.0,61.0,50.0,-32.0,32.53,-0.9299999999999997,-12.8,-0.8599999999999994,-0.6799999999999997,-53.71,-8.48,25.63,32.63,80.33,15.68,-11.84
2025-08-13T12:19:12.058354,93.0,82.0,-50.0,59.0,10.0,-3.0,-14.0,6.0,-66.0,22.0,21.0,-13.0,78.53,63.07,-35.8,43.14,-8.68,27.29,-37.480000000000004,-15.370000000000001,-57.37,41.33,-13.32,7.16
2025-08-13T12:19:12.066412,26.0,77.0,-50.0,8.0,-6.0,-8.0,-3.0,50.0,-92.0,-3.0,6.0,-51.0,11.53,58.07,-35.8,-7.859999999999999,-24.68,22.29,-26.48,28.63,-83.37,16.33,-28.32,-30.84
2025-08-13T12:19:12.070629,8.0,23.0,-79.0,-7.0,-51.0,-65.0,6.0,38.0,-23.0,-16.0,7.0,54.0,-6.470000000000001,4.07,-64.8,-22.86,-69.68,-34.71,-17.48,16.63,-14.37,3.3299999999999983,-27.32,74.16
2025-08-13T12:19:12.078699,-58.0,16.0,-69.0,-10.0,26.0,-15.0,-31.0,23.0,-41.0,-32.0,20.0,35.0,-72.47,-2.9299999999999997,-54.8,-25.86,7.32,15.29,-54.480000000000004,1.629999999999999,-32.37,-12.670000000000002,-14.32,55.16
2025-08-13T12:19:12.083095,36.0,2.0,-73.0,25.0,42.0,14.0,-12.0,53.0,-61.0,-47.0,30.0,-39.0,21.53,-16.93,-58.8,9.14,23.32,44.29,-35.480000000000004,31.63,-52.37,-27.67,-4.32,-18.84
2025-08-13T12:19:12.090965,6.0,-38.0,-52.0,-4.0,-18.0,-43.0,10.0,91.0,-52.0,-60.0,31.0,7.0,-8.47,-56.93,-37.8,-19.86,-36.68,-12.71,-13.48,69.63,-43.37,-40.67,-3.3200000000000003,27.16
2025-08-13T12:19:12.095749,2.0,34.0,-35.0,47.0,5.0,-9.0,9.0,-23.0,-6.0,8.0,63.0,-47.0,-12.47,15.07,-20.8,31.14,-13.68,21.29,-14.48,-44.370000000000005,2.630000000000001,27.33,28.68,-26.84
2025-08-13T12:19:12.103294,26.0,54.0,-32.0,82.0,28.0,-48.0,-24.0,64.0,57.0,-9.0,30.0,4.0,11.53,35.07,-17.8,66.14,9.32,-17.71,-47.480000000000004,42.629999999999995,65.63,10.329999999999998,-4.32,24.16
2025-08-13T12:19:12.107695,-8.0,6.0,-77.0,23.0,-12.0,4.0,85.0,-33.0,32.0,-9.0,35.0,-43.0,-22.47,-12.93,-62.8,7.140000000000001,-30.68,34.29,61.519999999999996,-54.370000000000005,40.63,10.329999999999998,0.6799999999999997,-22.84
2025-08-13T12:19:12.112198,22.0,65.0,4.0,16.0,23.0,-4.0,-9.0,31.0,33.0,13.0,-41.0,-4.0,7.529999999999999,46.07,18.2,0.14000000000000057,4.32,26.29,-32.480000000000004,9.629999999999999,41.63,32.33,-75.32,16.16
2025-08-13T12:19:12.119811,107.0,-9.0,21.0,69.0,-20.0,-42.0,10.0,53.0,6.0,-7.0,128.0,-1.0,92.53,-27.93,35.2,53.14,-38.68,-11.71,-13.48,31.63,14.63,12.329999999999998,93.68,19.16
2025-08-13T12:19:12.124871,37.0,41.0,-35.0,44.0,51.0,-4.0,-8.0,14.0,40.0,-88.0,62.0,14.0,22.53,22.07,-20.8,28.14,32.32,26.29,-31.48,-7.370000000000001,48.63,-68.67,27.68,34.16
2025-08-13T12:19:12.132384,7.0,20.0,-3.0,0.0,-28.0,-26.0,10.0,-39.0,13.0,-12.0,25.0,-42.0,-7.470000000000001,1.0700000000000003,11.2,-15.86,-46.68,4.289999999999999,-13.48,-60.370000000000005,21.630000000000003,7.329999999999998,-9.32,-21.84
2025-08-13T12:19:12.136509,24.0,7.0,-66.0,-2.0,12.0,5.0,48.0,56.0,60.0,-60.0,27.0,-57.0,9.53,-11.93,-51.8,-17.86,-6.68,35.29,24.52,34.629999999999995,68.63,-40.67,-7.32,-36.84
2025-08-13T12:19:12.144523,79.0,42.0,-45.0,-20.0,20.0,-27.0,41.0,-36.0,24.0,-52.0,7.0,-34.0,64.53,23.07,-30.8,-35.86,1.3200000000000003,3.289999999999999,17.52,-57.370000000000005,32.63,-32.67,-27.32,-13.84
2025-08-13T12:19:12.149861,26.0,5.0,-67.0,2.0,-1.0,-26.0,-44.0,21.0,36.0,16.0,63.0,-14.0,11.53,-13.93,-52.8,-13.86,-19.68,4.289999999999999,-67.48,-0.370000000000001,44.63,35.33,28.68,6.16
2025-08-13T12:19:12.156937,20.0,14.0,-59.0,20.0,49.0,19.0,17.0,-36.0,14.0,-65.0,30.0,-31.0,5.529999999999999,-4.93,-44.8,4.140000000000001,30.32,49.29,-6.48,-57.370000000000005,22.630000000000003,-45.67,-4.32,-10.84
2025-08-13T12:19:12.161905,27.0,-22.0,39.0,-5.0,75.0,-13.0,17.0,22.0,-46.0,-80.0,26.0,-27.0,12.53,-40.93,53.2,-20.86,56.32,17.29,-6.48,0.629999999999999,-37.37,-60.67,-8.32,-6.84
2025-08-13T12:19:12.168952,3.0,-23.0,-11.0,32.0,45.0,27.0,-21.0,42.0,-34.0,10.0,38.0,-1.0,-11.47,-41.93,3.1999999999999993,16.14,26.32,57.29,-44.480000000000004,20.63,-25.369999999999997,29.33,3.6799999999999997,19.16
2025-08-13T12:19:12.173492,5.0,6.0,-16.0,-26.0,40.0,34.0,-19.0,52.0,-42.0,-3.0,69.0,-40.0,-9.47,-12.93,-1.8000000000000007,-41.86,21.32,64.28999999999999,-42.480000000000004,30.63,-33.37,16.33,34.68,-19.84
2025-08-13T12:19:12.181159,19.0,1.0,-38.0,60.0,12.0,-5.0,0.0,30.0,31.0,42.0,11.0,-87.0,4.529999999999999,-17.93,-23.8,44.14,-6.68,25.29,-23.48,8.629999999999999,39.63,61.33,-23.32,-66.84
2025-08-13T12:19:12.185482,4.0,9.0,35.0,55.0,18.0,-8.0,62.0,24.0,-40.0,25.0,-16.0,10.0,-10.47,-9.93,49.2,39.14,-0.6799999999999997,22.29,38.519999999999996,2.629999999999999,-31.369999999999997,44.33,-50.32,30.16
2025-08-13T12:19:12.193714,24.0,-30.0,1.0,-4.0,48.0,-23.0,59.0,-5.0,-35.0,-3.0,83.0,16.0,9.53,-48.93,15.2,-19.86,29.32,7.289999999999999,35.519999999999996,-26.37,-26.369999999999997,16.33,48.68,36.16
2025-08-13T12:19:12.197698,4.0,-43.0,-11.0,-3.0,6.0,2.0,-1.0,-22.0,-40.0,9.0,-3.0,-6.0,-10.47,-61.93,3.1999999999999993,-18.86,-12.68,32.29,-24.48,-43.370000000000005,-31.369999999999997,28.33,-37.32,14.16
2025-08-13T12:19:12.205805,33.0,-2.0,2.0,-13.0,17.0,-29.0,94.0,41.0,-32.0,-45.0,120.0,-4.0,18.53,-20.93,16.2,-28.86,-1.6799999999999997,1.2899999999999991,70.52,19.63,-23.369999999999997,-25.67,85.68,16.16
2025-08-13T12:19:12.210037,62.0,68.0,27.0,-14.0,58.0,16.0,81.0,43.0,-35.0,70.0,34.0,24.0,47.53,49.07,41.2,-29.86,39.32,46.29,57.519999999999996,21.63,-26.369999999999997,89.33,-0.3200000000000003,44.16
2025-08-13T12:19:12.217803,-41.0,38.0,7.0,-45.0,0.0,-50.0,35.0,-1.0,-31.0,8.0,11.0,50.0,-55.47,19.07,21.2,-60.86,-18.68,-19.71,11.52,-22.37,-22.369999999999997,27.33,-23.32,70.16
2025-08-13T12:19:12.222245,-40.0,37.0,42.0,15.0,75.0,-87.0,32.0,65.0,-41.0,-1.0,79.0,-16.0,-54.47,18.07,56.2,-0.8599999999999994,56.32,-56.71,8.52,43.629999999999995,-32.37,18.33,44.68,4.16
2025-08-13T12:19:12.230171,46.0,-6.0,-18.0,22.0,26.0,-45.0,-30.0,53.0,-4.0,6.0,58.0,-23.0,31.53,-24.93,-3.8000000000000007,6.140000000000001,7.32,-14.71,-53.480000000000004,31.63,4.630000000000001,25.33,23.68,-2.84
2025-08-13T12:19:12.234542,-64.0,-48.0,50.0,-55.0,-15.0,-7.0,49.0,15.0,-44.0,8.0,45.0,-41.0,-78.47,-66.93,64.2,-70.86,-33.68,23.29,25.52,-6.370000000000001,-35.37,27.33,10.68,-20.84
2025-08-13T12:19:12.242538,-16.0,-30.0,37.0,21.0,-1.0,-5.0,0.0,43.0,-40.0,-63.0,-39.0,10.0,-30.47,-48.93,51.2,5.140000000000001,-19.68,25.29,-23.48,21.63,-31.369999999999997,-43.67,-73.32,30.16
2025-08-13T12:19:12.246735,-44.0,-20.0,17.0,-37.0,49.0,9.0,27.0,-1.0,23.0,-54.0,-19.0,1.0,-58.47,-38.93,31.2,-52.86,30.32,39.29,3.5199999999999996,-22.37,31.630000000000003,-34.67,-53.32,21.16
2025-08-13T12:19:12.251468,-7.0,18.0,-2.0,90.0,9.0,-13.0,11.0,74.0,-46.0,4.0,62.0,-64.0,-21.47,-0.9299999999999997,12.2,74.14,-9.68,17.29,-12.48,52.629999999999995,-37.37,23.33,27.68,-43.84
2025-08-13T12:19:12.259028,-34.0,9.0,8.0,21.0,5.0,-20.0,-10.0,12.0,24.0,35.0,68.0,-24.0,-48.47,-9.93,22.2,5.140000000000001,-13.68,10.29,-33.480000000000004,-9.370000000000001,32.63,54.33,33.68,-3.84
2025-08-13T12:19:12.263430,-66.0,31.0,30.0,11.0,-56.0,-72.0,-5.0,10.0,-58.0,-12.0,39.0,7.0,-80.47,12.07,44.2,-4.859999999999999,-74.68,-41.71,-28.48,-11.370000000000001,-49.37,7.329999999999998,4.68,27.16
2025-08-13T12:19:12.271715,-37.0,-33.0,-20.0,-77.0,2.0,-79.0,-25.0,22.0,19.0,-3.0,25.0,31.0,-51.47,-51.93,-5.800000000000001,-92.86,-16.68,-48.71,-48.480000000000004,0.629999999999999,27.630000000000003,16.33,-9.32,51.16
2025-08-13T12:19:12.275776,-22.0,-2.0,-51.0,0.0,-4.0,-32.0,72.0,49.0,55.0,12.0,10.0,-18.0,-36.47,-20.93,-36.8,-15.86,-22.68,-1.7100000000000009,48.519999999999996,27.63,63.63,31.33,-24.32,2.16
2025-08-13T12:19:12.283541,-49.0,16.0,-3.0,44.0,54.0,35.0,-27.0,11.0,40.0,-58.0,37.0,11.0,-63.47,-2.9299999999999997,11.2,28.14,35.32,65.28999999999999,-50.480000000000004,-10.370000000000001,48.63,-38.67,2.6799999999999997,31.16
2025-08-13T12:19:12.289262,11.0,21.0,23.0,83.0,28.0,25.0,-33.0,21.0,-26.0,-36.0,-5.0,-28.0,-3.4700000000000006,2.0700000000000003,37.2,67.14,9.32,55.29,-56.480000000000004,-0.370000000000001,-17.369999999999997,-16.67,-39.32,-7.84
2025-08-13T12:19:12.295876,14.0,-10.0,-74.0,-25.0,29.0,-51.0,-7.0,60.0,-6.0,-35.0,-15.0,-5.0,-0.47000000000000064,-28.93,-59.8,-40.86,10.32,-20.71,-30.48,38.629999999999995,2.630000000000001,-15.670000000000002,-49.32,15.16
2025-08-13T12:19:12.300139,-6.0,19.0,-32.0,-39.0,38.0,-19.0,104.0,35.0,-6.0,-21.0,68.0,11.0,-20.47,0.07000000000000028,-17.8,-54.86,19.32,11.29,80.52,13.629999999999999,2.630000000000001,-1.6700000000000017,33.68,31.16
2025-08-13T12:19:12.308094,27.0,11.0,-47.0,15.0,58.0,36.0,1.0,-20.0,-48.0,25.0,81.0,-76.0,12.53,-7.93,-32.8,-0.8599999999999994,39.32,66.28999999999999,-22.48,-41.370000000000005,-39.37,44.33,46.68,-55.84
2025-08-13T12:19:12.312547,45.0,36.0,-33.0,72.0,-11.0,23.0,70.0,-4.0,40.0,-20.0,108.0,-57.0,30.53,17.07,-18.8,56.14,-29.68,53.29,46.519999999999996,-25.37,48.63,-0.6700000000000017,73.68,-36.84
2025-08-13T12:19:12.320250,22.0,-12.0,-24.0,-22.0,-21.0,1.0,10.0,58.0,31.0,-39.0,-32.0,-16.0,7.529999999999999,-30.93,-9.8,-37.86,-39.68,31.29,-13.48,36.629999999999995,39.63,-19.67,-66.32,4.16
2025-08-13T12:19:12.324674,29.0,-10.0,-25.0,59.0,2.0,45.0,10.0,73.0,-22.0,-4.0,41.0,-23.0,14.53,-28.93,-10.8,43.14,-16.68,75.28999999999999,-13.48,51.629999999999995,-13.37,15.329999999999998,6.68,-2.84
2025-08-13T12:19:12.332639,78.0,-2.0,23.0,35.0,48.0,-23.0,-36.0,76.0,3.0,-64.0,-23.0,21.0,63.53,-20.93,37.2,19.14,29.32,7.289999999999999,-59.480000000000004,54.629999999999995,11.63,-44.67,-57.32,41.16
2025-08-13T12:19:12.336867,55.0,-19.0,-75.0,15.0,14.0,-85.0,9.0,-26.0,-11.0,-4.0,-6.0,-1.0,40.53,-37.93,-60.8,-0.8599999999999994,-4.68,-54.71,-14.48,-47.370000000000005,-2.369999999999999,15.329999999999998,-40.32,19.16
2025-08-13T12:19:12.344956,42.0,-23.0,8.0,-9.0,38.0,8.0,50.0,77.0,-83.0,-43.0,69.0,-30.0,27.53,-41.93,22.2,-24.86,19.32,38.29,26.52,55.629999999999995,-74.37,-23.67,34.68,-9.84
2025-08-13T12:19:12.349292,19.0,24.0,-58.0,3.0,17.0,-26.0,83.0,70.0,44.0,-57.0,86.0,20.0,4.529999999999999,5.07,-43.8,-12.86,-1.6799999999999997,4.289999999999999,59.519999999999996,48.629999999999995,52.63,-37.67,51.68,40.16
2025-08-13T12:19:12.357340,-59.0,8.0,-121.0,5.0,33.0,-45.0,2.0,39.0,-30.0,-40.0,38.0,-58.0,-73.47,-10.93,-106.8,-10.86,14.32,-14.71,-21.48,17.63,-21.369999999999997,-20.67,3.6799999999999997,-37.84
2025-08-13T12:19:12.361618,-78.0,-2.0,27.0,64.0,-59.0,0.0,32.0,14.0,26.0,12.0,27.0,-43.0,-92.47,-20.93,41.2,48.14,-77.68,30.29,8.52,-7.370000000000001,34.63,31.33,-7.32,-22.84
2025-08-13T12:19:12.369406,86.0,-9.0,34.0,25.0,13.0,-7.0,10.0,-21.0,-17.0,-32.0,-45.0,-16.0,71.53,-27.93,48.2,9.14,-5.68,23.29,-13.48,-42.370000000000005,-8.37,-12.670000000000002,-79.32,4.16
2025-08-13T12:19:12.373709,0.0,28.0,3.0,-46.0,-52.0,-26.0,57.0,19.0,-56.0,-4.0,101.0,-19.0,-14.47,9.07,17.2,-61.86,-70.68,4.289999999999999,33.519999999999996,-2.370000000000001,-47.37,15.329999999999998,66.68,1.1600000000000001
2025-08-13T12:19:12.381943,-62.0,19.0,2.0,-12.0,-9.0,-60.0,-11.0,43.0,36.0,-29.0,120.0,-10.0,-76.47,0.07000000000000028,16.2,-27.86,-27.68,-29.71,-34.480000000000004,21.63,44.63,-9.670000000000002,85.68,10.16
2025-08-13T12:19:12.386134,-4.0,22.0,28.0,73.0,36.0,-12.0,19.0,59.0,-1.0,55.0,-30.0,-8.0,-18.47,3.0700000000000003,42.2,57.14,17.32,18.29,-4.48,37.629999999999995,7.630000000000001,74.33,-64.32,12.16
2025-08-13T12:19:12.393987,-41.0,91.0,-6.0,34.0,14.0,-19.0,-18.0,34.0,-7.0,-27.0,19.0,16.0,-55.47,72.07,8.2,18.14,-4.68,11.29,-41.480000000000004,12.629999999999999,1.6300000000000008,-7.670000000000002,-15.32,36.16
2025-08-13T12:19:12.398575,2.0,-19.0,-24.0,34.0,6.0,-14.0,4.0,-17.0,-39.0,8.0,51.0,-68.0,-12.47,-37.93,-9.8,18.14,-12.68,16.29,-19.48,-38.370000000000005,-30.369999999999997,27.33,16.68,-47.84
2025-08-13T12:19:12.406354,-55.0,56.0,-58.0,6.0,90.0,-47.0,-6.0,66.0,-51.0,-50.0,-92.0,-46.0,-69.47,37.07,-43.8,-9.86,71.32,-16.71,-29.48,44.629999999999995,-42.37,-30.67,-126.32,-25.84
2025-08-13T12:19:12.410940,-26.0,-2.0,-47.0,-26.0,66.0,11.0,25.0,25.0,-34.0,-34.0,10.0,-21.0,-40.47,-20.93,-32.8,-41.86,47.32,41.29,1.5199999999999996,3.629999999999999,-25.369999999999997,-14.670000000000002,-24.32,-0.8399999999999999
2025-08-13T12:19:12.418651,83.0,38.0,60.0,53.0,54.0,-13.0,58.0,34.0,-56.0,67.0,-46.0,43.0,68.53,19.07,74.2,37.14,35.32,17.29,34.519999999999996,12.629999999999999,-47.37,86.33,-80.32,63.16
2025-08-13T12:19:12.423236,0.0,35.0,-47.0,15.0,48.0,-8.0,44.0,18.0,26.0,-47.0,32.0,9.0,-14.47,16.07,-32.8,-0.8599999999999994,29.32,22.29,20.52,-3.370000000000001,34.63,-27.67,-2.3200000000000003,29.16
2025-08-13T12:19:12.429179,-41.0,-2.0,-74.0,36.0,-13.0,0.0,-10.0,19.0,-15.0,3.0,9.0,1.0,-55.47,-20.93,-59.8,20.14,-31.68,30.29,-33.480000000000004,-2.370000000000001,-6.369999999999999,22.33,-25.32,21.16
2025-08-13T12:19:12.435749,68.0,26.0,-30.0,-9.0,-69.0,36.0,33.0,44.0,-31.0,0.0,70.0,71.0,53.53,7.07,-15.8,-24.86,-87.68,66.28999999999999,9.52,22.63,-22.369999999999997,19.33,35.68,91.16
2025-08-13T12:19:12.441727,88.0,-24.0,12.0,11.0,32.0,-8.0,-59.0,59.0,9.0,-68.0,-6.0,9.0,73.53,-42.93,26.2,-4.859999999999999,13.32,22.29,-82.48,37.629999999999995,17.630000000000003,-48.67,-40.32,29.16
2025-08-13T12:19:12.447616,66.0,49.0,-93.0,50.0,-14.0,-9.0,52.0,41.0,4.0,56.0,30.0,-39.0,51.53,30.07,-78.8,34.14,-32.68,21.29,28.52,19.63,12.63,75.33,-4.32,-18.84
2025-08-13T12:19:12.454265,33.0,13.0,-169.0,-30.0,-4.0,-37.0,34.0,-31.0,30.0,10.0,114.0,22.0,18.53,-5.93,-154.8,-45.86,-22.68,-6.710000000000001,10.52,-52.370000000000005,38.63,29.33,79.68,42.16
2025-08-13T12:19:12.460096,73.0,7.0,-16.0,11.0,31.0,-10.0,16.0,15.0,-6.0,-2.0,44.0,85.0,58.53,-11.93,-1.8000000000000007,-4.859999999999999,12.32,20.29,-7.48,-6.370000000000001,2.630000000000001,17.33,9.68,105.16
2025-08-13T12:19:12.469117,74.0,-1.0,37.0,-22.0,-12.0,-74.0,34.0,19.0,-27.0,-79.0,-8.0,-29.0,59.53,-19.93,51.2,-37.86,-30.68,-43.71,10.52,-2.370000000000001,-18.369999999999997,-59.67,-42.32,-8.84
2025-08-13T12:19:12.475143,39.0,45.0,6.0,17.0,28.0,7.0,30.0,27.0,28.0,-56.0,74.0,-50.0,24.53,26.07,20.2,1.1400000000000006,9.32,37.29,6.52,5.629999999999999,36.63,-36.67,39.68,-29.84
2025-08-13T12:19:12.478188,57.0,-37.0,0.0,51.0,61.0,-41.0,2.0,48.0,22.0,5.0,-22.0,-69.0,42.53,-55.93,14.2,35.14,42.32,-10.71,-21.48,26.63,30.630000000000003,24.33,-56.32,-48.84
2025-08-13T12:19:12.484280,77.0,-70.0,5.0,48.0,26.0,-4.0,29.0,11.0,-13.0,14.0,53.0,-2.0,62.53,-88.93,19.2,32.14,7.32,26.29,5.52,-10.370000000000001,-4.369999999999999,33.33,18.68,18.16
2025-08-13T12:19:12.488687,-3.0,34.0,-45.0,5.0,67.0,16.0,57.0,59.0,7.0,7.0,77.0,-13.0,-17.47,15.07,-30.8,-10.86,48.32,46.29,33.519999999999996,37.629999999999995,15.63,26.33,42.68,7.16
2025-08-13T12:19:12.496508,52.0,-54.0,20.0,-37.0,36.0,-8.0,15.0,61.0,21.0,-18.0,32.0,28.0,37.53,-72.93,34.2,-52.86,17.32,22.29,-8.48,39.629999999999995,29.630000000000003,1.3299999999999983,-2.3200000000000003,48.16
2025-08-13T12:19:12.501142,53.0,-30.0,-15.0,-36.0,11.0,-64.0,-27.0,8.0,-40.0,15.0,54.0,-1.0,38.53,-48.93,-0.8000000000000007,-51.86,-7.68,-33.71,-50.480000000000004,-13.370000000000001,-31.369999999999997,34.33,19.68,19.16
2025-08-13T12:19:12.508684,-31.0,-21.0,-4.0,-1.0,4.0,-5.0,23.0,108.0,15.0,-15.0,64.0,-94.0,-45.47,-39.93,10.2,-16.86,-14.68,25.29,-0.4800000000000004,86.63,23.630000000000003,4.329999999999998,29.68,-73.84
2025-08-13T12:19:12.513008,-54.0,12.0,1.0,-30.0,-40.0,12.0,8.0,40.0,46.0,-31.0,-21.0,-53.0,-68.47,-6.93,15.2,-45.86,-58.68,42.29,-15.48,18.63,54.63,-11.670000000000002,-55.32,-32.84
2025-08-13T12:19:12.520962,-18.0,16.0,19.0,13.0,12.0,-13.0,62.0,29.0,-14.0,-33.0,28.0,22.0,-32.47,-2.9299999999999997,33.2,-2.8599999999999994,-6.68,17.29,38.519999999999996,7.629999999999999,-5.369999999999999,-13.670000000000002,-6.32,42.16
2025-08-13T12:19:12.525314,5.0,18.0,-10.0,35.0,4.0,6.0,59.0,60.0,-30.0,26.0,-6.0,29.0,-9.47,-0.9299999999999997,4.199999999999999,19.14,-14.68,36.29,35.519999999999996,38.629999999999995,-21.369999999999997,45.33,-40.32,49.16
2025-08-13T12:19:12.533234,50.0,44.0,-63.0,20.0,19.0,-2.0,11.0,73.0,-41.0,29.0,88.0,49.0,35.53,25.07,-48.8,4.140000000000001,0.3200000000000003,28.29,-12.48,51.629999999999995,-32.37,48.33,53.68,69.16
2025-08-13T12:19:12.537631,14.0,5.0,-45.0,12.0,57.0,-30.0,48.0,9.0,39.0,-26.0,49.0,18.0,-0.47000000000000064,-13.93,-30.8,-3.8599999999999994,38.32,0.28999999999999915,24.52,-12.370000000000001,47.63,-6.670000000000002,14.68,38.16
2025-08-13T12:19:12.541739,5.0,40.0,59.0,24.0,30.0,-9.0,-1.0,-7.0,16.0,-30.0,7.0,33.0,-9.47,21.07,73.2,8.14,11.32,21.29,-24.48,-28.37,24.630000000000003,-10.670000000000002,-27.32,53.16
2025-08-13T12:19:12.549787,-19.0,89.0,-21.0,-58.0,6.0,-42.0,54.0,56.0,-4.0,-26.0,37.0,-16.0,-33.47,70.07,-6.800000000000001,-73.86,-12.68,-11.71,30.52,34.629999999999995,4.630000000000001,-6.670000000000002,2.6799999999999997,4.16
2025-08-13T12:19:12.557699,-39.0,14.0,21.0,38.0,4.0,-28.0,-10.0,-43.0,18.0,-87.0,-4.0,-7.0,-53.47,-4.93,35.2,22.14,-14.68,2.289999999999999,-33.480000000000004,-64.37,26.630000000000003,-67.67,-38.32,13.16
2025-08-13T12:19:12.562010,-11.0,11.0,-55.0,63.0,49.0,11.0,55.0,33.0,48.0,-1.0,76.0,18.0,-25.47,-7.93,-40.8,47.14,30.32,41.29,31.52,11.629999999999999,56.63,18.33,41.68,38.16
2025-08-13T12:19:12.566764,-1.0,-27.0,-31.0,19.0,1.0,-14.0,-9.0,47.0,-35.0,-22.0,24.0,-64.0,-15.47,-45.93,-16.8,3.1400000000000006,-17.68,16.29,-32.480000000000004,25.63,-26.369999999999997,-2.6700000000000017,-10.32,-43.84
2025-08-13T12:19:12.574290,-54.0,44.0,-98.0,-50.0,8.0,36.0,8.0,139.0,44.0,-2.0,47.0,-3.0,-68.47,25.07,-83.8,-65.86,-10.68,66.28999999999999,-15.48,117.63,52.63,17.33,12.68,17.16
2025-08-13T12:19:12.578733,-10.0,33.0,-69.0,47.0,86.0,-31.0,1.0,53.0,11.0,7.0,60.0,-40.0,-24.47,14.07,-54.8,31.14,67.32,-0.7100000000000009,-22.48,31.63,19.630000000000003,26.33,25.68,-19.84
2025-08-13T12:19:12.586679,5.0,77.0,-61.0,-24.0,28.0,-83.0,-39.0,111.0,-4.0,-33.0,29.0,-34.0,-9.47,58.07,-46.8,-39.86,9.32,-52.71,-62.480000000000004,89.63,4.630000000000001,-13.670000000000002,-5.32,-13.84
2025-08-13T12:19:12.590996,17.0,64.0,-4.0,29.0,-15.0,-12.0,17.0,131.0,-10.0,-10.0,9.0,-8.0,2.5299999999999994,45.07,10.2,13.14,-33.68,18.29,-6.48,109.63,-1.3699999999999992,9.329999999999998,-25.32,12.16
2025-08-13T12:19:12.598936,-7.0,65.0,-42.0,20.0,15.0,-42.0,33.0,36.0,-51.0,30.0,51.0,-37.0,-21.47,46.07,-27.8,4.140000000000001,-3.6799999999999997,-11.71,9.52,14.629999999999999,-42.37,49.33,16.68,-16.84
2025-08-13T12:19:12.603222,106.0,56.0,-3.0,42.0,20.0,-18.0,43.0,34.0,-87.0,-21.0,78.0,8.0,91.53,37.07,11.2,26.14,1.3200000000000003,12.29,19.52,12.629999999999999,-78.37,-1.6700000000000017,43.68,28.16
2025-08-13T12:19:12.611207,69.0,-64.0,-44.0,36.0,-25.0,-7.0,-65.0,13.0,2.0,-11.0,37.0,-11.0,54.53,-82.93,-29.8,20.14,-43.68,23.29,-88.48,-8.370000000000001,10.63,8.329999999999998,2.6799999999999997,9.16
2025-08-13T12:19:12.615461,73.0,39.0,-15.0,5.0,67.0,29.0,15.0,25.0,19.0,0.0,55.0,16.0,58.53,20.07,-0.8000000000000007,-10.86,48.32,59.29,-8.48,3.629999999999999,27.630000000000003,19.33,20.68,36.16
2025-08-13T12:19:12.623509,35.0,4.0,-48.0,-43.0,40.0,50.0,53.0,61.0,15.0,-25.0,2.0,-40.0,20.53,-14.93,-33.8,-58.86,21.32,80.28999999999999,29.52,39.629999999999995,23.630000000000003,-5.670000000000002,-32.32,-19.84
2025-08-13T12:19:12.628008,36.0,-53.0,44.0,-20.0,68.0,-27.0,22.0,-46.0,-25.0,18.0,56.0,-24.0,21.53,-71.93,58.2,-35.86,49.32,3.289999999999999,-1.4800000000000004,-67.37,-16.369999999999997,37.33,21.68,-3.84
2025-08-13T12:19:12.635846,-7.0,1.0,77.0,12.0,5.0,-56.0,10.0,6.0,10.0,38.0,58.0,-11.0,-21.47,-17.93,91.2,-3.8599999999999994,-13.68,-25.71,-13.48,-15.370000000000001,18.630000000000003,57.33,23.68,9.16
2025-08-13T12:19:12.640634,-53.0,115.0,14.0,53.0,28.0,-11.0,14.0,19.0,4.0,39.0,57.0,-50.0,-67.47,96.07,28.2,37.14,9.32,19.29,-9.48,-2.370000000000001,12.63,58.33,22.68,-29.84
2025-08-13T12:19:12.647973,-74.0,17.0,-41.0,65.0,5.0,-63.0,39.0,42.0,-53.0,10.0,50.0,-35.0,-88.47,-1.9299999999999997,-26.8,49.14,-13.68,-32.71,15.52,20.63,-44.37,29.33,15.68,-14.84
2025-08-13T12:19:12.652545,-26.0,-7.0,-18.0,-36.0,62.0,4.0,-21.0,-6.0,-8.0,-29.0,105.0,48.0,-40.47,-25.93,-3.8000000000000007,-51.86,43.32,34.29,-44.480000000000004,-27.37,0.6300000000000008,-9.670000000000002,70.68,68.16
2025-08-13T12:19:12.660287,23.0,46.0,-42.0,2.0,41.0,-26.0,59.0,47.0,16.0,27.0,43.0,20.0,8.53,27.07,-27.8,-13.86,22.32,4.289999999999999,35.519999999999996,25.63,24.630000000000003,46.33,8.68,40.16
2025-08-13T12:19:12.664927,95.0,61.0,-14.0,68.0,73.0,-62.0,25.0,52.0,5.0,-8.0,-3.0,14.0,80.53,42.07,0.1999999999999993,52.14,54.32,-31.71,1.5199999999999996,30.63,13.63,11.329999999999998,-37.32,34.16
2025-08-13T12:19:12.672643,-45.0,26.0,-22.0,-10.0,-31.0,10.0,73.0,50.0,-15.0,9.0,122.0,-7.0,-59.47,7.07,-7.800000000000001,-25.86,-49.68,40.29,49.519999999999996,28.63,-6.369999999999999,28.33,87.68,13.16
2025-08-13T12:19:12.678302,-34.0,-6.0,-40.0,45.0,17.0,-23.0,30.0,106.0,-11.0,24.0,30.0,-34.0,-48.47,-24.93,-25.8,29.14,-1.6799999999999997,7.289999999999999,6.52,84.63,-2.369999999999999,43.33,-4.32,-13.84
2025-08-13T12:19:12.684827,54.0,27.0,23.0,10.0,14.0,-50.0,62.0,79.0,1.0,58.0,-2.0,6.0,39.53,8.07,37.2,-5.859999999999999,-4.68,-19.71,38.519999999999996,57.629999999999995,9.63,77.33,-36.32,26.16
2025-08-13T12:19:12.690823,103.0,20.0,16.0,-14.0,62.0,-48.0,-24.0,31.0,-26.0,-55.0,72.0,-36.0,88.53,1.0700000000000003,30.2,-29.86,43.32,-17.71,-47.480000000000004,9.629999999999999,-17.369999999999997,-35.67,37.68,-15.84
2025-08-13T12:19:12.697308,12.0,17.0,4.0,45.0,78.0,-57.0,26.0,-46.0,69.0,52.0,-21.0,2.0,-2.4700000000000006,-1.9299999999999997,18.2,29.14,59.32,-26.71,2.5199999999999996,-67.37,77.63,71.33,-55.32,22.16
2025-08-13T12:19:12.702832,28.0,-17.0,-10.0,-27.0,64.0,-21.0,-4.0,37.0,-24.0,-26.0,-31.0,44.0,13.53,-35.93,4.199999999999999,-42.86,45.32,9.29,-27.48,15.629999999999999,-15.37,-6.670000000000002,-65.32,64.16
2025-08-13T12:19:12.709576,-19.0,47.0,-13.0,6.0,-15.0,-35.0,28.0,65.0,3.0,-20.0,58.0,-16.0,-33.47,28.07,1.1999999999999993,-9.86,-33.68,-4.710000000000001,4.52,43.629999999999995,11.63,-0.6700000000000017,23.68,4.16
2025-08-13T12:19:12.714336,-16.0,83.0,1.0,36.0,-14.0,-53.0,16.0,21.0,-39.0,-63.0,6.0,41.0,-30.47,64.07,15.2,20.14,-32.68,-22.71,-7.48,-0.370000000000001,-30.369999999999997,-43.67,-28.32,61.16
2025-08-13T12:19:12.721735,74.0,67.0,15.0,28.0,86.0,-3.0,-10.0,-21.0,-75.0,17.0,94.0,-2.0,59.53,48.07,29.2,12.14,67.32,27.29,-33.480000000000004,-42.370000000000005,-66.37,36.33,59.68,18.16
2025-08-13T12:19:12.727409,-2.0,-6.0,-75.0,-73.0,-5.0,12.0,-9.0,54.0,-19.0,-25.0,33.0,-47.0,-16.47,-24.93,-60.8,-88.86,-23.68,42.29,-32.480000000000004,32.629999999999995,-10.37,-5.670000000000002,-1.3200000000000003,-26.84
2025-08-13T12:19:12.734096,-17.0,29.0,-31.0,24.0,13.0,-84.0,37.0,25.0,7.0,-31.0,57.0,-2.0,-31.47,10.07,-16.8,8.14,-5.68,-53.71,13.52,3.629999999999999,15.63,-11.670000000000002,22.68,18.16
2025-08-13T12:19:12.739528,-38.0,41.0,16.0,-20.0,30.0,-56.0,49.0,18.0,-46.0,-64.0,18.0,-62.0,-52.47,22.07,30.2,-35.86,11.32,-25.71,25.52,-3.370000000000001,-37.37,-44.67,-16.32,-41.84
2025-08-13T12:19:12.746186,1.0,95.0,31.0,-35.0,-17.0,12.0,81.0,35.0,6.0,4.0,29.0,-23.0,-13.47,76.07,45.2,-50.86,-35.68,42.29,57.519999999999996,13.629999999999999,14.63,23.33,-5.32,-2.84
2025-08-13T12:19:12.751374,-96.0,6.0,-14.0,-29.0,-9.0,-68.0,15.0,28.0,2.0,25.0,84.0,-24.0,-110.47,-12.93,0.1999999999999993,-44.86,-27.68,-37.71,-8.48,6.629999999999999,10.63,44.33,49.68,-3.84
2025-08-13T12:19:12.756469,15.0,32.0,-24.0,1.0,-12.0,17.0,-59.0,47.0,5.0,-89.0,92.0,19.0,0.5299999999999994,13.07,-9.8,-14.86,-30.68,47.29,-82.48,25.63,13.63,-69.67,57.68,39.16
2025-08-13T12:19:12.763666,-50.0,48.0,-80.0,0.0,60.0,-40.0,33.0,50.0,-11.0,-17.0,31.0,-68.0,-64.47,29.07,-65.8,-15.86,41.32,-9.71,9.52,28.63,-2.369999999999999,2.3299999999999983,-3.3200000000000003,-47.84
2025-08-13T12:19:12.770760,-12.0,52.0,-65.0,61.0,32.0,-19.0,-15.0,36.0,-76.0,-15.0,18.0,-42.0,-26.47,33.07,-50.8,45.14,13.32,11.29,-38.480000000000004,14.629999999999999,-67.37,4.329999999999998,-16.32,-21.84
2025-08-13T12:19:12.777345,24.0,57.0,-68.0,11.0,46.0,-44.0,22.0,107.0,-3.0,12.0,44.0,-69.0,9.53,38.07,-53.8,-4.859999999999999,27.32,-13.71,-1.4800000000000004,85.63,5.630000000000001,31.33,9.68,-48.84
2025-08-13T12:19:12.783768,-13.0,34.0,-56.0,-37.0,-12.0,-23.0,37.0,37.0,-30.0,4.0,56.0,55.0,-27.47,15.07,-41.8,-52.86,-30.68,7.289999999999999,13.52,15.629999999999999,-21.369999999999997,23.33,21.68,75.16
2025-08-13T12:19:12.788773,95.0,84.0,-72.0,-26.0,-9.0,-131.0,91.0,51.0,-38.0,-65.0,38.0,-78.0,80.53,65.07,-57.8,-41.86,-27.68,-100.71000000000001,67.52,29.63,-29.369999999999997,-45.67,3.6799999999999997,-57.84
2025-08-13T12:19:12.794153,39.0,11.0,-4.0,26.0,-12.0,-4.0,33.0,-11.0,5.0,-80.0,33.0,-18.0,24.53,-7.93,10.2,10.14,-30.68,26.29,9.52,-32.370000000000005,13.63,-60.67,-1.3200000000000003,2.16
2025-08-13T12:19:12.800767,34.0,-9.0,-28.0,23.0,49.0,-108.0,47.0,-33.0,-16.0,-72.0,90.0,-24.0,19.53,-27.93,-13.8,7.140000000000001,30.32,-77.71000000000001,23.52,-54.370000000000005,-7.369999999999999,-52.67,55.68,-3.84
2025-08-13T12:19:12.804642,2.0,57.0,-26.0,59.0,70.0,-20.0,16.0,-59.0,7.0,-27.0,23.0,-65.0,-12.47,38.07,-11.8,43.14,51.32,10.29,-7.48,-80.37,15.63,-7.670000000000002,-11.32,-44.84
2025-08-13T12:19:12.811907,-31.0,22.0,-77.0,86.0,-7.0,-98.0,-37.0,11.0,-67.0,41.0,159.0,-79.0,-45.47,3.0700000000000003,-62.8,70.14,-25.68,-67.71000000000001,-60.480000000000004,-10.370000000000001,-58.37,60.33,124.68,-58.84
2025-08-13T12:19:12.819929,15.0,-20.0,-41.0,37.0,-33.0,-61.0,-43.0,-12.0,-34.0,16.0,-17.0,55.0,0.5299999999999994,-38.93,-26.8,21.14,-51.68,-30.71,-66.48,-33.370000000000005,-25.369999999999997,35.33,-51.32,75.16
2025-08-13T12:19:12.824293,26.0,-45.0,-39.0,-50.0,50.0,-26.0,9.0,36.0,-49.0,-17.0,46.0,-63.0,11.53,-63.93,-24.8,-65.86,31.32,4.289999999999999,-14.48,14.629999999999999,-40.37,2.3299999999999983,11.68,-42.84
2025-08-13T12:19:12.832209,-28.0,-20.0,-104.0,15.0,-49.0,-65.0,29.0,68.0,-106.0,-56.0,5.0,-63.0,-42.47,-38.93,-89.8,-0.8599999999999994,-67.68,-34.71,5.52,46.629999999999995,-97.37,-36.67,-29.32,-42.84
2025-08-13T12:19:12.836614,34.0,31.0,-93.0,3.0,3.0,-29.0,56.0,107.0,-43.0,0.0,28.0,-30.0,19.53,12.07,-78.8,-12.86,-15.68,1.2899999999999991,32.519999999999996,85.63,-34.37,19.33,-6.32,-9.84
2025-08-13T12:19:12.840556,58.0,15.0,-52.0,-15.0,32.0,-16.0,51.0,3.0,17.0,-11.0,9.0,-3.0,43.53,-3.9299999999999997,-37.8,-30.86,13.32,14.29,27.52,-18.37,25.630000000000003,8.329999999999998,-25.32,17.16
2025-08-13T12:19:12.848848,105.0,75.0,-21.0,-5.0,37.0,-4.0,65.0,42.0,-5.0,-5.0,-11.0,-36.0,90.53,56.07,-6.800000000000001,-20.86,18.32,26.29,41.519999999999996,20.63,3.630000000000001,14.329999999999998,-45.32,-15.84
2025-08-13T12:19:12.852792,-2.0,12.0,3.0,12.0,19.0,-25.0,13.0,54.0,15.0,-15.0,5.0,-8.0,-16.47,-6.93,17.2,-3.8599999999999994,0.3200000000000003,5.289999999999999,-10.48,32.629999999999995,23.630000000000003,4.329999999999998,-29.32,12.16
2025-08-13T12:19:12.861062,-11.0,104.0,-42.0,17.0,28.0,3.0,-19.0,31.0,-98.0,25.0,68.0,-16.0,-25.47,85.07,-27.8,1.1400000000000006,9.32,33.29,-42.480000000000004,9.629999999999999,-89.37,44.33,33.68,4.16
2025-08-13T12:19:12.865090,33.0,7.0,-30.0,-13.0,-2.0,-26.0,-8.0,21.0,-54.0,28.0,28.0,3.0,18.53,-11.93,-15.8,-28.86,-20.68,4.289999999999999,-31.48,-0.370000000000001,-45.37,47.33,-6.32,23.16
2025-08-13T12:19:12.873263,57.0,-10.0,-82.0,2.0,56.0,2.0,41.0,33.0,-23.0,-14.0,13.0,-34.0,42.53,-28.93,-67.8,-13.86,37.32,32.29,17.52,11.629999999999999,-14.37,5.329999999999998,-21.32,-13.84
2025-08-13T12:19:12.877487,35.0,-79.0,-47.0,-40.0,30.0,-20.0,75.0,2.0,-28.0,-50.0,-15.0,-23.0,20.53,-97.93,-32.8,-55.86,11.32,10.29,51.519999999999996,-19.37,-19.369999999999997,-30.67,-49.32,-2.84
2025-08-13T12:19:12.885605,-8.0,62.0,-52.0,-22.0,-34.0,-53.0,24.0,44.0,-61.0,-52.0,27.0,20.0,-22.47,43.07,-37.8,-37.86,-52.68,-22.71,0.5199999999999996,22.63,-52.37,-32.67,-7.32,40.16
2025-08-13T12:19:12.889790,6.0,-43.0,-31.0,28.0,-21.0,4.0,17.0,77.0,-55.0,-21.0,30.0,-38.0,-8.47,-61.93,-16.8,12.14,-39.68,34.29,-6.48,55.629999999999995,-46.37,-1.6700000000000017,-4.32,-17.84
2025-08-13T12:19:12.897962,12.0,-41.0,28.0,-15.0,34.0,-35.0,35.0,66.0,-44.0,8.0,42.0,-52.0,-2.4700000000000006,-59.93,42.2,-30.86,15.32,-4.710000000000001,11.52,44.629999999999995,-35.37,27.33,7.68,-31.84
2025-08-13T12:19:12.902221,29.0,-31.0,-1.0,31.0,-15.0,-90.0,-13.0,98.0,-34.0,12.0,71.0,-12.0,14.53,-49.93,13.2,15.14,-33.68,-59.71,-36.480000000000004,76.63,-25.369999999999997,31.33,36.68,8.16
2025-08-13T12:19:12.910251,31.0,-25.0,-20.0,20.0,34.0,-49.0,2.0,32.0,1.0,19.0,74.0,6.0,16.53,-43.93,-5.800000000000001,4.140000000000001,15.32,-18.71,-21.48,10.629999999999999,9.63,38.33,39.68,26.16
2025-08-13T12:19:12.914510,2.0,-13.0,65.0,-19.0,38.0,-35.0,1.0,-60.0,-9.0,3.0,26.0,-52.0,-12.47,-31.93,79.2,-34.86,19.32,-4.710000000000001,-22.48,-81.37,-0.3699999999999992,22.33,-8.32,-31.84
2025-08-13T12:19:12.922391,71.0,-24.0,-21.0,94.0,48.0,-1.0,-6.0,13.0,-81.0,7.0,27.0,-94.0,56.53,-42.93,-6.800000000000001,78.14,29.32,29.29,-29.48,-8.370000000000001,-72.37,26.33,-7.32,-73.84
2025-08-13T12:19:12.926811,72.0,21.0,-46.0,28.0,-18.0,-58.0,-25.0,19.0,-17.0,-22.0,6.0,-61.0,57.53,2.0700000000000003,-31.8,12.14,-36.68,-27.71,-48.480000000000004,-2.370000000000001,-8.37,-2.6700000000000017,-28.32,-40.84
2025-08-13T12:19:12.934815,16.0,-19.0,-105.0,64.0,98.0,-16.0,-33.0,31.0,2.0,-33.0,32.0,-14.0,1.5299999999999994,-37.93,-90.8,48.14,79.32,14.29,-56.480000000000004,9.629999999999999,10.63,-13.670000000000002,-2.3200000000000003,6.16
2025-08-13T12:19:12.939350,35.0,49.0,-53.0,59.0,17.0,-38.0,46.0,9.0,8.0,-69.0,-29.0,-69.0,20.53,30.07,-38.8,43.14,-1.6799999999999997,-7.710000000000001,22.52,-12.370000000000001,16.630000000000003,-49.67,-63.32,-48.84
2025-08-13T12:19:12.947250,64.0,34.0,-43.0,20.0,-4.0,-95.0,32.0,45.0,-7.0,-56.0,57.0,-55.0,49.53,15.07,-28.8,4.140000000000001,-22.68,-64.71000000000001,8.52,23.63,1.6300000000000008,-36.67,22.68,-34.84
2025-08-13T12:19:12.956259,90.0,16.0,3.0,-9.0,43.0,-85.0,11.0,70.0,-48.0,-98.0,-56.0,43.0,75.53,-2.9299999999999997,17.2,-24.86,24.32,-54.71,-12.48,48.629999999999995,-39.37,-78.67,-90.32,63.16
2025-08-13T12:19:12.965434,-58.0,19.0,-27.0,18.0,20.0,-68.0,56.0,14.0,-70.0,-61.0,79.0,-14.0,-72.47,0.07000000000000028,-12.8,2.1400000000000006,1.3200000000000003,-37.71,32.519999999999996,-7.370000000000001,-61.37,-41.67,44.68,6.16
2025-08-13T12:19:12.974041,51.0,-10.0,-28.0,42.0,25.0,-48.0,71.0,-15.0,-1.0,13.0,40.0,-23.0,36.53,-28.93,-13.8,26.14,6.32,-17.71,47.519999999999996,-36.370000000000005,7.630000000000001,32.33,5.68,-2.84
2025-08-13T12:19:12.979624,-10.0,0.0,-49.0,-23.0,30.0,-25.0,55.0,-7.0,-19.0,-66.0,28.0,-43.0,-24.47,-18.93,-34.8,-38.86,11.32,5.289999999999999,31.52,-28.37,-10.37,-46.67,-6.32,-22.84
2025-08-13T12:19:12.983865,62.0,87.0,-66.0,69.0,-36.0,-35.0,-32.0,29.0,19.0,22.0,25.0,-7.0,47.53,68.07,-51.8,53.14,-54.68,-4.710000000000001,-55.480000000000004,7.629999999999999,27.630000000000003,41.33,-9.32,13.16
2025-08-13T12:19:12.986939,76.0,-7.0,-81.0,20.0,24.0,-42.0,-58.0,11.0,-26.0,-34.0,27.0,-70.0,61.53,-25.93,-66.8,4.140000000000001,5.32,-11.71,-81.48,-10.370000000000001,-17.369999999999997,-14.670000000000002,-7.32,-49.84
2025-08-13T12:19:12.989315,73.0,26.0,-59.0,-17.0,41.0,-39.0,6.0,42.0,-11.0,16.0,-4.0,-24.0,58.53,7.07,-44.8,-32.86,22.32,-8.71,-17.48,20.63,-2.369999999999999,35.33,-38.32,-3.84
2025-08-13T12:19:12.996060,64.0,54.0,-44.0,37.0,23.0,-24.0,34.0,5.0,-27.0,34.0,116.0,-46.0,49.53,35.07,-29.8,21.14,4.32,6.289999999999999,10.52,-16.37,-18.369999999999997,53.33,81.68,-25.84
2025-08-13T12:19:13.000486,75.0,13.0,-43.0,68.0,-8.0,-37.0,-8.0,-29.0,7.0,20.0,66.0,-29.0,60.53,-5.93,-28.8,52.14,-26.68,-6.710000000000001,-31.48,-50.370000000000005,15.63,39.33,31.68,-8.84
2025-08-13T12:19:13.004427,-11.0,36.0,-18.0,22.0,10.0,-65.0,65.0,64.0,-56.0,-1.0,45.0,3.0,-25.47,17.07,-3.8000000000000007,6.140000000000001,-8.68,-34.71,41.519999999999996,42.629999999999995,-47.37,18.33,10.68,23.16
2025-08-13T12:19:13.012580,93.0,-4.0,26.0,-45.0,-30.0,-40.0,38.0,3.0,-50.0,-20.0,102.0,39.0,78.53,-22.93,40.2,-60.86,-48.68,-9.71,14.52,-18.37,-41.37,-0.6700000000000017,67.68,59.16
2025-08-13T12:19:13.017357,24.0,41.0,36.0,40.0,31.0,-36.0,27.0,-22.0,-119.0,-13.0,57.0,10.0,9.53,22.07,50.2,24.14,12.32,-5.710000000000001,3.5199999999999996,-43.370000000000005,-110.37,6.329999999999998,22.68,30.16
2025-08-13T12:19:13.024703,-2.0,5.0,-48.0,63.0,45.0,-29.0,10.0,59.0,-15.0,71.0,60.0,40.0,-16.47,-13.93,-33.8,47.14,26.32,1.2899999999999991,-13.48,37.629999999999995,-6.369999999999999,90.33,25.68,60.16
2025-08-13T12:19:13.029549,-61.0,34.0,-39.0,30.0,-25.0,-80.0,91.0,-56.0,-16.0,0.0,7.0,-49.0,-75.47,15.07,-24.8,14.14,-43.68,-49.71,67.52,-77.37,-7.369999999999999,19.33,-27.32,-28.84
2025-08-13T12:19:13.037156,-70.0,55.0,-45.0,-29.0,44.0,-58.0,-38.0,-7.0,-103.0,23.0,29.0,-68.0,-84.47,36.07,-30.8,-44.86,25.32,-27.71,-61.480000000000004,-28.37,-94.37,42.33,-5.32,-47.84
2025-08-13T12:19:13.041857,20.0,102.0,-24.0,15.0,-43.0,-50.0,-15.0,82.0,-16.0,-2.0,86.0,-69.0,5.529999999999999,83.07,-9.8,-0.8599999999999994,-61.68,-19.71,-38.480000000000004,60.629999999999995,-7.369999999999999,17.33,51.68,-48.84
2025-08-13T12:19:13.049757,30.0,3.0,-111.0,21.0,-1.0,-3.0,36.0,-26.0,-2.0,-10.0,-11.0,-3.0,15.53,-15.93,-96.8,5.140000000000001,-19.68,27.29,12.52,-47.370000000000005,6.630000000000001,9.329999999999998,-45.32,17.16
2025-08-13T12:19:13.053567,56.0,25.0,-22.0,26.0,87.0,-82.0,-46.0,13.0,-1.0,-13.0,65.0,-76.0,41.53,6.07,-7.800000000000001,10.14,68.32,-51.71,-69.48,-8.370000000000001,7.630000000000001,6.329999999999998,30.68,-55.84
2025-08-13T12:19:13.061646,87.0,23.0,-22.0,53.0,-19.0,17.0,11.0,38.0,-58.0,-33.0,65.0,-32.0,72.53,4.07,-7.800000000000001,37.14,-37.68,47.29,-12.48,16.63,-49.37,-13.670000000000002,30.68,-11.84
2025-08-13T12:19:13.065858,34.0,44.0,-57.0,48.0,114.0,-38.0,28.0,11.0,-59.0,-64.0,-43.0,-46.0,19.53,25.07,-42.8,32.14,95.32,-7.710000000000001,4.52,-10.370000000000001,-50.37,-44.67,-77.32,-25.84
2025-08-13T12:19:13.074069,45.0,13.0,-120.0,-7.0,26.0,-101.0,9.0,-13.0,-66.0,-110.0,32.0,-44.0,30.53,-5.93,-105.8,-22.86,7.32,-70.71000000000001,-14.48,-34.370000000000005,-57.37,-90.67,-2.3200000000000003,-23.84
2025-08-13T12:19:13.081987,61.0,42.0,-37.0,85.0,104.0,-25.0,51.0,40.0,-36.0,-11.0,113.0,-26.0,46.53,23.07,-22.8,69.14,85.32,5.289999999999999,27.52,18.63,-27.369999999999997,8.329999999999998,78.68,-5.84
2025-08-13T12:19:13.086347,9.0,82.0,31.0,38.0,47.0,-52.0,9.0,60.0,-27.0,68.0,27.0,-69.0,-5.470000000000001,63.07,45.2,22.14,28.32,-21.71,-14.48,38.629999999999995,-18.369999999999997,87.33,-7.32,-48.84
2025-08-13T12:19:13.090449,-9.0,20.0,10.0,-3.0,36.0,-19.0,-73.0,51.0,-20.0,14.0,14.0,-18.0,-23.47,1.0700000000000003,24.2,-18.86,17.32,11.29,-96.48,29.63,-11.37,33.33,-20.32,2.16
2025-08-13T12:19:13.098672,5.0,66.0,-33.0,50.0,22.0,-76.0,33.0,43.0,-59.0,17.0,45.0,-79.0,-9.47,47.07,-18.8,34.14,3.3200000000000003,-45.71,9.52,21.63,-50.37,36.33,10.68,-58.84
2025-08-13T12:19:13.102722,-12.0,99.0,-10.0,28.0,-41.0,-50.0,-36.0,94.0,-28.0,19.0,40.0,-40.0,-26.47,80.07,4.199999999999999,12.14,-59.68,-19.71,-59.480000000000004,72.63,-19.369999999999997,38.33,5.68,-19.84
2025-08-13T12:19:13.110953,16.0,41.0,-53.0,9.0,-52.0,-34.0,5.0,2.0,-73.0,11.0,82.0,-72.0,1.5299999999999994,22.07,-38.8,-6.859999999999999,-70.68,-3.710000000000001,-18.48,-19.37,-64.37,30.33,47.68,-51.84
2025-08-13T12:19:13.114986,78.0,84.0,-26.0,21.0,-19.0,-92.0,-17.0,42.0,-63.0,5.0,42.0,-21.0,63.53,65.07,-11.8,5.140000000000001,-37.68,-61.71,-40.480000000000004,20.63,-54.37,24.33,7.68,-0.8399999999999999
2025-08-13T12:19:13.123305,112.0,41.0,10.0,35.0,4.0,-106.0,32.0,30.0,8.0,-46.0,-19.0,-35.0,97.53,22.07,24.2,19.14,-14.68,-75.71000000000001,8.52,8.629999999999999,16.630000000000003,-26.67,-53.32,-14.84
2025-08-13T12:19:13.127447,82.0,2.0,-87.0,34.0,-8.0,-16.0,37.0,13.0,-57.0,-39.0,83.0,-23.0,67.53,-16.93,-72.8,18.14,-26.68,14.29,13.52,-8.370000000000001,-48.37,-19.67,48.68,-2.84
2025-08-13T12:19:13.135662,-9.0,26.0,-8.0,81.0,-7.0,-39.0,47.0,-8.0,-138.0,-58.0,37.0,-82.0,-23.47,7.07,6.199999999999999,65.14,-25.68,-8.71,23.52,-29.37,-129.37,-38.67,2.6799999999999997,-61.84
2025-08-13T12:19:13.139657,79.0,76.0,-73.0,73.0,65.0,-94.0,5.0,17.0,-71.0,-28.0,83.0,-18.0,64.53,57.07,-58.8,57.14,46.32,-63.71,-18.48,-4.370000000000001,-62.37,-8.670000000000002,48.68,2.16
2025-08-13T12:19:13.147814,37.0,80.0,-81.0,-11.0,-34.0,9.0,-23.0,25.0,-61.0,-60.0,22.0,1.0,22.53,61.07,-66.8,-26.86,-52.68,39.29,-46.480000000000004,3.629999999999999,-52.37,-40.67,-12.32,21.16
2025-08-13T12:19:13.151923,39.0,-15.0,-144.0,13.0,-58.0,-58.0,62.0,54.0,-100.0,-69.0,68.0,10.0,24.53,-33.93,-129.8,-2.8599999999999994,-76.68,-27.71,38.519999999999996,32.629999999999995,-91.37,-49.67,33.68,30.16
2025-08-13T12:19:13.160057,14.0,37.0,-5.0,-8.0,-2.0,-96.0,44.0,41.0,-56.0,-27.0,61.0,-21.0,-0.47000000000000064,18.07,9.2,-23.86,-20.68,-65.71000000000001,20.52,19.63,-47.37,-7.670000000000002,26.68,-0.8399999999999999
2025-08-13T12:19:13.164589,23.0,-11.0,-148.0,-28.0,-53.0,-39.0,53.0,13.0,-98.0,-42.0,74.0,-22.0,8.53,-29.93,-133.8,-43.86,-71.68,-8.71,29.52,-8.370000000000001,-89.37,-22.67,39.68,-1.8399999999999999
2025-08-13T12:19:13.172292,89.0,7.0,-10.0,42.0,84.0,-87.0,-76.0,11.0,-62.0,13.0,58.0,-105.0,74.53,-11.93,4.199999999999999,26.14,65.32,-56.71,-99.48,-10.370000000000001,-53.37,32.33,23.68,-84.84
2025-08-13T12:19:13.176557,3.0,64.0,6.0,13.0,64.0,-53.0,11.0,57.0,-38.0,55.0,-2.0,-62.0,-11.47,45.07,20.2,-2.8599999999999994,45.32,-22.71,-12.48,35.629999999999995,-29.369999999999997,74.33,-36.32,-41.84
2025-08-13T12:19:13.184566,-31.0,-22.0,-75.0,20.0,52.0,-25.0,-2.0,20.0,-47.0,0.0,28.0,-92.0,-45.47,-40.93,-60.8,4.140000000000001,33.32,5.289999999999999,-25.48,-1.370000000000001,-38.37,19.33,-6.32,-71.84
2025-08-13T12:19:13.188689,39.0,54.0,-6.0,-12.0,38.0,-103.0,-2.0,35.0,-47.0,17.0,15.0,-79.0,24.53,35.07,8.2,-27.86,19.32,-72.71000000000001,-25.48,13.629999999999999,-38.37,36.33,-19.32,-58.84
2025-08-13T12:19:13.196834,56.0,10.0,-71.0,32.0,95.0,-56.0,-28.0,38.0,-57.0,25.0,35.0,-95.0,41.53,-8.93,-56.8,16.14,76.32,-25.71,-51.480000000000004,16.63,-48.37,44.33,0.6799999999999997,-74.84
2025-08-13T12:19:13.201428,-25.0,49.0,1.0,113.0,37.0,-122.0,-1.0,49.0,-49.0,4.0,46.0,-41.0,-39.47,30.07,15.2,97.14,18.32,-91.71000000000001,-24.48,27.63,-40.37,23.33,11.68,-20.84
2025-08-13T12:19:13.209105,24.0,41.0,15.0,62.0,-86.0,-35.0,-8.0,3.0,-95.0,18.0,60.0,9.0,9.53,22.07,29.2,46.14,-104.68,-4.710000000000001,-31.48,-18.37,-86.37,37.33,25.68,29.16
2025-08-13T12:19:13.213268,18.0,61.0,-56.0,71.0,-2.0,-49.0,45.0,26.0,-87.0,-37.0,51.0,-75.0,3.5299999999999994,42.07,-41.8,55.14,-20.68,-18.71,21.52,4.629999999999999,-78.37,-17.67,16.68,-54.84
2025-08-13T12:19:13.221412,-5.0,16.0,-104.0,31.0,26.0,-46.0,13.0,59.0,-78.0,13.0,-11.0,-87.0,-19.47,-2.9299999999999997,-89.8,15.14,7.32,-15.71,-10.48,37.629999999999995,-69.37,32.33,-45.32,-66.84
2025-08-13T12:19:13.225606,86.0,30.0,-124.0,38.0,-2.0,-56.0,-5.0,-13.0,-72.0,-68.0,62.0,-61.0,71.53,11.07,-109.8,22.14,-20.68,-25.71,-28.48,-34.370000000000005,-63.37,-48.67,27.68,-40.84
2025-08-13T12:19:13.233735,10.0,66.0,-62.0,-4.0,-18.0,-74.0,-11.0,-37.0,-40.0,39.0,81.0,-58.0,-4.470000000000001,47.07,-47.8,-19.86,-36.68,-43.71,-34.480000000000004,-58.370000000000005,-31.369999999999997,58.33,46.68,-37.84
2025-08-13T12:19:13.238102,2.0,-9.0,-129.0,39.0,62.0,-137.0,5.0,12.0,-59.0,-43.0,85.0,-89.0,-12.47,-27.93,-114.8,23.14,43.32,-106.71000000000001,-18.48,-9.370000000000001,-50.37,-23.67,50.68,-68.84
2025-08-13T12:19:13.245987,20.0,53.0,-81.0,50.0,10.0,-85.0,-38.0,-62.0,-9.0,-98.0,66.0,-75.0,5.529999999999999,34.07,-66.8,34.14,-8.68,-54.71,-61.480000000000004,-83.37,-0.3699999999999992,-78.67,31.68,-54.84
2025-08-13T12:19:13.250559,23.0,124.0,-73.0,15.0,6.0,-47.0,22.0,41.0,-48.0,-100.0,78.0,-57.0,8.53,105.07,-58.8,-0.8599999999999994,-12.68,-16.71,-1.4800000000000004,19.63,-39.37,-80.67,43.68,-36.84
2025-08-13T12:19:13.258237,-9.0,50.0,-77.0,60.0,49.0,-58.0,-59.0,41.0,-20.0,-123.0,76.0,-93.0,-23.47,31.07,-62.8,44.14,30.32,-27.71,-82.48,19.63,-11.37,-103.67,41.68,-72.84
2025-08-13T12:19:13.262494,62.0,49.0,-97.0,37.0,49.0,-33.0,79.0,26.0,-63.0,-17.0,94.0,-72.0,47.53,30.07,-82.8,21.14,30.32,-2.710000000000001,55.519999999999996,4.629999999999999,-54.37,2.3299999999999983,59.68,-51.84
2025-08-13T12:19:13.270565,-6.0,17.0,-56.0,48.0,-43.0,-115.0,40.0,28.0,-66.0,-28.0,-53.0,-156.0,-20.47,-1.9299999999999997,-41.8,32.14,-61.68,-84.71000000000001,16.52,6.629999999999999,-57.37,-8.670000000000002,-87.32,-135.84
2025-08-13T12:19:13.274642,-52.0,19.0,-82.0,43.0,17.0,-57.0,62.0,-32.0,3.0,22.0,31.0,-50.0,-66.47,0.07000000000000028,-67.8,27.14,-1.6799999999999997,-26.71,38.519999999999996,-53.370000000000005,11.63,41.33,-3.3200000000000003,-29.84
2025-08-13T12:19:13.282766,20.0,13.0,-21.0,69.0,18.0,-64.0,34.0,-2.0,-78.0,-25.0,-38.0,-12.0,5.529999999999999,-5.93,-6.800000000000001,53.14,-0.6799999999999997,-33.71,10.52,-23.37,-69.37,-5.670000000000002,-72.32,8.16
2025-08-13T12:19:13.287256,2.0,16.0,-26.0,39.0,-3.0,-68.0,28.0,-5.0,-48.0,-48.0,37.0,-50.0,-12.47,-2.9299999999999997,-11.8,23.14,-21.68,-37.71,4.52,-26.37,-39.37,-28.67,2.6799999999999997,-29.84
2025-08-13T12:19:13.295020,44.0,70.0,-28.0,-9.0,5.0,-39.0,-62.0,27.0,-79.0,-58.0,44.0,-73.0,29.53,51.07,-13.8,-24.86,-13.68,-8.71,-85.48,5.629999999999999,-70.37,-38.67,9.68,-52.84
2025-08-13T12:19:13.299259,67.0,54.0,-73.0,24.0,39.0,-18.0,-17.0,-47.0,-14.0,-59.0,83.0,-47.0,52.53,35.07,-58.8,8.14,20.32,12.29,-40.480000000000004,-68.37,-5.369999999999999,-39.67,48.68,-26.84
2025-08-13T12:19:13.303683,29.0,50.0,-70.0,-6.0,32.0,-54.0,-48.0,29.0,-65.0,5.0,64.0,-36.0,14.53,31.07,-55.8,-21.86,13.32,-23.71,-71.48,7.629999999999999,-56.37,24.33,29.68,-15.84
2025-08-13T12:19:13.311629,-30.0,56.0,-82.0,22.0,-7.0,-104.0,-47.0,-29.0,-41.0,-47.0,105.0,-40.0,-44.47,37.07,-67.8,6.140000000000001,-25.68,-73.71000000000001,-70.48,-50.370000000000005,-32.37,-27.67,70.68,-19.84
2025-08-13T12:19:13.319625,1.0,41.0,-61.0,44.0,10.0,-121.0,-33.0,12.0,-141.0,-103.0,121.0,-137.0,-13.47,22.07,-46.8,28.14,-8.68,-90.71000000000001,-56.480000000000004,-9.370000000000001,-132.37,-83.67,86.68,-116.84
2025-08-13T12:19:13.324063,15.0,88.0,-80.0,-6.0,19.0,-128.0,10.0,2.0,-69.0,87.0,46.0,-108.0,0.5299999999999994,69.07,-65.8,-21.86,0.3200000000000003,-97.71000000000001,-13.48,-19.37,-60.37,106.33,11.68,-87.84
2025-08-13T12:19:13.331900,61.0,16.0,-115.0,28.0,-6.0,-107.0,26.0,-61.0,-50.0,-4.0,38.0,-96.0,46.53,-2.9299999999999997,-100.8,12.14,-24.68,-76.71000000000001,2.5199999999999996,-82.37,-41.37,15.329999999999998,3.6799999999999997,-75.84
2025-08-13T12:19:13.336739,24.0,68.0,-49.0,56.0,42.0,-58.0,22.0,40.0,-73.0,0.0,23.0,-33.0,9.53,49.07,-34.8,40.14,23.32,-27.71,-1.4800000000000004,18.63,-64.37,19.33,-11.32,-12.84
2025-08-13T12:19:13.344184,66.0,-17.0,-113.0,20.0,35.0,-89.0,36.0,-28.0,-45.0,41.0,-2.0,-99.0,51.53,-35.93,-98.8,4.140000000000001,16.32,-58.71,12.52,-49.370000000000005,-36.37,60.33,-36.32,-78.84
2025-08-13T12:19:13.349753,81.0,50.0,-127.0,60.0,2.0,-123.0,-11.0,-64.0,-85.0,-79.0,-10.0,5.0,66.53,31.07,-112.8,44.14,-16.68,-92.71000000000001,-34.480000000000004,-85.37,-76.37,-59.67,-44.32,25.16
2025-08-13T12:19:13.356548,8.0,63.0,-41.0,75.0,4.0,-124.0,-30.0,55.0,-53.0,-100.0,105.0,-68.0,-6.470000000000001,44.07,-26.8,59.14,-14.68,-93.71000000000001,-53.480000000000004,33.629999999999995,-44.37,-80.67,70.68,-47.84
2025-08-13T12:19:13.360741,-48.0,85.0,-100.0,-9.0,-5.0,-74.0,40.0,19.0,-42.0,-29.0,61.0,-89.0,-62.47,66.07,-85.8,-24.86,-23.68,-43.71,16.52,-2.370000000000001,-33.37,-9.670000000000002,26.68,-68.84
2025-08-13T12:19:13.368805,69.0,54.0,-59.0,48.0,-11.0,-182.0,34.0,39.0,-113.0,-64.0,62.0,-97.0,54.53,35.07,-44.8,32.14,-29.68,-151.71,10.52,17.63,-104.37,-44.67,27.68,-76.84
2025-08-13T12:19:13.373285,102.0,3.0,-132.0,52.0,-4.0,-135.0,-23.0,-29.0,-69.0,38.0,44.0,-108.0,87.53,-15.93,-117.8,36.14,-22.68,-104.71000000000001,-46.480000000000004,-50.370000000000005,-60.37,57.33,9.68,-87.84
2025-08-13T12:19:13.381238,34.0,29.0,-66.0,10.0,30.0,-101.0,29.0,-44.0,-81.0,26.0,-9.0,-55.0,19.53,10.07,-51.8,-5.859999999999999,11.32,-70.71000000000001,5.52,-65.37,-72.37,45.33,-43.32,-34.84
2025-08-13T12:19:13.385654,-12.0,47.0,-65.0,22.0,46.0,-105.0,2.0,30.0,-129.0,-37.0,1.0,-132.0,-26.47,28.07,-50.8,6.140000000000001,27.32,-74.71000000000001,-21.48,8.629999999999999,-120.37,-17.67,-33.32,-111.84
2025-08-13T12:19:13.393658,56.0,3.0,-150.0,85.0,15.0,-89.0,-16.0,29.0,-72.0,-29.0,111.0,-89.0,41.53,-15.93,-135.8,69.14,-3.6799999999999997,-58.71,-39.480000000000004,7.629999999999999,-63.37,-9.670000000000002,76.68,-68.84
2025-08-13T12:19:13.397996,-5.0,41.0,-123.0,57.0,-48.0,-34.0,21.0,-42.0,-100.0,-37.0,60.0,-121.0,-19.47,22.07,-108.8,41.14,-66.68,-3.710000000000001,-2.4800000000000004,-63.370000000000005,-91.37,-17.67,25.68,-100.84
2025-08-13T12:19:13.407196,125.0,28.0,-219.0,91.0,-33.0,-157.0,-15.0,53.0,-128.0,-52.0,57.0,-119.0,110.53,9.07,-204.8,75.14,-51.68,-126.71000000000001,-38.480000000000004,31.63,-119.37,-32.67,22.68,-98.84
2025-08-13T12:19:13.410376,48.0,-6.0,-37.0,49.0,-55.0,-134.0,5.0,29.0,-110.0,-54.0,33.0,-75.0,33.53,-24.93,-22.8,33.14,-73.68,-103.71000000000001,-18.48,7.629999999999999,-101.37,-34.67,-1.3200000000000003,-54.84
2025-08-13T12:19:13.418808,92.0,23.0,-117.0,29.0,-9.0,-98.0,-8.0,35.0,-61.0,-51.0,64.0,-108.0,77.53,4.07,-102.8,13.14,-27.68,-67.71000000000001,-31.48,13.629999999999999,-52.37,-31.67,29.68,-87.84
2025-08-13T12:19:13.422898,9.0,103.0,-74.0,11.0,-16.0,-127.0,91.0,2.0,-76.0,-22.0,99.0,-75.0,-5.470000000000001,84.07,-59.8,-4.859999999999999,-34.68,-96.71000000000001,67.52,-19.37,-67.37,-2.6700000000000017,64.68,-54.84
2025-08-13T12:19:13.431372,10.0,56.0,-123.0,36.0,16.0,-79.0,-20.0,5.0,-124.0,-24.0,71.0,-136.0,-4.470000000000001,37.07,-108.8,20.14,-2.6799999999999997,-48.71,-43.480000000000004,-16.37,-115.37,-4.670000000000002,36.68,-115.84
2025-08-13T12:19:13.435046,-10.0,78.0,-119.0,71.0,-31.0,-66.0,-25.0,2.0,-81.0,-16.0,-3.0,-90.0,-24.47,59.07,-104.8,55.14,-49.68,-35.71,-48.480000000000004,-19.37,-72.37,3.3299999999999983,-37.32,-69.84
2025-08-13T12:19:13.443329,47.0,117.0,-116.0,59.0,-35.0,-102.0,-11.0,-24.0,-132.0,-2.0,32.0,-164.0,32.53,98.07,-101.8,43.14,-53.68,-71.71000000000001,-34.480000000000004,-45.370000000000005,-123.37,17.33,-2.3200000000000003,-143.84
2025-08-13T12:19:13.447338,63.0,35.0,-112.0,25.0,25.0,-65.0,54.0,-42.0,-110.0,-32.0,-19.0,-100.0,48.53,16.07,-97.8,9.14,6.32,-34.71,30.52,-63.370000000000005,-101.37,-12.670000000000002,-53.32,-79.84
2025-08-13T12:19:13.455486,88.0,-30.0,-100.0,-8.0,15.0,-152.0,-62.0,-48.0,-74.0,-61.0,8.0,-101.0,73.53,-48.93,-85.8,-23.86,-3.6799999999999997,-121.71000000000001,-85.48,-69.37,-65.37,-41.67,-26.32,-80.84
2025-08-13T12:19:13.460400,74.0,5.0,-134.0,27.0,-13.0,-118.0,-28.0,13.0,-115.0,-72.0,49.0,-120.0,59.53,-13.93,-119.8,11.14,-31.68,-87.71000000000001,-51.480000000000004,-8.370000000000001,-106.37,-52.67,14.68,-99.84
2025-08-13T12:19:13.468621,44.0,35.0,-52.0,3.0,8.0,-66.0,-43.0,-66.0,-168.0,-47.0,86.0,-162.0,29.53,16.07,-37.8,-12.86,-10.68,-35.71,-66.48,-87.37,-159.37,-27.67,51.68,-141.84
2025-08-13T12:19:13.472254,2.0,53.0,-95.0,-7.0,-10.0,-134.0,15.0,-17.0,-189.0,45.0,103.0,-117.0,-12.47,34.07,-80.8,-22.86,-28.68,-103.71000000000001,-8.48,-38.370000000000005,-180.37,64.33,68.68,-96.84
2025-08-13T12:19:13.480213,32.0,85.0,-128.0,26.0,5.0,-125.0,-34.0,-64.0,-99.0,-3.0,23.0,-134.0,17.53,66.07,-113.8,10.14,-13.68,-94.71000000000001,-57.480000000000004,-85.37,-90.37,16.33,-11.32,-113.84
2025-08-13T12:19:13.484596,92.0,24.0,-149.0,49.0,-70.0,-143.0,-37.0,-21.0,-112.0,-24.0,10.0,-182.0,77.53,5.07,-134.8,33.14,-88.68,-112.71000000000001,-60.480000000000004,-42.370000000000005,-103.37,-4.670000000000002,-24.32,-161.84
2025-08-13T12:19:13.492266,93.0,22.0,-202.0,-20.0,5.0,-130.0,10.0,-4.0,-99.0,-68.0,-5.0,-79.0,78.53,3.0700000000000003,-187.8,-35.86,-13.68,-99.71000000000001,-13.48,-25.37,-90.37,-48.67,-39.32,-58.84
2025-08-13T12:19:13.497584,67.0,22.0,-194.0,12.0,-83.0,-106.0,-40.0,72.0,-118.0,-77.0,75.0,-72.0,52.53,3.0700000000000003,-179.8,-3.8599999999999994,-101.68,-75.71000000000001,-63.480000000000004,50.629999999999995,-109.37,-57.67,40.68,-51.84
2025-08-13T12:19:13.507190,88.0,21.0,-72.0,-10.0,33.0,-178.0,-14.0,-54.0,-136.0,-65.0,58.0,-117.0,73.53,2.0700000000000003,-57.8,-25.86,14.32,-147.71,-37.480000000000004,-75.37,-127.37,-45.67,23.68,-96.84
2025-08-13T12:19:13.516629,13.0,4.0,-117.0,104.0,-3.0,-98.0,-20.0,-12.0,-67.0,-27.0,83.0,-191.0,-1.4700000000000006,-14.93,-102.8,88.14,-21.68,-67.71000000000001,-43.480000000000004,-33.370000000000005,-58.37,-7.670000000000002,48.68,-170.84
2025-08-13T12:19:13.522760,-35.0,58.0,-112.0,-11.0,-38.0,-112.0,-12.0,-1.0,-123.0,-73.0,100.0,-134.0,-49.47,39.07,-97.8,-26.86,-56.68,-81.71000000000001,-35.480000000000004,-22.37,-114.37,-53.67,65.68,-113.84
2025-08-13T12:19:13.525711,79.0,101.0,-146.0,20.0,2.0,-137.0,1.0,59.0,-39.0,-64.0,16.0,-97.0,64.53,82.07,-131.8,4.140000000000001,-16.68,-106.71000000000001,-22.48,37.629999999999995,-30.369999999999997,-44.67,-18.32,-76.84
2025-08-13T12:19:13.529473,93.0,42.0,-133.0,77.0,17.0,-125.0,-1.0,28.0,-131.0,-12.0,81.0,-85.0,78.53,23.07,-118.8,61.14,-1.6799999999999997,-94.71000000000001,-24.48,6.629999999999999,-122.37,7.329999999999998,46.68,-64.84
2025-08-13T12:19:13.536847,4.0,104.0,-229.0,0.0,-32.0,-210.0,0.0,-25.0,-171.0,-10.0,111.0,-83.0,-10.47,85.07,-214.8,-15.86,-50.68,-179.71,-23.48,-46.370000000000005,-162.37,9.329999999999998,76.68,-62.84
2025-08-13T12:19:13.541553,74.0,29.0,-107.0,45.0,-14.0,-111.0,32.0,10.0,-129.0,-102.0,117.0,-116.0,59.53,10.07,-92.8,29.14,-32.68,-80.71000000000001,8.52,-11.370000000000001,-120.37,-82.67,82.68,-95.84
2025-08-13T12:19:13.549205,39.0,71.0,-68.0,47.0,-90.0,-135.0,-14.0,-22.0,-126.0,-3.0,45.0,-197.0,24.53,52.07,-53.8,31.14,-108.68,-104.71000000000001,-37.480000000000004,-43.370000000000005,-117.37,16.33,10.68,-176.84
2025-08-13T12:19:13.553602,29.0,76.0,-185.0,64.0,-8.0,-147.0,-38.0,-13.0,-93.0,-44.0,65.0,-127.0,14.53,57.07,-170.8,48.14,-26.68,-116.71000000000001,-61.480000000000004,-34.370000000000005,-84.37,-24.67,30.68,-106.84
2025-08-13T12:19:13.561460,119.0,72.0,-154.0,39.0,-15.0,-132.0,-28.0,-32.0,-68.0,-34.0,87.0,-150.0,104.53,53.07,-139.8,23.14,-33.68,-101.71000000000001,-51.480000000000004,-53.370000000000005,-59.37,-14.670000000000002,52.68,-129.84
2025-08-13T12:19:13.565756,52.0,34.0,-91.0,49.0,-66.0,-136.0,-28.0,12.0,-102.0,-66.0,56.0,-113.0,37.53,15.07,-76.8,33.14,-84.68,-105.71000000000001,-51.480000000000004,-9.370000000000001,-93.37,-46.67,21.68,-92.84
2025-08-13T12:19:13.573711,51.0,38.0,-139.0,8.0,16.0,-124.0,-23.0,59.0,-120.0,-12.0,0.0,-138.0,36.53,19.07,-124.8,-7.859999999999999,-2.6799999999999997,-93.71000000000001,-46.480000000000004,37.629999999999995,-111.37,7.329999999999998,-34.32,-117.84
2025-08-13T12:19:13.578054,69.0,-7.0,-168.0,-17.0,-29.0,-129.0,2.0,-22.0,-157.0,-76.0,62.0,-117.0,54.53,-25.93,-153.8,-32.86,-47.68,-98.71000000000001,-21.48,-43.370000000000005,-148.37,-56.67,27.68,-96.84
2025-08-13T12:19:13.586174,-44.0,6.0,-140.0,69.0,-26.0,-169.0,-35.0,15.0,-116.0,-113.0,20.0,-135.0,-58.47,-12.93,-125.8,53.14,-44.68,-138.71,-58.480000000000004,-6.370000000000001,-107.37,-93.67,-14.32,-114.84
2025-08-13T12:19:13.590568,-3.0,87.0,-184.0,18.0,-39.0,-130.0,21.0,25.0,-151.0,-24.0,116.0,-119.0,-17.47,68.07,-169.8,2.1400000000000006,-57.68,-99.71000000000001,-2.4800000000000004,3.629999999999999,-142.37,-4.670000000000002,81.68,-98.84
2025-08-13T12:19:13.599880,102.0,76.0,-163.0,34.0,-19.0,-117.0,-17.0,37.0,-102.0,-44.0,64.0,-97.0,87.53,57.07,-148.8,18.14,-37.68,-86.71000000000001,-40.480000000000004,15.629999999999999,-93.37,-24.67,29.68,-76.84
2025-08-13T12:19:13.606295,51.0,24.0,-133.0,68.0,19.0,-98.0,36.0,41.0,-136.0,-120.0,-8.0,-113.0,36.53,5.07,-118.8,52.14,0.3200000000000003,-67.71000000000001,12.52,19.63,-127.37,-100.67,-42.32,-92.84
2025-08-13T12:19:13.611533,103.0,1.0,-111.0,36.0,-24.0,-195.0,-9.0,38.0,-140.0,-66.0,47.0,-133.0,88.53,-17.93,-96.8,20.14,-42.68,-164.71,-32.480000000000004,16.63,-131.37,-46.67,12.68,-112.84
2025-08-13T12:19:13.618645,14.0,-40.0,-100.0,64.0,19.0,-99.0,-3.0,7.0,-149.0,-53.0,124.0,-155.0,-0.47000000000000064,-58.93,-85.8,48.14,0.3200000000000003,-68.71000000000001,-26.48,-14.370000000000001,-140.37,-33.67,89.68,-134.84
2025-08-13T12:19:13.623807,-18.0,12.0,-141.0,70.0,-22.0,-162.0,-59.0,-10.0,-127.0,-111.0,73.0,-196.0,-32.47,-6.93,-126.8,54.14,-40.68,-131.71,-82.48,-31.37,-118.37,-91.67,38.68,-175.84
2025-08-13T12:19:13.631747,98.0,48.0,-149.0,-14.0,-22.0,-128.0,-39.0,-23.0,-152.0,-30.0,57.0,-106.0,83.53,29.07,-134.8,-29.86,-40.68,-97.71000000000001,-62.480000000000004,-44.370000000000005,-143.37,-10.670000000000002,22.68,-85.84
2025-08-13T12:19:13.635761,83.0,42.0,-172.0,1.0,-13.0,-107.0,11.0,35.0,-135.0,-126.0,52.0,-100.0,68.53,23.07,-157.8,-14.86,-31.68,-76.71000000000001,-12.48,13.629999999999999,-126.37,-106.67,17.68,-79.84
2025-08-13T12:19:13.644085,79.0,-4.0,-135.0,54.0,-30.0,-144.0,8.0,27.0,-134.0,-131.0,85.0,-120.0,64.53,-22.93,-120.8,38.14,-48.68,-113.71000000000001,-15.48,5.629999999999999,-125.37,-111.67,50.68,-99.84
2025-08-13T12:19:13.653818,-8.0,70.0,-147.0,77.0,52.0,-115.0,-51.0,-25.0,-138.0,-39.0,81.0,-102.0,-22.47,51.07,-132.8,61.14,33.32,-84.71000000000001,-74.48,-46.370000000000005,-129.37,-19.67,46.68,-81.84
2025-08-13T12:19:13.663227,15.0,59.0,-139.0,27.0,-6.0,-120.0,-25.0,-20.0,-54.0,-81.0,61.0,-166.0,0.5299999999999994,40.07,-124.8,11.14,-24.68,-89.71000000000001,-48.480000000000004,-41.370000000000005,-45.37,-61.67,26.68,-145.84
2025-08-13T12:19:13.668105,89.0,73.0,-72.0,59.0,-19.0,-136.0,29.0,37.0,-124.0,-61.0,81.0,-163.0,74.53,54.07,-57.8,43.14,-37.68,-105.71000000000001,5.52,15.629999999999999,-115.37,-41.67,46.68,-142.84
2025-08-13T12:19:13.671116,-29.0,-3.0,-130.0,-23.0,56.0,-116.0,-33.0,-48.0,-67.0,-78.0,36.0,-120.0,-43.47,-21.93,-115.8,-38.86,37.32,-85.71000000000001,-56.480000000000004,-69.37,-58.37,-58.67,1.6799999999999997,-99.84
2025-08-13T12:19:13.673038,62.0,135.0,-116.0,134.0,-23.0,-89.0,50.0,-7.0,-156.0,-130.0,68.0,-51.0,47.53,116.07,-101.8,118.14,-41.68,-58.71,26.52,-28.37,-147.37,-110.67,33.68,-30.84
2025-08-13T12:19:13.680536,12.0,-4.0,-235.0,-8.0,47.0,-127.0,59.0,-31.0,-62.0,-73.0,55.0,-89.0,-2.4700000000000006,-22.93,-220.8,-23.86,28.32,-96.71000000000001,35.519999999999996,-52.370000000000005,-53.37,-53.67,20.68,-68.84
2025-08-13T12:19:13.688261,109.0,32.0,-131.0,23.0,19.0,-166.0,-16.0,-29.0,-84.0,-4.0,127.0,-198.0,94.53,13.07,-116.8,7.140000000000001,0.3200000000000003,-135.71,-39.480000000000004,-50.370000000000005,-75.37,15.329999999999998,92.68,-177.84
2025-08-13T12:19:13.692691,34.0,22.0,-118.0,101.0,-35.0,-169.0,-77.0,-52.0,-145.0,19.0,68.0,-103.0,19.53,3.0700000000000003,-103.8,85.14,-53.68,-138.71,-100.48,-73.37,-136.37,38.33,33.68,-82.84
2025-08-13T12:19:13.700599,10.0,69.0,-169.0,68.0,29.0,-165.0,-17.0,-43.0,-145.0,48.0,36.0,-179.0,-4.470000000000001,50.07,-154.8,52.14,10.32,-134.71,-40.480000000000004,-64.37,-136.37,67.33,1.6799999999999997,-158.84
2025-08-13T12:19:13.704937,70.0,116.0,-138.0,78.0,6.0,-118.0,36.0,2.0,-158.0,-76.0,29.0,-122.0,55.53,97.07,-123.8,62.14,-12.68,-87.71000000000001,12.52,-19.37,-149.37,-56.67,-5.32,-101.84
2025-08-13T12:19:13.712987,72.0,62.0,-134.0,27.0,-26.0,-134.0,-80.0,-2.0,-82.0,-51.0,78.0,-141.0,57.53,43.07,-119.8,11.14,-44.68,-103.71000000000001,-103.48,-23.37,-73.37,-31.67,43.68,-120.84
2025-08-13T12:19:13.717476,90.0,6.0,-54.0,38.0,0.0,-167.0,58.0,-17.0,-62.0,-37.0,81.0,-123.0,75.53,-12.93,-39.8,22.14,-18.68,-136.71,34.519999999999996,-38.370000000000005,-53.37,-17.67,46.68,-102.84
2025-08-13T12:19:13.725299,-30.0,4.0,-129.0,81.0,-15.0,-168.0,-42.0,28.0,-154.0,-86.0,124.0,-176.0,-44.47,-14.93,-114.8,65.14,-33.68,-137.71,-65.48,6.629999999999999,-145.37,-66.67,89.68,-155.84
2025-08-13T12:19:13.729762,11.0,21.0,-91.0,19.0,-32.0,-107.0,62.0,16.0,-165.0,22.0,79.0,-79.0,-3.4700000000000006,2.0700000000000003,-76.8,3.1400000000000006,-50.68,-76.71000000000001,38.519999999999996,-5.370000000000001,-156.37,41.33,44.68,-58.84
2025-08-13T12:19:13.737625,73.0,39.0,-112.0,51.0,-22.0,-187.0,0.0,12.0,-121.0,-25.0,37.0,-108.0,58.53,20.07,-97.8,35.14,-40.68,-156.71,-23.48,-9.370000000000001,-112.37,-5.670000000000002,2.6799999999999997,-87.84
2025-08-13T12:19:13.742202,1.0,94.0,-100.0,108.0,8.0,-94.0,-13.0,-76.0,-99.0,-48.0,-6.0,-90.0,-13.47,75.07,-85.8,92.14,-10.68,-63.71,-36.480000000000004,-97.37,-90.37,-28.67,-40.32,-69.84
2025-08-13T12:19:13.750766,55.0,105.0,-156.0,65.0,-33.0,-127.0,-61.0,-12.0,-83.0,-59.0,59.0,-85.0,40.53,86.07,-141.8,49.14,-51.68,-96.71000000000001,-84.48,-33.370000000000005,-74.37,-39.67,24.68,-64.84
2025-08-13T12:19:13.754694,101.0,61.0,-125.0,117.0,-22.0,-127.0,-25.0,-31.0,-98.0,-82.0,40.0,-185.0,86.53,42.07,-110.8,101.14,-40.68,-96.71000000000001,-48.480000000000004,-52.370000000000005,-89.37,-62.67,5.68,-164.84
2025-08-13T12:19:13.763181,22.0,5.0,-154.0,42.0,55.0,-166.0,-15.0,62.0,-117.0,-35.0,21.0,-169.0,7.529999999999999,-13.93,-139.8,26.14,36.32,-135.71,-38.480000000000004,40.629999999999995,-108.37,-15.670000000000002,-13.32,-148.84
2025-08-13T12:19:13.767050,94.0,25.0,-94.0,64.0,19.0,-129.0,-35.0,12.0,-92.0,-75.0,49.0,-168.0,79.53,6.07,-79.8,48.14,0.3200000000000003,-98.71000000000001,-58.480000000000004,-9.370000000000001,-83.37,-55.67,14.68,-147.84
2025-08-13T12:19:13.774767,44.0,99.0,-100.0,128.0,-54.0,-139.0,10.0,-48.0,-125.0,-24.0,-6.0,-195.0,29.53,80.07,-85.8,112.14,-72.68,-108.71000000000001,-13.48,-69.37,-116.37,-4.670000000000002,-40.32,-174.84
2025-08-13T12:19:13.780378,72.0,160.0,-118.0,-9.0,-43.0,-137.0,-34.0,53.0,-67.0,-76.0,16.0,-101.0,57.53,141.07,-103.8,-24.86,-61.68,-106.71000000000001,-57.480000000000004,31.63,-58.37,-56.67,-18.32,-80.84
2025-08-13T12:19:13.787105,75.0,37.0,-162.0,60.0,16.0,-153.0,-100.0,-36.0,-138.0,-42.0,48.0,-186.0,60.53,18.07,-147.8,44.14,-2.6799999999999997,-122.71000000000001,-123.48,-57.370000000000005,-129.37,-22.67,13.68,-165.84
2025-08-13T12:19:13.794849,128.0,99.0,-99.0,70.0,-8.0,-92.0,-11.0,7.0,-169.0,-118.0,55.0,-107.0,113.53,80.07,-84.8,54.14,-26.68,-61.71,-34.480000000000004,-14.370000000000001,-160.37,-98.67,20.68,-86.84
2025-08-13T12:19:13.799924,59.0,41.0,-151.0,10.0,-21.0,-150.0,-60.0,-6.0,-80.0,-95.0,122.0,-114.0,44.53,22.07,-136.8,-5.859999999999999,-39.68,-119.71000000000001,-83.48,-27.37,-71.37,-75.67,87.68,-93.84
2025-08-13T12:19:13.807477,37.0,71.0,-163.0,47.0,-16.0,-94.0,-72.0,22.0,-153.0,-53.0,16.0,-183.0,22.53,52.07,-148.8,31.14,-34.68,-63.71,-95.48,0.629999999999999,-144.37,-33.67,-18.32,-162.84
2025-08-13T12:19:13.811763,12.0,70.0,-134.0,49.0,-4.0,-140.0,-36.0,-1.0,-145.0,-59.0,42.0,-146.0,-2.4700000000000006,51.07,-119.8,33.14,-22.68,-109.71000000000001,-59.480000000000004,-22.37,-136.37,-39.67,7.68,-125.84
2025-08-13T12:19:13.819533,41.0,48.0,-177.0,8.0,-3.0,-98.0,-32.0,-7.0,-164.0,-4.0,0.0,-144.0,26.53,29.07,-162.8,-7.859999999999999,-21.68,-67.71000000000001,-55.480000000000004,-28.37,-155.37,15.329999999999998,-34.32,-123.84
2025-08-13T12:19:13.824813,19.0,47.0,-167.0,24.0,-22.0,-97.0,0.0,-19.0,-101.0,-68.0,41.0,-127.0,4.529999999999999,28.07,-152.8,8.14,-40.68,-66.71000000000001,-23.48,-40.370000000000005,-92.37,-48.67,6.68,-106.84
2025-08-13T12:19:13.832051,47.0,79.0,-189.0,-60.0,43.0,-108.0,-29.0,-13.0,-119.0,-63.0,92.0,-94.0,32.53,60.07,-174.8,-75.86,24.32,-77.71000000000001,-52.480000000000004,-34.370000000000005,-110.37,-43.67,57.68,-73.84
2025-08-13T12:19:13.836365,24.0,60.0,-93.0,62.0,1.0,-147.0,-98.0,60.0,-102.0,-14.0,54.0,-109.0,9.53,41.07,-78.8,46.14,-17.68,-116.71000000000001,-121.48,38.629999999999995,-93.37,5.329999999999998,19.68,-88.84
2025-08-13T12:19:13.844894,41.0,34.0,-145.0,77.0,-23.0,-94.0,0.0,-11.0,-154.0,-71.0,108.0,-106.0,26.53,15.07,-130.8,61.14,-41.68,-63.71,-23.48,-32.370000000000005,-145.37,-51.67,73.68,-85.84
2025-08-13T12:19:13.852820,67.0,47.0,-97.0,99.0,-66.0,-135.0,-24.0,-15.0,-170.0,-32.0,11.0,-123.0,52.53,28.07,-82.8,83.14,-84.68,-104.71000000000001,-47.480000000000004,-36.370000000000005,-161.37,-12.670000000000002,-23.32,-102.84
2025-08-13T12:19:13.860422,-12.0,48.0,-204.0,1.0,-54.0,-79.0,33.0,-25.0,-126.0,-17.0,16.0,-137.0,-26.47,29.07,-189.8,-14.86,-72.68,-48.71,9.52,-46.370000000000005,-117.37,2.3299999999999983,-18.32,-116.84
2025-08-13T12:19:13.866915,124.0,26.0,-148.0,36.0,1.0,-126.0,-75.0,35.0,-44.0,-49.0,10.0,-123.0,109.53,7.07,-133.8,20.14,-17.68,-95.71000000000001,-98.48,13.629999999999999,-35.37,-29.67,-24.32,-102.84
2025-08-13T12:19:13.871372,36.0,14.0,-192.0,30.0,-38.0,-126.0,-49.0,9.0,-127.0,-61.0,56.0,-100.0,21.53,-4.93,-177.8,14.14,-56.68,-95.71000000000001,-72.48,-12.370000000000001,-118.37,-41.67,21.68,-79.84
2025-08-13T12:19:13.874722,3.0,18.0,-99.0,75.0,-30.0,-113.0,-32.0,-5.0,-139.0,-108.0,109.0,-116.0,-11.47,-0.9299999999999997,-84.8,59.14,-48.68,-82.71000000000001,-55.480000000000004,-26.37,-130.37,-88.67,74.68,-95.84
2025-08-13T12:19:13.880877,-7.0,19.0,-138.0,0.0,-24.0,-159.0,-49.0,3.0,-93.0,-53.0,68.0,-218.0,-21.47,0.07000000000000028,-123.8,-15.86,-42.68,-128.71,-72.48,-18.37,-84.37,-33.67,33.68,-197.84
2025-08-13T12:19:13.886282,22.0,46.0,-113.0,99.0,-29.0,-167.0,9.0,-13.0,-139.0,-4.0,63.0,-140.0,7.529999999999999,27.07,-98.8,83.14,-47.68,-136.71,-14.48,-34.370000000000005,-130.37,15.329999999999998,28.68,-119.84
2025-08-13T12:19:13.893305,75.0,79.0,-157.0,5.0,-45.0,-120.0,37.0,-7.0,-105.0,-23.0,46.0,-163.0,60.53,60.07,-142.8,-10.86,-63.68,-89.71000000000001,13.52,-28.37,-96.37,-3.6700000000000017,11.68,-142.84
2025-08-13T12:19:13.901222,54.0,38.0,-128.0,53.0,-99.0,-120.0,-39.0,-13.0,-141.0,-50.0,80.0,-70.0,39.53,19.07,-113.8,37.14,-117.68,-89.71000000000001,-62.480000000000004,-34.370000000000005,-132.37,-30.67,45.68,-49.84
2025-08-13T12:19:13.905606,11.0,-32.0,-174.0,17.0,-34.0,-169.0,8.0,9.0,-95.0,-50.0,122.0,-122.0,-3.4700000000000006,-50.93,-159.8,1.1400000000000006,-52.68,-138.71,-15.48,-12.370000000000001,-86.37,-30.67,87.68,-101.84
2025-08-13T12:19:13.913526,18.0,35.0,-137.0,11.0,-25.0,-179.0,-87.0,-40.0,-106.0,-39.0,74.0,-191.0,3.5299999999999994,16.07,-122.8,-4.859999999999999,-43.68,-148.71,-110.48,-61.370000000000005,-97.37,-19.67,39.68,-170.84
2025-08-13T12:19:13.917868,56.0,27.0,-137.0,21.0,-20.0,-27.0,28.0,-48.0,-111.0,-42.0,91.0,-141.0,41.53,8.07,-122.8,5.140000000000001,-38.68,3.289999999999999,4.52,-69.37,-102.37,-22.67,56.68,-120.84
2025-08-13T12:19:13.925788,60.0,-4.0,-175.0,64.0,-28.0,-178.0,-24.0,-4.0,-73.0,-101.0,54.0,-103.0,45.53,-22.93,-160.8,48.14,-46.68,-147.71,-47.480000000000004,-25.37,-64.37,-81.67,19.68,-82.84
2025-08-13T12:19:13.930119,26.0,36.0,-95.0,117.0,-29.0,-142.0,-102.0,-27.0,-54.0,-42.0,131.0,-73.0,11.53,17.07,-80.8,101.14,-47.68,-111.71000000000001,-125.48,-48.370000000000005,-45.37,-22.67,96.68,-52.84
2025-08-13T12:19:13.938138,69.0,40.0,-202.0,98.0,-86.0,-175.0,33.0,18.0,-129.0,-84.0,46.0,-143.0,54.53,21.07,-187.8,82.14,-104.68,-144.71,9.52,-3.370000000000001,-120.37,-64.67,11.68,-122.84
2025-08-13T12:19:13.942636,88.0,36.0,-213.0,80.0,-39.0,-125.0,21.0,67.0,-111.0,-104.0,36.0,-118.0,73.53,17.07,-198.8,64.14,-57.68,-94.71000000000001,-2.4800000000000004,45.629999999999995,-102.37,-84.67,1.6799999999999997,-97.84
2025-08-13T12:19:13.950585,47.0,44.0,-129.0,-14.0,-26.0,-129.0,42.0,-60.0,-129.0,-64.0,90.0,-133.0,32.53,25.07,-114.8,-29.86,-44.68,-98.71000000000001,18.52,-81.37,-120.37,-44.67,55.68,-112.84
2025-08-13T12:19:13.954755,-30.0,29.0,-122.0,86.0,-19.0,-130.0,-10.0,43.0,-119.0,-5.0,125.0,-163.0,-44.47,10.07,-107.8,70.14,-37.68,-99.71000000000001,-33.480000000000004,21.63,-110.37,14.329999999999998,90.68,-142.84
2025-08-13T12:19:13.962868,-16.0,67.0,-99.0,22.0,-3.0,-106.0,-26.0,-23.0,-88.0,-45.0,45.0,-101.0,-30.47,48.07,-84.8,6.140000000000001,-21.68,-75.71000000000001,-49.480000000000004,-44.370000000000005,-79.37,-25.67,10.68,-80.84
2025-08-13T12:19:13.966945,-33.0,97.0,-170.0,65.0,1.0,-150.0,-29.0,-44.0,-112.0,-64.0,50.0,-168.0,-47.47,78.07,-155.8,49.14,-17.68,-119.71000000000001,-52.480000000000004,-65.37,-103.37,-44.67,15.68,-147.84
2025-08-13T12:19:13.975053,47.0,-2.0,-162.0,62.0,-35.0,-169.0,17.0,-39.0,-130.0,9.0,109.0,-63.0,32.53,-20.93,-147.8,46.14,-53.68,-138.71,-6.48,-60.370000000000005,-121.37,28.33,74.68,-42.84
2025-08-13T12:19:13.979261,120.0,8.0,-159.0,15.0,4.0,-114.0,-38.0,6.0,-183.0,-83.0,45.0,-102.0,105.53,-10.93,-144.8,-0.8599999999999994,-14.68,-83.71000000000001,-61.480000000000004,-15.370000000000001,-174.37,-63.67,10.68,-81.84
2025-08-13T12:19:13.987317,54.0,-15.0,-134.0,46.0,-67.0,-138.0,-53.0,15.0,-98.0,-5.0,44.0,-149.0,39.53,-33.93,-119.8,30.14,-85.68,-107.71000000000001,-76.48,-6.370000000000001,-89.37,14.329999999999998,9.68,-128.84
2025-08-13T12:19:13.995350,21.0,11.0,-137.0,54.0,-6.0,-150.0,-50.0,-49.0,-76.0,-53.0,93.0,-75.0,6.529999999999999,-7.93,-122.8,38.14,-24.68,-119.71000000000001,-73.48,-70.37,-67.37,-33.67,58.68,-54.84
2025-08-13T12:19:13.999597,59.0,128.0,-136.0,28.0,51.0,-94.0,-20.0,33.0,-65.0,-46.0,47.0,-111.0,44.53,109.07,-121.8,12.14,32.32,-63.71,-43.480000000000004,11.629999999999999,-56.37,-26.67,12.68,-90.84
2025-08-13T12:19:14.007834,44.0,112.0,-81.0,70.0,-22.0,-160.0,-14.0,3.0,-120.0,-47.0,-10.0,-80.0,29.53,93.07,-66.8,54.14,-40.68,-129.71,-37.480000000000004,-18.37,-111.37,-27.67,-44.32,-59.84
2025-08-13T12:19:14.012023,112.0,57.0,-105.0,84.0,31.0,-181.0,-17.0,-17.0,-94.0,-61.0,109.0,-109.0,97.53,38.07,-90.8,68.14,12.32,-150.71,-40.480000000000004,-38.370000000000005,-85.37,-41.67,74.68,-88.84
2025-08-13T12:19:14.020203,17.0,-24.0,-119.0,32.0,-9.0,-192.0,-18.0,-39.0,-99.0,-94.0,79.0,-160.0,2.5299999999999994,-42.93,-104.8,16.14,-27.68,-161.71,-41.480000000000004,-60.370000000000005,-90.37,-74.67,44.68,-139.84
2025-08-13T12:19:14.024279,22.0,28.0,-135.0,-12.0,-52.0,-125.0,-48.0,20.0,-97.0,-43.0,67.0,-64.0,7.529999999999999,9.07,-120.8,-27.86,-70.68,-94.71000000000001,-71.48,-1.370000000000001,-88.37,-23.67,32.68,-43.84
2025-08-13T12:19:14.033495,85.0,110.0,-70.0,-22.0,44.0,-152.0,-20.0,-12.0,-66.0,-27.0,15.0,-203.0,70.53,91.07,-55.8,-37.86,25.32,-121.71000000000001,-43.480000000000004,-33.370000000000005,-57.37,-7.670000000000002,-19.32,-182.84
2025-08-13T12:19:14.038568,-4.0,76.0,-163.0,7.0,17.0,-148.0,-44.0,-18.0,-176.0,-34.0,2.0,-120.0,-18.47,57.07,-148.8,-8.86,-1.6799999999999997,-117.71000000000001,-67.48,-39.370000000000005,-167.37,-14.670000000000002,-32.32,-99.84
2025-08-13T12:19:14.046020,40.0,114.0,-114.0,10.0,-52.0,-175.0,-43.0,35.0,-125.0,-23.0,-6.0,-102.0,25.53,95.07,-99.8,-5.859999999999999,-70.68,-144.71,-66.48,13.629999999999999,-116.37,-3.6700000000000017,-40.32,-81.84
2025-08-13T12:19:14.058880,58.0,60.0,-136.0,44.0,-4.0,-101.0,-27.0,44.0,-126.0,-35.0,67.0,-101.0,43.53,41.07,-121.8,28.14,-22.68,-70.71000000000001,-50.480000000000004,22.63,-117.37,-15.670000000000002,32.68,-80.84
2025-08-13T12:19:14.063314,53.0,83.0,-119.0,12.0,-8.0,-92.0,11.0,-31.0,-51.0,-16.0,99.0,-119.0,38.53,64.07,-104.8,-3.8599999999999994,-26.68,-61.71,-12.48,-52.370000000000005,-42.37,3.3299999999999983,64.68,-98.84
2025-08-13T12:19:14.066092,55.0,21.0,-95.0,50.0,25.0,-101.0,-47.0,-119.0,-91.0,-22.0,45.0,-158.0,40.53,2.0700000000000003,-80.8,34.14,6.32,-70.71000000000001,-70.48,-140.37,-82.37,-2.6700000000000017,10.68,-137.84
2025-08-13T12:19:14.069430,-5.0,26.0,-69.0,15.0,28.0,-60.0,34.0,56.0,-84.0,3.0,-16.0,-143.0,-19.47,7.07,-54.8,-0.8599999999999994,9.32,-29.71,10.52,34.629999999999995,-75.37,22.33,-50.32,-122.84
2025-08-13T12:19:14.073627,33.0,10.0,-121.0,85.0,-9.0,-174.0,-18.0,-15.0,-88.0,-41.0,21.0,-124.0,18.53,-8.93,-106.8,69.14,-27.68,-143.71,-41.480000000000004,-36.370000000000005,-79.37,-21.67,-13.32,-103.84
2025-08-13T12:19:14.081799,7.0,66.0,-251.0,26.0,11.0,-165.0,-35.0,43.0,-141.0,-81.0,52.0,-104.0,-7.470000000000001,47.07,-236.8,10.14,-7.68,-134.71,-58.480000000000004,21.63,-132.37,-61.67,17.68,-83.84
2025-08-13T12:19:14.085846,102.0,83.0,-123.0,81.0,-87.0,-104.0,-23.0,-14.0,-97.0,13.0,49.0,-182.0,87.53,64.07,-108.8,65.14,-105.68,-73.71000000000001,-46.480000000000004,-35.370000000000005,-88.37,32.33,14.68,-161.84
2025-08-13T12:19:14.094159,115.0,21.0,-174.0,100.0,41.0,-152.0,-31.0,-40.0,-84.0,-18.0,62.0,-117.0,100.53,2.0700000000000003,-159.8,84.14,22.32,-121.71000000000001,-54.480000000000004,-61.370000000000005,-75.37,1.3299999999999983,27.68,-96.84
2025-08-13T12:19:14.102082,25.0,51.0,-165.0,88.0,-63.0,-113.0,-69.0,-29.0,-145.0,-47.0,8.0,-94.0,10.53,32.07,-150.8,72.14,-81.68,-82.71000000000001,-92.48,-50.370000000000005,-136.37,-27.67,-26.32,-73.84
2025-08-13T12:19:14.106432,66.0,65.0,-135.0,22.0,-36.0,-139.0,-27.0,7.0,-148.0,-70.0,75.0,-46.0,51.53,46.07,-120.8,6.140000000000001,-54.68,-108.71000000000001,-50.480000000000004,-14.370000000000001,-139.37,-50.67,40.68,-25.84
2025-08-13T12:19:14.114416,-2.0,39.0,-132.0,37.0,-23.0,-111.0,-57.0,22.0,-127.0,-20.0,70.0,-157.0,-16.47,20.07,-117.8,21.14,-41.68,-80.71000000000001,-80.48,0.629999999999999,-118.37,-0.6700000000000017,35.68,-136.84
2025-08-13T12:19:14.119049,27.0,77.0,-203.0,-10.0,-6.0,-160.0,-27.0,29.0,-161.0,-79.0,12.0,-108.0,12.53,58.07,-188.8,-25.86,-24.68,-129.71,-50.480000000000004,7.629999999999999,-152.37,-59.67,-22.32,-87.84
2025-08-13T12:19:14.126537,39.0,27.0,-143.0,-4.0,-34.0,-158.0,-27.0,-48.0,-31.0,-9.0,138.0,-130.0,24.53,8.07,-128.8,-19.86,-52.68,-127.71000000000001,-50.480000000000004,-69.37,-22.369999999999997,10.329999999999998,103.68,-109.84
2025-08-13T12:19:14.131263,111.0,17.0,-173.0,108.0,-8.0,-146.0,-31.0,28.0,-36.0,-50.0,36.0,-110.0,96.53,-1.9299999999999997,-158.8,92.14,-26.68,-115.71000000000001,-54.480000000000004,6.629999999999999,-27.369999999999997,-30.67,1.6799999999999997,-89.84
2025-08-13T12:19:14.140416,85.0,24.0,-103.0,-2.0,-74.0,-168.0,-42.0,-20.0,-87.0,-100.0,26.0,-139.0,70.53,5.07,-88.8,-17.86,-92.68,-137.71,-65.48,-41.370000000000005,-78.37,-80.67,-8.32,-118.84
2025-08-13T12:19:14.145193,42.0,8.0,-106.0,103.0,-41.0,-138.0,-8.0,-9.0,-137.0,-45.0,54.0,-87.0,27.53,-10.93,-91.8,87.14,-59.68,-107.71000000000001,-31.48,-30.37,-128.37,-25.67,19.68,-66.84
2025-08-13T12:19:14.152597,-3.0,58.0,-100.0,73.0,-47.0,-109.0,18.0,34.0,-128.0,-80.0,-8.0,-91.0,-17.47,39.07,-85.8,57.14,-65.68,-78.71000000000001,-5.48,12.629999999999999,-119.37,-60.67,-42.32,-70.84
2025-08-13T12:19:14.157824,6.0,72.0,-157.0,94.0,-2.0,-125.0,49.0,-22.0,-183.0,-51.0,67.0,-169.0,-8.47,53.07,-142.8,78.14,-20.68,-94.71000000000001,25.52,-43.370000000000005,-174.37,-31.67,32.68,-148.84
2025-08-13T12:19:14.163589,111.0,45.0,-195.0,67.0,-84.0,-175.0,66.0,-52.0,-101.0,-99.0,91.0,-169.0,96.53,26.07,-180.8,51.14,-102.68,-144.71,42.519999999999996,-73.37,-92.37,-79.67,56.68,-148.84
2025-08-13T12:19:14.168793,75.0,19.0,-149.0,73.0,-36.0,-129.0,-27.0,-4.0,-125.0,-47.0,-15.0,-198.0,60.53,0.07000000000000028,-134.8,57.14,-54.68,-98.71000000000001,-50.480000000000004,-25.37,-116.37,-27.67,-49.32,-177.84
2025-08-13T12:19:14.175773,66.0,28.0,-89.0,82.0,-83.0,-169.0,11.0,38.0,-141.0,-10.0,9.0,-127.0,51.53,9.07,-74.8,66.14,-101.68,-138.71,-12.48,16.63,-132.37,9.329999999999998,-25.32,-106.84
2025-08-13T12:19:14.183393,-31.0,131.0,-107.0,74.0,-16.0,-174.0,-30.0,-13.0,-144.0,-4.0,90.0,-134.0,-45.47,112.07,-92.8,58.14,-34.68,-143.71,-53.480000000000004,-34.370000000000005,-135.37,15.329999999999998,55.68,-113.84
2025-08-13T12:19:14.188302,70.0,60.0,-192.0,59.0,-42.0,-216.0,34.0,39.0,-121.0,-65.0,41.0,-187.0,55.53,41.07,-177.8,43.14,-60.68,-185.71,10.52,17.63,-112.37,-45.67,6.68,-166.84
2025-08-13T12:19:14.196220,39.0,79.0,-192.0,128.0,-8.0,-128.0,58.0,-68.0,-101.0,-96.0,69.0,-178.0,24.53,60.07,-177.8,112.14,-26.68,-97.71000000000001,34.519999999999996,-89.37,-92.37,-76.67,34.68,-157.84
2025-08-13T12:19:14.200476,62.0,-5.0,-96.0,120.0,-46.0,-175.0,-1.0,12.0,-129.0,-47.0,65.0,-165.0,47.53,-23.93,-81.8,104.14,-64.68,-144.71,-24.48,-9.370000000000001,-120.37,-27.67,30.68,-144.84
2025-08-13T12:19:14.208410,99.0,26.0,-150.0,57.0,-59.0,-151.0,-8.0,15.0,-94.0,-64.0,31.0,-192.0,84.53,7.07,-135.8,41.14,-77.68,-120.71000000000001,-31.48,-6.370000000000001,-85.37,-44.67,-3.3200000000000003,-171.84
2025-08-13T12:19:14.212856,77.0,57.0,-210.0,122.0,-42.0,-120.0,-13.0,-3.0,-150.0,-44.0,47.0,-192.0,62.53,38.07,-195.8,106.14,-60.68,-89.71000000000001,-36.480000000000004,-24.37,-141.37,-24.67,12.68,-171.84
2025-08-13T12:19:14.220795,74.0,93.0,-168.0,120.0,-85.0,-121.0,-1.0,2.0,-228.0,-41.0,80.0,-227.0,59.53,74.07,-153.8,104.14,-103.68,-90.71000000000001,-24.48,-19.37,-219.37,-21.67,45.68,-206.84
2025-08-13T12:19:14.225089,92.0,111.0,-153.0,178.0,-92.0,-122.0,32.0,-54.0,-190.0,-87.0,43.0,-188.0,77.53,92.07,-138.8,162.14,-110.68,-91.71000000000001,8.52,-75.37,-181.37,-67.67,8.68,-167.84
2025-08-13T12:19:14.233188,75.0,41.0,-286.0,144.0,-52.0,-166.0,-22.0,-63.0,-202.0,-98.0,158.0,-240.0,60.53,22.07,-271.8,128.14,-70.68,-135.71,-45.480000000000004,-84.37,-193.37,-78.67,123.68,-219.84
2025-08-13T12:19:14.237486,103.0,89.0,-153.0,153.0,-53.0,-230.0,2.0,-55.0,-169.0,-117.0,94.0,-219.0,88.53,70.07,-138.8,137.14,-71.68,-199.71,-21.48,-76.37,-160.37,-97.67,59.68,-198.84
2025-08-13T12:19:14.246639,96.0,57.0,-164.0,108.0,-110.0,-147.0,53.0,-113.0,-224.0,-72.0,140.0,-263.0,81.53,38.07,-149.8,92.14,-128.68,-116.71000000000001,29.52,-134.37,-215.37,-52.67,105.68,-242.84
2025-08-13T12:19:14.253763,200.0,85.0,-246.0,167.0,-126.0,-205.0,-89.0,-132.0,-223.0,-86.0,131.0,-253.0,185.53,66.07,-231.8,151.14,-144.68,-174.71,-112.48,-153.37,-214.37,-66.67,96.68,-232.84
2025-08-13T12:19:14.257921,223.0,67.0,-221.0,201.0,-88.0,-149.0,-22.0,-107.0,-278.0,-47.0,147.0,-293.0,208.53,48.07,-206.8,185.14,-106.68,-118.71000000000001,-45.480000000000004,-128.37,-269.37,-27.67,112.68,-272.84
2025-08-13T12:19:14.266307,201.0,127.0,-211.0,255.0,-18.0,-181.0,-4.0,-97.0,-259.0,-62.0,141.0,-326.0,186.53,108.07,-196.8,239.14,-36.68,-150.71,-27.48,-118.37,-250.37,-42.67,106.68,-305.84
2025-08-13T12:19:14.270273,224.0,54.0,-289.0,204.0,-142.0,-255.0,12.0,-141.0,-270.0,-55.0,168.0,-297.0,209.53,35.07,-274.8,188.14,-160.68,-224.71,-11.48,-162.37,-261.37,-35.67,133.68,-276.84
2025-08-13T12:19:14.278365,253.0,85.0,-260.0,295.0,-76.0,-214.0,-65.0,-44.0,-271.0,-56.0,162.0,-410.0,238.53,66.07,-245.8,279.14,-94.68,-183.71,-88.48,-65.37,-262.37,-36.67,127.68,-389.84
2025-08-13T12:19:14.286278,264.0,106.0,-295.0,208.0,-80.0,-259.0,19.0,-70.0,-306.0,-122.0,98.0,-335.0,249.53,87.07,-280.8,192.14,-98.68,-228.71,-4.48,-91.37,-297.37,-102.67,63.68,-314.84
2025-08-13T12:19:14.290568,310.0,145.0,-319.0,286.0,-153.0,-265.0,24.0,-104.0,-321.0,-153.0,210.0,-324.0,295.53,126.07,-304.8,270.14,-171.68,-234.71,0.5199999999999996,-125.37,-312.37,-133.67000000000002,175.68,-303.84
2025-08-13T12:19:14.298820,306.0,138.0,-306.0,256.0,-136.0,-235.0,37.0,-120.0,-360.0,-29.0,264.0,-448.0,291.53,119.07,-291.8,240.14,-154.68,-204.71,13.52,-141.37,-351.37,-9.670000000000002,229.68,-427.84
2025-08-13T12:19:14.302906,253.0,99.0,-356.0,337.0,-138.0,-300.0,-10.0,-216.0,-300.0,-27.0,255.0,-389.0,238.53,80.07,-341.8,321.14,-156.68,-269.71,-33.480000000000004,-237.37,-291.37,-7.670000000000002,220.68,-368.84
2025-08-13T12:19:14.311105,338.0,103.0,-358.0,284.0,-160.0,-295.0,-52.0,-124.0,-344.0,-125.0,255.0,-422.0,323.53,84.07,-343.8,268.14,-178.68,-264.71,-75.48,-145.37,-335.37,-105.67,220.68,-401.84
2025-08-13T12:19:14.319270,357.0,129.0,-319.0,327.0,-128.0,-274.0,-11.0,-134.0,-384.0,-53.0,157.0,-425.0,342.53,110.07,-304.8,311.14,-146.68,-243.71,-34.480000000000004,-155.37,-375.37,-33.67,122.68,-404.84
2025-08-13T12:19:14.323847,398.0,198.0,-336.0,320.0,-176.0,-285.0,-30.0,-210.0,-368.0,-116.0,237.0,-389.0,383.53,179.07,-321.8,304.14,-194.68,-254.71,-53.480000000000004,-231.37,-359.37,-96.67,202.68,-368.84
2025-08-13T12:19:14.331532,329.0,154.0,-339.0,312.0,-134.0,-327.0,34.0,-165.0,-414.0,-94.0,190.0,-448.0,314.53,135.07,-324.8,296.14,-152.68,-296.71,10.52,-186.37,-405.37,-74.67,155.68,-427.84
2025-08-13T12:19:14.339431,340.0,161.0,-253.0,318.0,-158.0,-266.0,24.0,-160.0,-341.0,-95.0,275.0,-369.0,325.53,142.07,-238.8,302.14,-176.68,-235.71,0.5199999999999996,-181.37,-332.37,-75.67,240.68,-348.84
2025-08-13T12:19:14.343924,352.0,148.0,-377.0,421.0,-148.0,-255.0,-45.0,-117.0,-376.0,-104.0,302.0,-528.0,337.53,129.07,-362.8,405.14,-166.68,-224.71,-68.48,-138.37,-367.37,-84.67,267.68,-507.84
2025-08-13T12:19:14.351946,344.0,142.0,-299.0,319.0,-131.0,-314.0,-12.0,-163.0,-355.0,-108.0,182.0,-429.0,329.53,123.07,-284.8,303.14,-149.68,-283.71,-35.480000000000004,-184.37,-346.37,-88.67,147.68,-408.84
2025-08-13T12:19:14.359966,369.0,160.0,-410.0,391.0,-157.0,-240.0,18.0,-192.0,-309.0,-92.0,217.0,-441.0,354.53,141.07,-395.8,375.14,-175.68,-209.71,-5.48,-213.37,-300.37,-72.67,182.68,-420.84
2025-08-13T12:19:14.364393,333.0,138.0,-305.0,368.0,-168.0,-286.0,26.0,-178.0,-325.0,-64.0,239.0,-512.0,318.53,119.07,-290.8,352.14,-186.68,-255.71,2.5199999999999996,-199.37,-316.37,-44.67,204.68,-491.84
2025-08-13T12:19:14.372477,260.0,168.0,-240.0,327.0,-70.0,-274.0,24.0,-179.0,-365.0,-80.0,220.0,-396.0,245.53,149.07,-225.8,311.14,-88.68,-243.71,0.5199999999999996,-200.37,-356.37,-60.67,185.68,-375.84
2025-08-13T12:19:14.376767,359.0,133.0,-336.0,262.0,-87.0,-310.0,32.0,-207.0,-309.0,-102.0,286.0,-467.0,344.53,114.07,-321.8,246.14,-105.68,-279.71,8.52,-228.37,-300.37,-82.67,251.68,-446.84
2025-08-13T12:19:14.384937,321.0,54.0,-389.0,328.0,-166.0,-313.0,27.0,-209.0,-452.0,-120.0,215.0,-483.0,306.53,35.07,-374.8,312.14,-184.68,-282.71,3.5199999999999996,-230.37,-443.37,-100.67,180.68,-462.84
2025-08-13T12:19:14.392827,292.0,181.0,-283.0,420.0,-127.0,-280.0,-9.0,-198.0,-351.0,-37.0,207.0,-394.0,277.53,162.07,-268.8,404.14,-145.68,-249.71,-32.480000000000004,-219.37,-342.37,-17.67,172.68,-373.84
2025-08-13T12:19:14.397431,317.0,135.0,-395.0,342.0,-172.0,-281.0,29.0,-221.0,-415.0,-99.0,271.0,-458.0,302.53,116.07,-380.8,326.14,-190.68,-250.71,5.52,-242.37,-406.37,-79.67,236.68,-437.84
2025-08-13T12:19:14.405902,357.0,122.0,-349.0,301.0,-149.0,-293.0,-53.0,-239.0,-435.0,-102.0,256.0,-456.0,342.53,103.07,-334.8,285.14,-167.68,-262.71,-76.48,-260.37,-426.37,-82.67,221.68,-435.84
2025-08-13T12:19:14.409840,424.0,168.0,-376.0,347.0,-202.0,-260.0,4.0,-173.0,-445.0,-75.0,303.0,-450.0,409.53,149.07,-361.8,331.14,-220.68,-229.71,-19.48,-194.37,-436.37,-55.67,268.68,-429.84
2025-08-13T12:19:14.417788,334.0,76.0,-359.0,303.0,-206.0,-312.0,58.0,-201.0,-396.0,-68.0,257.0,-470.0,319.53,57.07,-344.8,287.14,-224.68,-281.71,34.519999999999996,-222.37,-387.37,-48.67,222.68,-449.84
2025-08-13T12:19:14.425926,357.0,132.0,-383.0,332.0,-214.0,-345.0,36.0,-200.0,-431.0,-56.0,205.0,-519.0,342.53,113.07,-368.8,316.14,-232.68,-314.71,12.52,-221.37,-422.37,-36.67,170.68,-498.84
2025-08-13T12:19:14.430376,363.0,156.0,-250.0,330.0,-155.0,-242.0,-44.0,-167.0,-475.0,-79.0,224.0,-438.0,348.53,137.07,-235.8,314.14,-173.68,-211.71,-67.48,-188.37,-466.37,-59.67,189.68,-417.84
2025-08-13T12:19:14.438174,317.0,113.0,-372.0,325.0,-169.0,-257.0,1.0,-211.0,-365.0,-142.0,240.0,-468.0,302.53,94.07,-357.8,309.14,-187.68,-226.71,-22.48,-232.37,-356.37,-122.67,205.68,-447.84
2025-08-13T12:19:14.446024,393.0,108.0,-320.0,385.0,-109.0,-289.0,-5.0,-208.0,-421.0,-76.0,238.0,-472.0,378.53,89.07,-305.8,369.14,-127.68,-258.71,-28.48,-229.37,-412.37,-56.67,203.68,-451.84
2025-08-13T12:19:14.450629,363.0,182.0,-377.0,325.0,-200.0,-267.0,38.0,-218.0,-489.0,-24.0,213.0,-442.0,348.53,163.07,-362.8,309.14,-218.68,-236.71,14.52,-239.37,-480.37,-4.670000000000002,178.68,-421.84
2025-08-13T12:19:14.458637,346.0,119.0,-320.0,281.0,-179.0,-314.0,-35.0,-207.0,-363.0,-67.0,264.0,-402.0,331.53,100.07,-305.8,265.14,-197.68,-283.71,-58.480000000000004,-228.37,-354.37,-47.67,229.68,-381.84
2025-08-13T12:19:14.463947,324.0,181.0,-306.0,395.0,-174.0,-285.0,-47.0,-220.0,-404.0,-92.0,199.0,-444.0,309.53,162.07,-291.8,379.14,-192.68,-254.71,-70.48,-241.37,-395.37,-72.67,164.68,-423.84
2025-08-13T12:19:14.471326,331.0,159.0,-331.0,342.0,-146.0,-286.0,24.0,-170.0,-392.0,-69.0,189.0,-488.0,316.53,140.07,-316.8,326.14,-164.68,-255.71,0.5199999999999996,-191.37,-383.37,-49.67,154.68,-467.84
2025-08-13T12:19:14.479116,349.0,91.0,-363.0,364.0,-144.0,-255.0,-23.0,-156.0,-412.0,-118.0,217.0,-431.0,334.53,72.07,-348.8,348.14,-162.68,-224.71,-46.480000000000004,-177.37,-403.37,-98.67,182.68,-410.84
2025-08-13T12:19:14.484680,337.0,190.0,-296.0,330.0,-176.0,-305.0,42.0,-151.0,-405.0,-120.0,297.0,-468.0,322.53,171.07,-281.8,314.14,-194.68,-274.71,18.52,-172.37,-396.37,-100.67,262.68,-447.84
2025-08-13T12:19:14.491353,347.0,187.0,-286.0,355.0,-167.0,-285.0,-27.0,-196.0,-400.0,-62.0,197.0,-441.0,332.53,168.07,-271.8,339.14,-185.68,-254.71,-50.480000000000004,-217.37,-391.37,-42.67,162.68,-420.84
2025-08-13T12:19:14.496866,350.0,113.0,-386.0,330.0,-141.0,-247.0,32.0,-173.0,-469.0,-57.0,273.0,-543.0,335.53,94.07,-371.8,314.14,-159.68,-216.71,8.52,-194.37,-460.37,-37.67,238.68,-522.84
2025-08-13T12:19:14.504254,389.0,180.0,-361.0,356.0,-169.0,-294.0,-40.0,-210.0,-371.0,-73.0,224.0,-436.0,374.53,161.07,-346.8,340.14,-187.68,-263.71,-63.480000000000004,-231.37,-362.37,-53.67,189.68,-415.84
2025-08-13T12:19:14.511692,385.0,120.0,-360.0,389.0,-77.0,-280.0,27.0,-231.0,-391.0,-117.0,262.0,-396.0,370.53,101.07,-345.8,373.14,-95.68,-249.71,3.5199999999999996,-252.37,-382.37,-97.67,227.68,-375.84
2025-08-13T12:19:14.516293,291.0,211.0,-323.0,437.0,-146.0,-260.0,1.0,-209.0,-455.0,-41.0,280.0,-411.0,276.53,192.07,-308.8,421.14,-164.68,-229.71,-22.48,-230.37,-446.37,-21.67,245.68,-390.84
2025-08-13T12:19:14.525381,337.0,132.0,-309.0,393.0,-128.0,-304.0,1.0,-199.0,-476.0,-62.0,204.0,-464.0,322.53,113.07,-294.8,377.14,-146.68,-273.71,-22.48,-220.37,-467.37,-42.67,169.68,-443.84
2025-08-13T12:19:14.532166,392.0,86.0,-348.0,403.0,-151.0,-221.0,40.0,-247.0,-422.0,-86.0,287.0,-482.0,377.53,67.07,-333.8,387.14,-169.68,-190.71,16.52,-268.37,-413.37,-66.67,252.68,-461.84
2025-08-13T12:19:14.536800,284.0,103.0,-277.0,362.0,-141.0,-339.0,34.0,-202.0,-357.0,-105.0,191.0,-461.0,269.53,84.07,-262.8,346.14,-159.68,-308.71,10.52,-223.37,-348.37,-85.67,156.68,-440.84
2025-08-13T12:19:14.546877,297.0,171.0,-336.0,301.0,-138.0,-305.0,46.0,-246.0,-339.0,-12.0,239.0,-479.0,282.53,152.07,-321.8,285.14,-156.68,-274.71,22.52,-267.37,-330.37,7.329999999999998,204.68,-458.84
2025-08-13T12:19:14.553230,375.0,115.0,-369.0,324.0,-96.0,-321.0,-22.0,-184.0,-494.0,-89.0,231.0,-425.0,360.53,96.07,-354.8,308.14,-114.68,-290.71,-45.480000000000004,-205.37,-485.37,-69.67,196.68,-404.84
2025-08-13T12:19:14.556681,304.0,114.0,-293.0,406.0,-216.0,-262.0,41.0,-271.0,-462.0,-84.0,322.0,-410.0,289.53,95.07,-278.8,390.14,-234.68,-231.71,17.52,-292.37,-453.37,-64.67,287.68,-389.84
2025-08-13T12:19:14.564701,380.0,136.0,-365.0,381.0,-179.0,-282.0,10.0,-190.0,-430.0,-30.0,240.0,-521.0,365.53,117.07,-350.8,365.14,-197.68,-251.71,-13.48,-211.37,-421.37,-10.670000000000002,205.68,-500.84
2025-08-13T12:19:14.569198,397.0,42.0,-307.0,366.0,-152.0,-339.0,-24.0,-159.0,-443.0,-44.0,193.0,-409.0,382.53,23.07,-292.8,350.14,-170.68,-308.71,-47.480000000000004,-180.37,-434.37,-24.67,158.68,-388.84
2025-08-13T12:19:14.577210,347.0,129.0,-296.0,317.0,-165.0,-278.0,-2.0,-206.0,-372.0,-65.0,228.0,-451.0,332.53,110.07,-281.8,301.14,-183.68,-247.71,-25.48,-227.37,-363.37,-45.67,193.68,-430.84
2025-08-13T12:19:14.581676,373.0,166.0,-279.0,330.0,-69.0,-257.0,-67.0,-212.0,-431.0,-29.0,289.0,-436.0,358.53,147.07,-264.8,314.14,-87.68,-226.71,-90.48,-233.37,-422.37,-9.670000000000002,254.68,-415.84
2025-08-13T12:19:14.589664,307.0,182.0,-274.0,303.0,-197.0,-326.0,30.0,-181.0,-437.0,-89.0,216.0,-453.0,292.53,163.07,-259.8,287.14,-215.68,-295.71,6.52,-202.37,-428.37,-69.67,181.68,-432.84
2025-08-13T12:19:14.597712,272.0,143.0,-327.0,356.0,-136.0,-280.0,43.0,-219.0,-451.0,-77.0,286.0,-496.0,257.53,124.07,-312.8,340.14,-154.68,-249.71,19.52,-240.37,-442.37,-57.67,251.68,-475.84
2025-08-13T12:19:14.601935,349.0,203.0,-308.0,314.0,-116.0,-241.0,4.0,-186.0,-440.0,-52.0,278.0,-440.0,334.53,184.07,-293.8,298.14,-134.68,-210.71,-19.48,-207.37,-431.37,-32.67,243.68,-419.84
2025-08-13T12:19:14.610070,410.0,96.0,-349.0,392.0,-146.0,-310.0,21.0,-243.0,-395.0,-94.0,235.0,-401.0,395.53,77.07,-334.8,376.14,-164.68,-279.71,-2.4800000000000004,-264.37,-386.37,-74.67,200.68,-380.84
2025-08-13T12:19:14.614421,315.0,199.0,-347.0,451.0,-166.0,-314.0,-2.0,-178.0,-378.0,-97.0,243.0,-442.0,300.53,180.07,-332.8,435.14,-184.68,-283.71,-25.48,-199.37,-369.37,-77.67,208.68,-421.84
2025-08-13T12:19:14.622192,306.0,159.0,-384.0,356.0,-84.0,-338.0,42.0,-205.0,-451.0,-68.0,376.0,-447.0,291.53,140.07,-369.8,340.14,-102.68,-307.71,18.52,-226.37,-442.37,-48.67,341.68,-426.84
2025-08-13T12:19:14.630680,329.0,135.0,-297.0,321.0,-50.0,-354.0,34.0,-183.0,-414.0,-102.0,242.0,-458.0,314.53,116.07,-282.8,305.14,-68.68,-323.71,10.52,-204.37,-405.37,-82.67,207.68,-437.84
2025-08-13T12:19:14.634607,344.0,182.0,-353.0,351.0,-118.0,-290.0,62.0,-205.0,-387.0,-16.0,230.0,-467.0,329.53,163.07,-338.8,335.14,-136.68,-259.71,38.519999999999996,-226.37,-378.37,3.3299999999999983,195.68,-446.84
2025-08-13T12:19:14.642806,367.0,207.0,-320.0,340.0,-183.0,-308.0,-98.0,-190.0,-444.0,-52.0,196.0,-446.0,352.53,188.07,-305.8,324.14,-201.68,-277.71,-121.48,-211.37,-435.37,-32.67,161.68,-425.84
2025-08-13T12:19:14.650932,387.0,88.0,-299.0,426.0,-128.0,-278.0,37.0,-235.0,-457.0,-52.0,307.0,-493.0,372.53,69.07,-284.8,410.14,-146.68,-247.71,13.52,-256.37,-448.37,-32.67,272.68,-472.84
2025-08-13T12:19:14.655105,343.0,103.0,-323.0,305.0,-126.0,-315.0,23.0,-240.0,-446.0,-20.0,256.0,-439.0,328.53,84.07,-308.8,289.14,-144.68,-284.71,-0.4800000000000004,-261.37,-437.37,-0.6700000000000017,221.68,-418.84
2025-08-13T12:19:14.663360,350.0,103.0,-363.0,341.0,-87.0,-303.0,30.0,-229.0,-434.0,-45.0,251.0,-436.0,335.53,84.07,-348.8,325.14,-105.68,-272.71,6.52,-250.37,-425.37,-25.67,216.68,-415.84
2025-08-13T12:19:14.667557,394.0,95.0,-376.0,400.0,-167.0,-259.0,-29.0,-194.0,-398.0,-82.0,280.0,-505.0,379.53,76.07,-361.8,384.14,-185.68,-228.71,-52.480000000000004,-215.37,-389.37,-62.67,245.68,-484.84
2025-08-13T12:19:14.675657,339.0,99.0,-343.0,400.0,-141.0,-304.0,-14.0,-260.0,-382.0,-41.0,252.0,-512.0,324.53,80.07,-328.8,384.14,-159.68,-273.71,-37.480000000000004,-281.37,-373.37,-21.67,217.68,-491.84
2025-08-13T12:19:14.683648,369.0,193.0,-277.0,324.0,-137.0,-319.0,72.0,-206.0,-470.0,-109.0,277.0,-462.0,354.53,174.07,-262.8,308.14,-155.68,-288.71,48.519999999999996,-227.37,-461.37,-89.67,242.68,-441.84
2025-08-13T12:19:14.687914,437.0,144.0,-336.0,319.0,-136.0,-304.0,-1.0,-265.0,-452.0,-66.0,274.0,-503.0,422.53,125.07,-321.8,303.14,-154.68,-273.71,-24.48,-286.37,-443.37,-46.67,239.68,-482.84
2025-08-13T12:19:14.696074,254.0,187.0,-243.0,373.0,-190.0,-294.0,-11.0,-254.0,-426.0,-28.0,272.0,-483.0,239.53,168.07,-228.8,357.14,-208.68,-263.71,-34.480000000000004,-275.37,-417.37,-8.670000000000002,237.68,-462.84
2025-08-13T12:19:14.700570,396.0,226.0,-282.0,378.0,-85.0,-311.0,43.0,-213.0,-427.0,-81.0,174.0,-427.0,381.53,207.07,-267.8,362.14,-103.68,-280.71,19.52,-234.37,-418.37,-61.67,139.68,-406.84
2025-08-13T12:19:14.708492,394.0,115.0,-279.0,393.0,-110.0,-298.0,-35.0,-223.0,-480.0,-86.0,336.0,-491.0,379.53,96.07,-264.8,377.14,-128.68,-267.71,-58.480000000000004,-244.37,-471.37,-66.67,301.68,-470.84
2025-08-13T12:19:14.716686,367.0,219.0,-419.0,395.0,-85.0,-344.0,-26.0,-238.0,-352.0,-56.0,291.0,-419.0,352.53,200.07,-404.8,379.14,-103.68,-313.71,-49.480000000000004,-259.37,-343.37,-36.67,256.68,-398.84
2025-08-13T12:19:14.722250,368.0,143.0,-329.0,375.0,-75.0,-318.0,26.0,-227.0,-427.0,-51.0,267.0,-412.0,353.53,124.07,-314.8,359.14,-93.68,-287.71,2.5199999999999996,-248.37,-418.37,-31.67,232.68,-391.84
2025-08-13T12:19:14.730304,378.0,173.0,-315.0,325.0,-132.0,-260.0,61.0,-145.0,-446.0,-64.0,255.0,-445.0,363.53,154.07,-300.8,309.14,-150.68,-229.71,37.519999999999996,-166.37,-437.37,-44.67,220.68,-424.84
2025-08-13T12:19:14.736889,282.0,200.0,-338.0,260.0,-106.0,-290.0,-6.0,-187.0,-391.0,-61.0,272.0,-397.0,267.53,181.07,-323.8,244.14,-124.68,-259.71,-29.48,-208.37,-382.37,-41.67,237.68,-376.84
2025-08-13T12:19:14.742012,336.0,145.0,-312.0,405.0,-189.0,-258.0,5.0,-270.0,-408.0,-84.0,239.0,-451.0,321.53,126.07,-297.8,389.14,-207.68,-227.71,-18.48,-291.37,-399.37,-64.67,204.68,-430.84
2025-08-13T12:19:14.750469,357.0,199.0,-348.0,337.0,-116.0,-301.0,27.0,-169.0,-453.0,-89.0,308.0,-510.0,342.53,180.07,-333.8,321.14,-134.68,-270.71,3.5199999999999996,-190.37,-444.37,-69.67,273.68,-489.84
2025-08-13T12:19:14.755865,329.0,207.0,-359.0,359.0,-54.0,-307.0,-5.0,-245.0,-407.0,-62.0,285.0,-476.0,314.53,188.07,-344.8,343.14,-72.68,-276.71,-28.48,-266.37,-398.37,-42.67,250.68,-455.84
2025-08-13T12:19:14.762010,419.0,222.0,-343.0,375.0,-203.0,-330.0,-39.0,-159.0,-499.0,-138.0,305.0,-400.0,404.53,203.07,-328.8,359.14,-221.68,-299.71,-62.480000000000004,-180.37,-490.37,-118.67,270.68,-379.84
2025-08-13T12:19:14.770107,397.0,171.0,-320.0,477.0,-136.0,-237.0,-26.0,-187.0,-479.0,-105.0,210.0,-484.0,382.53,152.07,-305.8,461.14,-154.68,-206.71,-49.480000000000004,-208.37,-470.37,-85.67,175.68,-463.84
2025-08-13T12:19:14.775772,320.0,256.0,-344.0,346.0,-138.0,-275.0,-97.0,-199.0,-413.0,-92.0,284.0,-539.0,305.53,237.07,-329.8,330.14,-156.68,-244.71,-120.48,-220.37,-404.37,-72.67,249.68,-518.84
2025-08-13T12:19:14.786082,380.0,182.0,-322.0,351.0,-211.0,-296.0,-41.0,-202.0,-382.0,-108.0,254.0,-481.0,365.53,163.07,-307.8,335.14,-229.68,-265.71,-64.48,-223.37,-373.37,-88.67,219.68,-460.84
2025-08-13T12:19:14.792222,425.0,218.0,-329.0,382.0,-151.0,-318.0,32.0,-167.0,-483.0,-109.0,277.0,-462.0,410.53,199.07,-314.8,366.14,-169.68,-287.71,8.52,-188.37,-474.37,-89.67,242.68,-441.84
2025-08-13T12:19:14.795931,386.0,151.0,-316.0,357.0,-173.0,-314.0,15.0,-160.0,-426.0,15.0,217.0,-450.0,371.53,132.07,-301.8,341.14,-191.68,-283.71,-8.48,-181.37,-417.37,34.33,182.68,-429.84
2025-08-13T12:19:14.802409,385.0,172.0,-282.0,386.0,-127.0,-232.0,64.0,-221.0,-418.0,-8.0,314.0,-465.0,370.53,153.07,-267.8,370.14,-145.68,-201.71,40.519999999999996,-242.37,-409.37,11.329999999999998,279.68,-444.84
2025-08-13T12:19:14.806843,445.0,179.0,-315.0,323.0,-144.0,-364.0,0.0,-205.0,-388.0,-73.0,269.0,-471.0,430.53,160.07,-300.8,307.14,-162.68,-333.71,-23.48,-226.37,-379.37,-53.67,234.68,-450.84
2025-08-13T12:19:14.814757,426.0,157.0,-307.0,234.0,-170.0,-245.0,7.0,-145.0,-454.0,-72.0,289.0,-518.0,411.53,138.07,-292.8,218.14,-188.68,-214.71,-16.48,-166.37,-445.37,-52.67,254.68,-497.84
2025-08-13T12:19:14.822945,357.0,212.0,-261.0,375.0,-151.0,-346.0,47.0,-266.0,-363.0,-45.0,283.0,-479.0,342.53,193.07,-246.8,359.14,-169.68,-315.71,23.52,-287.37,-354.37,-25.67,248.68,-458.84
2025-08-13T12:19:14.827174,415.0,152.0,-377.0,323.0,-122.0,-318.0,-10.0,-174.0,-430.0,-88.0,352.0,-510.0,400.53,133.07,-362.8,307.14,-140.68,-287.71,-33.480000000000004,-195.37,-421.37,-68.67,317.68,-489.84
2025-08-13T12:19:14.835357,405.0,128.0,-263.0,362.0,-147.0,-273.0,23.0,-202.0,-426.0,-59.0,262.0,-450.0,390.53,109.07,-248.8,346.14,-165.68,-242.71,-0.4800000000000004,-223.37,-417.37,-39.67,227.68,-429.84
2025-08-13T12:19:14.839664,349.0,220.0,-325.0,397.0,-109.0,-298.0,-70.0,-177.0,-423.0,-106.0,305.0,-472.0,334.53,201.07,-310.8,381.14,-127.68,-267.71,-93.48,-198.37,-414.37,-86.67,270.68,-451.84
2025-08-13T12:19:14.847614,361.0,149.0,-366.0,332.0,-154.0,-328.0,42.0,-202.0,-448.0,-90.0,232.0,-454.0,346.53,130.07,-351.8,316.14,-172.68,-297.71,18.52,-223.37,-439.37,-70.67,197.68,-433.84
2025-08-13T12:19:14.855771,359.0,146.0,-279.0,365.0,-102.0,-344.0,-22.0,-136.0,-477.0,-77.0,217.0,-457.0,344.53,127.07,-264.8,349.14,-120.68,-313.71,-45.480000000000004,-157.37,-468.37,-57.67,182.68,-436.84
2025-08-13T12:19:14.860097,375.0,133.0,-321.0,327.0,-144.0,-274.0,68.0,-262.0,-426.0,-69.0,218.0,-472.0,360.53,114.07,-306.8,311.14,-162.68,-243.71,44.519999999999996,-283.37,-417.37,-49.67,183.68,-451.84
2025-08-13T12:19:14.868818,383.0,167.0,-286.0,368.0,-20.0,-291.0,-5.0,-166.0,-462.0,-34.0,290.0,-418.0,368.53,148.07,-271.8,352.14,-38.68,-260.71,-28.48,-187.37,-453.37,-14.670000000000002,255.68,-397.84
2025-08-13T12:19:14.876190,393.0,159.0,-349.0,371.0,-141.0,-332.0,33.0,-194.0,-466.0,-58.0,267.0,-496.0,378.53,140.07,-334.8,355.14,-159.68,-301.71,9.52,-215.37,-457.37,-38.67,232.68,-475.84
2025-08-13T12:19:14.880516,357.0,170.0,-340.0,363.0,-136.0,-347.0,-15.0,-189.0,-449.0,-17.0,268.0,-477.0,342.53,151.07,-325.8,347.14,-154.68,-316.71,-38.480000000000004,-210.37,-440.37,2.3299999999999983,233.68,-456.84
2025-08-13T12:19:14.888588,404.0,162.0,-327.0,301.0,-139.0,-363.0,30.0,-227.0,-471.0,-82.0,229.0,-453.0,389.53,143.07,-312.8,285.14,-157.68,-332.71,6.52,-248.37,-462.37,-62.67,194.68,-432.84
2025-08-13T12:19:14.892966,432.0,118.0,-249.0,326.0,-112.0,-302.0,-32.0,-209.0,-463.0,-93.0,271.0,-491.0,417.53,99.07,-234.8,310.14,-130.68,-271.71,-55.480000000000004,-230.37,-454.37,-73.67,236.68,-470.84
2025-08-13T12:19:14.900904,359.0,129.0,-361.0,381.0,-118.0,-334.0,0.0,-107.0,-393.0,-149.0,220.0,-468.0,344.53,110.07,-346.8,365.14,-136.68,-303.71,-23.48,-128.37,-384.37,-129.67000000000002,185.68,-447.84
2025-08-13T12:19:14.908762,299.0,185.0,-303.0,380.0,-107.0,-292.0,79.0,-223.0,-403.0,-104.0,263.0,-442.0,284.53,166.07,-288.8,364.14,-125.68,-261.71,55.519999999999996,-244.37,-394.37,-84.67,228.68,-421.84
2025-08-13T12:19:14.914598,413.0,103.0,-313.0,316.0,-116.0,-291.0,-7.0,-215.0,-489.0,-14.0,222.0,-499.0,398.53,84.07,-298.8,300.14,-134.68,-260.71,-30.48,-236.37,-480.37,5.329999999999998,187.68,-478.84
2025-08-13T12:19:14.921261,380.0,179.0,-352.0,369.0,-139.0,-261.0,41.0,-197.0,-419.0,-39.0,294.0,-477.0,365.53,160.07,-337.8,353.14,-157.68,-230.71,17.52,-218.37,-410.37,-19.67,259.68,-456.84
2025-08-13T12:19:14.925622,391.0,145.0,-300.0,313.0,-101.0,-299.0,73.0,-150.0,-445.0,6.0,318.0,-556.0,376.53,126.07,-285.8,297.14,-119.68,-268.71,49.519999999999996,-171.37,-436.37,25.33,283.68,-535.84
2025-08-13T12:19:14.933677,466.0,166.0,-249.0,384.0,-71.0,-361.0,-4.0,-234.0,-435.0,-65.0,252.0,-461.0,451.53,147.07,-234.8,368.14,-89.68,-330.71,-27.48,-255.37,-426.37,-45.67,217.68,-440.84
2025-08-13T12:19:14.941633,278.0,171.0,-277.0,330.0,-150.0,-298.0,13.0,-189.0,-421.0,-98.0,271.0,-464.0,263.53,152.07,-262.8,314.14,-168.68,-267.71,-10.48,-210.37,-412.37,-78.67,236.68,-443.84
2025-08-13T12:19:14.945974,416.0,193.0,-263.0,345.0,-91.0,-315.0,-25.0,-192.0,-496.0,-70.0,262.0,-494.0,401.53,174.07,-248.8,329.14,-109.68,-284.71,-48.480000000000004,-213.37,-487.37,-50.67,227.68,-473.84
2025-08-13T12:19:14.953990,344.0,162.0,-291.0,312.0,-92.0,-297.0,-11.0,-219.0,-442.0,6.0,200.0,-510.0,329.53,143.07,-276.8,296.14,-110.68,-266.71,-34.480000000000004,-240.37,-433.37,25.33,165.68,-489.84
2025-08-13T12:19:14.960173,384.0,164.0,-273.0,378.0,-119.0,-340.0,-27.0,-192.0,-452.0,-95.0,320.0,-435.0,369.53,145.07,-258.8,362.14,-137.68,-309.71,-50.480000000000004,-213.37,-443.37,-75.67,285.68,-414.84
2025-08-13T12:19:14.966577,375.0,172.0,-305.0,415.0,-129.0,-310.0,-31.0,-191.0,-433.0,-70.0,286.0,-476.0,360.53,153.07,-290.8,399.14,-147.68,-279.71,-54.480000000000004,-212.37,-424.37,-50.67,251.68,-455.84
2025-08-13T12:19:14.974414,417.0,161.0,-269.0,397.0,-161.0,-292.0,-19.0,-251.0,-412.0,-44.0,291.0,-431.0,402.53,142.07,-254.8,381.14,-179.68,-261.71,-42.480000000000004,-272.37,-403.37,-24.67,256.68,-410.84
2025-08-13T12:19:14.978839,387.0,181.0,-342.0,382.0,-116.0,-276.0,-21.0,-211.0,-408.0,-56.0,243.0,-465.0,372.53,162.07,-327.8,366.14,-134.68,-245.71,-44.480000000000004,-232.37,-399.37,-36.67,208.68,-444.84
2025-08-13T12:19:14.987078,364.0,193.0,-250.0,394.0,-158.0,-340.0,26.0,-257.0,-385.0,-68.0,244.0,-379.0,349.53,174.07,-235.8,378.14,-176.68,-309.71,2.5199999999999996,-278.37,-376.37,-48.67,209.68,-358.84
2025-08-13T12:19:14.994958,340.0,151.0,-328.0,319.0,-113.0,-257.0,-23.0,-191.0,-448.0,-73.0,236.0,-432.0,325.53,132.07,-313.8,303.14,-131.68,-226.71,-46.480000000000004,-212.37,-439.37,-53.67,201.68,-411.84
2025-08-13T12:19:14.999380,394.0,177.0,-264.0,316.0,-51.0,-228.0,-13.0,-213.0,-347.0,-81.0,223.0,-359.0,379.53,158.07,-249.8,300.14,-69.68,-197.71,-36.480000000000004,-234.37,-338.37,-61.67,188.68,-338.84
2025-08-13T12:19:15.007197,264.0,149.0,-227.0,261.0,-77.0,-221.0,17.0,-94.0,-332.0,-68.0,220.0,-390.0,249.53,130.07,-212.8,245.14,-95.68,-190.71,-6.48,-115.37,-323.37,-48.67,185.68,-369.84
2025-08-13T12:19:15.011673,352.0,133.0,-266.0,315.0,-116.0,-241.0,69.0,-184.0,-354.0,-103.0,211.0,-396.0,337.53,114.07,-251.8,299.14,-134.68,-210.71,45.519999999999996,-205.37,-345.37,-83.67,176.68,-375.84
2025-08-13T12:19:15.019491,253.0,108.0,-224.0,264.0,-114.0,-199.0,27.0,-108.0,-325.0,7.0,223.0,-362.0,238.53,89.07,-209.8,248.14,-132.68,-168.71,3.5199999999999996,-129.37,-316.37,26.33,188.68,-341.84
2025-08-13T12:19:15.027545,253.0,76.0,-216.0,231.0,-42.0,-201.0,60.0,-84.0,-347.0,-29.0,209.0,-337.0,238.53,57.07,-201.8,215.14,-60.68,-170.71,36.519999999999996,-105.37,-338.37,-9.670000000000002,174.68,-316.84
2025-08-13T12:19:15.032044,205.0,91.0,-210.0,214.0,-114.0,-242.0,49.0,-150.0,-308.0,-37.0,217.0,-267.0,190.53,72.07,-195.8,198.14,-132.68,-211.71,25.52,-171.37,-299.37,-17.67,182.68,-246.84
2025-08-13T12:19:15.039983,261.0,52.0,-189.0,221.0,-55.0,-143.0,-12.0,-110.0,-291.0,-49.0,158.0,-260.0,246.53,33.07,-174.8,205.14,-73.68,-112.71000000000001,-35.480000000000004,-131.37,-282.37,-29.67,123.68,-239.84
2025-08-13T12:19:15.044320,174.0,109.0,-138.0,218.0,-19.0,-126.0,5.0,-49.0,-307.0,-42.0,189.0,-328.0,159.53,90.07,-123.8,202.14,-37.68,-95.71000000000001,-18.48,-70.37,-298.37,-22.67,154.68,-307.84
2025-08-13T12:19:15.052275,180.0,9.0,-244.0,222.0,-78.0,-153.0,82.0,-138.0,-281.0,20.0,119.0,-311.0,165.53,-9.93,-229.8,206.14,-96.68,-122.71000000000001,58.519999999999996,-159.37,-272.37,39.33,84.68,-290.84
2025-08-13T12:19:15.060305,189.0,72.0,-250.0,179.0,-99.0,-188.0,5.0,-90.0,-253.0,-45.0,142.0,-271.0,174.53,53.07,-235.8,163.14,-117.68,-157.71,-18.48,-111.37,-244.37,-25.67,107.68,-250.84
2025-08-13T12:19:15.064754,200.0,2.0,-171.0,157.0,-73.0,-123.0,31.0,-50.0,-286.0,-1.0,83.0,-299.0,185.53,-16.93,-156.8,141.14,-91.68,-92.71000000000001,7.52,-71.37,-277.37,18.33,48.68,-278.84
2025-08-13T12:19:15.072704,190.0,30.0,-107.0,203.0,-61.0,-236.0,-19.0,-55.0,-235.0,13.0,132.0,-266.0,175.53,11.07,-92.8,187.14,-79.68,-205.71,-42.480000000000004,-76.37,-226.37,32.33,97.68,-245.84
2025-08-13T12:19:15.077070,214.0,150.0,-184.0,203.0,1.0,-180.0,-1.0,-116.0,-228.0,-32.0,115.0,-253.0,199.53,131.07,-169.8,187.14,-17.68,-149.71,-24.48,-137.37,-219.37,-12.670000000000002,80.68,-232.84
2025-08-13T12:19:15.085240,192.0,89.0,-178.0,121.0,9.0,-124.0,-3.0,-21.0,-167.0,-100.0,146.0,-263.0,177.53,70.07,-163.8,105.14,-9.68,-93.71000000000001,-26.48,-42.370000000000005,-158.37,-80.67,111.68,-242.84
2025-08-13T12:19:15.089549,111.0,-24.0,-118.0,148.0,-9.0,-138.0,-31.0,-13.0,-217.0,-128.0,82.0,-259.0,96.53,-42.93,-103.8,132.14,-27.68,-107.71000000000001,-54.480000000000004,-34.370000000000005,-208.37,-108.67,47.68,-238.84
2025-08-13T12:19:15.097470,215.0,72.0,-139.0,136.0,-94.0,-124.0,38.0,-44.0,-227.0,-59.0,103.0,-245.0,200.53,53.07,-124.8,120.14,-112.68,-93.71000000000001,14.52,-65.37,-218.37,-39.67,68.68,-224.84
2025-08-13T12:19:15.105638,154.0,76.0,-202.0,159.0,5.0,-122.0,-33.0,-121.0,-192.0,-65.0,71.0,-168.0,139.53,57.07,-187.8,143.14,-13.68,-91.71000000000001,-56.480000000000004,-142.37,-183.37,-45.67,36.68,-147.84
2025-08-13T12:19:15.110197,184.0,40.0,-143.0,142.0,-6.0,-179.0,-55.0,10.0,-201.0,-92.0,160.0,-219.0,169.53,21.07,-128.8,126.14,-24.68,-148.71,-78.48,-11.370000000000001,-192.37,-72.67,125.68,-198.84
2025-08-13T12:19:15.118102,133.0,-1.0,-137.0,122.0,75.0,-123.0,39.0,-18.0,-174.0,-47.0,30.0,-222.0,118.53,-19.93,-122.8,106.14,56.32,-92.71000000000001,15.52,-39.370000000000005,-165.37,-27.67,-4.32,-201.84
2025-08-13T12:19:15.124285,129.0,138.0,-173.0,70.0,58.0,-175.0,30.0,-28.0,-150.0,-9.0,43.0,-154.0,114.53,119.07,-158.8,54.14,39.32,-144.71,6.52,-49.370000000000005,-141.37,10.329999999999998,8.68,-133.84
2025-08-13T12:19:15.130106,87.0,43.0,-176.0,81.0,13.0,-105.0,-22.0,6.0,-139.0,-77.0,67.0,-165.0,72.53,24.07,-161.8,65.14,-5.68,-74.71000000000001,-45.480000000000004,-15.370000000000001,-130.37,-57.67,32.68,-144.84
2025-08-13T12:19:15.137417,128.0,46.0,-227.0,52.0,-38.0,-122.0,19.0,-11.0,-144.0,-119.0,89.0,-139.0,113.53,27.07,-212.8,36.14,-56.68,-91.71000000000001,-4.48,-32.370000000000005,-135.37,-99.67,54.68,-118.84
2025-08-13T12:19:15.147091,32.0,52.0,-139.0,89.0,-45.0,-155.0,-47.0,-16.0,-176.0,-46.0,46.0,-177.0,17.53,33.07,-124.8,73.14,-63.68,-124.71000000000001,-70.48,-37.370000000000005,-167.37,-26.67,11.68,-156.84
2025-08-13T12:19:15.154928,31.0,97.0,-19.0,13.0,-73.0,-103.0,-9.0,4.0,-132.0,-54.0,2.0,-75.0,16.53,78.07,-4.800000000000001,-2.8599999999999994,-91.68,-72.71000000000001,-32.480000000000004,-17.37,-123.37,-34.67,-32.32,-54.84
2025-08-13T12:19:15.158349,-18.0,25.0,-124.0,73.0,-35.0,-132.0,34.0,-35.0,-66.0,-102.0,80.0,-81.0,-32.47,6.07,-109.8,57.14,-53.68,-101.71000000000001,10.52,-56.370000000000005,-57.37,-82.67,45.68,-60.84
2025-08-13T12:19:15.161464,-49.0,-10.0,-132.0,16.0,-15.0,-145.0,32.0,18.0,-142.0,-69.0,97.0,-176.0,-63.47,-28.93,-117.8,0.14000000000000057,-33.68,-114.71000000000001,8.52,-3.370000000000001,-133.37,-49.67,62.68,-155.84
2025-08-13T12:19:15.167022,40.0,66.0,-210.0,53.0,-30.0,-71.0,-34.0,-10.0,-159.0,-4.0,90.0,-111.0,25.53,47.07,-195.8,37.14,-48.68,-40.71,-57.480000000000004,-31.37,-150.37,15.329999999999998,55.68,-90.84
2025-08-13T12:19:15.171860,127.0,34.0,-147.0,1.0,-8.0,-72.0,2.0,31.0,-116.0,-60.0,81.0,-146.0,112.53,15.07,-132.8,-14.86,-26.68,-41.71,-21.48,9.629999999999999,-107.37,-40.67,46.68,-125.84
2025-08-13T12:19:15.179526,112.0,-33.0,-151.0,35.0,-37.0,-85.0,-26.0,-92.0,-193.0,19.0,104.0,-119.0,97.53,-51.93,-136.8,19.14,-55.68,-54.71,-49.480000000000004,-113.37,-184.37,38.33,69.68,-98.84
2025-08-13T12:19:15.187277,58.0,9.0,-109.0,77.0,-25.0,-121.0,-19.0,-35.0,-124.0,-29.0,81.0,-123.0,43.53,-9.93,-94.8,61.14,-43.68,-90.71000000000001,-42.480000000000004,-56.370000000000005,-115.37,-9.670000000000002,46.68,-102.84
2025-08-13T12:19:15.191589,52.0,44.0,-46.0,81.0,9.0,-113.0,-112.0,-2.0,-61.0,-137.0,90.0,-148.0,37.53,25.07,-31.8,65.14,-9.68,-82.71000000000001,-135.48,-23.37,-52.37,-117.67,55.68,-127.84
2025-08-13T12:19:15.199609,83.0,114.0,-147.0,18.0,16.0,-174.0,-44.0,68.0,-125.0,10.0,22.0,-75.0,68.53,95.07,-132.8,2.1400000000000006,-2.6799999999999997,-143.71,-67.48,46.629999999999995,-116.37,29.33,-12.32,-54.84
2025-08-13T12:19:15.204074,-15.0,48.0,-126.0,63.0,-40.0,-178.0,32.0,-41.0,-141.0,-77.0,86.0,-131.0,-29.47,29.07,-111.8,47.14,-58.68,-147.71,8.52,-62.370000000000005,-132.37,-57.67,51.68,-110.84
2025-08-13T12:19:15.211930,24.0,23.0,-149.0,42.0,7.0,-129.0,-10.0,-26.0,-122.0,-62.0,100.0,-110.0,9.53,4.07,-134.8,26.14,-11.68,-98.71000000000001,-33.480000000000004,-47.370000000000005,-113.37,-42.67,65.68,-89.84
2025-08-13T12:19:15.216553,141.0,-34.0,-183.0,6.0,28.0,-135.0,-25.0,-48.0,-156.0,-79.0,106.0,-190.0,126.53,-52.93,-168.8,-9.86,9.32,-104.71000000000001,-48.480000000000004,-69.37,-147.37,-59.67,71.68,-169.84
2025-08-13T12:19:15.224395,54.0,-2.0,-116.0,3.0,44.0,-167.0,-29.0,-36.0,-141.0,-61.0,65.0,-127.0,39.53,-20.93,-101.8,-12.86,25.32,-136.71,-52.480000000000004,-57.370000000000005,-132.37,-41.67,30.68,-106.84
2025-08-13T12:19:15.229001,69.0,-12.0,-149.0,66.0,-39.0,-128.0,-102.0,-21.0,-118.0,-26.0,40.0,-137.0,54.53,-30.93,-134.8,50.14,-57.68,-97.71000000000001,-125.48,-42.370000000000005,-109.37,-6.670000000000002,5.68,-116.84
2025-08-13T12:19:15.236705,44.0,111.0,-204.0,23.0,-48.0,-108.0,-46.0,7.0,-116.0,-87.0,81.0,-118.0,29.53,92.07,-189.8,7.140000000000001,-66.68,-77.71000000000001,-69.48,-14.370000000000001,-107.37,-67.67,46.68,-97.84
2025-08-13T12:19:15.241451,92.0,34.0,-239.0,86.0,-96.0,-141.0,-11.0,10.0,-103.0,-74.0,126.0,-183.0,77.53,15.07,-224.8,70.14,-114.68,-110.71000000000001,-34.480000000000004,-11.370000000000001,-94.37,-54.67,91.68,-162.84
2025-08-13T12:19:15.248878,45.0,27.0,-158.0,56.0,12.0,-135.0,-24.0,-39.0,-80.0,8.0,-3.0,-124.0,30.53,8.07,-143.8,40.14,-6.68,-104.71000000000001,-47.480000000000004,-60.370000000000005,-71.37,27.33,-37.32,-103.84
2025-08-13T12:19:15.256907,-13.0,-22.0,-124.0,77.0,42.0,-120.0,-58.0,-14.0,-108.0,-78.0,14.0,-120.0,-27.47,-40.93,-109.8,61.14,23.32,-89.71000000000001,-81.48,-35.370000000000005,-99.37,-58.67,-20.32,-99.84
2025-08-13T12:19:15.261430,67.0,58.0,-60.0,55.0,-8.0,-175.0,-32.0,5.0,-150.0,-66.0,71.0,-105.0,52.53,39.07,-45.8,39.14,-26.68,-144.71,-55.480000000000004,-16.37,-141.37,-46.67,36.68,-84.84
2025-08-13T12:19:15.269194,69.0,25.0,-128.0,66.0,-30.0,-139.0,-14.0,-9.0,-145.0,-133.0,54.0,-168.0,54.53,6.07,-113.8,50.14,-48.68,-108.71000000000001,-37.480000000000004,-30.37,-136.37,-113.67,19.68,-147.84
2025-08-13T12:19:15.273741,34.0,-14.0,-194.0,48.0,-23.0,-166.0,2.0,-32.0,-166.0,-2.0,13.0,-108.0,19.53,-32.93,-179.8,32.14,-41.68,-135.71,-21.48,-53.370000000000005,-157.37,17.33,-21.32,-87.84
2025-08-13T12:19:15.281521,70.0,54.0,-156.0,91.0,-33.0,-87.0,32.0,24.0,-105.0,12.0,72.0,-125.0,55.53,35.07,-141.8,75.14,-51.68,-56.71,8.52,2.629999999999999,-96.37,31.33,37.68,-104.84
2025-08-13T12:19:15.285829,14.0,-18.0,-136.0,56.0,23.0,-102.0,-46.0,10.0,-150.0,-28.0,75.0,-82.0,-0.47000000000000064,-36.93,-121.8,40.14,4.32,-71.71000000000001,-69.48,-11.370000000000001,-141.37,-8.670000000000002,40.68,-61.84
2025-08-13T12:19:15.293909,77.0,-18.0,-38.0,30.0,20.0,-141.0,-65.0,-43.0,-76.0,-25.0,30.0,-120.0,62.53,-36.93,-23.8,14.14,1.3200000000000003,-110.71000000000001,-88.48,-64.37,-67.37,-5.670000000000002,-4.32,-99.84
2025-08-13T12:19:15.298372,-15.0,60.0,-77.0,75.0,-34.0,-152.0,16.0,-1.0,-123.0,-94.0,58.0,-147.0,-29.47,41.07,-62.8,59.14,-52.68,-121.71000000000001,-7.48,-22.37,-114.37,-74.67,23.68,-126.84
2025-08-13T12:19:15.306648,81.0,33.0,-205.0,28.0,-50.0,-148.0,-69.0,-1.0,-92.0,-13.0,124.0,-118.0,66.53,14.07,-190.8,12.14,-68.68,-117.71000000000001,-92.48,-22.37,-83.37,6.329999999999998,89.68,-97.84
2025-08-13T12:19:15.310675,64.0,82.0,-174.0,19.0,-2.0,-128.0,-19.0,7.0,-143.0,-30.0,101.0,-69.0,49.53,63.07,-159.8,3.1400000000000006,-20.68,-97.71000000000001,-42.480000000000004,-14.370000000000001,-134.37,-10.670000000000002,66.68,-48.84
2025-08-13T12:19:15.319111,111.0,52.0,-197.0,107.0,-22.0,-154.0,-98.0,-46.0,-55.0,27.0,21.0,-95.0,96.53,33.07,-182.8,91.14,-40.68,-123.71000000000001,-121.48,-67.37,-46.37,46.33,-13.32,-74.84
2025-08-13T12:19:15.323077,49.0,67.0,-160.0,-44.0,-10.0,-178.0,-104.0,-50.0,-117.0,-61.0,66.0,-158.0,34.53,48.07,-145.8,-59.86,-28.68,-147.71,-127.48,-71.37,-108.37,-41.67,31.68,-137.84
2025-08-13T12:19:15.330868,8.0,81.0,-83.0,56.0,-64.0,-152.0,30.0,22.0,-164.0,-52.0,30.0,-94.0,-6.470000000000001,62.07,-68.8,40.14,-82.68,-121.71000000000001,6.52,0.629999999999999,-155.37,-32.67,-4.32,-73.84
2025-08-13T12:19:15.335324,32.0,137.0,-181.0,61.0,-44.0,-139.0,71.0,116.0,-150.0,-28.0,73.0,-151.0,17.53,118.07,-166.8,45.14,-62.68,-108.71000000000001,47.519999999999996,94.63,-141.37,-8.670000000000002,38.68,-130.84
2025-08-13T12:19:15.343529,112.0,-15.0,-127.0,83.0,-23.0,-143.0,-1.0,-42.0,-141.0,-21.0,27.0,-184.0,97.53,-33.93,-112.8,67.14,-41.68,-112.71000000000001,-24.48,-63.370000000000005,-132.37,-1.6700000000000017,-7.32,-163.84
2025-08-13T12:19:15.347398,20.0,57.0,-121.0,40.0,-35.0,-99.0,-25.0,-26.0,-95.0,-27.0,70.0,-191.0,5.529999999999999,38.07,-106.8,24.14,-53.68,-68.71000000000001,-48.480000000000004,-47.370000000000005,-86.37,-7.670000000000002,35.68,-170.84
2025-08-13T12:19:15.355667,72.0,65.0,-100.0,120.0,-11.0,-169.0,-36.0,1.0,-117.0,-49.0,8.0,-90.0,57.53,46.07,-85.8,104.14,-29.68,-138.71,-59.480000000000004,-20.37,-108.37,-29.67,-26.32,-69.84
2025-08-13T12:19:15.363403,161.0,120.0,-97.0,22.0,-69.0,-68.0,4.0,-55.0,-104.0,-51.0,34.0,-54.0,146.53,101.07,-82.8,6.140000000000001,-87.68,-37.71,-19.48,-76.37,-95.37,-31.67,-0.3200000000000003,-33.84
2025-08-13T12:19:15.368339,23.0,55.0,-195.0,56.0,4.0,-121.0,-24.0,-14.0,-66.0,-72.0,1.0,-104.0,8.53,36.07,-180.8,40.14,-14.68,-90.71000000000001,-47.480000000000004,-35.370000000000005,-57.37,-52.67,-33.32,-83.84
2025-08-13T12:19:15.375741,78.0,34.0,-192.0,59.0,-19.0,-132.0,-16.0,-31.0,-65.0,-29.0,52.0,-96.0,63.53,15.07,-177.8,43.14,-37.68,-101.71000000000001,-39.480000000000004,-52.370000000000005,-56.37,-9.670000000000002,17.68,-75.84
2025-08-13T12:19:15.380944,125.0,20.0,-125.0,42.0,-35.0,-95.0,12.0,-59.0,-124.0,-92.0,25.0,-169.0,110.53,1.0700000000000003,-110.8,26.14,-53.68,-64.71000000000001,-11.48,-80.37,-115.37,-72.67,-9.32,-148.84
2025-08-13T12:19:15.388080,71.0,25.0,-134.0,49.0,-37.0,-52.0,54.0,-27.0,-66.0,-53.0,-5.0,-88.0,56.53,6.07,-119.8,33.14,-55.68,-21.71,30.52,-48.370000000000005,-57.37,-33.67,-39.32,-67.84
2025-08-13T12:19:15.393968,89.0,30.0,-96.0,103.0,-3.0,-87.0,-52.0,-13.0,-122.0,-111.0,72.0,-142.0,74.53,11.07,-81.8,87.14,-21.68,-56.71,-75.48,-34.370000000000005,-113.37,-91.67,37.68,-121.84
2025-08-13T12:19:15.401695,72.0,103.0,-105.0,38.0,-4.0,-166.0,-107.0,-32.0,-171.0,-113.0,87.0,-122.0,57.53,84.07,-90.8,22.14,-22.68,-135.71,-130.48,-53.370000000000005,-162.37,-93.67,52.68,-101.84
2025-08-13T12:19:15.405204,-16.0,20.0,-200.0,109.0,39.0,-162.0,-8.0,-63.0,-69.0,-99.0,74.0,-113.0,-30.47,1.0700000000000003,-185.8,93.14,20.32,-131.71,-31.48,-84.37,-60.37,-79.67,39.68,-92.84
2025-08-13T12:19:15.413006,128.0,20.0,-125.0,44.0,-63.0,-184.0,37.0,-47.0,-114.0,-53.0,70.0,-164.0,113.53,1.0700000000000003,-110.8,28.14,-81.68,-153.71,13.52,-68.37,-105.37,-33.67,35.68,-143.84
2025-08-13T12:19:15.418703,74.0,63.0,-141.0,9.0,-59.0,-176.0,-18.0,28.0,-87.0,1.0,-21.0,-81.0,59.53,44.07,-126.8,-6.859999999999999,-77.68,-145.71,-41.480000000000004,6.629999999999999,-78.37,20.33,-55.32,-60.84
2025-08-13T12:19:15.425183,41.0,65.0,-63.0,83.0,-78.0,-136.0,30.0,-6.0,-158.0,-71.0,114.0,-135.0,26.53,46.07,-48.8,67.14,-96.68,-105.71000000000001,6.52,-27.37,-149.37,-51.67,79.68,-114.84
2025-08-13T12:19:15.430696,44.0,135.0,-114.0,42.0,4.0,-120.0,-63.0,-11.0,-116.0,-39.0,78.0,-170.0,29.53,116.07,-99.8,26.14,-14.68,-89.71000000000001,-86.48,-32.370000000000005,-107.37,-19.67,43.68,-149.84
2025-08-13T12:19:15.437578,23.0,115.0,-146.0,121.0,5.0,-139.0,-3.0,-11.0,-188.0,-62.0,49.0,-181.0,8.53,96.07,-131.8,105.14,-13.68,-108.71000000000001,-26.48,-32.370000000000005,-179.37,-42.67,14.68,-160.84
2025-08-13T12:19:15.443489,87.0,32.0,-99.0,89.0,10.0,-126.0,-50.0,-43.0,-101.0,-11.0,38.0,-122.0,72.53,13.07,-84.8,73.14,-8.68,-95.71000000000001,-73.48,-64.37,-92.37,8.329999999999998,3.6799999999999997,-101.84
2025-08-13T12:19:15.451935,99.0,50.0,-193.0,40.0,15.0,-202.0,-69.0,-73.0,-113.0,-39.0,50.0,-166.0,84.53,31.07,-178.8,24.14,-3.6799999999999997,-171.71,-92.48,-94.37,-104.37,-19.67,15.68,-145.84
2025-08-13T12:19:15.460248,66.0,20.0,-81.0,7.0,-56.0,-145.0,-42.0,59.0,-156.0,-5.0,-4.0,-131.0,51.53,1.0700000000000003,-66.8,-8.86,-74.68,-114.71000000000001,-65.48,37.629999999999995,-147.37,14.329999999999998,-38.32,-110.84
2025-08-13T12:19:15.469146,21.0,20.0,-123.0,67.0,0.0,-140.0,-49.0,21.0,-159.0,-56.0,158.0,-86.0,6.529999999999999,1.0700000000000003,-108.8,51.14,-18.68,-109.71000000000001,-72.48,-0.370000000000001,-150.37,-36.67,123.68,-65.84
2025-08-13T12:19:15.474809,54.0,65.0,-170.0,90.0,-26.0,-160.0,11.0,37.0,-122.0,-72.0,123.0,-153.0,39.53,46.07,-155.8,74.14,-44.68,-129.71,-12.48,15.629999999999999,-113.37,-52.67,88.68,-132.84
2025-08-13T12:19:15.478995,47.0,66.0,-164.0,40.0,20.0,-123.0,27.0,-8.0,-81.0,17.0,100.0,-120.0,32.53,47.07,-149.8,24.14,1.3200000000000003,-92.71000000000001,3.5199999999999996,-29.37,-72.37,36.33,65.68,-99.84
2025-08-13T12:19:15.482649,78.0,79.0,-184.0,19.0,101.0,-170.0,-17.0,-11.0,-158.0,-39.0,74.0,-166.0,63.53,60.07,-169.8,3.1400000000000006,82.32,-139.71,-40.480000000000004,-32.370000000000005,-149.37,-19.67,39.68,-145.84
2025-08-13T12:19:15.486558,46.0,15.0,-210.0,77.0,-6.0,-180.0,26.0,2.0,-156.0,-49.0,67.0,-110.0,31.53,-3.9299999999999997,-195.8,61.14,-24.68,-149.71,2.5199999999999996,-19.37,-147.37,-29.67,32.68,-89.84
2025-08-13T12:19:15.494528,39.0,10.0,-87.0,38.0,47.0,-157.0,-28.0,38.0,-148.0,-24.0,51.0,-126.0,24.53,-8.93,-72.8,22.14,28.32,-126.71000000000001,-51.480000000000004,16.63,-139.37,-4.670000000000002,16.68,-105.84
2025-08-13T12:19:15.498850,-29.0,40.0,-120.0,103.0,25.0,-110.0,-27.0,11.0,-148.0,-33.0,76.0,-152.0,-43.47,21.07,-105.8,87.14,6.32,-79.71000000000001,-50.480000000000004,-10.370000000000001,-139.37,-13.670000000000002,41.68,-131.84
2025-08-13T12:19:15.506937,73.0,110.0,-163.0,57.0,-17.0,-120.0,-2.0,-8.0,-67.0,13.0,57.0,-95.0,58.53,91.07,-148.8,41.14,-35.68,-89.71000000000001,-25.48,-29.37,-58.37,32.33,22.68,-74.84
2025-08-13T12:19:15.511185,81.0,48.0,-136.0,40.0,28.0,-72.0,-3.0,-8.0,-113.0,-5.0,62.0,-105.0,66.53,29.07,-121.8,24.14,9.32,-41.71,-26.48,-29.37,-104.37,14.329999999999998,27.68,-84.84
2025-08-13T12:19:15.519270,72.0,7.0,-156.0,53.0,26.0,-89.0,28.0,36.0,-114.0,-24.0,89.0,-195.0,57.53,-11.93,-141.8,37.14,7.32,-58.71,4.52,14.629999999999999,-105.37,-4.670000000000002,54.68,-174.84
2025-08-13T12:19:15.523604,57.0,45.0,-121.0,57.0,-69.0,-173.0,-55.0,-4.0,-112.0,27.0,45.0,-103.0,42.53,26.07,-106.8,41.14,-87.68,-142.71,-78.48,-25.37,-103.37,46.33,10.68,-82.84
2025-08-13T12:19:15.531602,33.0,43.0,-113.0,29.0,-12.0,-194.0,-12.0,-23.0,-137.0,-81.0,62.0,-161.0,18.53,24.07,-98.8,13.14,-30.68,-163.71,-35.480000000000004,-44.370000000000005,-128.37,-61.67,27.68,-140.84
2025-08-13T12:19:15.536033,54.0,33.0,-137.0,42.0,-47.0,-129.0,-26.0,-15.0,-148.0,-39.0,77.0,-184.0,39.53,14.07,-122.8,26.14,-65.68,-98.71000000000001,-49.480000000000004,-36.370000000000005,-139.37,-19.67,42.68,-163.84
2025-08-13T12:19:15.543795,-49.0,78.0,-157.0,46.0,-5.0,-140.0,-4.0,-3.0,-122.0,-60.0,61.0,-169.0,-63.47,59.07,-142.8,30.14,-23.68,-109.71000000000001,-27.48,-24.37,-113.37,-40.67,26.68,-148.84
2025-08-13T12:19:15.551876,83.0,83.0,-187.0,71.0,-19.0,-126.0,-24.0,-45.0,-121.0,-45.0,97.0,-142.0,68.53,64.07,-172.8,55.14,-37.68,-95.71000000000001,-47.480000000000004,-66.37,-112.37,-25.67,62.68,-121.84
2025-08-13T12:19:15.556302,119.0,10.0,-178.0,51.0,-71.0,-109.0,9.0,47.0,-120.0,-30.0,73.0,-157.0,104.53,-8.93,-163.8,35.14,-89.68,-78.71000000000001,-14.48,25.63,-111.37,-10.670000000000002,38.68,-136.84
2025-08-13T12:19:15.564258,86.0,9.0,-169.0,12.0,27.0,-200.0,19.0,-29.0,-135.0,18.0,36.0,-138.0,71.53,-9.93,-154.8,-3.8599999999999994,8.32,-169.71,-4.48,-50.370000000000005,-126.37,37.33,1.6799999999999997,-117.84
2025-08-13T12:19:15.568555,21.0,-16.0,-68.0,46.0,41.0,-102.0,0.0,-19.0,-145.0,-56.0,99.0,-113.0,6.529999999999999,-34.93,-53.8,30.14,22.32,-71.71000000000001,-23.48,-40.370000000000005,-136.37,-36.67,64.68,-92.84
2025-08-13T12:19:15.576643,49.0,68.0,-147.0,53.0,-49.0,-118.0,-34.0,-12.0,-153.0,-92.0,101.0,-189.0,34.53,49.07,-132.8,37.14,-67.68,-87.71000000000001,-57.480000000000004,-33.370000000000005,-144.37,-72.67,66.68,-168.84
2025-08-13T12:19:15.581735,106.0,24.0,-159.0,64.0,-9.0,-152.0,-105.0,-45.0,-120.0,-16.0,88.0,-110.0,91.53,5.07,-144.8,48.14,-27.68,-121.71000000000001,-128.48,-66.37,-111.37,3.3299999999999983,53.68,-89.84
2025-08-13T12:19:15.589827,-7.0,36.0,-154.0,83.0,14.0,-106.0,-12.0,6.0,-153.0,-45.0,69.0,-146.0,-21.47,17.07,-139.8,67.14,-4.68,-75.71000000000001,-35.480000000000004,-15.370000000000001,-144.37,-25.67,34.68,-125.84
2025-08-13T12:19:15.594238,70.0,-47.0,-170.0,29.0,-14.0,-69.0,44.0,-8.0,-123.0,-57.0,25.0,-109.0,55.53,-65.93,-155.8,13.14,-32.68,-38.71,20.52,-29.37,-114.37,-37.67,-9.32,-88.84
2025-08-13T12:19:15.602196,23.0,13.0,-138.0,45.0,-72.0,-68.0,-28.0,-38.0,-84.0,-44.0,31.0,-96.0,8.53,-5.93,-123.8,29.14,-90.68,-37.71,-51.480000000000004,-59.370000000000005,-75.37,-24.67,-3.3200000000000003,-75.84
2025-08-13T12:19:15.606326,12.0,29.0,-194.0,92.0,-39.0,-129.0,-33.0,10.0,-122.0,-85.0,2.0,-124.0,-2.4700000000000006,10.07,-179.8,76.14,-57.68,-98.71000000000001,-56.480000000000004,-11.370000000000001,-113.37,-65.67,-32.32,-103.84
2025-08-13T12:19:15.614589,3.0,18.0,-161.0,54.0,42.0,-137.0,-67.0,20.0,-118.0,-83.0,64.0,-165.0,-11.47,-0.9299999999999997,-146.8,38.14,23.32,-106.71000000000001,-90.48,-1.370000000000001,-109.37,-63.67,29.68,-144.84
2025-08-13T12:19:15.618938,20.0,62.0,-157.0,94.0,-4.0,-90.0,-22.0,54.0,-158.0,-84.0,67.0,-112.0,5.529999999999999,43.07,-142.8,78.14,-22.68,-59.71,-45.480000000000004,32.629999999999995,-149.37,-64.67,32.68,-91.84
2025-08-13T12:19:15.626836,70.0,47.0,-128.0,89.0,13.0,-128.0,10.0,2.0,-132.0,-18.0,45.0,-123.0,55.53,28.07,-113.8,73.14,-5.68,-97.71000000000001,-13.48,-19.37,-123.37,1.3299999999999983,10.68,-102.84
2025-08-13T12:19:15.630841,83.0,66.0,-86.0,74.0,26.0,-139.0,10.0,-24.0,-100.0,-69.0,18.0,-157.0,68.53,47.07,-71.8,58.14,7.32,-108.71000000000001,-13.48,-45.370000000000005,-91.37,-49.67,-16.32,-136.84
2025-08-13T12:19:15.638303,53.0,44.0,-80.0,0.0,41.0,-115.0,33.0,-86.0,-96.0,-22.0,28.0,-158.0,38.53,25.07,-65.8,-15.86,22.32,-84.71000000000001,9.52,-107.37,-87.37,-2.6700000000000017,-6.32,-137.84
2025-08-13T12:19:15.645072,13.0,60.0,-138.0,27.0,12.0,-106.0,31.0,34.0,-136.0,-55.0,62.0,-156.0,-1.4700000000000006,41.07,-123.8,11.14,-6.68,-75.71000000000001,7.52,12.629999999999999,-127.37,-35.67,27.68,-135.84
2025-08-13T12:19:15.652462,56.0,38.0,-171.0,27.0,-3.0,-128.0,-93.0,32.0,-134.0,-53.0,91.0,-176.0,41.53,19.07,-156.8,11.14,-21.68,-97.71000000000001,-116.48,10.629999999999999,-125.37,-33.67,56.68,-155.84
2025-08-13T12:19:15.658880,101.0,124.0,-120.0,-5.0,-14.0,-156.0,-7.0,32.0,-134.0,-82.0,61.0,-125.0,86.53,105.07,-105.8,-20.86,-32.68,-125.71000000000001,-30.48,10.629999999999999,-125.37,-62.67,26.68,-104.84
2025-08-13T12:19:15.663177,59.0,62.0,-179.0,127.0,-18.0,-130.0,-32.0,-35.0,-59.0,-9.0,88.0,-159.0,44.53,43.07,-164.8,111.14,-36.68,-99.71000000000001,-55.480000000000004,-56.370000000000005,-50.37,10.329999999999998,53.68,-138.84
2025-08-13T12:19:15.670873,37.0,-20.0,-158.0,91.0,-9.0,-129.0,12.0,-41.0,-139.0,-122.0,30.0,-163.0,22.53,-38.93,-143.8,75.14,-27.68,-98.71000000000001,-11.48,-62.370000000000005,-130.37,-102.67,-4.32,-142.84
2025-08-13T12:19:15.675587,-44.0,17.0,-129.0,21.0,0.0,-104.0,0.0,39.0,-62.0,-68.0,35.0,-145.0,-58.47,-1.9299999999999997,-114.8,5.140000000000001,-18.68,-73.71000000000001,-23.48,17.63,-53.37,-48.67,0.6799999999999997,-124.84
2025-08-13T12:19:15.683126,50.0,43.0,-83.0,90.0,26.0,-149.0,-117.0,12.0,-120.0,-20.0,88.0,-90.0,35.53,24.07,-68.8,74.14,7.32,-118.71000000000001,-140.48,-9.370000000000001,-111.37,-0.6700000000000017,53.68,-69.84
2025-08-13T12:19:15.688677,86.0,67.0,-155.0,34.0,12.0,-156.0,31.0,-97.0,-163.0,-35.0,7.0,-152.0,71.53,48.07,-140.8,18.14,-6.68,-125.71000000000001,7.52,-118.37,-154.37,-15.670000000000002,-27.32,-131.84
2025-08-13T12:19:15.695636,83.0,90.0,-155.0,70.0,2.0,-164.0,-10.0,-95.0,-172.0,-62.0,21.0,-165.0,68.53,71.07,-140.8,54.14,-16.68,-133.71,-33.480000000000004,-116.37,-163.37,-42.67,-13.32,-144.84
2025-08-13T12:19:15.701227,43.0,-18.0,-101.0,-1.0,-37.0,-108.0,51.0,-19.0,-80.0,-35.0,23.0,-104.0,28.53,-36.93,-86.8,-16.86,-55.68,-77.71000000000001,27.52,-40.370000000000005,-71.37,-15.670000000000002,-11.32,-83.84
2025-08-13T12:19:15.707852,69.0,-17.0,-126.0,1.0,-6.0,-174.0,-33.0,-7.0,-101.0,-69.0,49.0,-103.0,54.53,-35.93,-111.8,-14.86,-24.68,-143.71,-56.480000000000004,-28.37,-92.37,-49.67,14.68,-82.84
2025-08-13T12:19:15.712568,68.0,80.0,-172.0,37.0,-39.0,-181.0,-33.0,-2.0,-102.0,12.0,86.0,-118.0,53.53,61.07,-157.8,21.14,-57.68,-150.71,-56.480000000000004,-23.37,-93.37,31.33,51.68,-97.84
2025-08-13T12:19:15.721241,28.0,88.0,-125.0,78.0,-8.0,-229.0,-80.0,-74.0,-104.0,-38.0,75.0,-198.0,13.53,69.07,-110.8,62.14,-26.68,-198.71,-103.48,-95.37,-95.37,-18.67,40.68,-177.84
2025-08-13T12:19:15.724948,22.0,51.0,-163.0,-7.0,-6.0,-172.0,13.0,-3.0,-84.0,-64.0,71.0,-146.0,7.529999999999999,32.07,-148.8,-22.86,-24.68,-141.71,-10.48,-24.37,-75.37,-44.67,36.68,-125.84
2025-08-13T12:19:15.732763,77.0,48.0,-109.0,93.0,-4.0,-88.0,14.0,-79.0,-122.0,-80.0,34.0,-96.0,62.53,29.07,-94.8,77.14,-22.68,-57.71,-9.48,-100.37,-113.37,-60.67,-0.3200000000000003,-75.84
2025-08-13T12:19:15.738994,79.0,120.0,-181.0,51.0,-1.0,-140.0,-45.0,-56.0,-134.0,-44.0,38.0,-157.0,64.53,101.07,-166.8,35.14,-19.68,-109.71000000000001,-68.48,-77.37,-125.37,-24.67,3.6799999999999997,-136.84
2025-08-13T12:19:15.744900,88.0,7.0,-160.0,50.0,-20.0,-119.0,-13.0,-31.0,-107.0,-34.0,16.0,-80.0,73.53,-11.93,-145.8,34.14,-38.68,-88.71000000000001,-36.480000000000004,-52.370000000000005,-98.37,-14.670000000000002,-18.32,-59.84
2025-08-13T12:19:15.754498,16.0,-28.0,-99.0,51.0,-27.0,-141.0,-50.0,74.0,-104.0,-53.0,60.0,-104.0,1.5299999999999994,-46.93,-84.8,35.14,-45.68,-110.71000000000001,-73.48,52.629999999999995,-95.37,-33.67,25.68,-83.84
2025-08-13T12:19:15.759915,66.0,64.0,-123.0,58.0,-27.0,-147.0,-2.0,-15.0,-82.0,-10.0,12.0,-188.0,51.53,45.07,-108.8,42.14,-45.68,-116.71000000000001,-25.48,-36.370000000000005,-73.37,9.329999999999998,-22.32,-167.84
2025-08-13T12:19:15.764911,33.0,22.0,-101.0,50.0,63.0,-138.0,34.0,-2.0,-91.0,-87.0,121.0,-194.0,18.53,3.0700000000000003,-86.8,34.14,44.32,-107.71000000000001,10.52,-23.37,-82.37,-67.67,86.68,-173.84
2025-08-13T12:19:15.769286,96.0,58.0,-217.0,19.0,-45.0,-156.0,-10.0,87.0,-130.0,-77.0,34.0,-107.0,81.53,39.07,-202.8,3.1400000000000006,-63.68,-125.71000000000001,-33.480000000000004,65.63,-121.37,-57.67,-0.3200000000000003,-86.84
2025-08-13T12:19:15.777223,42.0,57.0,-135.0,57.0,3.0,-151.0,-12.0,32.0,-121.0,-76.0,74.0,-114.0,27.53,38.07,-120.8,41.14,-15.68,-120.71000000000001,-35.480000000000004,10.629999999999999,-112.37,-56.67,39.68,-93.84
2025-08-13T12:19:15.781380,65.0,0.0,-79.0,32.0,22.0,-162.0,-77.0,13.0,-91.0,-61.0,-46.0,-86.0,50.53,-18.93,-64.8,16.14,3.3200000000000003,-131.71,-100.48,-8.370000000000001,-82.37,-41.67,-80.32,-65.84
2025-08-13T12:19:15.789537,39.0,-27.0,-109.0,56.0,9.0,-151.0,-72.0,-20.0,-115.0,-76.0,106.0,-145.0,24.53,-45.93,-94.8,40.14,-9.68,-120.71000000000001,-95.48,-41.370000000000005,-106.37,-56.67,71.68,-124.84
2025-08-13T12:19:15.793718,-15.0,55.0,-50.0,8.0,-28.0,-183.0,19.0,9.0,-86.0,-92.0,98.0,-146.0,-29.47,36.07,-35.8,-7.859999999999999,-46.68,-152.71,-4.48,-12.370000000000001,-77.37,-72.67,63.68,-125.84
2025-08-13T12:19:15.801915,9.0,71.0,-190.0,88.0,-5.0,-123.0,52.0,30.0,-114.0,-41.0,99.0,-144.0,-5.470000000000001,52.07,-175.8,72.14,-23.68,-92.71000000000001,28.52,8.629999999999999,-105.37,-21.67,64.68,-123.84
2025-08-13T12:19:15.806662,83.0,-25.0,-133.0,111.0,-80.0,-117.0,-22.0,-15.0,-166.0,17.0,36.0,-132.0,68.53,-43.93,-118.8,95.14,-98.68,-86.71000000000001,-45.480000000000004,-36.370000000000005,-157.37,36.33,1.6799999999999997,-111.84
2025-08-13T12:19:15.814175,113.0,-45.0,-93.0,50.0,3.0,-156.0,-53.0,26.0,-93.0,11.0,8.0,-129.0,98.53,-63.93,-78.8,34.14,-15.68,-125.71000000000001,-76.48,4.629999999999999,-84.37,30.33,-26.32,-108.84
2025-08-13T12:19:15.818430,46.0,58.0,-107.0,49.0,-1.0,-125.0,20.0,-77.0,-9.0,-58.0,82.0,-153.0,31.53,39.07,-92.8,33.14,-19.68,-94.71000000000001,-3.4800000000000004,-98.37,-0.3699999999999992,-38.67,47.68,-132.84
2025-08-13T12:19:15.826552,31.0,68.0,-205.0,138.0,-38.0,-27.0,-84.0,69.0,-159.0,-91.0,87.0,-106.0,16.53,49.07,-190.8,122.14,-56.68,3.289999999999999,-107.48,47.629999999999995,-150.37,-71.67,52.68,-85.84
2025-08-13T12:19:15.830720,89.0,31.0,-166.0,31.0,-69.0,-85.0,16.0,-2.0,-50.0,-79.0,58.0,-188.0,74.53,12.07,-151.8,15.14,-87.68,-54.71,-7.48,-23.37,-41.37,-59.67,23.68,-167.84
2025-08-13T12:19:15.838691,29.0,61.0,-150.0,86.0,1.0,-171.0,-69.0,85.0,-92.0,-45.0,-1.0,-100.0,14.53,42.07,-135.8,70.14,-17.68,-140.71,-92.48,63.629999999999995,-83.37,-25.67,-35.32,-79.84
2025-08-13T12:19:15.843106,42.0,-33.0,-187.0,110.0,54.0,-130.0,22.0,39.0,-134.0,-62.0,129.0,-158.0,27.53,-51.93,-172.8,94.14,35.32,-99.71000000000001,-1.4800000000000004,17.63,-125.37,-42.67,94.68,-137.84
2025-08-13T12:19:15.851371,115.0,50.0,-72.0,-17.0,-51.0,-145.0,59.0,44.0,-111.0,17.0,65.0,-73.0,100.53,31.07,-57.8,-32.86,-69.68,-114.71000000000001,35.519999999999996,22.63,-102.37,36.33,30.68,-52.84
2025-08-13T12:19:15.855586,-11.0,64.0,-74.0,1.0,-43.0,-103.0,-9.0,-89.0,-70.0,-84.0,29.0,-66.0,-25.47,45.07,-59.8,-14.86,-61.68,-72.71000000000001,-32.480000000000004,-110.37,-61.37,-64.67,-5.32,-45.84
2025-08-13T12:19:15.863435,35.0,-7.0,-6.0,10.0,-68.0,-132.0,-20.0,-32.0,-27.0,-48.0,45.0,-101.0,20.53,-25.93,8.2,-5.859999999999999,-86.68,-101.71000000000001,-43.480000000000004,-53.370000000000005,-18.369999999999997,-28.67,10.68,-80.84
2025-08-13T12:19:15.871287,42.0,112.0,-13.0,17.0,-12.0,-121.0,-49.0,21.0,-130.0,-90.0,105.0,-167.0,27.53,93.07,1.1999999999999993,1.1400000000000006,-30.68,-90.71000000000001,-72.48,-0.370000000000001,-121.37,-70.67,70.68,-146.84
2025-08-13T12:19:15.875814,-54.0,12.0,-157.0,28.0,-61.0,-51.0,69.0,20.0,-61.0,-28.0,8.0,-142.0,-68.47,-6.93,-142.8,12.14,-79.68,-20.71,45.519999999999996,-1.370000000000001,-52.37,-8.670000000000002,-26.32,-121.84
2025-08-13T12:19:15.883609,101.0,76.0,-140.0,60.0,-14.0,-132.0,-8.0,0.0,-129.0,-16.0,23.0,-106.0,86.53,57.07,-125.8,44.14,-32.68,-101.71000000000001,-31.48,-21.37,-120.37,3.3299999999999983,-11.32,-85.84
2025-08-13T12:19:15.888154,24.0,10.0,-94.0,-14.0,-24.0,-113.0,-28.0,41.0,-67.0,-54.0,108.0,-111.0,9.53,-8.93,-79.8,-29.86,-42.68,-82.71000000000001,-51.480000000000004,19.63,-58.37,-34.67,73.68,-90.84
2025-08-13T12:19:15.896150,-41.0,-1.0,-57.0,-16.0,-18.0,-73.0,-31.0,22.0,-31.0,-35.0,14.0,-119.0,-55.47,-19.93,-42.8,-31.86,-36.68,-42.71,-54.480000000000004,0.629999999999999,-22.369999999999997,-15.670000000000002,-20.32,-98.84
2025-08-13T12:19:15.900463,-12.0,67.0,-86.0,133.0,-18.0,-101.0,64.0,23.0,-104.0,-20.0,42.0,-51.0,-26.47,48.07,-71.8,117.14,-36.68,-70.71000000000001,40.519999999999996,1.629999999999999,-95.37,-0.6700000000000017,7.68,-30.84
2025-08-13T12:19:15.908296,-8.0,30.0,-119.0,22.0,62.0,-77.0,18.0,43.0,-131.0,6.0,66.0,-131.0,-22.47,11.07,-104.8,6.140000000000001,43.32,-46.71,-5.48,21.63,-122.37,25.33,31.68,-110.84
2025-08-13T12:19:15.912867,21.0,33.0,-129.0,-37.0,-3.0,-87.0,-35.0,31.0,-99.0,-22.0,66.0,-20.0,6.529999999999999,14.07,-114.8,-52.86,-21.68,-56.71,-58.480000000000004,9.629999999999999,-90.37,-2.6700000000000017,31.68,0.16000000000000014
2025-08-13T12:19:15.920634,43.0,44.0,-95.0,29.0,81.0,-74.0,-48.0,-10.0,-25.0,-2.0,73.0,-78.0,28.53,25.07,-80.8,13.14,62.32,-43.71,-71.48,-31.37,-16.369999999999997,17.33,38.68,-57.84
2025-08-13T12:19:15.925712,96.0,59.0,-133.0,-33.0,-33.0,-38.0,-6.0,-32.0,-119.0,-70.0,8.0,-114.0,81.53,40.07,-118.8,-48.86,-51.68,-7.710000000000001,-29.48,-53.370000000000005,-110.37,-50.67,-26.32,-93.84
2025-08-13T12:19:15.933239,102.0,-13.0,-99.0,47.0,-45.0,-24.0,-44.0,40.0,-111.0,-61.0,94.0,-30.0,87.53,-31.93,-84.8,31.14,-63.68,6.289999999999999,-67.48,18.63,-102.37,-41.67,59.68,-9.84
2025-08-13T12:19:15.937972,22.0,-46.0,-127.0,11.0,13.0,-103.0,28.0,-24.0,-76.0,-28.0,124.0,-18.0,7.529999999999999,-64.93,-112.8,-4.859999999999999,-5.68,-72.71000000000001,4.52,-45.370000000000005,-67.37,-8.670000000000002,89.68,2.16
2025-08-13T12:19:15.945274,27.0,-19.0,-26.0,56.0,12.0,-65.0,-3.0,-15.0,-86.0,-12.0,18.0,-67.0,12.53,-37.93,-11.8,40.14,-6.68,-34.71,-26.48,-36.370000000000005,-77.37,7.329999999999998,-16.32,-46.84
2025-08-13T12:19:15.952113,-14.0,29.0,-64.0,36.0,-37.0,-56.0,42.0,-29.0,-104.0,-13.0,55.0,-85.0,-28.47,10.07,-49.8,20.14,-55.68,-25.71,18.52,-50.370000000000005,-95.37,6.329999999999998,20.68,-64.84
2025-08-13T12:19:15.957400,49.0,34.0,-37.0,18.0,-2.0,-135.0,-3.0,-8.0,-41.0,-51.0,36.0,-161.0,34.53,15.07,-22.8,2.1400000000000006,-20.68,-104.71000000000001,-26.48,-29.37,-32.37,-31.67,1.6799999999999997,-140.84
2025-08-13T12:19:15.962136,75.0,83.0,-53.0,21.0,3.0,-95.0,-7.0,-50.0,-79.0,-50.0,5.0,-110.0,60.53,64.07,-38.8,5.140000000000001,-15.68,-64.71000000000001,-30.48,-71.37,-70.37,-30.67,-29.32,-89.84
2025-08-13T12:19:15.969843,-65.0,62.0,-40.0,46.0,20.0,-75.0,-17.0,-28.0,-88.0,-42.0,96.0,-128.0,-79.47,43.07,-25.8,30.14,1.3200000000000003,-44.71,-40.480000000000004,-49.370000000000005,-79.37,-22.67,61.68,-107.84
2025-08-13T12:19:15.975992,1.0,118.0,-112.0,35.0,3.0,-101.0,-19.0,37.0,-47.0,35.0,49.0,-103.0,-13.47,99.07,-97.8,19.14,-15.68,-70.71000000000001,-42.480000000000004,15.629999999999999,-38.37,54.33,14.68,-82.84
2025-08-13T12:19:15.982992,57.0,20.0,-137.0,73.0,-20.0,-140.0,-11.0,45.0,-94.0,25.0,28.0,-61.0,42.53,1.0700000000000003,-122.8,57.14,-38.68,-109.71000000000001,-34.480000000000004,23.63,-85.37,44.33,-6.32,-40.84
2025-08-13T12:19:15.988749,-4.0,15.0,-17.0,14.0,52.0,-16.0,46.0,15.0,-79.0,-123.0,111.0,-64.0,-18.47,-3.9299999999999997,-2.8000000000000007,-1.8599999999999994,33.32,14.29,22.52,-6.370000000000001,-70.37,-103.67,76.68,-43.84
2025-08-13T12:19:15.994222,79.0,81.0,-54.0,66.0,0.0,-82.0,73.0,-25.0,-99.0,-86.0,22.0,-68.0,64.53,62.07,-39.8,50.14,-18.68,-51.71,49.519999999999996,-46.370000000000005,-90.37,-66.67,-12.32,-47.84
2025-08-13T12:19:15.998708,60.0,47.0,-84.0,37.0,-60.0,-55.0,-43.0,-22.0,-33.0,22.0,57.0,-87.0,45.53,28.07,-69.8,21.14,-78.68,-24.71,-66.48,-43.370000000000005,-24.369999999999997,41.33,22.68,-66.84
2025-08-13T12:19:16.006605,0.0,23.0,-96.0,18.0,-44.0,-26.0,-8.0,-3.0,-50.0,-19.0,15.0,-84.0,-14.47,4.07,-81.8,2.1400000000000006,-62.68,4.289999999999999,-31.48,-24.37,-41.37,0.3299999999999983,-19.32,-63.84
2025-08-13T12:19:16.012446,41.0,61.0,-43.0,24.0,3.0,-70.0,26.0,50.0,-65.0,-16.0,55.0,-160.0,26.53,42.07,-28.8,8.14,-15.68,-39.71,2.5199999999999996,28.63,-56.37,3.3299999999999983,20.68,-139.84
2025-08-13T12:19:16.018883,49.0,109.0,-10.0,55.0,4.0,-22.0,-53.0,19.0,-62.0,-41.0,-4.0,-58.0,34.53,90.07,4.199999999999999,39.14,-14.68,8.29,-76.48,-2.370000000000001,-53.37,-21.67,-38.32,-37.84
2025-08-13T12:19:16.023437,-8.0,68.0,-51.0,105.0,29.0,-111.0,19.0,-9.0,11.0,-7.0,-25.0,-59.0,-22.47,49.07,-36.8,89.14,10.32,-80.71000000000001,-4.48,-30.37,19.630000000000003,12.329999999999998,-59.32,-38.84
2025-08-13T12:19:16.031167,120.0,37.0,7.0,18.0,-32.0,-27.0,-10.0,26.0,-24.0,-18.0,32.0,-69.0,105.53,18.07,21.2,2.1400000000000006,-50.68,3.289999999999999,-33.480000000000004,4.629999999999999,-15.37,1.3299999999999983,-2.3200000000000003,-48.84
2025-08-13T12:19:16.036262,22.0,87.0,-90.0,23.0,12.0,-87.0,42.0,0.0,-61.0,-57.0,69.0,-9.0,7.529999999999999,68.07,-75.8,7.140000000000001,-6.68,-56.71,18.52,-21.37,-52.37,-37.67,34.68,11.16
2025-08-13T12:19:16.043384,42.0,61.0,-133.0,82.0,69.0,-29.0,12.0,41.0,-91.0,-4.0,97.0,-84.0,27.53,42.07,-118.8,66.14,50.32,1.2899999999999991,-11.48,19.63,-82.37,15.329999999999998,62.68,-63.84
2025-08-13T12:19:16.050559,42.0,116.0,-17.0,-7.0,-28.0,-94.0,15.0,10.0,-44.0,-122.0,69.0,-29.0,27.53,97.07,-2.8000000000000007,-22.86,-46.68,-63.71,-8.48,-11.370000000000001,-35.37,-102.67,34.68,-8.84
2025-08-13T12:19:16.055720,38.0,61.0,-111.0,32.0,-35.0,-106.0,0.0,-47.0,-23.0,-50.0,68.0,-84.0,23.53,42.07,-96.8,16.14,-53.68,-75.71000000000001,-23.48,-68.37,-14.37,-30.67,33.68,-63.84
2025-08-13T12:19:16.060005,-5.0,7.0,-34.0,-20.0,47.0,-102.0,-5.0,12.0,-16.0,-15.0,61.0,-76.0,-19.47,-11.93,-19.8,-35.86,28.32,-71.71000000000001,-28.48,-9.370000000000001,-7.369999999999999,4.329999999999998,26.68,-55.84
2025-08-13T12:19:16.068018,-15.0,122.0,-95.0,-16.0,50.0,-95.0,-13.0,-17.0,-67.0,-28.0,49.0,-51.0,-29.47,103.07,-80.8,-31.86,31.32,-64.71000000000001,-36.480000000000004,-38.370000000000005,-58.37,-8.670000000000002,14.68,-30.84
2025-08-13T12:19:16.073139,7.0,-6.0,5.0,-2.0,20.0,-120.0,20.0,-4.0,2.0,3.0,58.0,-67.0,-7.470000000000001,-24.93,19.2,-17.86,1.3200000000000003,-89.71000000000001,-3.4800000000000004,-25.37,10.63,22.33,23.68,-46.84
2025-08-13T12:19:16.080177,31.0,22.0,-20.0,80.0,45.0,-46.0,-28.0,3.0,-54.0,-44.0,0.0,-37.0,16.53,3.0700000000000003,-5.800000000000001,64.14,26.32,-15.71,-51.480000000000004,-18.37,-45.37,-24.67,-34.32,-16.84
2025-08-13T12:19:16.085565,-16.0,71.0,-76.0,44.0,-8.0,-24.0,8.0,84.0,-79.0,-30.0,57.0,-7.0,-30.47,52.07,-61.8,28.14,-26.68,6.289999999999999,-15.48,62.629999999999995,-70.37,-10.670000000000002,22.68,13.16
2025-08-13T12:19:16.090519,-39.0,43.0,-20.0,93.0,15.0,-75.0,39.0,20.0,-43.0,-91.0,28.0,-50.0,-53.47,24.07,-5.800000000000001,77.14,-3.6799999999999997,-44.71,15.52,-1.370000000000001,-34.37,-71.67,-6.32,-29.84
2025-08-13T12:19:16.097856,12.0,74.0,-44.0,42.0,-60.0,-84.0,4.0,-3.0,-5.0,-69.0,58.0,-29.0,-2.4700000000000006,55.07,-29.8,26.14,-78.68,-53.71,-19.48,-24.37,3.630000000000001,-49.67,23.68,-8.84
2025-08-13T12:19:16.102914,-12.0,105.0,-8.0,-53.0,2.0,-65.0,3.0,42.0,-35.0,-67.0,109.0,-22.0,-26.47,86.07,6.199999999999999,-68.86,-16.68,-34.71,-20.48,20.63,-26.369999999999997,-47.67,74.68,-1.8399999999999999
2025-08-13T12:19:16.111047,99.0,74.0,-18.0,78.0,55.0,-72.0,-14.0,76.0,-48.0,-116.0,43.0,-75.0,84.53,55.07,-3.8000000000000007,62.14,36.32,-41.71,-37.480000000000004,54.629999999999995,-39.37,-96.67,8.68,-54.84
2025-08-13T12:19:16.117097,-17.0,107.0,-128.0,55.0,-13.0,-38.0,24.0,-49.0,-76.0,-96.0,78.0,-105.0,-31.47,88.07,-113.8,39.14,-31.68,-7.710000000000001,0.5199999999999996,-70.37,-67.37,-76.67,43.68,-84.84
2025-08-13T12:19:16.122282,44.0,17.0,-29.0,-4.0,-21.0,-78.0,88.0,29.0,-9.0,-20.0,75.0,-40.0,29.53,-1.9299999999999997,-14.8,-19.86,-39.68,-47.71,64.52,7.629999999999999,-0.3699999999999992,-0.6700000000000017,40.68,-19.84
2025-08-13T12:19:16.126513,-11.0,65.0,-99.0,51.0,35.0,-79.0,22.0,24.0,-2.0,20.0,36.0,-54.0,-25.47,46.07,-84.8,35.14,16.32,-48.71,-1.4800000000000004,2.629999999999999,6.630000000000001,39.33,1.6799999999999997,-33.84
2025-08-13T12:19:16.134098,32.0,58.0,-94.0,29.0,2.0,-48.0,-7.0,-3.0,7.0,-75.0,60.0,-78.0,17.53,39.07,-79.8,13.14,-16.68,-17.71,-30.48,-24.37,15.63,-55.67,25.68,-57.84
2025-08-13T12:19:16.138398,94.0,68.0,-74.0,28.0,-23.0,-86.0,-22.0,-34.0,-24.0,-17.0,-3.0,-13.0,79.53,49.07,-59.8,12.14,-41.68,-55.71,-45.480000000000004,-55.370000000000005,-15.37,2.3299999999999983,-37.32,7.16
2025-08-13T12:19:16.146432,128.0,55.0,-77.0,23.0,-13.0,-91.0,38.0,-17.0,-45.0,-31.0,94.0,-92.0,113.53,36.07,-62.8,7.140000000000001,-31.68,-60.71,14.52,-38.370000000000005,-36.37,-11.670000000000002,59.68,-71.84
2025-08-13T12:19:16.150155,91.0,-1.0,29.0,20.0,3.0,-90.0,52.0,2.0,-33.0,-8.0,58.0,-112.0,76.53,-19.93,43.2,4.140000000000001,-15.68,-59.71,28.52,-19.37,-24.369999999999997,11.329999999999998,23.68,-91.84
2025-08-13T12:19:16.158544,-1.0,14.0,-47.0,94.0,48.0,-23.0,17.0,38.0,-45.0,28.0,38.0,48.0,-15.47,-4.93,-32.8,78.14,29.32,7.289999999999999,-6.48,16.63,-36.37,47.33,3.6799999999999997,68.16
2025-08-13T12:19:16.162462,15.0,23.0,-16.0,-13.0,42.0,-39.0,-11.0,-11.0,-47.0,3.0,8.0,-64.0,0.5299999999999994,4.07,-1.8000000000000007,-28.86,23.32,-8.71,-34.480000000000004,-32.370000000000005,-38.37,22.33,-26.32,-43.84
2025-08-13T12:19:16.170463,54.0,54.0,11.0,49.0,45.0,-49.0,-26.0,76.0,-5.0,-47.0,56.0,-17.0,39.53,35.07,25.2,33.14,26.32,-18.71,-49.480000000000004,54.629999999999995,3.630000000000001,-27.67,21.68,3.16
2025-08-13T12:19:16.174809,17.0,-3.0,-60.0,14.0,-11.0,-50.0,-43.0,71.0,-76.0,-33.0,90.0,-100.0,2.5299999999999994,-21.93,-45.8,-1.8599999999999994,-29.68,-19.71,-66.48,49.629999999999995,-67.37,-13.670000000000002,55.68,-79.84
2025-08-13T12:19:16.183090,29.0,-9.0,-18.0,16.0,58.0,-81.0,38.0,14.0,-89.0,-23.0,75.0,-65.0,14.53,-27.93,-3.8000000000000007,0.14000000000000057,39.32,-50.71,14.52,-7.370000000000001,-80.37,-3.6700000000000017,40.68,-44.84
2025-08-13T12:19:16.186882,-20.0,36.0,-76.0,5.0,28.0,-35.0,59.0,31.0,-20.0,-5.0,74.0,-49.0,-34.47,17.07,-61.8,-10.86,9.32,-4.710000000000001,35.519999999999996,9.629999999999999,-11.37,14.329999999999998,39.68,-28.84
2025-08-13T12:19:16.195059,17.0,73.0,-112.0,46.0,-43.0,-55.0,42.0,-56.0,-55.0,-4.0,70.0,-67.0,2.5299999999999994,54.07,-97.8,30.14,-61.68,-24.71,18.52,-77.37,-46.37,15.329999999999998,35.68,-46.84
2025-08-13T12:19:16.199138,36.0,69.0,-30.0,-37.0,-40.0,-57.0,22.0,66.0,-11.0,-12.0,93.0,23.0,21.53,50.07,-15.8,-52.86,-58.68,-26.71,-1.4800000000000004,44.629999999999995,-2.369999999999999,7.329999999999998,58.68,43.16
2025-08-13T12:19:16.207587,10.0,-52.0,-77.0,97.0,-38.0,-93.0,-58.0,70.0,-34.0,35.0,21.0,-17.0,-4.470000000000001,-70.93,-62.8,81.14,-56.68,-62.71,-81.48,48.629999999999995,-25.369999999999997,54.33,-13.32,3.16
2025-08-13T12:19:16.211599,79.0,26.0,-68.0,67.0,-14.0,-72.0,40.0,27.0,-43.0,-40.0,24.0,5.0,64.53,7.07,-53.8,51.14,-32.68,-41.71,16.52,5.629999999999999,-34.37,-20.67,-10.32,25.16
2025-08-13T12:19:16.219633,74.0,41.0,-21.0,0.0,31.0,-59.0,-2.0,20.0,-85.0,-31.0,16.0,70.0,59.53,22.07,-6.800000000000001,-15.86,12.32,-28.71,-25.48,-1.370000000000001,-76.37,-11.670000000000002,-18.32,90.16
2025-08-13T12:19:16.223716,109.0,26.0,-54.0,27.0,91.0,20.0,-12.0,58.0,-104.0,-57.0,26.0,-4.0,94.53,7.07,-39.8,11.14,72.32,50.29,-35.480000000000004,36.629999999999995,-95.37,-37.67,-8.32,16.16
2025-08-13T12:19:16.231855,63.0,11.0,-46.0,25.0,48.0,-85.0,0.0,9.0,1.0,8.0,28.0,-12.0,48.53,-7.93,-31.8,9.14,29.32,-54.71,-23.48,-12.370000000000001,9.63,27.33,-6.32,8.16
2025-08-13T12:19:16.236264,22.0,10.0,-75.0,67.0,39.0,-75.0,3.0,47.0,-22.0,-5.0,15.0,-27.0,7.529999999999999,-8.93,-60.8,51.14,20.32,-44.71,-20.48,25.63,-13.37,14.329999999999998,-19.32,-6.84
2025-08-13T12:19:16.244377,45.0,-33.0,-42.0,-24.0,-10.0,-24.0,72.0,37.0,-35.0,-72.0,12.0,-47.0,30.53,-51.93,-27.8,-39.86,-28.68,6.289999999999999,48.519999999999996,15.629999999999999,-26.369999999999997,-52.67,-22.32,-26.84
2025-08-13T12:19:16.248993,23.0,29.0,-34.0,-22.0,116.0,-24.0,30.0,-79.0,-46.0,-71.0,-45.0,-35.0,8.53,10.07,-19.8,-37.86,97.32,6.289999999999999,6.52,-100.37,-37.37,-51.67,-79.32,-14.84
2025-08-13T12:19:16.256588,-7.0,62.0,-12.0,19.0,41.0,-37.0,-3.0,-10.0,23.0,-37.0,63.0,-80.0,-21.47,43.07,2.1999999999999993,3.1400000000000006,22.32,-6.710000000000001,-26.48,-31.37,31.630000000000003,-17.67,28.68,-59.84
2025-08-13T12:19:16.261138,38.0,47.0,-25.0,39.0,15.0,-55.0,-13.0,52.0,-32.0,0.0,17.0,-81.0,23.53,28.07,-10.8,23.14,-3.6799999999999997,-24.71,-36.480000000000004,30.63,-23.369999999999997,19.33,-17.32,-60.84
2025-08-13T12:19:16.268732,40.0,49.0,-49.0,10.0,-15.0,-32.0,40.0,6.0,-54.0,-42.0,20.0,-105.0,25.53,30.07,-34.8,-5.859999999999999,-33.68,-1.7100000000000009,16.52,-15.370000000000001,-45.37,-22.67,-14.32,-84.84
2025-08-13T12:19:16.272950,2.0,77.0,-38.0,-2.0,41.0,-44.0,29.0,20.0,-45.0,39.0,3.0,-84.0,-12.47,58.07,-23.8,-17.86,22.32,-13.71,5.52,-1.370000000000001,-36.37,58.33,-31.32,-63.84
2025-08-13T12:19:16.281053,-53.0,28.0,-80.0,-54.0,-2.0,-106.0,72.0,-23.0,-34.0,-34.0,-3.0,-82.0,-67.47,9.07,-65.8,-69.86,-20.68,-75.71000000000001,48.519999999999996,-44.370000000000005,-25.369999999999997,-14.670000000000002,-37.32,-61.84
2025-08-13T12:19:16.285289,-43.0,27.0,-53.0,73.0,0.0,-17.0,58.0,-5.0,0.0,-46.0,28.0,-57.0,-57.47,8.07,-38.8,57.14,-18.68,13.29,34.519999999999996,-26.37,8.63,-26.67,-6.32,-36.84
2025-08-13T12:19:16.293173,-1.0,71.0,-6.0,12.0,-9.0,-87.0,50.0,18.0,-65.0,24.0,-18.0,-67.0,-15.47,52.07,8.2,-3.8599999999999994,-27.68,-56.71,26.52,-3.370000000000001,-56.37,43.33,-52.32,-46.84
2025-08-13T12:19:16.297587,33.0,55.0,-31.0,-8.0,13.0,-49.0,-16.0,-31.0,-66.0,30.0,28.0,18.0,18.53,36.07,-16.8,-23.86,-5.68,-18.71,-39.480000000000004,-52.370000000000005,-57.37,49.33,-6.32,38.16
2025-08-13T12:19:16.305414,36.0,46.0,-45.0,-14.0,55.0,-20.0,71.0,27.0,8.0,28.0,53.0,-2.0,21.53,27.07,-30.8,-29.86,36.32,10.29,47.519999999999996,5.629999999999999,16.630000000000003,47.33,18.68,18.16
2025-08-13T12:19:16.309770,-27.0,127.0,-92.0,4.0,-16.0,10.0,-19.0,43.0,-27.0,-83.0,13.0,-29.0,-41.47,108.07,-77.8,-11.86,-34.68,40.29,-42.480000000000004,21.63,-18.369999999999997,-63.67,-21.32,-8.84
2025-08-13T12:19:16.317768,43.0,22.0,-52.0,-36.0,-16.0,1.0,63.0,37.0,-18.0,-24.0,99.0,-58.0,28.53,3.0700000000000003,-37.8,-51.86,-34.68,31.29,39.519999999999996,15.629999999999999,-9.37,-4.670000000000002,64.68,-37.84
2025-08-13T12:19:16.322062,30.0,-18.0,-60.0,37.0,64.0,-20.0,-30.0,71.0,-30.0,-8.0,97.0,-12.0,15.53,-36.93,-45.8,21.14,45.32,10.29,-53.480000000000004,49.629999999999995,-21.369999999999997,11.329999999999998,62.68,8.16
2025-08-13T12:19:16.329960,29.0,-4.0,34.0,29.0,33.0,-30.0,-21.0,9.0,12.0,14.0,60.0,-38.0,14.53,-22.93,48.2,13.14,14.32,0.28999999999999915,-44.480000000000004,-12.370000000000001,20.630000000000003,33.33,25.68,-17.84
2025-08-13T12:19:16.334289,60.0,19.0,6.0,14.0,10.0,-73.0,-9.0,-26.0,3.0,-4.0,17.0,-58.0,45.53,0.07000000000000028,20.2,-1.8599999999999994,-8.68,-42.71,-32.480000000000004,-47.370000000000005,11.63,15.329999999999998,-17.32,-37.84
2025-08-13T12:19:16.338467,-19.0,79.0,-3.0,9.0,99.0,-33.0,5.0,-27.0,-24.0,11.0,21.0,-78.0,-33.47,60.07,11.2,-6.859999999999999,80.32,-2.710000000000001,-18.48,-48.370000000000005,-15.37,30.33,-13.32,-57.84
2025-08-13T12:19:16.346606,87.0,56.0,-36.0,42.0,-47.0,-8.0,9.0,40.0,-54.0,28.0,34.0,-29.0,72.53,37.07,-21.8,26.14,-65.68,22.29,-14.48,18.63,-45.37,47.33,-0.3200000000000003,-8.84
2025-08-13T12:19:16.351049,88.0,24.0,47.0,40.0,32.0,-10.0,-26.0,37.0,-113.0,-17.0,12.0,-63.0,73.53,5.07,61.2,24.14,13.32,20.29,-49.480000000000004,15.629999999999999,-104.37,2.3299999999999983,-22.32,-42.84
2025-08-13T12:19:16.358913,34.0,51.0,-16.0,-25.0,9.0,-50.0,66.0,69.0,-97.0,-49.0,72.0,-36.0,19.53,32.07,-1.8000000000000007,-40.86,-9.68,-19.71,42.519999999999996,47.629999999999995,-88.37,-29.67,37.68,-15.84
2025-08-13T12:19:16.363136,-50.0,-2.0,-59.0,9.0,61.0,-42.0,43.0,11.0,-13.0,31.0,26.0,40.0,-64.47,-20.93,-44.8,-6.859999999999999,42.32,-11.71,19.52,-10.370000000000001,-4.369999999999999,50.33,-8.32,60.16
2025-08-13T12:19:16.371075,7.0,6.0,42.0,-41.0,0.0,-43.0,93.0,86.0,-35.0,-53.0,42.0,-11.0,-7.470000000000001,-12.93,56.2,-56.86,-18.68,-12.71,69.52,64.63,-26.369999999999997,-33.67,7.68,9.16
2025-08-13T12:19:16.375618,25.0,30.0,17.0,1.0,18.0,-28.0,8.0,23.0,-33.0,-39.0,34.0,-17.0,10.53,11.07,31.2,-14.86,-0.6799999999999997,2.289999999999999,-15.48,1.629999999999999,-24.369999999999997,-19.67,-0.3200000000000003,3.16
2025-08-13T12:19:16.383402,17.0,-14.0,12.0,49.0,-24.0,-10.0,22.0,19.0,-24.0,-108.0,38.0,-22.0,2.5299999999999994,-32.93,26.2,33.14,-42.68,20.29,-1.4800000000000004,-2.370000000000001,-15.37,-88.67,3.6799999999999997,-1.8399999999999999
2025-08-13T12:19:16.387989,36.0,-39.0,8.0,59.0,-62.0,-16.0,17.0,8.0,20.0,28.0,59.0,-33.0,21.53,-57.93,22.2,43.14,-80.68,14.29,-6.48,-13.370000000000001,28.630000000000003,47.33,24.68,-12.84
2025-08-13T12:19:16.395675,25.0,53.0,30.0,-1.0,53.0,-4.0,30.0,-25.0,1.0,27.0,26.0,-47.0,10.53,34.07,44.2,-16.86,34.32,26.29,6.52,-46.370000000000005,9.63,46.33,-8.32,-26.84
2025-08-13T12:19:16.400002,-12.0,86.0,-60.0,21.0,-59.0,-14.0,2.0,-8.0,19.0,-8.0,46.0,-37.0,-26.47,67.07,-45.8,5.140000000000001,-77.68,16.29,-21.48,-29.37,27.630000000000003,11.329999999999998,11.68,-16.84
2025-08-13T12:19:16.408062,-3.0,39.0,37.0,26.0,11.0,-19.0,-1.0,13.0,-35.0,-25.0,0.0,-65.0,-17.47,20.07,51.2,10.14,-7.68,11.29,-24.48,-8.370000000000001,-26.369999999999997,-5.670000000000002,-34.32,-44.84
2025-08-13T12:19:16.412433,-36.0,65.0,-14.0,19.0,-3.0,-33.0,6.0,20.0,34.0,-34.0,43.0,-10.0,-50.47,46.07,0.1999999999999993,3.1400000000000006,-21.68,-2.710000000000001,-17.48,-1.370000000000001,42.63,-14.670000000000002,8.68,10.16
2025-08-13T12:19:16.420417,23.0,66.0,-53.0,21.0,-12.0,-42.0,-12.0,29.0,-7.0,-20.0,35.0,13.0,8.53,47.07,-38.8,5.140000000000001,-30.68,-11.71,-35.480000000000004,7.629999999999999,1.6300000000000008,-0.6700000000000017,0.6799999999999997,33.16
2025-08-13T12:19:16.424648,104.0,-9.0,-102.0,10.0,18.0,-83.0,-27.0,7.0,-37.0,28.0,49.0,-45.0,89.53,-27.93,-87.8,-5.859999999999999,-0.6799999999999997,-52.71,-50.480000000000004,-14.370000000000001,-28.369999999999997,47.33,14.68,-24.84
2025-08-13T12:19:16.432698,58.0,27.0,-91.0,26.0,19.0,-12.0,27.0,54.0,0.0,-44.0,-3.0,22.0,43.53,8.07,-76.8,10.14,0.3200000000000003,18.29,3.5199999999999996,32.629999999999995,8.63,-24.67,-37.32,42.16
2025-08-13T12:19:16.436930,11.0,3.0,-38.0,-6.0,17.0,-74.0,31.0,54.0,-28.0,-32.0,58.0,-41.0,-3.4700000000000006,-15.93,-23.8,-21.86,-1.6799999999999997,-43.71,7.52,32.629999999999995,-19.369999999999997,-12.670000000000002,23.68,-20.84
2025-08-13T12:19:16.444811,25.0,12.0,-34.0,-9.0,-7.0,7.0,9.0,27.0,-44.0,-43.0,102.0,-31.0,10.53,-6.93,-19.8,-24.86,-25.68,37.29,-14.48,5.629999999999999,-35.37,-23.67,67.68,-10.84
2025-08-13T12:19:16.449160,55.0,-64.0,-26.0,-62.0,4.0,-29.0,68.0,33.0,-111.0,-32.0,81.0,-24.0,40.53,-82.93,-11.8,-77.86,-14.68,1.2899999999999991,44.519999999999996,11.629999999999999,-102.37,-12.670000000000002,46.68,-3.84
2025-08-13T12:19:16.457136,-15.0,45.0,15.0,-34.0,-16.0,-46.0,35.0,30.0,13.0,-67.0,53.0,-90.0,-29.47,26.07,29.2,-49.86,-34.68,-15.71,11.52,8.629999999999999,21.630000000000003,-47.67,18.68,-69.84
2025-08-13T12:19:16.461416,-4.0,-17.0,-42.0,8.0,30.0,-42.0,-62.0,54.0,-48.0,25.0,-8.0,-47.0,-18.47,-35.93,-27.8,-7.859999999999999,11.32,-11.71,-85.48,32.629999999999995,-39.37,44.33,-42.32,-26.84
2025-08-13T12:19:16.469515,-18.0,-43.0,35.0,32.0,-67.0,-21.0,27.0,4.0,-21.0,-48.0,61.0,-109.0,-32.47,-61.93,49.2,16.14,-85.68,9.29,3.5199999999999996,-17.37,-12.37,-28.67,26.68,-88.84
2025-08-13T12:19:16.473768,-56.0,8.0,-8.0,-12.0,-12.0,-48.0,28.0,80.0,-26.0,67.0,111.0,-99.0,-70.47,-10.93,6.199999999999999,-27.86,-30.68,-17.71,4.52,58.629999999999995,-17.369999999999997,86.33,76.68,-78.84
2025-08-13T12:19:16.481645,-15.0,-17.0,54.0,-16.0,26.0,8.0,45.0,60.0,-39.0,48.0,33.0,4.0,-29.47,-35.93,68.2,-31.86,7.32,38.29,21.52,38.629999999999995,-30.369999999999997,67.33,-1.3200000000000003,24.16
2025-08-13T12:19:16.486109,-6.0,16.0,-34.0,-34.0,20.0,-35.0,26.0,70.0,-35.0,-28.0,0.0,-64.0,-20.47,-2.9299999999999997,-19.8,-49.86,1.3200000000000003,-4.710000000000001,2.5199999999999996,48.629999999999995,-26.369999999999997,-8.670000000000002,-34.32,-43.84
2025-08-13T12:19:16.494086,-75.0,58.0,7.0,43.0,-27.0,-35.0,-1.0,42.0,-30.0,-7.0,18.0,-24.0,-89.47,39.07,21.2,27.14,-45.68,-4.710000000000001,-24.48,20.63,-21.369999999999997,12.329999999999998,-16.32,-3.84
2025-08-13T12:19:16.498512,28.0,42.0,1.0,62.0,53.0,-12.0,17.0,41.0,22.0,0.0,5.0,-62.0,13.53,23.07,15.2,46.14,34.32,18.29,-6.48,19.63,30.630000000000003,19.33,-29.32,-41.84
2025-08-13T12:19:16.506767,70.0,98.0,23.0,115.0,15.0,-52.0,60.0,27.0,-45.0,2.0,31.0,-46.0,55.53,79.07,37.2,99.14,-3.6799999999999997,-21.71,36.519999999999996,5.629999999999999,-36.37,21.33,-3.3200000000000003,-25.84
2025-08-13T12:19:16.511129,33.0,40.0,-9.0,-25.0,38.0,-80.0,58.0,-86.0,-18.0,27.0,79.0,-13.0,18.53,21.07,5.199999999999999,-40.86,19.32,-49.71,34.519999999999996,-107.37,-9.37,46.33,44.68,7.16
2025-08-13T12:19:16.519559,-35.0,-10.0,-37.0,-13.0,73.0,2.0,74.0,-22.0,12.0,-34.0,-3.0,-29.0,-49.47,-28.93,-22.8,-28.86,54.32,32.29,50.519999999999996,-43.370000000000005,20.630000000000003,-14.670000000000002,-37.32,-8.84
2025-08-13T12:19:16.528984,14.0,50.0,-11.0,80.0,19.0,-6.0,-15.0,25.0,-29.0,-60.0,38.0,-44.0,-0.47000000000000064,31.07,3.1999999999999993,64.14,0.3200000000000003,24.29,-38.480000000000004,3.629999999999999,-20.369999999999997,-40.67,3.6799999999999997,-23.84
2025-08-13T12:19:16.534172,-10.0,24.0,-101.0,42.0,39.0,-44.0,35.0,-43.0,4.0,-6.0,-14.0,-39.0,-24.47,5.07,-86.8,26.14,20.32,-13.71,11.52,-64.37,12.63,13.329999999999998,-48.32,-18.84
2025-08-13T12:19:16.536861,22.0,-5.0,-26.0,13.0,2.0,-54.0,-6.0,63.0,-6.0,57.0,42.0,-56.0,7.529999999999999,-23.93,-11.8,-2.8599999999999994,-16.68,-23.71,-29.48,41.629999999999995,2.630000000000001,76.33,7.68,-35.84
2025-08-13T12:19:16.543046,76.0,33.0,0.0,7.0,49.0,-105.0,-7.0,62.0,-34.0,-79.0,54.0,-64.0,61.53,14.07,14.2,-8.86,30.32,-74.71000000000001,-30.48,40.629999999999995,-25.369999999999997,-59.67,19.68,-43.84
2025-08-13T12:19:16.547556,58.0,39.0,-47.0,65.0,-28.0,-4.0,-9.0,9.0,-42.0,-26.0,32.0,-51.0,43.53,20.07,-32.8,49.14,-46.68,26.29,-32.480000000000004,-12.370000000000001,-33.37,-6.670000000000002,-2.3200000000000003,-30.84
2025-08-13T12:19:16.551761,-3.0,43.0,-46.0,71.0,33.0,-9.0,36.0,25.0,8.0,-26.0,62.0,-46.0,-17.47,24.07,-31.8,55.14,14.32,21.29,12.52,3.629999999999999,16.630000000000003,-6.670000000000002,27.68,-25.84
2025-08-13T12:19:16.559910,37.0,-11.0,-5.0,-22.0,36.0,-74.0,11.0,83.0,-96.0,-36.0,32.0,-17.0,22.53,-29.93,9.2,-37.86,17.32,-43.71,-12.48,61.629999999999995,-87.37,-16.67,-2.3200000000000003,3.16
2025-08-13T12:19:16.567610,71.0,69.0,-19.0,-11.0,3.0,-91.0,14.0,45.0,-28.0,-77.0,33.0,-19.0,56.53,50.07,-4.800000000000001,-26.86,-15.68,-60.71,-9.48,23.63,-19.369999999999997,-57.67,-1.3200000000000003,1.1600000000000001
2025-08-13T12:19:16.572113,1.0,24.0,-35.0,-21.0,-32.0,-18.0,97.0,-23.0,-15.0,37.0,80.0,-33.0,-13.47,5.07,-20.8,-36.86,-50.68,12.29,73.52,-44.370000000000005,-6.369999999999999,56.33,45.68,-12.84
2025-08-13T12:19:16.576457,120.0,10.0,5.0,57.0,-8.0,-30.0,-26.0,7.0,-90.0,-18.0,54.0,-16.0,105.53,-8.93,19.2,41.14,-26.68,0.28999999999999915,-49.480000000000004,-14.370000000000001,-81.37,1.3299999999999983,19.68,4.16
2025-08-13T12:19:16.584222,-24.0,60.0,3.0,-31.0,-41.0,-39.0,10.0,23.0,-2.0,85.0,17.0,-50.0,-38.47,41.07,17.2,-46.86,-59.68,-8.71,-13.48,1.629999999999999,6.630000000000001,104.33,-17.32,-29.84
2025-08-13T12:19:16.588742,47.0,28.0,34.0,-67.0,29.0,-70.0,28.0,35.0,-33.0,-47.0,10.0,-61.0,32.53,9.07,48.2,-82.86,10.32,-39.71,4.52,13.629999999999999,-24.369999999999997,-27.67,-24.32,-40.84
2025-08-13T12:19:16.596707,10.0,-27.0,-42.0,-1.0,9.0,-31.0,21.0,87.0,13.0,91.0,-29.0,-29.0,-4.470000000000001,-45.93,-27.8,-16.86,-9.68,-0.7100000000000009,-2.4800000000000004,65.63,21.630000000000003,110.33,-63.32,-8.84
2025-08-13T12:19:16.600976,-54.0,-41.0,-49.0,-19.0,3.0,11.0,-4.0,-15.0,13.0,13.0,22.0,-44.0,-68.47,-59.93,-34.8,-34.86,-15.68,41.29,-27.48,-36.370000000000005,21.630000000000003,32.33,-12.32,-23.84
2025-08-13T12:19:16.608861,-3.0,23.0,14.0,-3.0,48.0,-62.0,58.0,5.0,17.0,44.0,27.0,-22.0,-17.47,4.07,28.2,-18.86,29.32,-31.71,34.519999999999996,-16.37,25.630000000000003,63.33,-7.32,-1.8399999999999999
2025-08-13T12:19:16.613119,-67.0,67.0,20.0,22.0,-38.0,-49.0,15.0,0.0,-26.0,49.0,63.0,-17.0,-81.47,48.07,34.2,6.140000000000001,-56.68,-18.71,-8.48,-21.37,-17.369999999999997,68.33,28.68,3.16
2025-08-13T12:19:16.621141,-15.0,39.0,18.0,4.0,0.0,41.0,-38.0,40.0,-66.0,-74.0,34.0,4.0,-29.47,20.07,32.2,-11.86,-18.68,71.28999999999999,-61.480000000000004,18.63,-57.37,-54.67,-0.3200000000000003,24.16
2025-08-13T12:19:16.625509,49.0,95.0,-3.0,39.0,51.0,-43.0,-9.0,16.0,31.0,-42.0,66.0,-39.0,34.53,76.07,11.2,23.14,32.32,-12.71,-32.480000000000004,-5.370000000000001,39.63,-22.67,31.68,-18.84
2025-08-13T12:19:16.633340,-17.0,29.0,3.0,6.0,4.0,-45.0,-47.0,79.0,11.0,-31.0,18.0,-50.0,-31.47,10.07,17.2,-9.86,-14.68,-14.71,-70.48,57.629999999999995,19.630000000000003,-11.670000000000002,-16.32,-29.84
2025-08-13T12:19:16.637924,11.0,-13.0,-15.0,56.0,-42.0,-33.0,0.0,41.0,-48.0,-4.0,68.0,11.0,-3.4700000000000006,-31.93,-0.8000000000000007,40.14,-60.68,-2.710000000000001,-23.48,19.63,-39.37,15.329999999999998,33.68,31.16
2025-08-13T12:19:16.645792,21.0,46.0,-23.0,70.0,-11.0,-65.0,95.0,78.0,-57.0,20.0,32.0,-33.0,6.529999999999999,27.07,-8.8,54.14,-29.68,-34.71,71.52,56.629999999999995,-48.37,39.33,-2.3200000000000003,-12.84
2025-08-13T12:19:16.650100,68.0,71.0,-26.0,20.0,81.0,-7.0,98.0,7.0,-39.0,-19.0,22.0,20.0,53.53,52.07,-11.8,4.140000000000001,62.32,23.29,74.52,-14.370000000000001,-30.369999999999997,0.3299999999999983,-12.32,40.16
2025-08-13T12:19:16.658046,17.0,-41.0,-39.0,-19.0,-72.0,-41.0,-46.0,-3.0,3.0,-46.0,44.0,-9.0,2.5299999999999994,-59.93,-24.8,-34.86,-90.68,-10.71,-69.48,-24.37,11.63,-26.67,9.68,11.16
2025-08-13T12:19:16.662412,4.0,-53.0,-4.0,105.0,33.0,-13.0,35.0,67.0,-15.0,22.0,-4.0,-60.0,-10.47,-71.93,10.2,89.14,14.32,17.29,11.52,45.629999999999995,-6.369999999999999,41.33,-38.32,-39.84
2025-08-13T12:19:16.670174,20.0,-5.0,14.0,-33.0,-4.0,14.0,-36.0,36.0,10.0,22.0,83.0,15.0,5.529999999999999,-23.93,28.2,-48.86,-22.68,44.29,-59.480000000000004,14.629999999999999,18.630000000000003,41.33,48.68,35.16
2025-08-13T12:19:16.674740,45.0,46.0,-15.0,-22.0,34.0,35.0,18.0,-5.0,-14.0,-58.0,12.0,-15.0,30.53,27.07,-0.8000000000000007,-37.86,15.32,65.28999999999999,-5.48,-26.37,-5.369999999999999,-38.67,-22.32,5.16
2025-08-13T12:19:16.682618,39.0,-19.0,-19.0,25.0,-15.0,-49.0,9.0,45.0,-65.0,-73.0,23.0,-27.0,24.53,-37.93,-4.800000000000001,9.14,-33.68,-18.71,-14.48,23.63,-56.37,-53.67,-11.32,-6.84
2025-08-13T12:19:16.688256,10.0,-25.0,15.0,-14.0,39.0,18.0,23.0,30.0,4.0,-22.0,27.0,11.0,-4.470000000000001,-43.93,29.2,-29.86,20.32,48.29,-0.4800000000000004,8.629999999999999,12.63,-2.6700000000000017,-7.32,31.16
2025-08-13T12:19:16.694845,6.0,45.0,11.0,51.0,-30.0,-1.0,38.0,-20.0,-35.0,-32.0,45.0,1.0,-8.47,26.07,25.2,35.14,-48.68,29.29,14.52,-41.370000000000005,-26.369999999999997,-12.670000000000002,10.68,21.16
2025-08-13T12:19:16.700127,72.0,-33.0,6.0,-22.0,-19.0,-52.0,86.0,50.0,-24.0,28.0,14.0,-25.0,57.53,-51.93,20.2,-37.86,-37.68,-21.71,62.519999999999996,28.63,-15.37,47.33,-20.32,-4.84
2025-08-13T12:19:16.706921,28.0,33.0,49.0,27.0,2.0,-15.0,42.0,28.0,-2.0,26.0,30.0,-8.0,13.53,14.07,63.2,11.14,-16.68,15.29,18.52,6.629999999999999,6.630000000000001,45.33,-4.32,12.16
2025-08-13T12:19:16.711828,4.0,-4.0,-21.0,5.0,-13.0,-28.0,-30.0,31.0,-5.0,-9.0,45.0,23.0,-10.47,-22.93,-6.800000000000001,-10.86,-31.68,2.289999999999999,-53.480000000000004,9.629999999999999,3.630000000000001,10.329999999999998,10.68,43.16
2025-08-13T12:19:16.719923,70.0,7.0,-61.0,21.0,-1.0,-17.0,-1.0,42.0,-37.0,-25.0,-16.0,-31.0,55.53,-11.93,-46.8,5.140000000000001,-19.68,13.29,-24.48,20.63,-28.369999999999997,-5.670000000000002,-50.32,-10.84
2025-08-13T12:19:16.724060,-52.0,10.0,45.0,30.0,-18.0,-56.0,-3.0,51.0,-1.0,14.0,1.0,-48.0,-66.47,-8.93,59.2,14.14,-36.68,-25.71,-26.48,29.63,7.630000000000001,33.33,-33.32,-27.84
2025-08-13T12:19:16.732016,-19.0,0.0,5.0,28.0,13.0,-8.0,27.0,16.0,24.0,64.0,69.0,-18.0,-33.47,-18.93,19.2,12.14,-5.68,22.29,3.5199999999999996,-5.370000000000001,32.63,83.33,34.68,2.16
2025-08-13T12:19:16.738963,-9.0,-21.0,1.0,-5.0,-5.0,29.0,54.0,-29.0,-19.0,-93.0,-20.0,-30.0,-23.47,-39.93,15.2,-20.86,-23.68,59.29,30.52,-50.370000000000005,-10.37,-73.67,-54.32,-9.84
2025-08-13T12:19:16.743784,32.0,-36.0,12.0,35.0,-38.0,3.0,17.0,-14.0,25.0,12.0,-16.0,-64.0,17.53,-54.93,26.2,19.14,-56.68,33.29,-6.48,-35.370000000000005,33.63,31.33,-50.32,-43.84
2025-08-13T12:19:16.748086,19.0,12.0,13.0,-5.0,-45.0,-23.0,-40.0,51.0,-48.0,35.0,36.0,-48.0,4.529999999999999,-6.93,27.2,-20.86,-63.68,7.289999999999999,-63.480000000000004,29.63,-39.37,54.33,1.6799999999999997,-27.84
2025-08-13T12:19:16.752521,-16.0,-52.0,8.0,42.0,50.0,2.0,22.0,-40.0,52.0,66.0,37.0,7.0,-30.47,-70.93,22.2,26.14,31.32,32.29,-1.4800000000000004,-61.370000000000005,60.63,85.33,2.6799999999999997,27.16
2025-08-13T12:19:16.760389,-55.0,32.0,11.0,31.0,9.0,1.0,-37.0,14.0,32.0,-78.0,-28.0,12.0,-69.47,13.07,25.2,15.14,-9.68,31.29,-60.480000000000004,-7.370000000000001,40.63,-58.67,-62.32,32.16
2025-08-13T12:19:16.764910,-9.0,169.0,19.0,17.0,11.0,-37.0,-4.0,8.0,7.0,-72.0,44.0,-59.0,-23.47,150.07,33.2,1.1400000000000006,-7.68,-6.710000000000001,-27.48,-13.370000000000001,15.63,-52.67,9.68,-38.84
2025-08-13T12:19:16.772667,-25.0,-9.0,16.0,10.0,53.0,-22.0,-62.0,-2.0,-27.0,13.0,39.0,-19.0,-39.47,-27.93,30.2,-5.859999999999999,34.32,8.29,-85.48,-23.37,-18.369999999999997,32.33,4.68,1.1600000000000001
2025-08-13T12:19:16.780530,-30.0,58.0,26.0,31.0,-25.0,-42.0,-65.0,99.0,-1.0,-39.0,46.0,-15.0,-44.47,39.07,40.2,15.14,-43.68,-11.71,-88.48,77.63,7.630000000000001,-19.67,11.68,5.16
2025-08-13T12:19:16.784943,12.0,16.0,-20.0,18.0,33.0,47.0,17.0,40.0,11.0,17.0,67.0,-34.0,-2.4700000000000006,-2.9299999999999997,-5.800000000000001,2.1400000000000006,14.32,77.28999999999999,-6.48,18.63,19.630000000000003,36.33,32.68,-13.84
2025-08-13T12:19:16.789572,42.0,5.0,-17.0,20.0,-9.0,-58.0,6.0,10.0,-55.0,-6.0,51.0,32.0,27.53,-13.93,-2.8000000000000007,4.140000000000001,-27.68,-27.71,-17.48,-11.370000000000001,-46.37,13.329999999999998,16.68,52.16
2025-08-13T12:19:16.797177,-20.0,39.0,2.0,53.0,31.0,-16.0,21.0,2.0,24.0,22.0,19.0,-22.0,-34.47,20.07,16.2,37.14,12.32,14.29,-2.4800000000000004,-19.37,32.63,41.33,-15.32,-1.8399999999999999
2025-08-13T12:19:16.801909,54.0,93.0,-25.0,37.0,4.0,-19.0,32.0,-4.0,-37.0,-4.0,84.0,-42.0,39.53,74.07,-10.8,21.14,-14.68,11.29,8.52,-25.37,-28.369999999999997,15.329999999999998,49.68,-21.84
2025-08-13T12:19:16.809548,48.0,34.0,-83.0,0.0,22.0,-64.0,-36.0,-46.0,-3.0,17.0,50.0,3.0,33.53,15.07,-68.8,-15.86,3.3200000000000003,-33.71,-59.480000000000004,-67.37,5.630000000000001,36.33,15.68,23.16
2025-08-13T12:19:16.814125,34.0,67.0,-9.0,50.0,-10.0,-17.0,7.0,-1.0,-6.0,-22.0,31.0,1.0,19.53,48.07,5.199999999999999,34.14,-28.68,13.29,-16.48,-22.37,2.630000000000001,-2.6700000000000017,-3.3200000000000003,21.16
2025-08-13T12:19:16.821870,80.0,24.0,-36.0,-17.0,-51.0,-41.0,41.0,30.0,37.0,-52.0,83.0,-22.0,65.53,5.07,-21.8,-32.86,-69.68,-10.71,17.52,8.629999999999999,45.63,-32.67,48.68,-1.8399999999999999
2025-08-13T12:19:16.829764,82.0,-17.0,-35.0,-12.0,-15.0,-11.0,-25.0,-32.0,-20.0,-13.0,-18.0,-17.0,67.53,-35.93,-20.8,-27.86,-33.68,19.29,-48.480000000000004,-53.370000000000005,-11.37,6.329999999999998,-52.32,3.16
2025-08-13T12:19:16.834115,26.0,88.0,22.0,30.0,6.0,17.0,-15.0,53.0,-23.0,10.0,-35.0,9.0,11.53,69.07,36.2,14.14,-12.68,47.29,-38.480000000000004,31.63,-14.37,29.33,-69.32,29.16
2025-08-13T12:19:16.838848,22.0,36.0,33.0,15.0,-2.0,-33.0,-5.0,50.0,6.0,-22.0,68.0,-44.0,7.529999999999999,17.07,47.2,-0.8599999999999994,-20.68,-2.710000000000001,-28.48,28.63,14.63,-2.6700000000000017,33.68,-23.84
2025-08-13T12:19:16.846334,85.0,-73.0,7.0,-49.0,-23.0,-4.0,8.0,17.0,-46.0,-34.0,-25.0,4.0,70.53,-91.93,21.2,-64.86,-41.68,26.29,-15.48,-4.370000000000001,-37.37,-14.670000000000002,-59.32,24.16
2025-08-13T12:19:16.850690,35.0,8.0,39.0,53.0,12.0,-1.0,-11.0,38.0,-3.0,-51.0,27.0,18.0,20.53,-10.93,53.2,37.14,-6.68,29.29,-34.480000000000004,16.63,5.630000000000001,-31.67,-7.32,38.16
2025-08-13T12:19:16.858666,-39.0,-21.0,-23.0,21.0,62.0,12.0,23.0,27.0,-51.0,10.0,52.0,24.0,-53.47,-39.93,-8.8,5.140000000000001,43.32,42.29,-0.4800000000000004,5.629999999999999,-42.37,29.33,17.68,44.16
2025-08-13T12:19:16.863060,-24.0,-5.0,32.0,25.0,97.0,0.0,15.0,61.0,-7.0,9.0,93.0,26.0,-38.47,-23.93,46.2,9.14,78.32,30.29,-8.48,39.629999999999995,1.6300000000000008,28.33,58.68,46.16
2025-08-13T12:19:16.871472,48.0,3.0,-16.0,93.0,22.0,-56.0,28.0,64.0,17.0,-38.0,25.0,17.0,33.53,-15.93,-1.8000000000000007,77.14,3.3200000000000003,-25.71,4.52,42.629999999999995,25.630000000000003,-18.67,-9.32,37.16
2025-08-13T12:19:16.875828,-45.0,-8.0,-39.0,-2.0,-1.0,-50.0,38.0,33.0,-44.0,46.0,69.0,-64.0,-59.47,-26.93,-24.8,-17.86,-19.68,-19.71,14.52,11.629999999999999,-35.37,65.33,34.68,-43.84
2025-08-13T12:19:16.883376,-13.0,3.0,-18.0,6.0,0.0,-22.0,50.0,69.0,-33.0,-37.0,51.0,-41.0,-27.47,-15.93,-3.8000000000000007,-9.86,-18.68,8.29,26.52,47.629999999999995,-24.369999999999997,-17.67,16.68,-20.84
2025-08-13T12:19:16.888539,-20.0,19.0,0.0,-70.0,16.0,1.0,43.0,38.0,-55.0,-4.0,16.0,-62.0,-34.47,0.07000000000000028,14.2,-85.86,-2.6799999999999997,31.29,19.52,16.63,-46.37,15.329999999999998,-18.32,-41.84
2025-08-13T12:19:16.895738,-84.0,-9.0,19.0,22.0,32.0,-18.0,30.0,12.0,-21.0,-51.0,11.0,29.0,-98.47,-27.93,33.2,6.140000000000001,13.32,12.29,6.52,-9.370000000000001,-12.37,-31.67,-23.32,49.16
2025-08-13T12:19:16.900408,62.0,-7.0,-20.0,-23.0,20.0,-17.0,21.0,6.0,13.0,-74.0,26.0,-58.0,47.53,-25.93,-5.800000000000001,-38.86,1.3200000000000003,13.29,-2.4800000000000004,-15.370000000000001,21.630000000000003,-54.67,-8.32,-37.84
2025-08-13T12:19:16.907962,-31.0,51.0,-81.0,-16.0,89.0,-29.0,-11.0,16.0,-8.0,29.0,39.0,-33.0,-45.47,32.07,-66.8,-31.86,70.32,1.2899999999999991,-34.480000000000004,-5.370000000000001,0.6300000000000008,48.33,4.68,-12.84
2025-08-13T12:19:16.912402,41.0,-43.0,-52.0,-12.0,-63.0,21.0,9.0,7.0,32.0,17.0,-17.0,-54.0,26.53,-61.93,-37.8,-27.86,-81.68,51.29,-14.48,-14.370000000000001,40.63,36.33,-51.32,-33.84
2025-08-13T12:19:16.919948,62.0,72.0,-64.0,36.0,15.0,-48.0,31.0,16.0,-75.0,-1.0,-3.0,53.0,47.53,53.07,-49.8,20.14,-3.6799999999999997,-17.71,7.52,-5.370000000000001,-66.37,18.33,-37.32,73.16
2025-08-13T12:19:16.924790,16.0,51.0,46.0,-56.0,-5.0,13.0,-6.0,59.0,-21.0,14.0,-2.0,-33.0,1.5299999999999994,32.07,60.2,-71.86,-23.68,43.29,-29.48,37.629999999999995,-12.37,33.33,-36.32,-12.84
2025-08-13T12:19:16.932513,15.0,25.0,-49.0,-31.0,69.0,20.0,-11.0,3.0,36.0,-2.0,-14.0,-19.0,0.5299999999999994,6.07,-34.8,-46.86,50.32,50.29,-34.480000000000004,-18.37,44.63,17.33,-48.32,1.1600000000000001
2025-08-13T12:19:16.937159,60.0,89.0,-4.0,-10.0,-47.0,-31.0,35.0,14.0,38.0,-110.0,26.0,15.0,45.53,70.07,10.2,-25.86,-65.68,-0.7100000000000009,11.52,-7.370000000000001,46.63,-90.67,-8.32,35.16
2025-08-13T12:19:16.944854,58.0,-58.0,-69.0,-26.0,-31.0,77.0,13.0,-40.0,-89.0,-69.0,75.0,-64.0,43.53,-76.93,-54.8,-41.86,-49.68,107.28999999999999,-10.48,-61.370000000000005,-80.37,-49.67,40.68,-43.84
2025-08-13T12:19:16.950641,12.0,-110.0,15.0,58.0,-4.0,9.0,32.0,11.0,18.0,-66.0,5.0,45.0,-2.4700000000000006,-128.93,29.2,42.14,-22.68,39.29,8.52,-10.370000000000001,26.630000000000003,-46.67,-29.32,65.16
2025-08-13T12:19:16.956778,39.0,29.0,32.0,26.0,8.0,-54.0,64.0,-11.0,-14.0,0.0,8.0,-28.0,24.53,10.07,46.2,10.14,-10.68,-23.71,40.519999999999996,-32.370000000000005,-5.369999999999999,19.33,-26.32,-7.84
2025-08-13T12:19:16.961682,16.0,-21.0,19.0,21.0,6.0,-28.0,-29.0,30.0,7.0,-54.0,24.0,-62.0,1.5299999999999994,-39.93,33.2,5.140000000000001,-12.68,2.289999999999999,-52.480000000000004,8.629999999999999,15.63,-34.67,-10.32,-41.84
2025-08-13T12:19:16.966701,91.0,29.0,-2.0,-13.0,0.0,-19.0,-32.0,30.0,13.0,-1.0,72.0,-66.0,76.53,10.07,12.2,-28.86,-18.68,11.29,-55.480000000000004,8.629999999999999,21.630000000000003,18.33,37.68,-45.84
2025-08-13T12:19:16.973317,40.0,13.0,20.0,36.0,3.0,60.0,14.0,-8.0,49.0,-39.0,32.0,-3.0,25.53,-5.93,34.2,20.14,-15.68,90.28999999999999,-9.48,-29.37,57.63,-19.67,-2.3200000000000003,17.16
2025-08-13T12:19:16.981502,6.0,4.0,-21.0,57.0,-16.0,-3.0,18.0,14.0,-33.0,-24.0,66.0,-22.0,-8.47,-14.93,-6.800000000000001,41.14,-34.68,27.29,-5.48,-7.370000000000001,-24.369999999999997,-4.670000000000002,31.68,-1.8399999999999999
2025-08-13T12:19:16.986729,-1.0,-22.0,-21.0,35.0,29.0,-47.0,9.0,-12.0,-46.0,-22.0,21.0,29.0,-15.47,-40.93,-6.800000000000001,19.14,10.32,-16.71,-14.48,-33.370000000000005,-37.37,-2.6700000000000017,-13.32,49.16
2025-08-13T12:19:16.991477,54.0,-2.0,8.0,-17.0,-19.0,-88.0,-16.0,47.0,3.0,28.0,45.0,-46.0,39.53,-20.93,22.2,-32.86,-37.68,-57.71,-39.480000000000004,25.63,11.63,47.33,10.68,-25.84
2025-08-13T12:19:16.997762,2.0,-4.0,16.0,28.0,-24.0,-63.0,42.0,67.0,38.0,1.0,27.0,-58.0,-12.47,-22.93,30.2,12.14,-42.68,-32.71,18.52,45.629999999999995,46.63,20.33,-7.32,-37.84
2025-08-13T12:19:17.002142,48.0,-23.0,-5.0,33.0,54.0,-18.0,103.0,127.0,-3.0,48.0,-11.0,-66.0,33.53,-41.93,9.2,17.14,35.32,12.29,79.52,105.63,5.630000000000001,67.33,-45.32,-45.84
2025-08-13T12:19:17.010144,2.0,49.0,30.0,-19.0,9.0,-19.0,-1.0,77.0,0.0,-9.0,-6.0,-46.0,-12.47,30.07,44.2,-34.86,-9.68,11.29,-24.48,55.629999999999995,8.63,10.329999999999998,-40.32,-25.84
2025-08-13T12:19:17.014503,-51.0,-4.0,-15.0,68.0,38.0,-18.0,-21.0,66.0,-39.0,35.0,20.0,-49.0,-65.47,-22.93,-0.8000000000000007,52.14,19.32,12.29,-44.480000000000004,44.629999999999995,-30.369999999999997,54.33,-14.32,-28.84
2025-08-13T12:19:17.022331,-14.0,73.0,20.0,31.0,0.0,-9.0,-8.0,79.0,-43.0,20.0,84.0,35.0,-28.47,54.07,34.2,15.14,-18.68,21.29,-31.48,57.629999999999995,-34.37,39.33,49.68,55.16
2025-08-13T12:19:17.026778,128.0,13.0,40.0,33.0,40.0,-26.0,42.0,47.0,8.0,-12.0,17.0,42.0,113.53,-5.93,54.2,17.14,21.32,4.289999999999999,18.52,25.63,16.630000000000003,7.329999999999998,-17.32,62.16
2025-08-13T12:19:17.034612,18.0,26.0,0.0,27.0,-20.0,-4.0,36.0,-53.0,-77.0,-24.0,-47.0,15.0,3.5299999999999994,7.07,14.2,11.14,-38.68,26.29,12.52,-74.37,-68.37,-4.670000000000002,-81.32,35.16
2025-08-13T12:19:17.039356,20.0,-5.0,-11.0,-11.0,-29.0,47.0,79.0,20.0,6.0,-13.0,-5.0,-13.0,5.529999999999999,-23.93,3.1999999999999993,-26.86,-47.68,77.28999999999999,55.519999999999996,-1.370000000000001,14.63,6.329999999999998,-39.32,7.16
2025-08-13T12:19:17.047066,53.0,78.0,-7.0,40.0,84.0,-18.0,37.0,-23.0,23.0,-26.0,55.0,-19.0,38.53,59.07,7.199999999999999,24.14,65.32,12.29,13.52,-44.370000000000005,31.630000000000003,-6.670000000000002,20.68,1.1600000000000001
2025-08-13T12:19:17.051512,84.0,19.0,-40.0,32.0,25.0,-8.0,-42.0,65.0,-18.0,-62.0,70.0,-32.0,69.53,0.07000000000000028,-25.8,16.14,6.32,22.29,-65.48,43.629999999999995,-9.37,-42.67,35.68,-11.84
2025-08-13T12:19:17.059325,65.0,2.0,21.0,19.0,78.0,0.0,-20.0,21.0,-36.0,-54.0,64.0,-3.0,50.53,-16.93,35.2,3.1400000000000006,59.32,30.29,-43.480000000000004,-0.370000000000001,-27.369999999999997,-34.67,29.68,17.16
2025-08-13T12:19:17.063565,18.0,-5.0,-41.0,11.0,-59.0,-39.0,-3.0,41.0,34.0,-11.0,59.0,-19.0,3.5299999999999994,-23.93,-26.8,-4.859999999999999,-77.68,-8.71,-26.48,19.63,42.63,8.329999999999998,24.68,1.1600000000000001
2025-08-13T12:19:17.071486,60.0,-18.0,-4.0,40.0,14.0,-12.0,-29.0,7.0,24.0,10.0,66.0,-12.0,45.53,-36.93,10.2,24.14,-4.68,18.29,-52.480000000000004,-14.370000000000001,32.63,29.33,31.68,8.16
2025-08-13T12:19:17.075906,19.0,-68.0,-6.0,-39.0,-48.0,-16.0,37.0,19.0,10.0,22.0,102.0,-5.0,4.529999999999999,-86.93,8.2,-54.86,-66.68,14.29,13.52,-2.370000000000001,18.630000000000003,41.33,67.68,15.16
2025-08-13T12:19:17.083996,-22.0,-32.0,-29.0,44.0,59.0,-23.0,55.0,72.0,-41.0,36.0,8.0,-29.0,-36.47,-50.93,-14.8,28.14,40.32,7.289999999999999,31.52,50.629999999999995,-32.37,55.33,-26.32,-8.84
2025-08-13T12:19:17.088361,-31.0,111.0,48.0,-22.0,21.0,-6.0,51.0,40.0,-39.0,49.0,67.0,5.0,-45.47,92.07,62.2,-37.86,2.3200000000000003,24.29,27.52,18.63,-30.369999999999997,68.33,32.68,25.16
2025-08-13T12:19:17.096018,-33.0,4.0,14.0,59.0,-30.0,0.0,-12.0,5.0,2.0,-20.0,18.0,5.0,-47.47,-14.93,28.2,43.14,-48.68,30.29,-35.480000000000004,-16.37,10.63,-0.6700000000000017,-16.32,25.16
2025-08-13T12:19:17.100891,-59.0,61.0,-38.0,4.0,-11.0,-86.0,116.0,14.0,-37.0,-14.0,5.0,1.0,-73.47,42.07,-23.8,-11.86,-29.68,-55.71,92.52,-7.370000000000001,-28.369999999999997,5.329999999999998,-29.32,21.16
2025-08-13T12:19:17.109033,25.0,40.0,15.0,-50.0,-9.0,-47.0,1.0,-39.0,-49.0,-67.0,-8.0,35.0,10.53,21.07,29.2,-65.86,-27.68,-16.71,-22.48,-60.370000000000005,-40.37,-47.67,-42.32,55.16
2025-08-13T12:19:17.113005,21.0,43.0,17.0,6.0,22.0,-55.0,66.0,-4.0,-1.0,-77.0,22.0,7.0,6.529999999999999,24.07,31.2,-9.86,3.3200000000000003,-24.71,42.519999999999996,-25.37,7.630000000000001,-57.67,-12.32,27.16
2025-08-13T12:19:17.120769,57.0,9.0,11.0,15.0,14.0,15.0,-37.0,-56.0,18.0,26.0,38.0,-44.0,42.53,-9.93,25.2,-0.8599999999999994,-4.68,45.29,-60.480000000000004,-77.37,26.630000000000003,45.33,3.6799999999999997,-23.84
2025-08-13T12:19:17.125477,91.0,-10.0,26.0,32.0,18.0,-15.0,-5.0,33.0,-19.0,61.0,40.0,-52.0,76.53,-28.93,40.2,16.14,-0.6799999999999997,15.29,-28.48,11.629999999999999,-10.37,80.33,5.68,-31.84
2025-08-13T12:19:17.133685,68.0,-18.0,-55.0,-43.0,40.0,-42.0,-23.0,53.0,-16.0,40.0,23.0,-25.0,53.53,-36.93,-40.8,-58.86,21.32,-11.71,-46.480000000000004,31.63,-7.369999999999999,59.33,-11.32,-4.84
2025-08-13T12:19:17.137502,17.0,32.0,21.0,10.0,8.0,-8.0,1.0,69.0,-43.0,2.0,90.0,-1.0,2.5299999999999994,13.07,35.2,-5.859999999999999,-10.68,22.29,-22.48,47.629999999999995,-34.37,21.33,55.68,19.16
2025-08-13T12:19:17.145908,61.0,-16.0,45.0,-20.0,17.0,-14.0,42.0,58.0,-7.0,77.0,23.0,40.0,46.53,-34.93,59.2,-35.86,-1.6799999999999997,16.29,18.52,36.629999999999995,1.6300000000000008,96.33,-11.32,60.16
2025-08-13T12:19:17.154609,-31.0,41.0,-58.0,42.0,-61.0,-39.0,36.0,133.0,-83.0,37.0,39.0,23.0,-45.47,22.07,-43.8,26.14,-79.68,-8.71,12.52,111.63,-74.37,56.33,4.68,43.16
2025-08-13T12:19:17.160120,52.0,1.0,-29.0,-43.0,-18.0,-43.0,14.0,-4.0,-25.0,-14.0,8.0,-34.0,37.53,-17.93,-14.8,-58.86,-36.68,-12.71,-9.48,-25.37,-16.369999999999997,5.329999999999998,-26.32,-13.84
2025-08-13T12:19:17.164176,0.0,34.0,-20.0,-43.0,12.0,-21.0,5.0,-19.0,24.0,-79.0,42.0,52.0,-14.47,15.07,-5.800000000000001,-58.86,-6.68,9.29,-18.48,-40.370000000000005,32.63,-59.67,7.68,72.16
2025-08-13T12:19:17.166803,56.0,-27.0,41.0,10.0,93.0,-44.0,-5.0,-3.0,11.0,-1.0,63.0,6.0,41.53,-45.93,55.2,-5.859999999999999,74.32,-13.71,-28.48,-24.37,19.630000000000003,18.33,28.68,26.16
2025-08-13T12:19:17.174097,-22.0,6.0,6.0,-42.0,62.0,-50.0,-12.0,54.0,48.0,19.0,43.0,-88.0,-36.47,-12.93,20.2,-57.86,43.32,-19.71,-35.480000000000004,32.629999999999995,56.63,38.33,8.68,-67.84
2025-08-13T12:19:17.178522,-45.0,52.0,-17.0,19.0,54.0,-28.0,-12.0,-3.0,22.0,39.0,-1.0,-36.0,-59.47,33.07,-2.8000000000000007,3.1400000000000006,35.32,2.289999999999999,-35.480000000000004,-24.37,30.630000000000003,58.33,-35.32,-15.84
2025-08-13T12:19:17.186173,39.0,75.0,-41.0,27.0,30.0,-5.0,-13.0,-12.0,23.0,-21.0,-2.0,-48.0,24.53,56.07,-26.8,11.14,11.32,25.29,-36.480000000000004,-33.370000000000005,31.630000000000003,-1.6700000000000017,-36.32,-27.84
2025-08-13T12:19:17.190514,-24.0,32.0,-2.0,-8.0,-25.0,45.0,-3.0,68.0,-57.0,-29.0,76.0,-6.0,-38.47,13.07,12.2,-23.86,-43.68,75.28999999999999,-26.48,46.629999999999995,-48.37,-9.670000000000002,41.68,14.16
2025-08-13T12:19:17.198425,88.0,20.0,-75.0,-1.0,25.0,38.0,18.0,16.0,-31.0,-36.0,-24.0,24.0,73.53,1.0700000000000003,-60.8,-16.86,6.32,68.28999999999999,-5.48,-5.370000000000001,-22.369999999999997,-16.67,-58.32,44.16
2025-08-13T12:19:17.202805,9.0,29.0,-45.0,75.0,41.0,11.0,-7.0,24.0,-19.0,37.0,23.0,-13.0,-5.470000000000001,10.07,-30.8,59.14,22.32,41.29,-30.48,2.629999999999999,-10.37,56.33,-11.32,7.16
2025-08-13T12:19:17.210647,76.0,-9.0,-66.0,24.0,29.0,36.0,-9.0,63.0,-12.0,4.0,71.0,-15.0,61.53,-27.93,-51.8,8.14,10.32,66.28999999999999,-32.480000000000004,41.629999999999995,-3.369999999999999,23.33,36.68,5.16
2025-08-13T12:19:17.215212,88.0,16.0,-50.0,-51.0,-23.0,-10.0,40.0,114.0,11.0,-15.0,73.0,-37.0,73.53,-2.9299999999999997,-35.8,-66.86,-41.68,20.29,16.52,92.63,19.630000000000003,4.329999999999998,38.68,-16.84
2025-08-13T12:19:17.222996,-4.0,-26.0,-38.0,-61.0,10.0,3.0,21.0,-31.0,-19.0,44.0,-25.0,-69.0,-18.47,-44.93,-23.8,-76.86,-8.68,33.29,-2.4800000000000004,-52.370000000000005,-10.37,63.33,-59.32,-48.84
2025-08-13T12:19:17.227333,26.0,-20.0,11.0,37.0,-53.0,-36.0,-14.0,79.0,-23.0,62.0,2.0,6.0,11.53,-38.93,25.2,21.14,-71.68,-5.710000000000001,-37.480000000000004,57.629999999999995,-14.37,81.33,-32.32,26.16
2025-08-13T12:19:17.235470,36.0,-27.0,-27.0,-32.0,19.0,-38.0,56.0,-39.0,20.0,-27.0,6.0,-33.0,21.53,-45.93,-12.8,-47.86,0.3200000000000003,-7.710000000000001,32.519999999999996,-60.370000000000005,28.630000000000003,-7.670000000000002,-28.32,-12.84
2025-08-13T12:19:17.239406,114.0,48.0,-18.0,-52.0,-32.0,41.0,-63.0,29.0,16.0,9.0,39.0,-15.0,99.53,29.07,-3.8000000000000007,-67.86,-50.68,71.28999999999999,-86.48,7.629999999999999,24.630000000000003,28.33,4.68,5.16
2025-08-13T12:19:17.247562,4.0,36.0,30.0,-17.0,19.0,-17.0,56.0,-69.0,2.0,1.0,55.0,-30.0,-10.47,17.07,44.2,-32.86,0.3200000000000003,13.29,32.519999999999996,-90.37,10.63,20.33,20.68,-9.84
2025-08-13T12:19:17.251748,8.0,-5.0,-21.0,19.0,42.0,-9.0,-10.0,4.0,-15.0,-36.0,35.0,-30.0,-6.470000000000001,-23.93,-6.800000000000001,3.1400000000000006,23.32,21.29,-33.480000000000004,-17.37,-6.369999999999999,-16.67,0.6799999999999997,-9.84
2025-08-13T12:19:17.259889,14.0,41.0,-1.0,23.0,9.0,-29.0,0.0,32.0,-34.0,24.0,37.0,1.0,-0.47000000000000064,22.07,13.2,7.140000000000001,-9.68,1.2899999999999991,-23.48,10.629999999999999,-25.369999999999997,43.33,2.6799999999999997,21.16
2025-08-13T12:19:17.264271,24.0,-55.0,16.0,-64.0,-23.0,-29.0,-19.0,2.0,74.0,-68.0,44.0,-93.0,9.53,-73.93,30.2,-79.86,-41.68,1.2899999999999991,-42.480000000000004,-19.37,82.63,-48.67,9.68,-72.84
2025-08-13T12:19:17.272146,-51.0,19.0,24.0,38.0,-16.0,31.0,13.0,12.0,43.0,-2.0,14.0,-11.0,-65.47,0.07000000000000028,38.2,22.14,-34.68,61.29,-10.48,-9.370000000000001,51.63,17.33,-20.32,9.16
2025-08-13T12:19:17.276638,-27.0,87.0,8.0,24.0,29.0,-5.0,13.0,15.0,-20.0,-65.0,37.0,-33.0,-41.47,68.07,22.2,8.14,10.32,25.29,-10.48,-6.370000000000001,-11.37,-45.67,2.6799999999999997,-12.84
2025-08-13T12:19:17.284639,3.0,19.0,-30.0,18.0,51.0,-10.0,-17.0,53.0,-20.0,-21.0,86.0,-40.0,-11.47,0.07000000000000028,-15.8,2.1400000000000006,32.32,20.29,-40.480000000000004,31.63,-11.37,-1.6700000000000017,51.68,-19.84
2025-08-13T12:19:17.288840,47.0,-56.0,-47.0,23.0,-22.0,-35.0,40.0,-31.0,-39.0,-27.0,53.0,-19.0,32.53,-74.93,-32.8,7.140000000000001,-40.68,-4.710000000000001,16.52,-52.370000000000005,-30.369999999999997,-7.670000000000002,18.68,1.1600000000000001
2025-08-13T12:19:17.296867,15.0,6.0,-3.0,33.0,-27.0,-35.0,54.0,41.0,18.0,2.0,-35.0,-13.0,0.5299999999999994,-12.93,11.2,17.14,-45.68,-4.710000000000001,30.52,19.63,26.630000000000003,21.33,-69.32,7.16
2025-08-13T12:19:17.301384,120.0,-10.0,-38.0,-42.0,26.0,3.0,6.0,22.0,-21.0,67.0,27.0,-21.0,105.53,-28.93,-23.8,-57.86,7.32,33.29,-17.48,0.629999999999999,-12.37,86.33,-7.32,-0.8399999999999999
2025-08-13T12:19:17.309037,52.0,51.0,2.0,-43.0,11.0,-22.0,9.0,1.0,57.0,-4.0,6.0,4.0,37.53,32.07,16.2,-58.86,-7.68,8.29,-14.48,-20.37,65.63,15.329999999999998,-28.32,24.16
2025-08-13T12:19:17.313894,37.0,-16.0,-39.0,-5.0,8.0,27.0,-14.0,-38.0,4.0,-52.0,46.0,41.0,22.53,-34.93,-24.8,-20.86,-10.68,57.29,-37.480000000000004,-59.370000000000005,12.63,-32.67,11.68,61.16
2025-08-13T12:19:17.321714,32.0,14.0,-20.0,11.0,52.0,2.0,-35.0,1.0,-16.0,9.0,-11.0,-40.0,17.53,-4.93,-5.800000000000001,-4.859999999999999,33.32,32.29,-58.480000000000004,-20.37,-7.369999999999999,28.33,-45.32,-19.84
2025-08-13T12:19:17.326030,45.0,6.0,-76.0,-6.0,66.0,-8.0,14.0,46.0,32.0,28.0,32.0,-3.0,30.53,-12.93,-61.8,-21.86,47.32,22.29,-9.48,24.63,40.63,47.33,-2.3200000000000003,17.16
2025-08-13T12:19:17.333803,62.0,3.0,-16.0,102.0,80.0,-34.0,-49.0,33.0,-14.0,-21.0,-38.0,-67.0,47.53,-15.93,-1.8000000000000007,86.14,61.32,-3.710000000000001,-72.48,11.629999999999999,-5.369999999999999,-1.6700000000000017,-72.32,-46.84
2025-08-13T12:19:17.338316,86.0,13.0,-27.0,-10.0,1.0,-3.0,-31.0,27.0,4.0,-30.0,25.0,-3.0,71.53,-5.93,-12.8,-25.86,-17.68,27.29,-54.480000000000004,5.629999999999999,12.63,-10.670000000000002,-9.32,17.16
2025-08-13T12:19:17.345959,61.0,41.0,-11.0,15.0,69.0,-35.0,-53.0,6.0,4.0,-79.0,41.0,-16.0,46.53,22.07,3.1999999999999993,-0.8599999999999994,50.32,-4.710000000000001,-76.48,-15.370000000000001,12.63,-59.67,6.68,4.16
2025-08-13T12:19:17.352169,27.0,-34.0,73.0,58.0,-30.0,-24.0,30.0,21.0,-2.0,-57.0,22.0,-20.0,12.53,-52.93,87.2,42.14,-48.68,6.289999999999999,6.52,-0.370000000000001,6.630000000000001,-37.67,-12.32,0.16000000000000014
2025-08-13T12:19:17.356747,51.0,8.0,23.0,1.0,2.0,-20.0,-11.0,40.0,6.0,-55.0,45.0,50.0,36.53,-10.93,37.2,-14.86,-16.68,10.29,-34.480000000000004,18.63,14.63,-35.67,10.68,70.16
2025-08-13T12:19:17.362665,2.0,-16.0,-9.0,38.0,4.0,-27.0,0.0,19.0,8.0,32.0,70.0,-41.0,-12.47,-34.93,5.199999999999999,22.14,-14.68,3.289999999999999,-23.48,-2.370000000000001,16.630000000000003,51.33,35.68,-20.84
2025-08-13T12:19:17.369000,4.0,7.0,-20.0,7.0,49.0,-46.0,-25.0,54.0,-71.0,-18.0,-35.0,7.0,-10.47,-11.93,-5.800000000000001,-8.86,30.32,-15.71,-48.480000000000004,32.629999999999995,-62.37,1.3299999999999983,-69.32,27.16
2025-08-13T12:19:17.374944,69.0,-5.0,31.0,10.0,62.0,-8.0,-5.0,-7.0,17.0,-46.0,45.0,-12.0,54.53,-23.93,45.2,-5.859999999999999,43.32,22.29,-28.48,-28.37,25.630000000000003,-26.67,10.68,8.16
2025-08-13T12:19:17.381954,39.0,27.0,11.0,0.0,37.0,9.0,-16.0,36.0,10.0,-44.0,51.0,-26.0,24.53,8.07,25.2,-15.86,18.32,39.29,-39.480000000000004,14.629999999999999,18.630000000000003,-24.67,16.68,-5.84
2025-08-13T12:19:17.387537,39.0,-20.0,33.0,-11.0,108.0,-25.0,45.0,61.0,51.0,0.0,16.0,-22.0,24.53,-38.93,47.2,-26.86,89.32,5.289999999999999,21.52,39.629999999999995,59.63,19.33,-18.32,-1.8399999999999999
2025-08-13T12:19:17.392423,-61.0,0.0,5.0,-18.0,49.0,-40.0,-22.0,-3.0,-70.0,-58.0,24.0,-49.0,-75.47,-18.93,19.2,-33.86,30.32,-9.71,-45.480000000000004,-24.37,-61.37,-38.67,-10.32,-28.84
2025-08-13T12:19:17.399250,-15.0,-19.0,9.0,17.0,44.0,20.0,39.0,40.0,-16.0,-53.0,60.0,-14.0,-29.47,-37.93,23.2,1.1400000000000006,25.32,50.29,15.52,18.63,-7.369999999999999,-33.67,25.68,6.16
2025-08-13T12:19:17.403820,-18.0,62.0,22.0,13.0,11.0,-22.0,19.0,58.0,-54.0,23.0,140.0,-76.0,-32.47,43.07,36.2,-2.8599999999999994,-7.68,8.29,-4.48,36.629999999999995,-45.37,42.33,105.68,-55.84
2025-08-13T12:19:17.411744,24.0,25.0,-70.0,-9.0,-7.0,-66.0,5.0,-21.0,38.0,36.0,4.0,-34.0,9.53,6.07,-55.8,-24.86,-25.68,-35.71,-18.48,-42.370000000000005,46.63,55.33,-30.32,-13.84
2025-08-13T12:19:17.416076,-18.0,74.0,-25.0,-6.0,59.0,-29.0,-40.0,30.0,3.0,103.0,34.0,-13.0,-32.47,55.07,-10.8,-21.86,40.32,1.2899999999999991,-63.480000000000004,8.629999999999999,11.63,122.33,-0.3200000000000003,7.16
2025-08-13T12:19:17.423831,59.0,33.0,-35.0,75.0,24.0,-18.0,16.0,29.0,-11.0,14.0,45.0,-53.0,44.53,14.07,-20.8,59.14,5.32,12.29,-7.48,7.629999999999999,-2.369999999999999,33.33,10.68,-32.84
