timestamp,x1,y1,z1,x2,y2,z2,x3,y3,z3,x4,y4,z4,x1_calib,y1_calib,z1_calib,x2_calib,y2_calib,z2_calib,x3_calib,y3_calib,z3_calib,x4_calib,y4_calib,z4_calib
2025-08-08T16:06:56.079352,27.0,38.0,-5.0,-14.0,14.0,28.0,3.0,-17.0,-10.0,41.0,54.0,-69.0,28.98,26.54,10.38,-29.4,-16.25,37.89,9.36,-19.93,6.039999999999999,54.9,15.57,-50.480000000000004
2025-08-08T16:06:56.083839,-54.0,69.0,-77.0,20.0,-34.0,-4.0,61.0,-77.0,-22.0,-18.0,25.0,8.0,-52.02,57.54,-61.62,4.6,-64.25,5.890000000000001,67.36,-79.93,-5.960000000000001,-4.1,-13.43,26.52
2025-08-08T16:06:56.087950,-7.0,-55.0,-27.0,27.0,12.0,48.0,-35.0,-26.0,1.0,-31.0,40.0,-2.0,-5.02,-66.46000000000001,-11.62,11.6,-18.25,57.89,-28.64,-28.93,17.04,-17.1,1.5700000000000003,16.52
2025-08-08T16:06:56.095824,-50.0,-3.0,-27.0,42.0,-2.0,15.0,-9.0,-18.0,5.0,73.0,36.0,0.0,-48.02,-14.46,-11.62,26.6,-32.25,24.89,-2.6399999999999997,-20.93,21.04,86.9,-2.4299999999999997,18.52
2025-08-08T16:06:56.101308,-39.0,-32.0,-64.0,73.0,34.0,-29.0,-6.0,-61.0,-17.0,17.0,11.0,-52.0,-37.02,-43.46,-48.62,57.6,3.75,-19.11,0.3600000000000003,-63.93,-0.9600000000000009,30.9,-27.43,-33.480000000000004
2025-08-08T16:06:56.108262,45.0,0.0,9.0,30.0,89.0,-50.0,37.0,-48.0,25.0,31.0,45.0,-78.0,46.98,-11.46,24.380000000000003,14.6,58.75,-40.11,43.36,-50.93,41.04,44.9,6.57,-59.480000000000004
2025-08-08T16:06:56.113148,59.0,-11.0,1.0,15.0,12.0,12.0,-13.0,17.0,44.0,51.0,45.0,-16.0,60.98,-22.46,16.380000000000003,-0.40000000000000036,-18.25,21.89,-6.64,14.07,60.04,64.9,6.57,2.5199999999999996
2025-08-08T16:06:56.120571,-5.0,-2.0,52.0,24.0,-29.0,23.0,-40.0,-44.0,-35.0,27.0,-27.0,14.0,-3.02,-13.46,67.38,8.6,-59.25,32.89,-33.64,-46.93,-18.96,40.9,-65.43,32.519999999999996
2025-08-08T16:06:56.124725,-92.0,49.0,-1.0,-34.0,-16.0,-12.0,-36.0,74.0,-17.0,17.0,7.0,-33.0,-90.02,37.54,14.38,-49.4,-46.25,-2.1099999999999994,-29.64,71.07,-0.9600000000000009,30.9,-31.43,-14.48
2025-08-08T16:06:56.132999,-59.0,-14.0,-17.0,-7.0,52.0,-4.0,-23.0,-40.0,-93.0,-13.0,23.0,-17.0,-57.02,-25.46,-1.6199999999999992,-22.4,21.75,5.890000000000001,-16.64,-42.93,-76.96000000000001,0.9000000000000004,-15.43,1.5199999999999996
2025-08-08T16:06:56.137240,-17.0,35.0,75.0,61.0,-11.0,-17.0,13.0,-40.0,-72.0,-20.0,28.0,-11.0,-15.02,23.54,90.38,45.6,-41.25,-7.109999999999999,19.36,-42.93,-55.96,-6.1,-10.43,7.52
2025-08-08T16:06:56.145152,22.0,68.0,-10.0,61.0,-6.0,0.0,81.0,-3.0,17.0,-29.0,26.0,-5.0,23.98,56.54,5.380000000000001,45.6,-36.25,9.89,87.36,-5.93,33.04,-15.1,-12.43,13.52
2025-08-08T16:06:56.149438,-31.0,47.0,37.0,-34.0,52.0,-10.0,6.0,-53.0,-26.0,-48.0,26.0,-29.0,-29.02,35.54,52.38,-49.4,21.75,-0.10999999999999943,12.36,-55.93,-9.96,-34.1,-12.43,-10.48
2025-08-08T16:06:56.157549,-11.0,-4.0,-38.0,73.0,61.0,-61.0,-25.0,47.0,-39.0,11.0,57.0,-119.0,-9.02,-15.46,-22.619999999999997,57.6,30.75,-51.11,-18.64,44.07,-22.96,24.9,18.57,-100.48
2025-08-08T16:06:56.162038,43.0,90.0,1.0,84.0,-76.0,-56.0,-44.0,27.0,-69.0,11.0,22.0,-53.0,44.98,78.53999999999999,16.380000000000003,68.6,-106.25,-46.11,-37.64,24.07,-52.96,24.9,-16.43,-34.480000000000004
2025-08-08T16:06:56.169787,45.0,-35.0,-41.0,70.0,28.0,26.0,5.0,86.0,-35.0,-2.0,-15.0,-36.0,46.98,-46.46,-25.619999999999997,54.6,-2.25,35.89,11.36,83.07,-18.96,11.9,-53.43,-17.48
2025-08-08T16:06:56.174439,38.0,-4.0,41.0,7.0,-10.0,-37.0,-4.0,31.0,-22.0,67.0,13.0,-12.0,39.98,-15.46,56.38,-8.4,-40.25,-27.11,2.3600000000000003,28.07,-5.960000000000001,80.9,-25.43,6.52
2025-08-08T16:06:56.182112,-52.0,49.0,-54.0,36.0,17.0,-21.0,-47.0,56.0,-6.0,-50.0,42.0,-36.0,-50.02,37.54,-38.62,20.6,-13.25,-11.11,-40.64,53.07,10.04,-36.1,3.5700000000000003,-17.48
2025-08-08T16:06:56.187681,4.0,3.0,-94.0,-4.0,39.0,3.0,-22.0,47.0,-67.0,-28.0,-27.0,-54.0,5.98,-8.46,-78.62,-19.4,8.75,12.89,-15.64,44.07,-50.96,-14.1,-65.43,-35.480000000000004
2025-08-08T16:06:56.195623,2.0,-22.0,-2.0,-15.0,-48.0,-35.0,60.0,26.0,-17.0,20.0,2.0,-62.0,3.98,-33.46,13.38,-30.4,-78.25,-25.11,66.36,23.07,-0.9600000000000009,33.9,-36.43,-43.480000000000004
2025-08-08T16:06:56.201457,11.0,-8.0,-48.0,32.0,33.0,-57.0,29.0,44.0,-44.0,-30.0,-115.0,4.0,12.98,-19.46,-32.62,16.6,2.75,-47.11,35.36,41.07,-27.96,-16.1,-153.43,22.52
2025-08-08T16:06:56.211303,-37.0,-26.0,-3.0,15.0,2.0,-39.0,-4.0,-35.0,-93.0,-79.0,31.0,68.0,-35.02,-37.46,12.38,-0.40000000000000036,-28.25,-29.11,2.3600000000000003,-37.93,-76.96000000000001,-65.1,-7.43,86.52
2025-08-08T16:06:56.213098,4.0,33.0,24.0,64.0,-16.0,43.0,-41.0,-36.0,-50.0,-22.0,-48.0,-19.0,5.98,21.54,39.38,48.6,-46.25,52.89,-34.64,-38.93,-33.96,-8.1,-86.43,-0.4800000000000004
2025-08-08T16:06:56.218858,15.0,12.0,66.0,45.0,74.0,65.0,-40.0,-10.0,-18.0,-52.0,57.0,-8.0,16.98,0.5399999999999991,81.38,29.6,43.75,74.89,-33.64,-12.93,-1.9600000000000009,-38.1,18.57,10.52
2025-08-08T16:06:56.223377,-26.0,6.0,63.0,-11.0,108.0,34.0,-42.0,-8.0,-35.0,49.0,46.0,-35.0,-24.02,-5.460000000000001,78.38,-26.4,77.75,43.89,-35.64,-10.93,-18.96,62.9,7.57,-16.48
2025-08-08T16:06:56.231081,-44.0,-8.0,9.0,46.0,-7.0,17.0,27.0,-26.0,-9.0,28.0,42.0,-14.0,-42.02,-19.46,24.380000000000003,30.6,-37.25,26.89,33.36,-28.93,7.039999999999999,41.9,3.5700000000000003,4.52
2025-08-08T16:06:56.235556,-28.0,-3.0,-24.0,-9.0,8.0,-52.0,-17.0,-56.0,-5.0,4.0,51.0,29.0,-26.02,-14.46,-8.62,-24.4,-22.25,-42.11,-10.64,-58.93,11.04,17.9,12.57,47.519999999999996
2025-08-08T16:06:56.243309,-72.0,-39.0,10.0,9.0,34.0,-16.0,18.0,13.0,30.0,-38.0,13.0,-12.0,-70.02,-50.46,25.380000000000003,-6.4,3.75,-6.109999999999999,24.36,10.07,46.04,-24.1,-25.43,6.52
2025-08-08T16:06:56.247987,0.0,103.0,29.0,67.0,0.0,-32.0,-49.0,-45.0,8.0,-8.0,13.0,-25.0,1.98,91.53999999999999,44.38,51.6,-30.25,-22.11,-42.64,-47.93,24.04,5.9,-25.43,-6.48
2025-08-08T16:06:56.255539,-14.0,34.0,-43.0,-53.0,2.0,-44.0,-8.0,-11.0,-58.0,-21.0,31.0,-42.0,-12.02,22.54,-27.619999999999997,-68.4,-28.25,-34.11,-1.6399999999999997,-13.93,-41.96,-7.1,-7.43,-23.48
2025-08-08T16:06:56.260219,-40.0,25.0,-54.0,59.0,-12.0,1.0,-4.0,16.0,-5.0,3.0,66.0,-42.0,-38.02,13.54,-38.62,43.6,-42.25,10.89,2.3600000000000003,13.07,11.04,16.9,27.57,-23.48
2025-08-08T16:06:56.267917,-19.0,73.0,0.0,30.0,46.0,-22.0,-27.0,-37.0,-27.0,12.0,44.0,-43.0,-17.02,61.54,15.38,14.6,15.75,-12.11,-20.64,-39.93,-10.96,25.9,5.57,-24.48
2025-08-08T16:06:56.272436,-10.0,8.0,-46.0,32.0,24.0,7.0,-13.0,32.0,-28.0,-9.0,60.0,-44.0,-8.02,-3.460000000000001,-30.619999999999997,16.6,-6.25,16.89,-6.64,29.07,-11.96,4.9,21.57,-25.48
2025-08-08T16:06:56.277316,17.0,82.0,12.0,55.0,94.0,-3.0,-21.0,49.0,10.0,-39.0,15.0,-14.0,18.98,70.53999999999999,27.380000000000003,39.6,63.75,6.890000000000001,-14.64,46.07,26.04,-25.1,-23.43,4.52
2025-08-08T16:06:56.284290,-19.0,20.0,-4.0,79.0,4.0,-1.0,7.0,26.0,-49.0,82.0,3.0,5.0,-17.02,8.54,11.38,63.6,-26.25,8.89,13.36,23.07,-32.96,95.9,-35.43,23.52
2025-08-08T16:06:56.288625,16.0,19.0,-33.0,-5.0,68.0,-10.0,-23.0,12.0,-42.0,64.0,30.0,-4.0,17.98,7.539999999999999,-17.619999999999997,-20.4,37.75,-0.10999999999999943,-16.64,9.07,-25.96,77.9,-8.43,14.52
2025-08-08T16:06:56.296689,59.0,58.0,-6.0,4.0,140.0,1.0,-98.0,-35.0,-23.0,-9.0,51.0,30.0,60.98,46.54,9.38,-11.4,109.75,10.89,-91.64,-37.93,-6.960000000000001,4.9,12.57,48.519999999999996
2025-08-08T16:06:56.300790,48.0,-2.0,-8.0,-96.0,29.0,-26.0,-48.0,-32.0,-31.0,1.0,42.0,44.0,49.98,-13.46,7.380000000000001,-111.4,-1.25,-16.11,-41.64,-34.93,-14.96,14.9,3.5700000000000003,62.519999999999996
2025-08-08T16:06:56.309007,15.0,-30.0,-17.0,34.0,32.0,-23.0,0.0,-39.0,-27.0,17.0,17.0,-58.0,16.98,-41.46,-1.6199999999999992,18.6,1.75,-13.11,6.36,-41.93,-10.96,30.9,-21.43,-39.480000000000004
2025-08-08T16:06:56.313069,-65.0,77.0,25.0,-40.0,80.0,33.0,49.0,-37.0,-37.0,34.0,5.0,0.0,-63.02,65.53999999999999,40.38,-55.4,49.75,42.89,55.36,-39.93,-20.96,47.9,-33.43,18.52
2025-08-08T16:06:56.321199,11.0,-14.0,-2.0,-2.0,95.0,-50.0,-48.0,-49.0,-26.0,-52.0,52.0,-14.0,12.98,-25.46,13.38,-17.4,64.75,-40.11,-41.64,-51.93,-9.96,-38.1,13.57,4.52
2025-08-08T16:06:56.325396,-27.0,64.0,25.0,58.0,-5.0,-17.0,33.0,64.0,-86.0,-2.0,57.0,4.0,-25.02,52.54,40.38,42.6,-35.25,-7.109999999999999,39.36,61.07,-69.96000000000001,11.9,18.57,22.52
2025-08-08T16:06:56.333660,-14.0,-27.0,-28.0,-37.0,24.0,17.0,19.0,23.0,39.0,22.0,62.0,-13.0,-12.02,-38.46,-12.62,-52.4,-6.25,26.89,25.36,20.07,55.04,35.9,23.57,5.52
2025-08-08T16:06:56.337873,-37.0,-60.0,56.0,34.0,47.0,-65.0,-41.0,17.0,-36.0,12.0,3.0,-1.0,-35.02,-71.46000000000001,71.38,18.6,16.75,-55.11,-34.64,14.07,-19.96,25.9,-35.43,17.52
2025-08-08T16:06:56.345944,-16.0,24.0,33.0,-20.0,-40.0,-38.0,-39.0,40.0,-81.0,-76.0,4.0,-60.0,-14.02,12.54,48.38,-35.4,-70.25,-28.11,-32.64,37.07,-64.96000000000001,-62.1,-34.43,-41.480000000000004
2025-08-08T16:06:56.350205,-40.0,77.0,83.0,-48.0,31.0,-41.0,-15.0,24.0,-47.0,-40.0,48.0,-12.0,-38.02,65.53999999999999,98.38,-63.4,0.75,-31.11,-8.64,21.07,-30.96,-26.1,9.57,6.52
2025-08-08T16:06:56.358296,-32.0,38.0,25.0,14.0,17.0,20.0,26.0,-45.0,-41.0,-5.0,40.0,-45.0,-30.02,26.54,40.38,-1.4000000000000004,-13.25,29.89,32.36,-47.93,-24.96,8.9,1.5700000000000003,-26.48
2025-08-08T16:06:56.362883,17.0,26.0,-46.0,-25.0,-21.0,9.0,2.0,-73.0,-28.0,-41.0,47.0,-63.0,18.98,14.54,-30.619999999999997,-40.4,-51.25,18.89,8.36,-75.93,-11.96,-27.1,8.57,-44.480000000000004
2025-08-08T16:06:56.370498,36.0,134.0,-73.0,38.0,56.0,-31.0,9.0,-22.0,20.0,-59.0,90.0,-1.0,37.98,122.53999999999999,-57.62,22.6,25.75,-21.11,15.36,-24.93,36.04,-45.1,51.57,17.52
2025-08-08T16:06:56.375088,-33.0,113.0,-67.0,4.0,74.0,-14.0,5.0,13.0,-16.0,-48.0,44.0,2.0,-31.02,101.53999999999999,-51.62,-11.4,43.75,-4.109999999999999,11.36,10.07,0.03999999999999915,-34.1,5.57,20.52
2025-08-08T16:06:56.382885,11.0,39.0,2.0,-31.0,57.0,25.0,20.0,-51.0,-1.0,-55.0,0.0,0.0,12.98,27.54,17.380000000000003,-46.4,26.75,34.89,26.36,-53.93,15.04,-41.1,-38.43,18.52
2025-08-08T16:06:56.387265,-16.0,-60.0,-36.0,42.0,49.0,13.0,-22.0,-94.0,-34.0,-15.0,82.0,-31.0,-14.02,-71.46000000000001,-20.619999999999997,26.6,18.75,22.89,-15.64,-96.93,-17.96,-1.0999999999999996,43.57,-12.48
2025-08-08T16:06:56.395272,45.0,-2.0,20.0,-19.0,4.0,-90.0,1.0,-13.0,-71.0,1.0,53.0,-34.0,46.98,-13.46,35.38,-34.4,-26.25,-80.11,7.36,-15.93,-54.96,14.9,14.57,-15.48
2025-08-08T16:06:56.399481,20.0,-5.0,-80.0,-43.0,13.0,14.0,-51.0,-23.0,10.0,-1.0,88.0,-4.0,21.98,-16.46,-64.62,-58.4,-17.25,23.89,-44.64,-25.93,26.04,12.9,49.57,14.52
2025-08-08T16:06:56.407159,13.0,-22.0,-41.0,-11.0,-9.0,1.0,36.0,-75.0,15.0,-32.0,54.0,-101.0,14.98,-33.46,-25.619999999999997,-26.4,-39.25,10.89,42.36,-77.93,31.04,-18.1,15.57,-82.48
2025-08-08T16:06:56.411683,30.0,-24.0,-52.0,48.0,-13.0,-13.0,-50.0,10.0,-68.0,-11.0,23.0,-10.0,31.98,-35.46,-36.62,32.6,-43.25,-3.1099999999999994,-43.64,7.07,-51.96,2.9000000000000004,-15.43,8.52
2025-08-08T16:06:56.419455,10.0,36.0,12.0,100.0,61.0,20.0,23.0,-47.0,-51.0,21.0,30.0,-7.0,11.98,24.54,27.380000000000003,84.6,30.75,29.89,29.36,-49.93,-34.96,34.9,-8.43,11.52
2025-08-08T16:06:56.424265,-74.0,-22.0,-32.0,7.0,81.0,-46.0,-11.0,-40.0,-49.0,21.0,49.0,-2.0,-72.02,-33.46,-16.619999999999997,-8.4,50.75,-36.11,-4.64,-42.93,-32.96,34.9,10.57,16.52
2025-08-08T16:06:56.431697,-62.0,63.0,11.0,-32.0,-22.0,-16.0,-8.0,48.0,-20.0,-59.0,-17.0,5.0,-60.02,51.54,26.380000000000003,-47.4,-52.25,-6.109999999999999,-1.6399999999999997,45.07,-3.960000000000001,-45.1,-55.43,23.52
2025-08-08T16:06:56.436364,-2.0,51.0,-19.0,86.0,51.0,37.0,26.0,-20.0,9.0,-50.0,51.0,-18.0,-0.020000000000000018,39.54,-3.619999999999999,70.6,20.75,46.89,32.36,-22.93,25.04,-36.1,12.57,0.5199999999999996
2025-08-08T16:06:56.444471,17.0,6.0,52.0,17.0,-61.0,-38.0,-1.0,-44.0,-30.0,-59.0,34.0,9.0,18.98,-5.460000000000001,67.38,1.5999999999999996,-91.25,-28.11,5.36,-46.93,-13.96,-45.1,-4.43,27.52
2025-08-08T16:06:56.450589,38.0,12.0,21.0,-30.0,-36.0,2.0,63.0,-5.0,-9.0,-5.0,20.0,5.0,39.98,0.5399999999999991,36.38,-45.4,-66.25,11.89,69.36,-7.93,7.039999999999999,8.9,-18.43,23.52
2025-08-08T16:06:56.456177,-3.0,3.0,21.0,52.0,42.0,-32.0,-36.0,-70.0,37.0,-17.0,45.0,25.0,-1.02,-8.46,36.38,36.6,11.75,-22.11,-29.64,-72.93,53.04,-3.0999999999999996,6.57,43.519999999999996
2025-08-08T16:06:56.460534,-1.0,14.0,4.0,44.0,85.0,-5.0,-82.0,-21.0,-37.0,-30.0,94.0,-53.0,0.98,2.539999999999999,19.380000000000003,28.6,54.75,4.890000000000001,-75.64,-23.93,-20.96,-16.1,55.57,-34.480000000000004
2025-08-08T16:06:56.468480,28.0,-10.0,9.0,70.0,25.0,-48.0,-28.0,-26.0,-8.0,-48.0,-18.0,-4.0,29.98,-21.46,24.380000000000003,54.6,-5.25,-38.11,-21.64,-28.93,8.04,-34.1,-56.43,14.52
2025-08-08T16:06:56.472977,55.0,-30.0,-77.0,5.0,10.0,10.0,63.0,69.0,-52.0,-68.0,39.0,-62.0,56.98,-41.46,-61.62,-10.4,-20.25,19.89,69.36,66.07,-35.96,-54.1,0.5700000000000003,-43.480000000000004
2025-08-08T16:06:56.477257,23.0,4.0,-48.0,-59.0,8.0,12.0,-5.0,27.0,-27.0,-26.0,15.0,1.0,24.98,-7.460000000000001,-32.62,-74.4,-22.25,21.89,1.3600000000000003,24.07,-10.96,-12.1,-23.43,19.52
2025-08-08T16:06:56.485165,-52.0,15.0,-22.0,78.0,86.0,-21.0,-40.0,-35.0,36.0,11.0,37.0,4.0,-50.02,3.539999999999999,-6.619999999999999,62.6,55.75,-11.11,-33.64,-37.93,52.04,24.9,-1.4299999999999997,22.52
2025-08-08T16:06:56.490089,-40.0,-12.0,0.0,-9.0,115.0,35.0,-3.0,16.0,36.0,-6.0,4.0,-72.0,-38.02,-23.46,15.38,-24.4,84.75,44.89,3.3600000000000003,13.07,52.04,7.9,-34.43,-53.480000000000004
2025-08-08T16:06:56.497201,90.0,-19.0,71.0,2.0,11.0,59.0,-3.0,43.0,-45.0,2.0,66.0,-29.0,91.98,-30.46,86.38,-13.4,-19.25,68.89,3.3600000000000003,40.07,-28.96,15.9,27.57,-10.48
2025-08-08T16:06:56.501473,101.0,-32.0,42.0,-22.0,73.0,-4.0,20.0,19.0,-49.0,15.0,65.0,-55.0,102.98,-43.46,57.38,-37.4,42.75,5.890000000000001,26.36,16.07,-32.96,28.9,26.57,-36.480000000000004
2025-08-08T16:06:56.509575,17.0,-9.0,-6.0,0.0,20.0,3.0,-28.0,-72.0,-95.0,-24.0,38.0,-53.0,18.98,-20.46,9.38,-15.4,-10.25,12.89,-21.64,-74.93,-78.96000000000001,-10.1,-0.4299999999999997,-34.480000000000004
2025-08-08T16:06:56.513897,-47.0,29.0,30.0,21.0,27.0,-45.0,-2.0,3.0,49.0,-30.0,13.0,-57.0,-45.02,17.54,45.38,5.6,-3.25,-35.11,4.36,0.06999999999999984,65.03999999999999,-16.1,-25.43,-38.480000000000004
2025-08-08T16:06:56.521947,-32.0,1.0,-13.0,25.0,26.0,-42.0,32.0,79.0,-48.0,48.0,28.0,-20.0,-30.02,-10.46,2.380000000000001,9.6,-4.25,-32.11,38.36,76.07,-31.96,61.9,-10.43,-1.4800000000000004
2025-08-08T16:06:56.526197,59.0,47.0,-10.0,45.0,76.0,-34.0,21.0,-3.0,-31.0,-40.0,-28.0,-22.0,60.98,35.54,5.380000000000001,29.6,45.75,-24.11,27.36,-5.93,-14.96,-26.1,-66.43,-3.4800000000000004
2025-08-08T16:06:56.534193,16.0,53.0,-35.0,53.0,7.0,-44.0,42.0,49.0,-15.0,-18.0,78.0,4.0,17.98,41.54,-19.619999999999997,37.6,-23.25,-34.11,48.36,46.07,1.0399999999999991,-4.1,39.57,22.52
2025-08-08T16:06:56.538453,-51.0,33.0,-16.0,-19.0,28.0,8.0,-46.0,21.0,-57.0,-2.0,53.0,23.0,-49.02,21.54,-0.6199999999999992,-34.4,-2.25,17.89,-39.64,18.07,-40.96,11.9,14.57,41.519999999999996
2025-08-08T16:06:56.546372,90.0,45.0,-22.0,8.0,-1.0,-4.0,-40.0,64.0,44.0,-1.0,81.0,-77.0,91.98,33.54,-6.619999999999999,-7.4,-31.25,5.890000000000001,-33.64,61.07,60.04,12.9,42.57,-58.480000000000004
2025-08-08T16:06:56.550683,6.0,42.0,-75.0,37.0,12.0,-35.0,15.0,6.0,-4.0,2.0,-14.0,-4.0,7.98,30.54,-59.62,21.6,-18.25,-25.11,21.36,3.07,12.04,15.9,-52.43,14.52
2025-08-08T16:06:56.558841,-23.0,11.0,-11.0,38.0,43.0,-15.0,-54.0,42.0,24.0,-19.0,99.0,-7.0,-21.02,-0.46000000000000085,4.380000000000001,22.6,12.75,-5.109999999999999,-47.64,39.07,40.04,-5.1,60.57,11.52
2025-08-08T16:06:56.563010,-66.0,26.0,-38.0,-18.0,17.0,26.0,-16.0,24.0,-2.0,27.0,83.0,-54.0,-64.02,14.54,-22.619999999999997,-33.4,-13.25,35.89,-9.64,21.07,14.04,40.9,44.57,-35.480000000000004
2025-08-08T16:06:56.571089,32.0,45.0,26.0,-4.0,17.0,20.0,29.0,69.0,-15.0,47.0,16.0,-28.0,33.98,33.54,41.38,-19.4,-13.25,29.89,35.36,66.07,1.0399999999999991,60.9,-22.43,-9.48
2025-08-08T16:06:56.575327,16.0,-36.0,20.0,19.0,-21.0,3.0,-12.0,-95.0,23.0,-25.0,14.0,-32.0,17.98,-47.46,35.38,3.5999999999999996,-51.25,12.89,-5.64,-97.93,39.04,-11.1,-24.43,-13.48
2025-08-08T16:06:56.583262,-31.0,58.0,15.0,-55.0,-24.0,-27.0,-42.0,27.0,-86.0,-9.0,-7.0,-29.0,-29.02,46.54,30.380000000000003,-70.4,-54.25,-17.11,-35.64,24.07,-69.96000000000001,4.9,-45.43,-10.48
2025-08-08T16:06:56.587574,-67.0,73.0,-5.0,6.0,32.0,-43.0,-89.0,8.0,38.0,-3.0,98.0,-24.0,-65.02,61.54,10.38,-9.4,1.75,-33.11,-82.64,5.07,54.04,10.9,59.57,-5.48
2025-08-08T16:06:56.595553,-59.0,59.0,-19.0,36.0,61.0,1.0,37.0,-21.0,-24.0,11.0,33.0,-11.0,-57.02,47.54,-3.619999999999999,20.6,30.75,10.89,43.36,-23.93,-7.960000000000001,24.9,-5.43,7.52
2025-08-08T16:06:56.600062,-43.0,8.0,-11.0,23.0,13.0,-34.0,-6.0,34.0,-2.0,-16.0,-6.0,-26.0,-41.02,-3.460000000000001,4.380000000000001,7.6,-17.25,-24.11,0.3600000000000003,31.07,14.04,-2.0999999999999996,-44.43,-7.48
2025-08-08T16:06:56.607847,-67.0,52.0,-98.0,-18.0,-13.0,-37.0,-22.0,-22.0,-39.0,-37.0,53.0,-19.0,-65.02,40.54,-82.62,-33.4,-43.25,-27.11,-15.64,-24.93,-22.96,-23.1,14.57,-0.4800000000000004
2025-08-08T16:06:56.612160,-43.0,84.0,-71.0,32.0,75.0,-28.0,-22.0,12.0,-59.0,14.0,23.0,-27.0,-41.02,72.53999999999999,-55.62,16.6,44.75,-18.11,-15.64,9.07,-42.96,27.9,-15.43,-8.48
2025-08-08T16:06:56.620238,70.0,-50.0,-64.0,12.0,66.0,14.0,31.0,-48.0,-41.0,-19.0,11.0,0.0,71.98,-61.46,-48.62,-3.4000000000000004,35.75,23.89,37.36,-50.93,-24.96,-5.1,-27.43,18.52
2025-08-08T16:06:56.624457,59.0,-19.0,-13.0,20.0,42.0,11.0,-37.0,-2.0,-17.0,-10.0,42.0,-8.0,60.98,-30.46,2.380000000000001,4.6,11.75,20.89,-30.64,-4.93,-0.9600000000000009,3.9000000000000004,3.5700000000000003,10.52
2025-08-08T16:06:56.632368,11.0,34.0,-41.0,1.0,38.0,-32.0,55.0,-52.0,-44.0,52.0,46.0,22.0,12.98,22.54,-25.619999999999997,-14.4,7.75,-22.11,61.36,-54.93,-27.96,65.9,7.57,40.519999999999996
2025-08-08T16:06:56.636902,-31.0,6.0,-36.0,22.0,-29.0,67.0,-38.0,-117.0,-69.0,-79.0,62.0,38.0,-29.02,-5.460000000000001,-20.619999999999997,6.6,-59.25,76.89,-31.64,-119.93,-52.96,-65.1,23.57,56.519999999999996
2025-08-08T16:06:56.644610,-44.0,46.0,10.0,27.0,100.0,13.0,63.0,-37.0,37.0,46.0,24.0,28.0,-42.02,34.54,25.380000000000003,11.6,69.75,22.89,69.36,-39.93,53.04,59.9,-14.43,46.519999999999996
2025-08-08T16:06:56.649054,-94.0,-27.0,0.0,51.0,5.0,-5.0,-24.0,-1.0,-2.0,-47.0,22.0,-42.0,-92.02,-38.46,15.38,35.6,-25.25,4.890000000000001,-17.64,-3.93,14.04,-33.1,-16.43,-23.48
2025-08-08T16:06:56.656920,-45.0,33.0,62.0,23.0,-5.0,-34.0,60.0,-7.0,-69.0,-45.0,-12.0,-16.0,-43.02,21.54,77.38,7.6,-35.25,-24.11,66.36,-9.93,-52.96,-31.1,-50.43,2.5199999999999996
2025-08-08T16:06:56.661258,-31.0,50.0,-27.0,55.0,77.0,-92.0,-57.0,-66.0,21.0,-35.0,41.0,-52.0,-29.02,38.54,-11.62,39.6,46.75,-82.11,-50.64,-68.93,37.04,-21.1,2.5700000000000003,-33.480000000000004
2025-08-08T16:06:56.669215,-6.0,-35.0,-81.0,70.0,42.0,12.0,-52.0,-66.0,15.0,-61.0,-22.0,-46.0,-4.02,-46.46,-65.62,54.6,11.75,21.89,-45.64,-68.93,31.04,-47.1,-60.43,-27.48
2025-08-08T16:06:56.673568,6.0,70.0,-31.0,-29.0,35.0,29.0,-13.0,23.0,-39.0,18.0,-6.0,-21.0,7.98,58.54,-15.62,-44.4,4.75,38.89,-6.64,20.07,-22.96,31.9,-44.43,-2.4800000000000004
2025-08-08T16:06:56.681644,48.0,18.0,-45.0,32.0,42.0,35.0,-3.0,-4.0,-91.0,14.0,-24.0,-55.0,49.98,6.539999999999999,-29.619999999999997,16.6,11.75,44.89,3.3600000000000003,-6.93,-74.96000000000001,27.9,-62.43,-36.480000000000004
2025-08-08T16:06:56.685962,-49.0,50.0,-86.0,-25.0,41.0,28.0,32.0,-8.0,-36.0,37.0,59.0,-2.0,-47.02,38.54,-70.62,-40.4,10.75,37.89,38.36,-10.93,-19.96,50.9,20.57,16.52
2025-08-08T16:06:56.690689,-32.0,7.0,0.0,59.0,52.0,-53.0,-12.0,28.0,-32.0,-34.0,-22.0,-10.0,-30.02,-4.460000000000001,15.38,43.6,21.75,-43.11,-5.64,25.07,-15.96,-20.1,-60.43,8.52
2025-08-08T16:06:56.698118,-51.0,-29.0,-89.0,-21.0,20.0,-20.0,2.0,-44.0,-49.0,-44.0,55.0,0.0,-49.02,-40.46,-73.62,-36.4,-10.25,-10.11,8.36,-46.93,-32.96,-30.1,16.57,18.52
2025-08-08T16:06:56.702288,-58.0,76.0,-43.0,-71.0,87.0,-74.0,0.0,-44.0,-78.0,7.0,12.0,-35.0,-56.02,64.53999999999999,-27.619999999999997,-86.4,56.75,-64.11,6.36,-46.93,-61.96,20.9,-26.43,-16.48
2025-08-08T16:06:56.710467,81.0,70.0,-5.0,21.0,80.0,24.0,11.0,14.0,10.0,-16.0,12.0,14.0,82.98,58.54,10.38,5.6,49.75,33.89,17.36,11.07,26.04,-2.0999999999999996,-26.43,32.519999999999996
2025-08-08T16:06:56.714549,21.0,51.0,-33.0,-12.0,83.0,-72.0,9.0,17.0,-11.0,-17.0,-12.0,42.0,22.98,39.54,-17.619999999999997,-27.4,52.75,-62.11,15.36,14.07,5.039999999999999,-3.0999999999999996,-50.43,60.519999999999996
2025-08-08T16:06:56.722784,56.0,-6.0,-32.0,48.0,-59.0,4.0,14.0,-23.0,-96.0,-6.0,63.0,-62.0,57.98,-17.46,-16.619999999999997,32.6,-89.25,13.89,20.36,-25.93,-79.96000000000001,7.9,24.57,-43.480000000000004
2025-08-08T16:06:56.726812,48.0,-19.0,8.0,30.0,21.0,8.0,-22.0,28.0,-18.0,-75.0,14.0,12.0,49.98,-30.46,23.380000000000003,14.6,-9.25,17.89,-15.64,25.07,-1.9600000000000009,-61.1,-24.43,30.52
2025-08-08T16:06:56.735056,25.0,-43.0,-61.0,-23.0,15.0,-20.0,-23.0,-17.0,-38.0,-23.0,80.0,19.0,26.98,-54.46,-45.62,-38.4,-15.25,-10.11,-16.64,-19.93,-21.96,-9.1,41.57,37.519999999999996
2025-08-08T16:06:56.739192,33.0,-40.0,4.0,59.0,27.0,-5.0,-52.0,34.0,-32.0,-4.0,120.0,-48.0,34.98,-51.46,19.380000000000003,43.6,-3.25,4.890000000000001,-45.64,31.07,-15.96,9.9,81.57,-29.48
2025-08-08T16:06:56.747220,13.0,-50.0,4.0,13.0,-3.0,34.0,-16.0,-24.0,-31.0,-20.0,25.0,-36.0,14.98,-61.46,19.380000000000003,-2.4000000000000004,-33.25,43.89,-9.64,-26.93,-14.96,-6.1,-13.43,-17.48
2025-08-08T16:06:56.752541,19.0,-33.0,31.0,69.0,84.0,-26.0,-57.0,-12.0,-32.0,-11.0,-42.0,-13.0,20.98,-44.46,46.38,53.6,53.75,-16.11,-50.64,-14.93,-15.96,2.9000000000000004,-80.43,5.52
2025-08-08T16:06:56.759397,35.0,14.0,54.0,38.0,2.0,24.0,32.0,-16.0,-61.0,0.0,13.0,3.0,36.98,2.539999999999999,69.38,22.6,-28.25,33.89,38.36,-18.93,-44.96,13.9,-25.43,21.52
2025-08-08T16:06:56.763835,-18.0,96.0,8.0,46.0,81.0,42.0,-68.0,-28.0,-25.0,-30.0,48.0,-26.0,-16.02,84.53999999999999,23.380000000000003,30.6,50.75,51.89,-61.64,-30.93,-8.96,-16.1,9.57,-7.48
2025-08-08T16:06:56.771678,9.0,14.0,-66.0,0.0,-5.0,1.0,-37.0,-76.0,-4.0,9.0,74.0,-30.0,10.98,2.539999999999999,-50.62,-15.4,-35.25,10.89,-30.64,-78.93,12.04,22.9,35.57,-11.48
2025-08-08T16:06:56.776106,-51.0,27.0,-54.0,-20.0,75.0,-29.0,57.0,30.0,-29.0,-73.0,71.0,0.0,-49.02,15.54,-38.62,-35.4,44.75,-19.11,63.36,27.07,-12.96,-59.1,32.57,18.52
2025-08-08T16:06:56.784048,-15.0,15.0,-37.0,42.0,39.0,-7.0,-57.0,-16.0,-40.0,-6.0,37.0,-54.0,-13.02,3.539999999999999,-21.619999999999997,26.6,8.75,2.8900000000000006,-50.64,-18.93,-23.96,7.9,-1.4299999999999997,-35.480000000000004
2025-08-08T16:06:56.788469,-24.0,-22.0,30.0,-16.0,48.0,2.0,3.0,23.0,-15.0,89.0,-15.0,-38.0,-22.02,-33.46,45.38,-31.4,17.75,11.89,9.36,20.07,1.0399999999999991,102.9,-53.43,-19.48
2025-08-08T16:06:56.796303,9.0,-36.0,-65.0,-19.0,56.0,-54.0,60.0,-12.0,-55.0,27.0,85.0,-65.0,10.98,-47.46,-49.62,-34.4,25.75,-44.11,66.36,-14.93,-38.96,40.9,46.57,-46.480000000000004
2025-08-08T16:06:56.800695,30.0,20.0,12.0,4.0,43.0,-43.0,47.0,18.0,-66.0,-22.0,13.0,-47.0,31.98,8.54,27.380000000000003,-11.4,12.75,-33.11,53.36,15.07,-49.96,-8.1,-25.43,-28.48
2025-08-08T16:06:56.808712,25.0,-9.0,-19.0,-13.0,24.0,-44.0,46.0,9.0,-63.0,-9.0,-53.0,-56.0,26.98,-20.46,-3.619999999999999,-28.4,-6.25,-34.11,52.36,6.07,-46.96,4.9,-91.43,-37.480000000000004
2025-08-08T16:06:56.813065,-1.0,-68.0,-36.0,24.0,31.0,-28.0,-19.0,32.0,-25.0,45.0,-3.0,-54.0,0.98,-79.46000000000001,-20.619999999999997,8.6,0.75,-18.11,-12.64,29.07,-8.96,58.9,-41.43,-35.480000000000004
2025-08-08T16:06:56.821023,-53.0,48.0,34.0,16.0,119.0,-24.0,45.0,-4.0,-35.0,-21.0,81.0,29.0,-51.02,36.54,49.38,0.5999999999999996,88.75,-14.11,51.36,-6.93,-18.96,-7.1,42.57,47.519999999999996
2025-08-08T16:06:56.825208,11.0,-11.0,-29.0,-19.0,43.0,21.0,10.0,18.0,20.0,-38.0,-3.0,10.0,12.98,-22.46,-13.62,-34.4,12.75,30.89,16.36,15.07,36.04,-24.1,-41.43,28.52
2025-08-08T16:06:56.833047,-13.0,-27.0,54.0,36.0,79.0,-22.0,1.0,-7.0,27.0,-18.0,96.0,-6.0,-11.02,-38.46,69.38,20.6,48.75,-12.11,7.36,-9.93,43.04,-4.1,57.57,12.52
2025-08-08T16:06:56.837608,-28.0,29.0,-51.0,5.0,56.0,-4.0,15.0,27.0,-30.0,-44.0,103.0,-5.0,-26.02,17.54,-35.62,-10.4,25.75,5.890000000000001,21.36,24.07,-13.96,-30.1,64.57,13.52
2025-08-08T16:06:56.845493,-76.0,39.0,-16.0,62.0,20.0,36.0,7.0,14.0,16.0,-26.0,76.0,-39.0,-74.02,27.54,-0.6199999999999992,46.6,-10.25,45.89,13.36,11.07,32.04,-12.1,37.57,-20.48
2025-08-08T16:06:56.849831,56.0,-69.0,-65.0,-27.0,-20.0,-18.0,7.0,36.0,-8.0,-1.0,88.0,-73.0,57.98,-80.46000000000001,-49.62,-42.4,-50.25,-8.11,13.36,33.07,8.04,12.9,49.57,-54.480000000000004
2025-08-08T16:06:56.857711,102.0,62.0,-38.0,26.0,63.0,-27.0,-47.0,38.0,-59.0,18.0,22.0,-93.0,103.98,50.54,-22.619999999999997,10.6,32.75,-17.11,-40.64,35.07,-42.96,31.9,-16.43,-74.48
2025-08-08T16:06:56.862229,65.0,-13.0,-20.0,-12.0,64.0,-29.0,76.0,-14.0,-76.0,17.0,36.0,-31.0,66.98,-24.46,-4.619999999999999,-27.4,33.75,-19.11,82.36,-16.93,-59.96,30.9,-2.4299999999999997,-12.48
2025-08-08T16:06:56.870011,-18.0,5.0,-5.0,-9.0,19.0,-30.0,-52.0,-50.0,-57.0,6.0,35.0,0.0,-16.02,-6.460000000000001,10.38,-24.4,-11.25,-20.11,-45.64,-52.93,-40.96,19.9,-3.4299999999999997,18.52
2025-08-08T16:06:56.874423,44.0,-17.0,-7.0,35.0,10.0,-19.0,38.0,12.0,-15.0,-38.0,50.0,-72.0,45.98,-28.46,8.38,19.6,-20.25,-9.11,44.36,9.07,1.0399999999999991,-24.1,11.57,-53.480000000000004
2025-08-08T16:06:56.882249,-11.0,-74.0,10.0,1.0,-25.0,1.0,10.0,-30.0,-73.0,-19.0,22.0,-11.0,-9.02,-85.46000000000001,25.380000000000003,-14.4,-55.25,10.89,16.36,-32.93,-56.96,-5.1,-16.43,7.52
2025-08-08T16:06:56.886718,-35.0,-32.0,56.0,70.0,79.0,-12.0,31.0,4.0,-12.0,8.0,70.0,-3.0,-33.02,-43.46,71.38,54.6,48.75,-2.1099999999999994,37.36,1.0699999999999998,4.039999999999999,21.9,31.57,15.52
2025-08-08T16:06:56.894618,8.0,-5.0,-22.0,-10.0,36.0,-41.0,-29.0,40.0,-46.0,41.0,73.0,-20.0,9.98,-16.46,-6.619999999999999,-25.4,5.75,-31.11,-22.64,37.07,-29.96,54.9,34.57,-1.4800000000000004
2025-08-08T16:06:56.898917,-8.0,24.0,75.0,12.0,44.0,-29.0,56.0,-23.0,-50.0,0.0,-10.0,-22.0,-6.02,12.54,90.38,-3.4000000000000004,13.75,-19.11,62.36,-25.93,-33.96,13.9,-48.43,-3.4800000000000004
2025-08-08T16:06:56.903167,-37.0,-1.0,-11.0,67.0,24.0,-28.0,56.0,8.0,-18.0,-18.0,-3.0,-24.0,-35.02,-12.46,4.380000000000001,51.6,-6.25,-18.11,62.36,5.07,-1.9600000000000009,-4.1,-41.43,-5.48
2025-08-08T16:06:56.911130,2.0,3.0,2.0,37.0,81.0,-24.0,26.0,0.0,39.0,-62.0,49.0,-57.0,3.98,-8.46,17.380000000000003,21.6,50.75,-14.11,32.36,-2.93,55.04,-48.1,10.57,-38.480000000000004
2025-08-08T16:06:56.915465,-36.0,-32.0,-23.0,-25.0,56.0,-16.0,-39.0,11.0,-51.0,-15.0,43.0,-6.0,-34.02,-43.46,-7.619999999999999,-40.4,25.75,-6.109999999999999,-32.64,8.07,-34.96,-1.0999999999999996,4.57,12.52
2025-08-08T16:06:56.923461,-61.0,31.0,39.0,49.0,35.0,-8.0,7.0,-32.0,31.0,-8.0,22.0,-44.0,-59.02,19.54,54.38,33.6,4.75,1.8900000000000006,13.36,-34.93,47.04,5.9,-16.43,-25.48
2025-08-08T16:06:56.927649,18.0,43.0,0.0,24.0,4.0,-36.0,40.0,-60.0,9.0,-62.0,-35.0,-48.0,19.98,31.54,15.38,8.6,-26.25,-26.11,46.36,-62.93,25.04,-48.1,-73.43,-29.48
2025-08-08T16:06:56.935559,-18.0,-26.0,3.0,49.0,7.0,22.0,-23.0,-40.0,1.0,-16.0,77.0,-3.0,-16.02,-37.46,18.380000000000003,33.6,-23.25,31.89,-16.64,-42.93,17.04,-2.0999999999999996,38.57,15.52
2025-08-08T16:06:56.939885,5.0,62.0,-56.0,20.0,37.0,-31.0,-9.0,-14.0,-52.0,-65.0,39.0,-41.0,6.98,50.54,-40.62,4.6,6.75,-21.11,-2.6399999999999997,-16.93,-35.96,-51.1,0.5700000000000003,-22.48
2025-08-08T16:06:56.947872,-9.0,20.0,9.0,-36.0,46.0,-2.0,-28.0,97.0,-22.0,-14.0,90.0,-93.0,-7.02,8.54,24.380000000000003,-51.4,15.75,7.890000000000001,-21.64,94.07,-5.960000000000001,-0.09999999999999964,51.57,-74.48
2025-08-08T16:06:56.952272,-4.0,-42.0,11.0,77.0,-28.0,-24.0,-115.0,53.0,-2.0,-34.0,37.0,-23.0,-2.02,-53.46,26.380000000000003,61.6,-58.25,-14.11,-108.64,50.07,14.04,-20.1,-1.4299999999999997,-4.48
2025-08-08T16:06:56.960077,42.0,83.0,-8.0,-31.0,2.0,-16.0,-30.0,-10.0,3.0,-89.0,37.0,-64.0,43.98,71.53999999999999,7.380000000000001,-46.4,-28.25,-6.109999999999999,-23.64,-12.93,19.04,-75.1,-1.4299999999999997,-45.480000000000004
2025-08-08T16:06:56.964626,-30.0,-3.0,-105.0,-20.0,52.0,37.0,-59.0,47.0,-25.0,-33.0,108.0,-27.0,-28.02,-14.46,-89.62,-35.4,21.75,46.89,-52.64,44.07,-8.96,-19.1,69.57,-8.48
2025-08-08T16:06:56.972463,69.0,26.0,-77.0,56.0,-34.0,-10.0,73.0,24.0,-97.0,14.0,33.0,-61.0,70.98,14.54,-61.62,40.6,-64.25,-0.10999999999999943,79.36,21.07,-80.96000000000001,27.9,-5.43,-42.480000000000004
2025-08-08T16:06:56.976896,31.0,9.0,-47.0,76.0,41.0,-11.0,-1.0,65.0,-34.0,8.0,34.0,-57.0,32.98,-2.460000000000001,-31.619999999999997,60.6,10.75,-1.1099999999999994,5.36,62.07,-17.96,21.9,-4.43,-38.480000000000004
2025-08-08T16:06:56.984732,21.0,-8.0,-91.0,18.0,22.0,-24.0,-91.0,-38.0,-16.0,60.0,14.0,-39.0,22.98,-19.46,-75.62,2.5999999999999996,-8.25,-14.11,-84.64,-40.93,0.03999999999999915,73.9,-24.43,-20.48
2025-08-08T16:06:56.989770,7.0,28.0,-5.0,8.0,39.0,-64.0,10.0,-83.0,-80.0,59.0,57.0,-56.0,8.98,16.54,10.38,-7.4,8.75,-54.11,16.36,-85.93,-63.96,72.9,18.57,-37.480000000000004
2025-08-08T16:06:56.997024,14.0,-30.0,-57.0,19.0,26.0,-17.0,-52.0,51.0,-21.0,-34.0,41.0,11.0,15.98,-41.46,-41.62,3.5999999999999996,-4.25,-7.109999999999999,-45.64,48.07,-4.960000000000001,-20.1,2.5700000000000003,29.52
2025-08-08T16:06:57.001357,8.0,28.0,-7.0,53.0,47.0,-30.0,-43.0,63.0,-11.0,6.0,-14.0,-36.0,9.98,16.54,8.38,37.6,16.75,-20.11,-36.64,60.07,5.039999999999999,19.9,-52.43,-17.48
2025-08-08T16:06:57.009298,-4.0,42.0,-5.0,71.0,22.0,-34.0,69.0,8.0,-52.0,-100.0,37.0,-116.0,-2.02,30.54,10.38,55.6,-8.25,-24.11,75.36,5.07,-35.96,-86.1,-1.4299999999999997,-97.48
2025-08-08T16:06:57.013819,-64.0,-22.0,-24.0,8.0,-28.0,-32.0,-71.0,-15.0,-18.0,4.0,21.0,-8.0,-62.02,-33.46,-8.62,-7.4,-58.25,-22.11,-64.64,-17.93,-1.9600000000000009,17.9,-17.43,10.52
2025-08-08T16:06:57.021493,6.0,33.0,-6.0,7.0,45.0,2.0,-10.0,-80.0,-8.0,48.0,46.0,-60.0,7.98,21.54,9.38,-8.4,14.75,11.89,-3.6399999999999997,-82.93,8.04,61.9,7.57,-41.480000000000004
2025-08-08T16:06:57.025872,3.0,55.0,16.0,-22.0,-1.0,-31.0,-59.0,33.0,-7.0,18.0,73.0,1.0,4.98,43.54,31.380000000000003,-37.4,-31.25,-21.11,-52.64,30.07,9.04,31.9,34.57,19.52
2025-08-08T16:06:57.033809,-39.0,54.0,3.0,78.0,20.0,-14.0,-30.0,-42.0,-53.0,-62.0,58.0,-18.0,-37.02,42.54,18.380000000000003,62.6,-10.25,-4.109999999999999,-23.64,-44.93,-36.96,-48.1,19.57,0.5199999999999996
2025-08-08T16:06:57.038216,-1.0,63.0,-42.0,-2.0,-9.0,-37.0,-24.0,-30.0,-48.0,11.0,52.0,-42.0,0.98,51.54,-26.619999999999997,-17.4,-39.25,-27.11,-17.64,-32.93,-31.96,24.9,13.57,-23.48
2025-08-08T16:06:57.046184,-19.0,76.0,-18.0,11.0,16.0,-33.0,-48.0,-11.0,-104.0,-35.0,10.0,-23.0,-17.02,64.53999999999999,-2.619999999999999,-4.4,-14.25,-23.11,-41.64,-13.93,-87.96000000000001,-21.1,-28.43,-4.48
2025-08-08T16:06:57.050531,-22.0,-46.0,-30.0,19.0,84.0,-10.0,33.0,12.0,-97.0,7.0,43.0,-37.0,-20.02,-57.46,-14.62,3.5999999999999996,53.75,-0.10999999999999943,39.36,9.07,-80.96000000000001,20.9,4.57,-18.48
2025-08-08T16:06:57.058387,29.0,31.0,-60.0,-24.0,15.0,-18.0,-9.0,-6.0,-78.0,-49.0,109.0,-19.0,30.98,19.54,-44.62,-39.4,-15.25,-8.11,-2.6399999999999997,-8.93,-61.96,-35.1,70.57,-0.4800000000000004
2025-08-08T16:06:57.062867,60.0,3.0,7.0,47.0,11.0,-28.0,-65.0,-74.0,-47.0,83.0,38.0,0.0,61.98,-8.46,22.380000000000003,31.6,-19.25,-18.11,-58.64,-76.93,-30.96,96.9,-0.4299999999999997,18.52
2025-08-08T16:06:57.070503,-46.0,49.0,-55.0,47.0,62.0,-8.0,1.0,-22.0,-44.0,9.0,47.0,-118.0,-44.02,37.54,-39.62,31.6,31.75,1.8900000000000006,7.36,-24.93,-27.96,22.9,8.57,-99.48
2025-08-08T16:06:57.074993,-68.0,-29.0,-15.0,26.0,31.0,-22.0,-7.0,7.0,-100.0,4.0,104.0,-33.0,-66.02,-40.46,0.3800000000000008,10.6,0.75,-12.11,-0.6399999999999997,4.07,-83.96000000000001,17.9,65.57,-14.48
2025-08-08T16:06:57.082907,27.0,96.0,18.0,43.0,-37.0,-4.0,7.0,-11.0,-29.0,-47.0,79.0,-58.0,28.98,84.53999999999999,33.38,27.6,-67.25,5.890000000000001,13.36,-13.93,-12.96,-33.1,40.57,-39.480000000000004
2025-08-08T16:06:57.087346,-5.0,35.0,23.0,-13.0,-7.0,-20.0,-20.0,11.0,-39.0,-33.0,29.0,-18.0,-3.02,23.54,38.38,-28.4,-37.25,-10.11,-13.64,8.07,-22.96,-19.1,-9.43,0.5199999999999996
2025-08-08T16:06:57.095265,13.0,128.0,-61.0,43.0,30.0,-15.0,-83.0,-22.0,-63.0,15.0,87.0,-98.0,14.98,116.53999999999999,-45.62,27.6,-0.25,-5.109999999999999,-76.64,-24.93,-46.96,28.9,48.57,-79.48
2025-08-08T16:06:57.099793,-41.0,46.0,-53.0,11.0,-36.0,26.0,6.0,62.0,-10.0,-58.0,46.0,-64.0,-39.02,34.54,-37.62,-4.4,-66.25,35.89,12.36,59.07,6.039999999999999,-44.1,7.57,-45.480000000000004
2025-08-08T16:06:57.104465,-11.0,9.0,-87.0,48.0,35.0,22.0,9.0,-2.0,-31.0,-19.0,28.0,-17.0,-9.02,-2.460000000000001,-71.62,32.6,4.75,31.89,15.36,-4.93,-14.96,-5.1,-10.43,1.5199999999999996
2025-08-08T16:06:57.111895,55.0,49.0,9.0,-26.0,62.0,-27.0,8.0,63.0,-65.0,-50.0,38.0,-39.0,56.98,37.54,24.380000000000003,-41.4,31.75,-17.11,14.36,60.07,-48.96,-36.1,-0.4299999999999997,-20.48
2025-08-08T16:06:57.118556,62.0,-39.0,-125.0,3.0,66.0,-30.0,-26.0,56.0,-107.0,22.0,42.0,-58.0,63.98,-50.46,-109.62,-12.4,35.75,-20.11,-19.64,53.07,-90.96000000000001,35.9,3.5700000000000003,-39.480000000000004
2025-08-08T16:06:57.124177,32.0,17.0,-72.0,39.0,54.0,-68.0,-2.0,-41.0,-66.0,-3.0,119.0,-61.0,33.98,5.539999999999999,-56.62,23.6,23.75,-58.11,4.36,-43.93,-49.96,10.9,80.57,-42.480000000000004
2025-08-08T16:06:57.130699,43.0,13.0,-48.0,34.0,39.0,-67.0,3.0,35.0,-58.0,18.0,39.0,-1.0,44.98,1.5399999999999991,-32.62,18.6,8.75,-57.11,9.36,32.07,-41.96,31.9,0.5700000000000003,17.52
2025-08-08T16:06:57.136445,2.0,-17.0,-87.0,5.0,64.0,-22.0,-6.0,24.0,-124.0,-93.0,51.0,-55.0,3.98,-28.46,-71.62,-10.4,33.75,-12.11,0.3600000000000003,21.07,-107.96000000000001,-79.1,12.57,-36.480000000000004
2025-08-08T16:06:57.141508,16.0,19.0,-93.0,-6.0,-35.0,-44.0,-74.0,-29.0,-95.0,-1.0,-27.0,-54.0,17.98,7.539999999999999,-77.62,-21.4,-65.25,-34.11,-67.64,-31.93,-78.96000000000001,12.9,-65.43,-35.480000000000004
2025-08-08T16:06:57.148751,10.0,9.0,-40.0,-6.0,-8.0,-40.0,111.0,21.0,-75.0,-46.0,5.0,-80.0,11.98,-2.460000000000001,-24.619999999999997,-21.4,-38.25,-30.11,117.36,18.07,-58.96,-32.1,-33.43,-61.480000000000004
2025-08-08T16:06:57.152835,-10.0,-54.0,-31.0,-2.0,62.0,-6.0,9.0,-7.0,-59.0,-89.0,8.0,-70.0,-8.02,-65.46000000000001,-15.62,-17.4,31.75,3.8900000000000006,15.36,-9.93,-42.96,-75.1,-30.43,-51.480000000000004
2025-08-08T16:06:57.160858,37.0,-11.0,-82.0,-2.0,14.0,-4.0,-19.0,12.0,-45.0,6.0,-26.0,-36.0,38.98,-22.46,-66.62,-17.4,-16.25,5.890000000000001,-12.64,9.07,-28.96,19.9,-64.43,-17.48
2025-08-08T16:06:57.165276,31.0,-54.0,-113.0,-25.0,41.0,-50.0,72.0,-55.0,-68.0,-6.0,32.0,-96.0,32.98,-65.46000000000001,-97.62,-40.4,10.75,-40.11,78.36,-57.93,-51.96,7.9,-6.43,-77.48
2025-08-08T16:06:57.173052,13.0,40.0,-6.0,-17.0,-3.0,-145.0,30.0,-6.0,-62.0,17.0,87.0,-21.0,14.98,28.54,9.38,-32.4,-33.25,-135.11,36.36,-8.93,-45.96,30.9,48.57,-2.4800000000000004
2025-08-08T16:06:57.177394,-20.0,-25.0,40.0,-3.0,10.0,-23.0,6.0,-64.0,-93.0,43.0,-34.0,-93.0,-18.02,-36.46,55.38,-18.4,-20.25,-13.11,12.36,-66.93,-76.96000000000001,56.9,-72.43,-74.48
2025-08-08T16:06:57.185327,88.0,7.0,-57.0,-22.0,84.0,-61.0,1.0,6.0,-57.0,23.0,-45.0,-78.0,89.98,-4.460000000000001,-41.62,-37.4,53.75,-51.11,7.36,3.07,-40.96,36.9,-83.43,-59.480000000000004
2025-08-08T16:06:57.189735,68.0,15.0,9.0,-8.0,14.0,-7.0,51.0,-23.0,-77.0,-71.0,80.0,-43.0,69.98,3.539999999999999,24.380000000000003,-23.4,-16.25,2.8900000000000006,57.36,-25.93,-60.96,-57.1,41.57,-24.48
2025-08-08T16:06:57.197635,68.0,0.0,-61.0,26.0,12.0,-19.0,11.0,-66.0,-109.0,-20.0,25.0,-82.0,69.98,-11.46,-45.62,10.6,-18.25,-9.11,17.36,-68.93,-92.96000000000001,-6.1,-13.43,-63.480000000000004
2025-08-08T16:06:57.202181,-27.0,36.0,-31.0,44.0,27.0,-74.0,-48.0,-27.0,-44.0,-82.0,75.0,-11.0,-25.02,24.54,-15.62,28.6,-3.25,-64.11,-41.64,-29.93,-27.96,-68.1,36.57,7.52
2025-08-08T16:06:57.209834,2.0,26.0,-59.0,70.0,59.0,-54.0,-22.0,-53.0,-61.0,44.0,50.0,-52.0,3.98,14.54,-43.62,54.6,28.75,-44.11,-15.64,-55.93,-44.96,57.9,11.57,-33.480000000000004
2025-08-08T16:06:57.214278,-8.0,50.0,-4.0,-1.0,67.0,6.0,-26.0,37.0,-81.0,-36.0,64.0,-23.0,-6.02,38.54,11.38,-16.4,36.75,15.89,-19.64,34.07,-64.96000000000001,-22.1,25.57,-4.48
2025-08-08T16:06:57.222249,-54.0,122.0,-8.0,38.0,-10.0,-119.0,9.0,4.0,-83.0,-29.0,25.0,-50.0,-52.02,110.53999999999999,7.380000000000001,22.6,-40.25,-109.11,15.36,1.0699999999999998,-66.96000000000001,-15.1,-13.43,-31.48
2025-08-08T16:06:57.226573,-13.0,18.0,-3.0,35.0,77.0,-115.0,-13.0,1.0,-67.0,10.0,74.0,-68.0,-11.02,6.539999999999999,12.38,19.6,46.75,-105.11,-6.64,-1.9300000000000002,-50.96,23.9,35.57,-49.480000000000004
2025-08-08T16:06:57.234443,-55.0,39.0,24.0,60.0,-45.0,-123.0,9.0,21.0,-109.0,-24.0,57.0,-78.0,-53.02,27.54,39.38,44.6,-75.25,-113.11,15.36,18.07,-92.96000000000001,-10.1,18.57,-59.480000000000004
2025-08-08T16:06:57.238792,-16.0,12.0,-61.0,5.0,11.0,-42.0,15.0,-37.0,-93.0,-28.0,3.0,-35.0,-14.02,0.5399999999999991,-45.62,-10.4,-19.25,-32.11,21.36,-39.93,-76.96000000000001,-14.1,-35.43,-16.48
2025-08-08T16:06:57.246668,-34.0,-12.0,-36.0,32.0,78.0,-10.0,-57.0,51.0,-59.0,-10.0,98.0,-91.0,-32.02,-23.46,-20.619999999999997,16.6,47.75,-0.10999999999999943,-50.64,48.07,-42.96,3.9000000000000004,59.57,-72.48
2025-08-08T16:06:57.251251,-17.0,25.0,-64.0,31.0,137.0,-27.0,-48.0,-10.0,-94.0,-51.0,0.0,-59.0,-15.02,13.54,-48.62,15.6,106.75,-17.11,-41.64,-12.93,-77.96000000000001,-37.1,-38.43,-40.480000000000004
2025-08-08T16:06:57.258988,61.0,15.0,-103.0,-8.0,-1.0,-98.0,-37.0,-34.0,-32.0,21.0,89.0,-56.0,62.98,3.539999999999999,-87.62,-23.4,-31.25,-88.11,-30.64,-36.93,-15.96,34.9,50.57,-37.480000000000004
2025-08-08T16:06:57.263384,49.0,49.0,14.0,29.0,-2.0,-23.0,-44.0,-47.0,-33.0,38.0,22.0,-128.0,50.98,37.54,29.380000000000003,13.6,-32.25,-13.11,-37.64,-49.93,-16.96,51.9,-16.43,-109.48
2025-08-08T16:06:57.267413,-2.0,28.0,-52.0,17.0,67.0,-68.0,-66.0,18.0,-94.0,-21.0,-2.0,-35.0,-0.020000000000000018,16.54,-36.62,1.5999999999999996,36.75,-58.11,-59.64,15.07,-77.96000000000001,-7.1,-40.43,-16.48
2025-08-08T16:06:57.275833,20.0,-67.0,-95.0,64.0,24.0,-72.0,-55.0,11.0,-71.0,-40.0,-51.0,-53.0,21.98,-78.46000000000001,-79.62,48.6,-6.25,-62.11,-48.64,8.07,-54.96,-26.1,-89.43,-34.480000000000004
2025-08-08T16:06:57.280345,-5.0,6.0,-55.0,-9.0,10.0,-41.0,-42.0,22.0,-92.0,11.0,92.0,-50.0,-3.02,-5.460000000000001,-39.62,-24.4,-20.25,-31.11,-35.64,19.07,-75.96000000000001,24.9,53.57,-31.48
2025-08-08T16:06:57.287898,65.0,-2.0,-90.0,0.0,8.0,-5.0,-11.0,55.0,-91.0,-45.0,-34.0,-59.0,66.98,-13.46,-74.62,-15.4,-22.25,4.890000000000001,-4.64,52.07,-74.96000000000001,-31.1,-72.43,-40.480000000000004
2025-08-08T16:06:57.292776,87.0,31.0,-70.0,37.0,29.0,-69.0,-22.0,-4.0,-70.0,-18.0,33.0,-32.0,88.98,19.54,-54.62,21.6,-1.25,-59.11,-15.64,-6.93,-53.96,-4.1,-5.43,-13.48
2025-08-08T16:06:57.300155,-13.0,107.0,-30.0,12.0,97.0,-60.0,-18.0,8.0,-83.0,-60.0,12.0,-82.0,-11.02,95.53999999999999,-14.62,-3.4000000000000004,66.75,-50.11,-11.64,5.07,-66.96000000000001,-46.1,-26.43,-63.480000000000004
2025-08-08T16:06:57.304513,3.0,32.0,-38.0,39.0,3.0,-82.0,-25.0,-49.0,-93.0,-11.0,63.0,-42.0,4.98,20.54,-22.619999999999997,23.6,-27.25,-72.11,-18.64,-51.93,-76.96000000000001,2.9000000000000004,24.57,-23.48
2025-08-08T16:06:57.312441,-84.0,-18.0,-60.0,30.0,4.0,-62.0,15.0,-9.0,-55.0,-52.0,128.0,-73.0,-82.02,-29.46,-44.62,14.6,-26.25,-52.11,21.36,-11.93,-38.96,-38.1,89.57,-54.480000000000004
2025-08-08T16:06:57.316853,15.0,32.0,-25.0,54.0,19.0,-43.0,1.0,-4.0,-32.0,1.0,111.0,-90.0,16.98,20.54,-9.62,38.6,-11.25,-33.11,7.36,-6.93,-15.96,14.9,72.57,-71.48
2025-08-08T16:06:57.324780,-18.0,-10.0,-93.0,87.0,-24.0,-45.0,-25.0,-15.0,-98.0,27.0,37.0,-86.0,-16.02,-21.46,-77.62,71.6,-54.25,-35.11,-18.64,-17.93,-81.96000000000001,40.9,-1.4299999999999997,-67.48
2025-08-08T16:06:57.329065,-75.0,-8.0,-34.0,44.0,35.0,-77.0,-45.0,-2.0,-53.0,-12.0,106.0,-108.0,-73.02,-19.46,-18.619999999999997,28.6,4.75,-67.11,-38.64,-4.93,-36.96,1.9000000000000004,67.57,-89.48
2025-08-08T16:06:57.337077,-26.0,75.0,-115.0,25.0,-20.0,-49.0,-37.0,-18.0,-62.0,-5.0,41.0,-125.0,-24.02,63.54,-99.62,9.6,-50.25,-39.11,-30.64,-20.93,-45.96,8.9,2.5700000000000003,-106.48
2025-08-08T16:06:57.341346,49.0,65.0,-30.0,41.0,19.0,-35.0,-56.0,1.0,-114.0,0.0,6.0,-105.0,50.98,53.54,-14.62,25.6,-11.25,-25.11,-49.64,-1.9300000000000002,-97.96000000000001,13.9,-32.43,-86.48
2025-08-08T16:06:57.349603,14.0,36.0,-50.0,-35.0,56.0,-108.0,-76.0,4.0,-146.0,-23.0,22.0,-102.0,15.98,24.54,-34.62,-50.4,25.75,-98.11,-69.64,1.0699999999999998,-129.96,-9.1,-16.43,-83.48
2025-08-08T16:06:57.353610,0.0,-9.0,-163.0,-58.0,10.0,-55.0,-47.0,-10.0,-75.0,-53.0,23.0,-46.0,1.98,-20.46,-147.62,-73.4,-20.25,-45.11,-40.64,-12.93,-58.96,-39.1,-15.43,-27.48
2025-08-08T16:06:57.361907,24.0,12.0,-86.0,12.0,49.0,-118.0,-69.0,-76.0,-132.0,-31.0,55.0,-53.0,25.98,0.5399999999999991,-70.62,-3.4000000000000004,18.75,-108.11,-62.64,-78.93,-115.96000000000001,-17.1,16.57,-34.480000000000004
2025-08-08T16:06:57.366192,7.0,65.0,-99.0,37.0,25.0,-61.0,-9.0,-50.0,-42.0,-33.0,20.0,-105.0,8.98,53.54,-83.62,21.6,-5.25,-51.11,-2.6399999999999997,-52.93,-25.96,-19.1,-18.43,-86.48
2025-08-08T16:06:57.373875,60.0,-10.0,-84.0,12.0,-14.0,-99.0,-27.0,12.0,-100.0,12.0,110.0,-55.0,61.98,-21.46,-68.62,-3.4000000000000004,-44.25,-89.11,-20.64,9.07,-83.96000000000001,25.9,71.57,-36.480000000000004
2025-08-08T16:06:57.378366,-2.0,7.0,-79.0,30.0,53.0,-97.0,-53.0,23.0,-84.0,-16.0,62.0,-95.0,-0.020000000000000018,-4.460000000000001,-63.62,14.6,22.75,-87.11,-46.64,20.07,-67.96000000000001,-2.0999999999999996,23.57,-76.48
2025-08-08T16:06:57.386083,-2.0,30.0,-74.0,68.0,-8.0,-59.0,-30.0,-68.0,-51.0,-21.0,87.0,-134.0,-0.020000000000000018,18.54,-58.62,52.6,-38.25,-49.11,-23.64,-70.93,-34.96,-7.1,48.57,-115.48
2025-08-08T16:06:57.390569,-35.0,46.0,-18.0,42.0,34.0,-90.0,-79.0,37.0,-88.0,-84.0,117.0,-90.0,-33.02,34.54,-2.619999999999999,26.6,3.75,-80.11,-72.64,34.07,-71.96000000000001,-70.1,78.57,-71.48
2025-08-08T16:06:57.398351,16.0,31.0,-47.0,58.0,8.0,-110.0,40.0,-19.0,-118.0,-80.0,73.0,-52.0,17.98,19.54,-31.619999999999997,42.6,-22.25,-100.11,46.36,-21.93,-101.96000000000001,-66.1,34.57,-33.480000000000004
2025-08-08T16:06:57.402733,-9.0,3.0,-88.0,12.0,35.0,-113.0,8.0,-10.0,-138.0,-57.0,41.0,-86.0,-7.02,-8.46,-72.62,-3.4000000000000004,4.75,-103.11,14.36,-12.93,-121.96000000000001,-43.1,2.5700000000000003,-67.48
2025-08-08T16:06:57.410953,-31.0,16.0,-102.0,-16.0,9.0,-91.0,-26.0,62.0,-68.0,-50.0,72.0,-56.0,-29.02,4.539999999999999,-86.62,-31.4,-21.25,-81.11,-19.64,59.07,-51.96,-36.1,33.57,-37.480000000000004
2025-08-08T16:06:57.415144,29.0,14.0,-65.0,31.0,17.0,-53.0,7.0,-37.0,-76.0,7.0,60.0,-92.0,30.98,2.539999999999999,-49.62,15.6,-13.25,-43.11,13.36,-39.93,-59.96,20.9,21.57,-73.48
2025-08-08T16:06:57.423181,-29.0,70.0,-153.0,23.0,21.0,-81.0,-25.0,-29.0,-48.0,-51.0,73.0,-134.0,-27.02,58.54,-137.62,7.6,-9.25,-71.11,-18.64,-31.93,-31.96,-37.1,34.57,-115.48
2025-08-08T16:06:57.427807,-14.0,5.0,-115.0,13.0,33.0,-32.0,-113.0,-8.0,-125.0,-25.0,100.0,-110.0,-12.02,-6.460000000000001,-99.62,-2.4000000000000004,2.75,-22.11,-106.64,-10.93,-108.96000000000001,-11.1,61.57,-91.48
2025-08-08T16:06:57.436335,65.0,27.0,3.0,37.0,30.0,-88.0,-33.0,36.0,-45.0,-41.0,17.0,-99.0,66.98,15.54,18.380000000000003,21.6,-0.25,-78.11,-26.64,33.07,-28.96,-27.1,-21.43,-80.48
2025-08-08T16:06:57.441048,68.0,-20.0,-71.0,98.0,-22.0,-116.0,-27.0,0.0,-43.0,-19.0,55.0,-118.0,69.98,-31.46,-55.62,82.6,-52.25,-106.11,-20.64,-2.93,-26.96,-5.1,16.57,-99.48
2025-08-08T16:06:57.448770,-45.0,53.0,-71.0,11.0,25.0,-44.0,-66.0,10.0,-108.0,-19.0,113.0,-71.0,-43.02,41.54,-55.62,-4.4,-5.25,-34.11,-59.64,7.07,-91.96000000000001,-5.1,74.57,-52.480000000000004
2025-08-08T16:06:57.452486,-53.0,4.0,-116.0,50.0,71.0,-45.0,-20.0,0.0,-122.0,-34.0,58.0,-134.0,-51.02,-7.460000000000001,-100.62,34.6,40.75,-35.11,-13.64,-2.93,-105.96000000000001,-20.1,19.57,-115.48
2025-08-08T16:06:57.460401,37.0,73.0,-92.0,68.0,59.0,-121.0,-28.0,-97.0,-137.0,-48.0,111.0,-89.0,38.98,61.54,-76.62,52.6,28.75,-111.11,-21.64,-99.93,-120.96000000000001,-34.1,72.57,-70.48
2025-08-08T16:06:57.468050,44.0,95.0,-143.0,10.0,38.0,-109.0,-44.0,71.0,-115.0,-60.0,-30.0,-109.0,45.98,83.53999999999999,-127.62,-5.4,7.75,-99.11,-37.64,68.07,-98.96000000000001,-46.1,-68.43,-90.48
2025-08-08T16:06:57.473314,74.0,17.0,-114.0,-21.0,-11.0,-66.0,-31.0,-9.0,-132.0,-49.0,54.0,-117.0,75.98,5.539999999999999,-98.62,-36.4,-41.25,-56.11,-24.64,-11.93,-115.96000000000001,-35.1,15.57,-98.48
2025-08-08T16:06:57.480401,-11.0,69.0,-45.0,113.0,44.0,-16.0,-30.0,12.0,-172.0,-26.0,40.0,-129.0,-9.02,57.54,-29.619999999999997,97.6,13.75,-6.109999999999999,-23.64,9.07,-155.96,-12.1,1.5700000000000003,-110.48
2025-08-08T16:06:57.485983,33.0,22.0,-64.0,74.0,-24.0,-65.0,-90.0,0.0,-141.0,-59.0,38.0,-87.0,34.98,10.54,-48.62,58.6,-54.25,-55.11,-83.64,-2.93,-124.96000000000001,-45.1,-0.4299999999999997,-68.48
2025-08-08T16:06:57.492794,68.0,66.0,-87.0,-3.0,55.0,-109.0,19.0,-30.0,-120.0,10.0,59.0,-47.0,69.98,54.54,-71.62,-18.4,24.75,-99.11,25.36,-32.93,-103.96000000000001,23.9,20.57,-28.48
2025-08-08T16:06:57.497856,4.0,20.0,-152.0,34.0,-18.0,-81.0,-27.0,10.0,-77.0,-69.0,102.0,-104.0,5.98,8.54,-136.62,18.6,-48.25,-71.11,-20.64,7.07,-60.96,-55.1,63.57,-85.48
2025-08-08T16:06:57.505204,58.0,53.0,-187.0,39.0,-18.0,-99.0,-43.0,-32.0,-84.0,-83.0,62.0,-132.0,59.98,41.54,-171.62,23.6,-48.25,-89.11,-36.64,-34.93,-67.96000000000001,-69.1,23.57,-113.48
2025-08-08T16:06:57.510472,71.0,21.0,-111.0,81.0,10.0,-152.0,-65.0,-5.0,-142.0,-65.0,69.0,-103.0,72.98,9.54,-95.62,65.6,-20.25,-142.11,-58.64,-7.93,-125.96000000000001,-51.1,30.57,-84.48
2025-08-08T16:06:57.519346,16.0,15.0,-80.0,56.0,32.0,-93.0,-28.0,72.0,-132.0,32.0,13.0,-120.0,17.98,3.539999999999999,-64.62,40.6,1.75,-83.11,-21.64,69.07,-115.96000000000001,45.9,-25.43,-101.48
2025-08-08T16:06:57.525329,25.0,33.0,-32.0,5.0,14.0,-137.0,-48.0,-25.0,-100.0,-43.0,1.0,-112.0,26.98,21.54,-16.619999999999997,-10.4,-16.25,-127.11,-41.64,-27.93,-83.96000000000001,-29.1,-37.43,-93.48
2025-08-08T16:06:57.529506,10.0,44.0,-141.0,63.0,-2.0,-129.0,-38.0,22.0,-139.0,-33.0,26.0,-103.0,11.98,32.54,-125.62,47.6,-32.25,-119.11,-31.64,19.07,-122.96000000000001,-19.1,-12.43,-84.48
2025-08-08T16:06:57.534021,-65.0,45.0,-118.0,91.0,-7.0,-138.0,-117.0,-8.0,-59.0,-66.0,74.0,-140.0,-63.02,33.54,-102.62,75.6,-37.25,-128.11,-110.64,-10.93,-42.96,-52.1,35.57,-121.48
2025-08-08T16:06:57.542087,2.0,34.0,-142.0,26.0,57.0,-93.0,-1.0,-114.0,-104.0,-78.0,90.0,-161.0,3.98,22.54,-126.62,10.6,26.75,-83.11,5.36,-116.93,-87.96000000000001,-64.1,51.57,-142.48
2025-08-08T16:06:57.546094,6.0,35.0,-117.0,132.0,37.0,-165.0,23.0,-43.0,-102.0,22.0,97.0,-140.0,7.98,23.54,-101.62,116.6,6.75,-155.11,29.36,-45.93,-85.96000000000001,35.9,58.57,-121.48
2025-08-08T16:06:57.554235,112.0,-21.0,-116.0,49.0,-43.0,-87.0,-19.0,-51.0,-148.0,-67.0,55.0,-138.0,113.98,-32.46,-100.62,33.6,-73.25,-77.11,-12.64,-53.93,-131.96,-53.1,16.57,-119.48
2025-08-08T16:06:57.558503,2.0,-52.0,-139.0,51.0,-29.0,-68.0,-29.0,-27.0,-163.0,-26.0,-11.0,-152.0,3.98,-63.46,-123.62,35.6,-59.25,-58.11,-22.64,-29.93,-146.96,-12.1,-49.43,-133.48
2025-08-08T16:06:57.566507,-87.0,86.0,-140.0,53.0,-11.0,-33.0,-94.0,-10.0,-128.0,-88.0,76.0,-90.0,-85.02,74.53999999999999,-124.62,37.6,-41.25,-23.11,-87.64,-12.93,-111.96000000000001,-74.1,37.57,-71.48
2025-08-08T16:06:57.571861,9.0,74.0,-179.0,33.0,12.0,-128.0,-12.0,-23.0,-94.0,-96.0,87.0,-158.0,10.98,62.54,-163.62,17.6,-18.25,-118.11,-5.64,-25.93,-77.96000000000001,-82.1,48.57,-139.48
2025-08-08T16:06:57.578837,89.0,72.0,-145.0,88.0,-32.0,-187.0,-71.0,27.0,-113.0,-60.0,64.0,-158.0,90.98,60.54,-129.62,72.6,-62.25,-177.11,-64.64,24.07,-96.96000000000001,-46.1,25.57,-139.48
2025-08-08T16:06:57.584856,82.0,36.0,-117.0,18.0,-22.0,-120.0,-29.0,1.0,-98.0,0.0,50.0,-96.0,83.98,24.54,-101.62,2.5999999999999996,-52.25,-110.11,-22.64,-1.9300000000000002,-81.96000000000001,13.9,11.57,-77.48
2025-08-08T16:06:57.591099,51.0,6.0,-94.0,-9.0,2.0,-154.0,-70.0,48.0,-107.0,-64.0,107.0,-136.0,52.98,-5.460000000000001,-78.62,-24.4,-28.25,-144.11,-63.64,45.07,-90.96000000000001,-50.1,68.57,-117.48
2025-08-08T16:06:57.599016,-15.0,30.0,-160.0,40.0,-30.0,-118.0,-64.0,56.0,-147.0,-128.0,29.0,-126.0,-13.02,18.54,-144.62,24.6,-60.25,-108.11,-57.64,53.07,-130.96,-114.1,-9.43,-107.48
2025-08-08T16:06:57.603350,45.0,-7.0,-195.0,22.0,17.0,-94.0,-17.0,-16.0,-137.0,-45.0,17.0,-134.0,46.98,-18.46,-179.62,6.6,-13.25,-84.11,-10.64,-18.93,-120.96000000000001,-31.1,-21.43,-115.48
2025-08-08T16:06:57.611457,45.0,91.0,-155.0,79.0,12.0,-178.0,-31.0,-72.0,-97.0,-39.0,49.0,-188.0,46.98,79.53999999999999,-139.62,63.6,-18.25,-168.11,-24.64,-74.93,-80.96000000000001,-25.1,10.57,-169.48
2025-08-08T16:06:57.615853,68.0,-1.0,-150.0,72.0,18.0,-82.0,-32.0,-19.0,-150.0,40.0,85.0,-151.0,69.98,-12.46,-134.62,56.6,-12.25,-72.11,-25.64,-21.93,-133.96,53.9,46.57,-132.48
2025-08-08T16:06:57.623561,37.0,-42.0,-72.0,51.0,-26.0,-119.0,-48.0,29.0,-143.0,15.0,52.0,-166.0,38.98,-53.46,-56.62,35.6,-56.25,-109.11,-41.64,26.07,-126.96000000000001,28.9,13.57,-147.48
2025-08-08T16:06:57.628289,38.0,111.0,-106.0,118.0,11.0,-113.0,-32.0,-55.0,-96.0,-29.0,118.0,-78.0,39.98,99.53999999999999,-90.62,102.6,-19.25,-103.11,-25.64,-57.93,-79.96000000000001,-15.1,79.57,-59.480000000000004
2025-08-08T16:06:57.636073,39.0,26.0,-180.0,131.0,47.0,-132.0,-28.0,-85.0,-140.0,-22.0,112.0,-146.0,40.98,14.54,-164.62,115.6,16.75,-122.11,-21.64,-87.93,-123.96000000000001,-8.1,73.57,-127.48
2025-08-08T16:06:57.640547,94.0,50.0,-116.0,33.0,-14.0,-125.0,-33.0,-26.0,-106.0,-21.0,102.0,-173.0,95.98,38.54,-100.62,17.6,-44.25,-115.11,-26.64,-28.93,-89.96000000000001,-7.1,63.57,-154.48
2025-08-08T16:06:57.648548,148.0,73.0,-126.0,76.0,32.0,-120.0,-50.0,15.0,-99.0,-21.0,-50.0,-155.0,149.98,61.54,-110.62,60.6,1.75,-110.11,-43.64,12.07,-82.96000000000001,-7.1,-88.43,-136.48
2025-08-08T16:06:57.652919,15.0,29.0,-129.0,34.0,42.0,-134.0,-66.0,-36.0,-107.0,-10.0,35.0,-158.0,16.98,17.54,-113.62,18.6,11.75,-124.11,-59.64,-38.93,-90.96000000000001,3.9000000000000004,-3.4299999999999997,-139.48
2025-08-08T16:06:57.662130,34.0,74.0,-102.0,35.0,11.0,-185.0,1.0,-50.0,-170.0,-92.0,33.0,-132.0,35.98,62.54,-86.62,19.6,-19.25,-175.11,7.36,-52.93,-153.96,-78.1,-5.43,-113.48
2025-08-08T16:06:57.671765,41.0,42.0,-156.0,103.0,-16.0,-104.0,-17.0,-22.0,-123.0,-83.0,68.0,-149.0,42.98,30.54,-140.62,87.6,-46.25,-94.11,-10.64,-24.93,-106.96000000000001,-69.1,29.57,-130.48
2025-08-08T16:06:57.681538,65.0,-4.0,-166.0,62.0,-18.0,-119.0,-46.0,-38.0,-106.0,-24.0,59.0,-121.0,66.98,-15.46,-150.62,46.6,-48.25,-109.11,-39.64,-40.93,-89.96000000000001,-10.1,20.57,-102.48
2025-08-08T16:06:57.688429,84.0,-18.0,-128.0,61.0,-30.0,-158.0,-18.0,-101.0,-198.0,-22.0,33.0,-112.0,85.98,-29.46,-112.62,45.6,-60.25,-148.11,-11.64,-103.93,-181.96,-8.1,-5.43,-93.48
2025-08-08T16:06:57.694669,67.0,22.0,-68.0,40.0,-94.0,-121.0,-42.0,-54.0,-96.0,-29.0,90.0,-135.0,68.98,10.54,-52.62,24.6,-124.25,-111.11,-35.64,-56.93,-79.96000000000001,-15.1,51.57,-116.48
2025-08-08T16:06:57.698061,-1.0,59.0,-159.0,66.0,58.0,-157.0,-51.0,-38.0,-118.0,-59.0,66.0,-139.0,0.98,47.54,-143.62,50.6,27.75,-147.11,-44.64,-40.93,-101.96000000000001,-45.1,27.57,-120.48
2025-08-08T16:06:57.700425,64.0,78.0,-175.0,11.0,5.0,-69.0,28.0,1.0,-138.0,-35.0,54.0,-208.0,65.98,66.53999999999999,-159.62,-4.4,-25.25,-59.11,34.36,-1.9300000000000002,-121.96000000000001,-21.1,15.57,-189.48
2025-08-08T16:06:57.705860,79.0,52.0,-149.0,58.0,-11.0,-93.0,-70.0,-21.0,-143.0,-104.0,119.0,-173.0,80.98,40.54,-133.62,42.6,-41.25,-83.11,-63.64,-23.93,-126.96000000000001,-90.1,80.57,-154.48
2025-08-08T16:06:57.710357,97.0,38.0,-105.0,18.0,4.0,-68.0,-87.0,10.0,-175.0,-114.0,12.0,-109.0,98.98,26.54,-89.62,2.5999999999999996,-26.25,-58.11,-80.64,7.07,-158.96,-100.1,-26.43,-90.48
2025-08-08T16:06:57.718035,11.0,-2.0,-136.0,8.0,-23.0,-112.0,-66.0,-70.0,-122.0,-77.0,14.0,-55.0,12.98,-13.46,-120.62,-7.4,-53.25,-102.11,-59.64,-72.93,-105.96000000000001,-63.1,-24.43,-36.480000000000004
2025-08-08T16:06:57.722346,17.0,9.0,-80.0,112.0,46.0,-94.0,-32.0,-55.0,-133.0,-41.0,85.0,-144.0,18.98,-2.460000000000001,-64.62,96.6,15.75,-84.11,-25.64,-57.93,-116.96000000000001,-27.1,46.57,-125.48
2025-08-08T16:06:57.730349,29.0,67.0,-122.0,69.0,-25.0,-123.0,7.0,-58.0,-161.0,-9.0,12.0,-152.0,30.98,55.54,-106.62,53.6,-55.25,-113.11,13.36,-60.93,-144.96,4.9,-26.43,-133.48
2025-08-08T16:06:57.735323,83.0,35.0,-154.0,41.0,-18.0,-108.0,-22.0,-14.0,-153.0,-43.0,67.0,-130.0,84.98,23.54,-138.62,25.6,-48.25,-98.11,-15.64,-16.93,-136.96,-29.1,28.57,-111.48
2025-08-08T16:06:57.742718,13.0,8.0,-184.0,13.0,-46.0,-106.0,-42.0,48.0,-134.0,-83.0,20.0,-153.0,14.98,-3.460000000000001,-168.62,-2.4000000000000004,-76.25,-96.11,-35.64,45.07,-117.96000000000001,-69.1,-18.43,-134.48
2025-08-08T16:06:57.747238,86.0,41.0,-75.0,68.0,-23.0,-127.0,-41.0,12.0,-188.0,-22.0,54.0,-90.0,87.98,29.54,-59.62,52.6,-53.25,-117.11,-34.64,9.07,-171.96,-8.1,15.57,-71.48
2025-08-08T16:06:57.754955,73.0,19.0,-87.0,65.0,30.0,-119.0,-68.0,38.0,-122.0,-60.0,43.0,-116.0,74.98,7.539999999999999,-71.62,49.6,-0.25,-109.11,-61.64,35.07,-105.96000000000001,-46.1,4.57,-97.48
2025-08-08T16:06:57.762839,-29.0,120.0,-107.0,73.0,-36.0,-169.0,-22.0,-28.0,-181.0,-33.0,65.0,-137.0,-27.02,108.53999999999999,-91.62,57.6,-66.25,-159.11,-15.64,-30.93,-164.96,-19.1,26.57,-118.48
2025-08-08T16:06:57.767590,72.0,124.0,-215.0,93.0,29.0,-69.0,-33.0,-57.0,-153.0,-79.0,12.0,-200.0,73.98,112.53999999999999,-199.62,77.6,-1.25,-59.11,-26.64,-59.93,-136.96,-65.1,-26.43,-181.48
2025-08-08T16:06:57.775251,38.0,0.0,-119.0,66.0,36.0,-112.0,-86.0,-7.0,-80.0,76.0,58.0,-159.0,39.98,-11.46,-103.62,50.6,5.75,-102.11,-79.64,-9.93,-63.96,89.9,19.57,-140.48
2025-08-08T16:06:57.779821,58.0,59.0,-157.0,100.0,-14.0,-96.0,-69.0,-97.0,-141.0,-53.0,-31.0,-164.0,59.98,47.54,-141.62,84.6,-44.25,-86.11,-62.64,-99.93,-124.96000000000001,-39.1,-69.43,-145.48
2025-08-08T16:06:57.787580,31.0,3.0,-150.0,106.0,-13.0,-56.0,17.0,41.0,-177.0,-40.0,122.0,-128.0,32.98,-8.46,-134.62,90.6,-43.25,-46.11,23.36,38.07,-160.96,-26.1,83.57,-109.48
2025-08-08T16:06:57.792062,-13.0,19.0,-114.0,23.0,-41.0,-161.0,21.0,-64.0,-111.0,-91.0,-40.0,-165.0,-11.02,7.539999999999999,-98.62,7.6,-71.25,-151.11,27.36,-66.93,-94.96000000000001,-77.1,-78.43,-146.48
2025-08-08T16:06:57.800245,2.0,78.0,-134.0,98.0,-34.0,-159.0,-98.0,-45.0,-121.0,-65.0,122.0,-211.0,3.98,66.53999999999999,-118.62,82.6,-64.25,-149.11,-91.64,-47.93,-104.96000000000001,-51.1,83.57,-192.48
2025-08-08T16:06:57.804246,6.0,82.0,-133.0,47.0,-3.0,-99.0,-80.0,-11.0,-178.0,-27.0,39.0,-125.0,7.98,70.53999999999999,-117.62,31.6,-33.25,-89.11,-73.64,-13.93,-161.96,-13.1,0.5700000000000003,-106.48
2025-08-08T16:06:57.812176,49.0,10.0,-170.0,6.0,-62.0,-117.0,-52.0,-1.0,-132.0,-88.0,37.0,-128.0,50.98,-1.4600000000000009,-154.62,-9.4,-92.25,-107.11,-45.64,-3.93,-115.96000000000001,-74.1,-1.4299999999999997,-109.48
2025-08-08T16:06:57.816683,86.0,-52.0,-158.0,8.0,10.0,-117.0,-73.0,-47.0,-94.0,-47.0,66.0,-164.0,87.98,-63.46,-142.62,-7.4,-20.25,-107.11,-66.64,-49.93,-77.96000000000001,-33.1,27.57,-145.48
2025-08-08T16:06:57.824384,48.0,5.0,-51.0,-33.0,-36.0,-95.0,0.0,-4.0,-171.0,-15.0,62.0,-145.0,49.98,-6.460000000000001,-35.62,-48.4,-66.25,-85.11,6.36,-6.93,-154.96,-1.0999999999999996,23.57,-126.48
2025-08-08T16:06:57.829132,83.0,-1.0,-141.0,21.0,-34.0,-70.0,-23.0,-47.0,-96.0,-60.0,26.0,-151.0,84.98,-12.46,-125.62,5.6,-64.25,-60.11,-16.64,-49.93,-79.96000000000001,-46.1,-12.43,-132.48
2025-08-08T16:06:57.836809,59.0,30.0,-122.0,107.0,30.0,-163.0,-54.0,60.0,-128.0,-27.0,-3.0,-144.0,60.98,18.54,-106.62,91.6,-0.25,-153.11,-47.64,57.07,-111.96000000000001,-13.1,-41.43,-125.48
2025-08-08T16:06:57.841337,-17.0,85.0,-111.0,8.0,-25.0,-91.0,-61.0,-61.0,-111.0,-26.0,14.0,-102.0,-15.02,73.53999999999999,-95.62,-7.4,-55.25,-81.11,-54.64,-63.93,-94.96000000000001,-12.1,-24.43,-83.48
2025-08-08T16:06:57.849053,-2.0,18.0,-198.0,67.0,20.0,-135.0,-25.0,25.0,-175.0,-138.0,40.0,-194.0,-0.020000000000000018,6.539999999999999,-182.62,51.6,-10.25,-125.11,-18.64,22.07,-158.96,-124.1,1.5700000000000003,-175.48
2025-08-08T16:06:57.857075,105.0,74.0,-98.0,50.0,28.0,-134.0,-60.0,-12.0,-113.0,-45.0,63.0,-231.0,106.98,62.54,-82.62,34.6,-2.25,-124.11,-53.64,-14.93,-96.96000000000001,-31.1,24.57,-212.48
2025-08-08T16:06:57.861490,17.0,12.0,-194.0,30.0,-53.0,-133.0,-102.0,-101.0,-169.0,-86.0,57.0,-103.0,18.98,0.5399999999999991,-178.62,14.6,-83.25,-123.11,-95.64,-103.93,-152.96,-72.1,18.57,-84.48
2025-08-08T16:06:57.869607,51.0,42.0,-76.0,46.0,-17.0,-135.0,-108.0,-8.0,-132.0,-28.0,70.0,-129.0,52.98,30.54,-60.62,30.6,-47.25,-125.11,-101.64,-10.93,-115.96000000000001,-14.1,31.57,-110.48
2025-08-08T16:06:57.873842,-14.0,48.0,-146.0,48.0,7.0,-160.0,-46.0,-30.0,-146.0,-110.0,32.0,-120.0,-12.02,36.54,-130.62,32.6,-23.25,-150.11,-39.64,-32.93,-129.96,-96.1,-6.43,-101.48
2025-08-08T16:06:57.881802,-3.0,29.0,-139.0,57.0,2.0,-145.0,-6.0,-20.0,-140.0,-55.0,111.0,-130.0,-1.02,17.54,-123.62,41.6,-28.25,-135.11,0.3600000000000003,-22.93,-123.96000000000001,-41.1,72.57,-111.48
2025-08-08T16:06:57.886266,27.0,60.0,-225.0,72.0,-11.0,-117.0,-56.0,-39.0,-128.0,-20.0,43.0,-155.0,28.98,48.54,-209.62,56.6,-41.25,-107.11,-49.64,-41.93,-111.96000000000001,-6.1,4.57,-136.48
2025-08-08T16:06:57.894049,61.0,65.0,-161.0,111.0,22.0,-89.0,-20.0,44.0,-131.0,-40.0,58.0,-122.0,62.98,53.54,-145.62,95.6,-8.25,-79.11,-13.64,41.07,-114.96000000000001,-26.1,19.57,-103.48
2025-08-08T16:06:57.898511,-24.0,60.0,-171.0,57.0,-34.0,-122.0,-66.0,1.0,-100.0,-61.0,49.0,-208.0,-22.02,48.54,-155.62,41.6,-64.25,-112.11,-59.64,-1.9300000000000002,-83.96000000000001,-47.1,10.57,-189.48
2025-08-08T16:06:57.906536,23.0,-36.0,-232.0,79.0,-13.0,-156.0,-100.0,22.0,-103.0,-52.0,99.0,-177.0,24.98,-47.46,-216.62,63.6,-43.25,-146.11,-93.64,19.07,-86.96000000000001,-38.1,60.57,-158.48
2025-08-08T16:06:57.910999,0.0,18.0,-90.0,41.0,-17.0,-108.0,-74.0,-30.0,-145.0,-124.0,135.0,-190.0,1.98,6.539999999999999,-74.62,25.6,-47.25,-98.11,-67.64,-32.93,-128.96,-110.1,96.57,-171.48
2025-08-08T16:06:57.918695,49.0,70.0,-106.0,23.0,1.0,-131.0,41.0,-25.0,-185.0,-34.0,76.0,-167.0,50.98,58.54,-90.62,7.6,-29.25,-121.11,47.36,-27.93,-168.96,-20.1,37.57,-148.48
2025-08-08T16:06:57.926699,23.0,94.0,-141.0,3.0,36.0,-130.0,-28.0,-49.0,-147.0,-58.0,108.0,-139.0,24.98,82.53999999999999,-125.62,-12.4,5.75,-120.11,-21.64,-51.93,-130.96,-44.1,69.57,-120.48
2025-08-08T16:06:57.931126,53.0,40.0,-176.0,37.0,12.0,-113.0,-63.0,-7.0,-212.0,-70.0,70.0,-98.0,54.98,28.54,-160.62,21.6,-18.25,-103.11,-56.64,-9.93,-195.96,-56.1,31.57,-79.48
2025-08-08T16:06:57.939135,57.0,37.0,-158.0,82.0,-7.0,-84.0,10.0,11.0,-190.0,-152.0,21.0,-88.0,58.98,25.54,-142.62,66.6,-37.25,-74.11,16.36,8.07,-173.96,-138.1,-17.43,-69.48
2025-08-08T16:06:57.943661,62.0,-18.0,-154.0,19.0,38.0,-156.0,49.0,-36.0,-149.0,-35.0,-16.0,-185.0,63.98,-29.46,-138.62,3.5999999999999996,7.75,-146.11,55.36,-38.93,-132.96,-21.1,-54.43,-166.48
2025-08-08T16:06:57.951501,25.0,29.0,-71.0,42.0,12.0,-49.0,19.0,0.0,-111.0,-71.0,44.0,-191.0,26.98,17.54,-55.62,26.6,-18.25,-39.11,25.36,-2.93,-94.96000000000001,-57.1,5.57,-172.48
2025-08-08T16:06:57.955915,75.0,38.0,-150.0,91.0,55.0,-126.0,-72.0,-23.0,-72.0,-99.0,47.0,-131.0,76.98,26.54,-134.62,75.6,24.75,-116.11,-65.64,-25.93,-55.96,-85.1,8.57,-112.48
2025-08-08T16:06:57.963900,48.0,106.0,-107.0,111.0,-9.0,-121.0,-41.0,-44.0,-77.0,-64.0,57.0,-150.0,49.98,94.53999999999999,-91.62,95.6,-39.25,-111.11,-34.64,-46.93,-60.96,-50.1,18.57,-131.48
2025-08-08T16:06:57.968325,19.0,2.0,-131.0,43.0,4.0,-159.0,-89.0,16.0,-82.0,-80.0,17.0,-132.0,20.98,-9.46,-115.62,27.6,-26.25,-149.11,-82.64,13.07,-65.96000000000001,-66.1,-21.43,-113.48
2025-08-08T16:06:57.976129,-9.0,40.0,-101.0,101.0,-20.0,-168.0,-66.0,22.0,-194.0,-73.0,-24.0,-67.0,-7.02,28.54,-85.62,85.6,-50.25,-158.11,-59.64,19.07,-177.96,-59.1,-62.43,-48.480000000000004
2025-08-08T16:06:57.980554,3.0,18.0,-92.0,20.0,-39.0,-153.0,-58.0,-24.0,-136.0,-106.0,37.0,-174.0,4.98,6.539999999999999,-76.62,4.6,-69.25,-143.11,-51.64,-26.93,-119.96000000000001,-92.1,-1.4299999999999997,-155.48
2025-08-08T16:06:57.988437,24.0,92.0,-164.0,38.0,16.0,-155.0,-46.0,-52.0,-110.0,-34.0,28.0,-136.0,25.98,80.53999999999999,-148.62,22.6,-14.25,-145.11,-39.64,-54.93,-93.96000000000001,-20.1,-10.43,-117.48
2025-08-08T16:06:57.992859,27.0,73.0,-159.0,34.0,72.0,-146.0,30.0,-61.0,-105.0,-30.0,66.0,-196.0,28.98,61.54,-143.62,18.6,41.75,-136.11,36.36,-63.93,-88.96000000000001,-16.1,27.57,-177.48
2025-08-08T16:06:58.000765,43.0,80.0,-221.0,51.0,-50.0,-109.0,-54.0,-55.0,-139.0,7.0,17.0,-176.0,44.98,68.53999999999999,-205.62,35.6,-80.25,-99.11,-47.64,-57.93,-122.96000000000001,20.9,-21.43,-157.48
2025-08-08T16:06:58.006505,67.0,36.0,-169.0,39.0,42.0,-62.0,-14.0,14.0,-123.0,-98.0,78.0,-98.0,68.98,24.54,-153.62,23.6,11.75,-52.11,-7.64,11.07,-106.96000000000001,-84.1,39.57,-79.48
2025-08-08T16:06:58.013266,29.0,74.0,-106.0,53.0,-1.0,-152.0,-44.0,-49.0,-152.0,-42.0,25.0,-108.0,30.98,62.54,-90.62,37.6,-31.25,-142.11,-37.64,-51.93,-135.96,-28.1,-13.43,-89.48
2025-08-08T16:06:58.021035,-11.0,-36.0,-110.0,10.0,-23.0,-139.0,-21.0,-26.0,-162.0,-98.0,18.0,-35.0,-9.02,-47.46,-94.62,-5.4,-53.25,-129.11,-14.64,-28.93,-145.96,-84.1,-20.43,-16.48
2025-08-08T16:06:58.025468,32.0,69.0,-130.0,37.0,19.0,-130.0,-42.0,-78.0,-99.0,-43.0,84.0,-177.0,33.98,57.54,-114.62,21.6,-11.25,-120.11,-35.64,-80.93,-82.96000000000001,-29.1,45.57,-158.48
2025-08-08T16:06:58.033243,56.0,40.0,-130.0,19.0,-51.0,-55.0,-29.0,6.0,-99.0,-1.0,51.0,-155.0,57.98,28.54,-114.62,3.5999999999999996,-81.25,-45.11,-22.64,3.07,-82.96000000000001,12.9,12.57,-136.48
2025-08-08T16:06:58.037624,-1.0,43.0,-171.0,88.0,15.0,-123.0,-106.0,0.0,-75.0,-43.0,92.0,-103.0,0.98,31.54,-155.62,72.6,-15.25,-113.11,-99.64,-2.93,-58.96,-29.1,53.57,-84.48
2025-08-08T16:06:58.045591,35.0,43.0,-174.0,27.0,3.0,-95.0,-27.0,-36.0,-111.0,-91.0,66.0,-62.0,36.98,31.54,-158.62,11.6,-27.25,-85.11,-20.64,-38.93,-94.96000000000001,-77.1,27.57,-43.480000000000004
2025-08-08T16:06:58.049836,61.0,64.0,-100.0,50.0,-8.0,-130.0,-56.0,8.0,-148.0,-66.0,45.0,-138.0,62.98,52.54,-84.62,34.6,-38.25,-120.11,-49.64,5.07,-131.96,-52.1,6.57,-119.48
2025-08-08T16:06:58.057840,10.0,23.0,-103.0,27.0,23.0,-137.0,-47.0,-73.0,-134.0,-43.0,85.0,-87.0,11.98,11.54,-87.62,11.6,-7.25,-127.11,-40.64,-75.93,-117.96000000000001,-29.1,46.57,-68.48
2025-08-08T16:06:58.062275,-78.0,23.0,-121.0,78.0,49.0,-118.0,8.0,22.0,-126.0,-36.0,58.0,-175.0,-76.02,11.54,-105.62,62.6,18.75,-108.11,14.36,19.07,-109.96000000000001,-22.1,19.57,-156.48
2025-08-08T16:06:58.070192,-3.0,42.0,-173.0,36.0,31.0,-109.0,-70.0,-80.0,-167.0,-65.0,35.0,-181.0,-1.02,30.54,-157.62,20.6,0.75,-99.11,-63.64,-82.93,-150.96,-51.1,-3.4299999999999997,-162.48
2025-08-08T16:06:58.074529,5.0,91.0,-170.0,75.0,14.0,-119.0,-35.0,36.0,-173.0,-25.0,48.0,-154.0,6.98,79.53999999999999,-154.62,59.6,-16.25,-109.11,-28.64,33.07,-156.96,-11.1,9.57,-135.48
2025-08-08T16:06:58.082577,69.0,40.0,-182.0,94.0,-16.0,-100.0,-26.0,17.0,-132.0,-32.0,35.0,-135.0,70.98,28.54,-166.62,78.6,-46.25,-90.11,-19.64,14.07,-115.96000000000001,-18.1,-3.4299999999999997,-116.48
2025-08-08T16:06:58.086860,34.0,-19.0,-82.0,79.0,-2.0,-107.0,21.0,-54.0,-136.0,-37.0,-2.0,-113.0,35.98,-30.46,-66.62,63.6,-32.25,-97.11,27.36,-56.93,-119.96000000000001,-23.1,-40.43,-94.48
2025-08-08T16:06:58.094961,23.0,8.0,-32.0,26.0,-32.0,-92.0,-66.0,-43.0,-100.0,-70.0,110.0,-69.0,24.98,-3.460000000000001,-16.619999999999997,10.6,-62.25,-82.11,-59.64,-45.93,-83.96000000000001,-56.1,71.57,-50.480000000000004
2025-08-08T16:06:58.099245,9.0,77.0,-75.0,49.0,-14.0,-174.0,-23.0,-52.0,-155.0,-72.0,112.0,-172.0,10.98,65.53999999999999,-59.62,33.6,-44.25,-164.11,-16.64,-54.93,-138.96,-58.1,73.57,-153.48
2025-08-08T16:06:58.107247,31.0,94.0,-143.0,-27.0,17.0,-100.0,-70.0,26.0,-96.0,-18.0,81.0,-128.0,32.98,82.53999999999999,-127.62,-42.4,-13.25,-90.11,-63.64,23.07,-79.96000000000001,-4.1,42.57,-109.48
2025-08-08T16:06:58.111726,2.0,55.0,-116.0,86.0,7.0,-126.0,-72.0,-9.0,-149.0,-35.0,-9.0,-162.0,3.98,43.54,-100.62,70.6,-23.25,-116.11,-65.64,-11.93,-132.96,-21.1,-47.43,-143.48
2025-08-08T16:06:58.120485,29.0,8.0,-155.0,21.0,13.0,-136.0,-41.0,-23.0,-166.0,-28.0,47.0,-134.0,30.98,-3.460000000000001,-139.62,5.6,-17.25,-126.11,-34.64,-25.93,-149.96,-14.1,8.57,-115.48
2025-08-08T16:06:58.126005,50.0,14.0,-86.0,21.0,12.0,-120.0,9.0,-9.0,-143.0,-151.0,55.0,-199.0,51.98,2.539999999999999,-70.62,5.6,-18.25,-110.11,15.36,-11.93,-126.96000000000001,-137.1,16.57,-180.48
2025-08-08T16:06:58.133599,0.0,11.0,-124.0,-17.0,-19.0,-139.0,5.0,-24.0,-147.0,-45.0,66.0,-133.0,1.98,-0.46000000000000085,-108.62,-32.4,-49.25,-129.11,11.36,-26.93,-130.96,-31.1,27.57,-114.48
2025-08-08T16:06:58.143062,-53.0,47.0,-90.0,-9.0,39.0,-136.0,-53.0,-22.0,-81.0,-119.0,84.0,-112.0,-51.02,35.54,-74.62,-24.4,8.75,-126.11,-46.64,-24.93,-64.96000000000001,-105.1,45.57,-93.48
2025-08-08T16:06:58.148954,26.0,109.0,-161.0,-8.0,-24.0,-105.0,-25.0,-36.0,-24.0,-63.0,19.0,-189.0,27.98,97.53999999999999,-145.62,-23.4,-54.25,-95.11,-18.64,-38.93,-7.960000000000001,-49.1,-19.43,-170.48
2025-08-08T16:06:58.153641,72.0,-64.0,-125.0,102.0,-6.0,-121.0,-72.0,-5.0,-147.0,-80.0,0.0,-65.0,73.98,-75.46000000000001,-109.62,86.6,-36.25,-111.11,-65.64,-7.93,-130.96,-66.1,-38.43,-46.480000000000004
2025-08-08T16:06:58.156439,79.0,17.0,-181.0,34.0,-7.0,-89.0,-46.0,73.0,-155.0,12.0,55.0,-125.0,80.98,5.539999999999999,-165.62,18.6,-37.25,-79.11,-39.64,70.07,-138.96,25.9,16.57,-106.48
2025-08-08T16:06:58.164482,29.0,47.0,-135.0,60.0,-34.0,-138.0,-26.0,-35.0,-134.0,-68.0,-9.0,-101.0,30.98,35.54,-119.62,44.6,-64.25,-128.11,-19.64,-37.93,-117.96000000000001,-54.1,-47.43,-82.48
2025-08-08T16:06:58.168899,70.0,98.0,-113.0,39.0,-14.0,-82.0,-54.0,11.0,-196.0,-145.0,7.0,-85.0,71.98,86.53999999999999,-97.62,23.6,-44.25,-72.11,-47.64,8.07,-179.96,-131.1,-31.43,-66.48
2025-08-08T16:06:58.176651,0.0,105.0,-114.0,95.0,19.0,-117.0,50.0,-28.0,-128.0,-93.0,49.0,-211.0,1.98,93.53999999999999,-98.62,79.6,-11.25,-107.11,56.36,-30.93,-111.96000000000001,-79.1,10.57,-192.48
2025-08-08T16:06:58.181390,10.0,79.0,-156.0,40.0,-71.0,-121.0,-81.0,-39.0,-112.0,6.0,20.0,-61.0,11.98,67.53999999999999,-140.62,24.6,-101.25,-111.11,-74.64,-41.93,-95.96000000000001,19.9,-18.43,-42.480000000000004
2025-08-08T16:06:58.189676,35.0,24.0,-154.0,69.0,3.0,-92.0,-54.0,-27.0,-136.0,-89.0,4.0,-173.0,36.98,12.54,-138.62,53.6,-27.25,-82.11,-47.64,-29.93,-119.96000000000001,-75.1,-34.43,-154.48
2025-08-08T16:06:58.193433,102.0,28.0,-169.0,69.0,-85.0,-115.0,-92.0,-34.0,-111.0,-32.0,73.0,-108.0,103.98,16.54,-153.62,53.6,-115.25,-105.11,-85.64,-36.93,-94.96000000000001,-18.1,34.57,-89.48
2025-08-08T16:06:58.201348,72.0,-25.0,-142.0,81.0,8.0,-131.0,-4.0,-22.0,-110.0,-63.0,131.0,-156.0,73.98,-36.46,-126.62,65.6,-22.25,-121.11,2.3600000000000003,-24.93,-93.96000000000001,-49.1,92.57,-137.48
2025-08-08T16:06:58.205685,21.0,13.0,-141.0,102.0,23.0,-100.0,-4.0,-107.0,-84.0,-65.0,54.0,-105.0,22.98,1.5399999999999991,-125.62,86.6,-7.25,-90.11,2.3600000000000003,-109.93,-67.96000000000001,-51.1,15.57,-86.48
2025-08-08T16:06:58.213503,60.0,8.0,-143.0,80.0,8.0,-67.0,-64.0,-16.0,-112.0,-35.0,74.0,-155.0,61.98,-3.460000000000001,-127.62,64.6,-22.25,-57.11,-57.64,-18.93,-95.96000000000001,-21.1,35.57,-136.48
2025-08-08T16:06:58.218093,18.0,57.0,-169.0,74.0,-23.0,-108.0,-70.0,-37.0,-152.0,-28.0,59.0,-144.0,19.98,45.54,-153.62,58.6,-53.25,-98.11,-63.64,-39.93,-135.96,-14.1,20.57,-125.48
2025-08-08T16:06:58.225911,25.0,27.0,-158.0,57.0,-15.0,-125.0,-44.0,-73.0,-169.0,-14.0,51.0,-118.0,26.98,15.54,-142.62,41.6,-45.25,-115.11,-37.64,-75.93,-152.96,-0.09999999999999964,12.57,-99.48
2025-08-08T16:06:58.233979,52.0,-3.0,-192.0,52.0,-34.0,-178.0,-97.0,-47.0,-158.0,-85.0,35.0,-126.0,53.98,-14.46,-176.62,36.6,-64.25,-168.11,-90.64,-49.93,-141.96,-71.1,-3.4299999999999997,-107.48
2025-08-08T16:06:58.238200,35.0,19.0,-117.0,14.0,-54.0,-170.0,-45.0,-3.0,-79.0,-69.0,121.0,-98.0,36.98,7.539999999999999,-101.62,-1.4000000000000004,-84.25,-160.11,-38.64,-5.93,-62.96,-55.1,82.57,-79.48
2025-08-08T16:06:58.242547,-8.0,15.0,-117.0,85.0,8.0,-145.0,2.0,74.0,-96.0,-116.0,54.0,-184.0,-6.02,3.539999999999999,-101.62,69.6,-22.25,-135.11,8.36,71.07,-79.96000000000001,-102.1,15.57,-165.48
2025-08-08T16:06:58.250604,136.0,26.0,-214.0,59.0,16.0,-172.0,-54.0,27.0,-148.0,-20.0,66.0,-136.0,137.98,14.54,-198.62,43.6,-14.25,-162.11,-47.64,24.07,-131.96,-6.1,27.57,-117.48
2025-08-08T16:06:58.258550,-9.0,77.0,-210.0,55.0,6.0,-154.0,-50.0,-46.0,-191.0,-63.0,87.0,-171.0,-7.02,65.53999999999999,-194.62,39.6,-24.25,-144.11,-43.64,-48.93,-174.96,-49.1,48.57,-152.48
2025-08-08T16:06:58.263163,88.0,106.0,-191.0,116.0,-17.0,-137.0,-83.0,-1.0,-184.0,-98.0,115.0,-162.0,89.98,94.53999999999999,-175.62,100.6,-47.25,-127.11,-76.64,-3.93,-167.96,-84.1,76.57,-143.48
2025-08-08T16:06:58.271288,112.0,14.0,-174.0,78.0,-35.0,-170.0,-97.0,-59.0,-212.0,18.0,80.0,-182.0,113.98,2.539999999999999,-158.62,62.6,-65.25,-160.11,-90.64,-61.93,-195.96,31.9,41.57,-163.48
2025-08-08T16:06:58.275310,-8.0,25.0,-216.0,93.0,-47.0,-250.0,-53.0,-58.0,-230.0,-50.0,79.0,-219.0,-6.02,13.54,-200.62,77.6,-77.25,-240.11,-46.64,-60.93,-213.96,-36.1,40.57,-200.48
2025-08-08T16:06:58.283270,79.0,74.0,-187.0,117.0,-18.0,-196.0,-36.0,11.0,-223.0,-7.0,87.0,-226.0,80.98,62.54,-171.62,101.6,-48.25,-186.11,-29.64,8.07,-206.96,6.9,48.57,-207.48
2025-08-08T16:06:58.287763,98.0,114.0,-210.0,98.0,9.0,-157.0,-50.0,-49.0,-217.0,-66.0,170.0,-167.0,99.98,102.53999999999999,-194.62,82.6,-21.25,-147.11,-43.64,-51.93,-200.96,-52.1,131.57,-148.48
2025-08-08T16:06:58.296757,139.0,96.0,-112.0,81.0,-67.0,-212.0,-52.0,4.0,-180.0,-46.0,116.0,-211.0,140.98,84.53999999999999,-96.62,65.6,-97.25,-202.11,-45.64,1.0699999999999998,-163.96,-32.1,77.57,-192.48
2025-08-08T16:06:58.303515,22.0,99.0,-160.0,100.0,-5.0,-229.0,-51.0,-32.0,-193.0,-53.0,136.0,-207.0,23.98,87.53999999999999,-144.62,84.6,-35.25,-219.11,-44.64,-34.93,-176.96,-39.1,97.57,-188.48
2025-08-08T16:06:58.308262,96.0,98.0,-215.0,163.0,-56.0,-156.0,-72.0,-2.0,-211.0,-33.0,142.0,-194.0,97.98,86.53999999999999,-199.62,147.6,-86.25,-146.11,-65.64,-4.93,-194.96,-19.1,103.57,-175.48
2025-08-08T16:06:58.316023,94.0,113.0,-210.0,77.0,-54.0,-229.0,-87.0,-23.0,-257.0,-122.0,119.0,-214.0,95.98,101.53999999999999,-194.62,61.6,-84.25,-219.11,-80.64,-25.93,-240.96,-108.1,80.57,-195.48
2025-08-08T16:06:58.320366,91.0,89.0,-175.0,73.0,23.0,-172.0,-90.0,-61.0,-207.0,-15.0,120.0,-255.0,92.98,77.53999999999999,-159.62,57.6,-7.25,-162.11,-83.64,-63.93,-190.96,-1.0999999999999996,81.57,-236.48
2025-08-08T16:06:58.328397,24.0,82.0,-219.0,136.0,6.0,-148.0,-94.0,27.0,-262.0,-76.0,124.0,-179.0,25.98,70.53999999999999,-203.62,120.6,-24.25,-138.11,-87.64,24.07,-245.96,-62.1,85.57,-160.48
2025-08-08T16:06:58.332701,80.0,121.0,-184.0,144.0,11.0,-212.0,-5.0,-57.0,-273.0,-118.0,132.0,-193.0,81.98,109.53999999999999,-168.62,128.6,-19.25,-202.11,1.3600000000000003,-59.93,-256.96,-104.1,93.57,-174.48
2025-08-08T16:06:58.340813,151.0,80.0,-194.0,184.0,-32.0,-205.0,-110.0,-9.0,-231.0,-46.0,126.0,-245.0,152.98,68.53999999999999,-178.62,168.6,-62.25,-195.11,-103.64,-11.93,-214.96,-32.1,87.57,-226.48
2025-08-08T16:06:58.348638,85.0,125.0,-229.0,184.0,-9.0,-233.0,14.0,-22.0,-270.0,-61.0,128.0,-182.0,86.98,113.53999999999999,-213.62,168.6,-39.25,-223.11,20.36,-24.93,-253.96,-47.1,89.57,-163.48
2025-08-08T16:06:58.353114,48.0,245.0,-209.0,156.0,43.0,-192.0,-91.0,-82.0,-298.0,-90.0,175.0,-230.0,49.98,233.54,-193.62,140.6,12.75,-182.11,-84.64,-84.93,-281.96,-76.1,136.57,-211.48
2025-08-08T16:06:58.361050,74.0,138.0,-205.0,125.0,-4.0,-253.0,-85.0,-66.0,-289.0,-73.0,118.0,-251.0,75.98,126.53999999999999,-189.62,109.6,-34.25,-243.11,-78.64,-68.93,-272.96,-59.1,79.57,-232.48
2025-08-08T16:06:58.365527,189.0,174.0,-146.0,206.0,18.0,-283.0,-70.0,6.0,-347.0,-83.0,214.0,-199.0,190.98,162.54,-130.62,190.6,-12.25,-273.11,-63.64,3.07,-330.96,-69.1,175.57,-180.48
2025-08-08T16:06:58.373547,155.0,157.0,-176.0,227.0,18.0,-241.0,-80.0,-66.0,-338.0,-62.0,204.0,-182.0,156.98,145.54,-160.62,211.6,-12.25,-231.11,-73.64,-68.93,-321.96,-48.1,165.57,-163.48
2025-08-08T16:06:58.377810,156.0,210.0,-247.0,190.0,-21.0,-277.0,-89.0,-54.0,-361.0,-5.0,164.0,-236.0,157.98,198.54,-231.62,174.6,-51.25,-267.11,-82.64,-56.93,-344.96,8.9,125.57,-217.48
2025-08-08T16:06:58.385969,187.0,201.0,-207.0,220.0,-31.0,-277.0,-64.0,-46.0,-355.0,-87.0,224.0,-231.0,188.98,189.54,-191.62,204.6,-61.25,-267.11,-57.64,-48.93,-338.96,-73.1,185.57,-212.48
2025-08-08T16:06:58.394219,139.0,204.0,-162.0,186.0,13.0,-261.0,-121.0,-48.0,-417.0,-39.0,237.0,-260.0,140.98,192.54,-146.62,170.6,-17.25,-251.11,-114.64,-50.93,-400.96,-25.1,198.57,-241.48
2025-08-08T16:06:58.399819,164.0,236.0,-250.0,208.0,7.0,-270.0,-59.0,-27.0,-340.0,-92.0,259.0,-245.0,165.98,224.54,-234.62,192.6,-23.25,-260.11,-52.64,-29.93,-323.96,-78.1,220.57,-226.48
2025-08-08T16:06:58.406170,185.0,132.0,-163.0,269.0,-1.0,-274.0,-76.0,-62.0,-354.0,-41.0,168.0,-267.0,186.98,120.53999999999999,-147.62,253.6,-31.25,-264.11,-69.64,-64.93,-337.96,-27.1,129.57,-248.48
2025-08-08T16:06:58.410563,91.0,204.0,-177.0,256.0,37.0,-237.0,-54.0,-93.0,-430.0,-33.0,289.0,-269.0,92.98,192.54,-161.62,240.6,6.75,-227.11,-47.64,-95.93,-413.96,-19.1,250.57,-250.48
2025-08-08T16:06:58.418524,157.0,195.0,-246.0,161.0,-28.0,-301.0,-134.0,-44.0,-409.0,-74.0,232.0,-342.0,158.98,183.54,-230.62,145.6,-58.25,-291.11,-127.64,-46.93,-392.96,-60.1,193.57,-323.48
2025-08-08T16:06:58.426682,177.0,162.0,-205.0,258.0,-12.0,-278.0,-73.0,-53.0,-419.0,-60.0,267.0,-257.0,178.98,150.54,-189.62,242.6,-42.25,-268.11,-66.64,-55.93,-402.96,-46.1,228.57,-238.48
2025-08-08T16:06:58.431012,212.0,126.0,-223.0,224.0,38.0,-278.0,-74.0,-34.0,-388.0,-12.0,232.0,-293.0,213.98,114.53999999999999,-207.62,208.6,7.75,-268.11,-67.64,-36.93,-371.96,1.9000000000000004,193.57,-274.48
2025-08-08T16:06:58.438882,122.0,154.0,-184.0,202.0,46.0,-305.0,-122.0,-63.0,-353.0,-7.0,150.0,-328.0,123.98,142.54,-168.62,186.6,15.75,-295.11,-115.64,-65.93,-336.96,6.9,111.57,-309.48
2025-08-08T16:06:58.443440,133.0,198.0,-213.0,231.0,-87.0,-372.0,-134.0,85.0,-334.0,-77.0,194.0,-227.0,134.98,186.54,-197.62,215.6,-117.25,-362.11,-127.64,82.07,-317.96,-63.1,155.57,-208.48
2025-08-08T16:06:58.451378,179.0,167.0,-173.0,225.0,-3.0,-306.0,-71.0,37.0,-364.0,-111.0,212.0,-271.0,180.98,155.54,-157.62,209.6,-33.25,-296.11,-64.64,34.07,-347.96,-97.1,173.57,-252.48
2025-08-08T16:06:58.459244,280.0,223.0,-222.0,193.0,25.0,-324.0,-78.0,-35.0,-382.0,-101.0,173.0,-281.0,281.98,211.54,-206.62,177.6,-5.25,-314.11,-71.64,-37.93,-365.96,-87.1,134.57,-262.48
2025-08-08T16:06:58.464488,149.0,164.0,-257.0,203.0,-10.0,-303.0,-134.0,-10.0,-390.0,-93.0,251.0,-220.0,150.98,152.54,-241.62,187.6,-40.25,-293.11,-127.64,-12.93,-373.96,-79.1,212.57,-201.48
2025-08-08T16:06:58.471780,94.0,144.0,-165.0,165.0,-9.0,-259.0,-107.0,-25.0,-340.0,-156.0,274.0,-211.0,95.98,132.54,-149.62,149.6,-39.25,-249.11,-100.64,-27.93,-323.96,-142.1,235.57,-192.48
2025-08-08T16:06:58.477047,202.0,199.0,-244.0,221.0,-6.0,-300.0,-115.0,-59.0,-308.0,-74.0,219.0,-277.0,203.98,187.54,-228.62,205.6,-36.25,-290.11,-108.64,-61.93,-291.96,-60.1,180.57,-258.48
2025-08-08T16:06:58.484016,194.0,110.0,-200.0,159.0,-35.0,-307.0,-108.0,-94.0,-379.0,-114.0,177.0,-313.0,195.98,98.53999999999999,-184.62,143.6,-65.25,-297.11,-101.64,-96.93,-362.96,-100.1,138.57,-294.48
2025-08-08T16:06:58.491997,132.0,188.0,-203.0,224.0,-34.0,-282.0,-61.0,-1.0,-329.0,-95.0,215.0,-255.0,133.98,176.54,-187.62,208.6,-64.25,-272.11,-54.64,-3.93,-312.96,-81.1,176.57,-236.48
2025-08-08T16:06:58.496426,80.0,253.0,-296.0,240.0,54.0,-322.0,-174.0,-16.0,-358.0,-39.0,185.0,-294.0,81.98,241.54,-280.62,224.6,23.75,-312.11,-167.64,-18.93,-341.96,-25.1,146.57,-275.48
2025-08-08T16:06:58.504427,149.0,218.0,-236.0,228.0,-7.0,-304.0,-113.0,21.0,-316.0,-137.0,226.0,-265.0,150.98,206.54,-220.62,212.6,-37.25,-294.11,-106.64,18.07,-299.96,-123.1,187.57,-246.48
2025-08-08T16:06:58.508762,145.0,161.0,-215.0,238.0,-8.0,-334.0,-105.0,-58.0,-321.0,-76.0,200.0,-211.0,146.98,149.54,-199.62,222.6,-38.25,-324.11,-98.64,-60.93,-304.96,-62.1,161.57,-192.48
2025-08-08T16:06:58.516787,221.0,199.0,-185.0,267.0,-44.0,-250.0,-72.0,-38.0,-362.0,-1.0,137.0,-187.0,222.98,187.54,-169.62,251.6,-74.25,-240.11,-65.64,-40.93,-345.96,12.9,98.57,-168.48
2025-08-08T16:06:58.524710,93.0,147.0,-170.0,223.0,-13.0,-261.0,-78.0,-50.0,-372.0,-147.0,164.0,-206.0,94.98,135.54,-154.62,207.6,-43.25,-251.11,-71.64,-52.93,-355.96,-133.1,125.57,-187.48
2025-08-08T16:06:58.529213,145.0,291.0,-164.0,229.0,24.0,-300.0,-40.0,-23.0,-363.0,-105.0,260.0,-263.0,146.98,279.54,-148.62,213.6,-6.25,-290.11,-33.64,-25.93,-346.96,-91.1,221.57,-244.48
2025-08-08T16:06:58.537194,153.0,228.0,-190.0,196.0,32.0,-308.0,-148.0,-4.0,-422.0,-14.0,216.0,-330.0,154.98,216.54,-174.62,180.6,1.75,-298.11,-141.64,-6.93,-405.96,-0.09999999999999964,177.57,-311.48
2025-08-08T16:06:58.541633,179.0,173.0,-202.0,233.0,-6.0,-259.0,-69.0,-2.0,-379.0,-25.0,111.0,-248.0,180.98,161.54,-186.62,217.6,-36.25,-249.11,-62.64,-4.93,-362.96,-11.1,72.57,-229.48
2025-08-08T16:06:58.549591,118.0,220.0,-205.0,234.0,2.0,-340.0,-75.0,-98.0,-383.0,-151.0,224.0,-206.0,119.98,208.54,-189.62,218.6,-28.25,-330.11,-68.64,-100.93,-366.96,-137.1,185.57,-187.48
2025-08-08T16:06:58.557563,188.0,179.0,-253.0,190.0,19.0,-287.0,-152.0,34.0,-372.0,-133.0,220.0,-251.0,189.98,167.54,-237.62,174.6,-11.25,-277.11,-145.64,31.07,-355.96,-119.1,181.57,-232.48
2025-08-08T16:06:58.561978,200.0,202.0,-176.0,179.0,11.0,-288.0,-88.0,-66.0,-368.0,-80.0,156.0,-245.0,201.98,190.54,-160.62,163.6,-19.25,-278.11,-81.64,-68.93,-351.96,-66.1,117.57,-226.48
2025-08-08T16:06:58.570182,196.0,225.0,-180.0,203.0,-6.0,-278.0,-94.0,-73.0,-362.0,-65.0,207.0,-309.0,197.98,213.54,-164.62,187.6,-36.25,-268.11,-87.64,-75.93,-345.96,-51.1,168.57,-290.48
2025-08-08T16:06:58.574322,112.0,290.0,-264.0,283.0,20.0,-293.0,-115.0,-59.0,-324.0,-25.0,198.0,-283.0,113.98,278.54,-248.62,267.6,-10.25,-283.11,-108.64,-61.93,-307.96,-11.1,159.57,-264.48
2025-08-08T16:06:58.582719,175.0,218.0,-189.0,254.0,-1.0,-316.0,-86.0,-33.0,-398.0,-85.0,204.0,-223.0,176.98,206.54,-173.62,238.6,-31.25,-306.11,-79.64,-35.93,-381.96,-71.1,165.57,-204.48
2025-08-08T16:06:58.590305,82.0,171.0,-161.0,247.0,86.0,-293.0,-37.0,-35.0,-391.0,-12.0,193.0,-310.0,83.98,159.54,-145.62,231.6,55.75,-283.11,-30.64,-37.93,-374.96,1.9000000000000004,154.57,-291.48
2025-08-08T16:06:58.596473,194.0,185.0,-220.0,213.0,-111.0,-296.0,-132.0,-62.0,-343.0,-87.0,205.0,-315.0,195.98,173.54,-204.62,197.6,-141.25,-286.11,-125.64,-64.93,-326.96,-73.1,166.57,-296.48
2025-08-08T16:06:58.602602,155.0,174.0,-198.0,191.0,-9.0,-313.0,-111.0,13.0,-384.0,-46.0,221.0,-243.0,156.98,162.54,-182.62,175.6,-39.25,-303.11,-104.64,10.07,-367.96,-32.1,182.57,-224.48
2025-08-08T16:06:58.609139,132.0,264.0,-200.0,195.0,2.0,-273.0,-84.0,17.0,-384.0,-108.0,254.0,-286.0,133.98,252.54,-184.62,179.6,-28.25,-263.11,-77.64,14.07,-367.96,-94.1,215.57,-267.48
2025-08-08T16:06:58.615025,136.0,268.0,-248.0,321.0,0.0,-301.0,-73.0,-9.0,-346.0,-57.0,177.0,-335.0,137.98,256.54,-232.62,305.6,-30.25,-291.11,-66.64,-11.93,-329.96,-43.1,138.57,-316.48
2025-08-08T16:06:58.623205,167.0,162.0,-153.0,161.0,33.0,-278.0,-100.0,-10.0,-394.0,-90.0,235.0,-252.0,168.98,150.54,-137.62,145.6,2.75,-268.11,-93.64,-12.93,-377.96,-76.1,196.57,-233.48
2025-08-08T16:06:58.627678,113.0,212.0,-220.0,191.0,-61.0,-256.0,-124.0,-18.0,-351.0,-68.0,258.0,-216.0,114.98,200.54,-204.62,175.6,-91.25,-246.11,-117.64,-20.93,-334.96,-54.1,219.57,-197.48
2025-08-08T16:06:58.635607,180.0,177.0,-207.0,221.0,6.0,-344.0,-114.0,-41.0,-414.0,-86.0,292.0,-247.0,181.98,165.54,-191.62,205.6,-24.25,-334.11,-107.64,-43.93,-397.96,-72.1,253.57,-228.48
2025-08-08T16:06:58.640036,160.0,229.0,-148.0,220.0,-42.0,-293.0,-129.0,-34.0,-475.0,-9.0,242.0,-227.0,161.98,217.54,-132.62,204.6,-72.25,-283.11,-122.64,-36.93,-458.96,4.9,203.57,-208.48
2025-08-08T16:06:58.647908,75.0,219.0,-202.0,193.0,16.0,-296.0,-89.0,-50.0,-328.0,-66.0,238.0,-255.0,76.98,207.54,-186.62,177.6,-14.25,-286.11,-82.64,-52.93,-311.96,-52.1,199.57,-236.48
2025-08-08T16:06:58.652399,162.0,219.0,-226.0,227.0,-10.0,-336.0,-52.0,-6.0,-343.0,-63.0,236.0,-269.0,163.98,207.54,-210.62,211.6,-40.25,-326.11,-45.64,-8.93,-326.96,-49.1,197.57,-250.48
2025-08-08T16:06:58.660242,192.0,228.0,-184.0,167.0,-41.0,-307.0,-97.0,-18.0,-419.0,-84.0,179.0,-294.0,193.98,216.54,-168.62,151.6,-71.25,-297.11,-90.64,-20.93,-402.96,-70.1,140.57,-275.48
2025-08-08T16:06:58.668242,97.0,178.0,-231.0,229.0,1.0,-297.0,-63.0,-16.0,-351.0,-106.0,265.0,-208.0,98.98,166.54,-215.62,213.6,-29.25,-287.11,-56.64,-18.93,-334.96,-92.1,226.57,-189.48
2025-08-08T16:06:58.672648,194.0,158.0,-192.0,201.0,-30.0,-269.0,-142.0,46.0,-307.0,-132.0,189.0,-233.0,195.98,146.54,-176.62,185.6,-60.25,-259.11,-135.64,43.07,-290.96,-118.1,150.57,-214.48
2025-08-08T16:06:58.680652,188.0,231.0,-279.0,193.0,-16.0,-326.0,-109.0,15.0,-435.0,11.0,274.0,-232.0,189.98,219.54,-263.62,177.6,-46.25,-316.11,-102.64,12.07,-418.96,24.9,235.57,-213.48
2025-08-08T16:06:58.685148,142.0,249.0,-200.0,235.0,38.0,-294.0,-105.0,-81.0,-413.0,-102.0,212.0,-266.0,143.98,237.54,-184.62,219.6,7.75,-284.11,-98.64,-83.93,-396.96,-88.1,173.57,-247.48
2025-08-08T16:06:58.693973,180.0,257.0,-205.0,179.0,34.0,-284.0,-101.0,-54.0,-366.0,-32.0,199.0,-268.0,181.98,245.54,-189.62,163.6,3.75,-274.11,-94.64,-56.93,-349.96,-18.1,160.57,-249.48
2025-08-08T16:06:58.701117,166.0,175.0,-199.0,238.0,-23.0,-305.0,-95.0,21.0,-361.0,-131.0,199.0,-256.0,167.98,163.54,-183.62,222.6,-53.25,-295.11,-88.64,18.07,-344.96,-117.1,160.57,-237.48
2025-08-08T16:06:58.705419,113.0,257.0,-207.0,232.0,45.0,-279.0,-57.0,-10.0,-430.0,-104.0,251.0,-226.0,114.98,245.54,-191.62,216.6,14.75,-269.11,-50.64,-12.93,-413.96,-90.1,212.57,-207.48
2025-08-08T16:06:58.713539,228.0,197.0,-206.0,232.0,-23.0,-306.0,-156.0,18.0,-401.0,-37.0,286.0,-278.0,229.98,185.54,-190.62,216.6,-53.25,-296.11,-149.64,15.07,-384.96,-23.1,247.57,-259.48
2025-08-08T16:06:58.721402,237.0,203.0,-170.0,198.0,-73.0,-319.0,-101.0,58.0,-368.0,-119.0,201.0,-226.0,238.98,191.54,-154.62,182.6,-103.25,-309.11,-94.64,55.07,-351.96,-105.1,162.57,-207.48
2025-08-08T16:06:58.725902,157.0,179.0,-196.0,204.0,-18.0,-294.0,-139.0,-110.0,-319.0,-72.0,174.0,-266.0,158.98,167.54,-180.62,188.6,-48.25,-284.11,-132.64,-112.93,-302.96,-58.1,135.57,-247.48
2025-08-08T16:06:58.733813,172.0,234.0,-211.0,199.0,-8.0,-284.0,-148.0,39.0,-378.0,-36.0,182.0,-245.0,173.98,222.54,-195.62,183.6,-38.25,-274.11,-141.64,36.07,-361.96,-22.1,143.57,-226.48
2025-08-08T16:06:58.738294,163.0,250.0,-152.0,262.0,-52.0,-372.0,-93.0,-53.0,-379.0,-40.0,239.0,-230.0,164.98,238.54,-136.62,246.6,-82.25,-362.11,-86.64,-55.93,-362.96,-26.1,200.57,-211.48
2025-08-08T16:06:58.746185,96.0,238.0,-183.0,209.0,40.0,-283.0,-88.0,-109.0,-352.0,-91.0,286.0,-262.0,97.98,226.54,-167.62,193.6,9.75,-273.11,-81.64,-111.93,-335.96,-77.1,247.57,-243.48
2025-08-08T16:06:58.754206,139.0,218.0,-212.0,253.0,-20.0,-303.0,-136.0,30.0,-393.0,-65.0,191.0,-251.0,140.98,206.54,-196.62,237.6,-50.25,-293.11,-129.64,27.07,-376.96,-51.1,152.57,-232.48
2025-08-08T16:06:58.758493,129.0,201.0,-265.0,166.0,7.0,-292.0,-38.0,-37.0,-381.0,-83.0,259.0,-216.0,130.98,189.54,-249.62,150.6,-23.25,-282.11,-31.64,-39.93,-364.96,-69.1,220.57,-197.48
2025-08-08T16:06:58.766588,140.0,188.0,-175.0,174.0,7.0,-308.0,-107.0,3.0,-326.0,-126.0,262.0,-337.0,141.98,176.54,-159.62,158.6,-23.25,-298.11,-100.64,0.06999999999999984,-309.96,-112.1,223.57,-318.48
2025-08-08T16:06:58.771611,139.0,156.0,-174.0,234.0,6.0,-311.0,-91.0,-1.0,-423.0,-38.0,230.0,-260.0,140.98,144.54,-158.62,218.6,-24.25,-301.11,-84.64,-3.93,-406.96,-24.1,191.57,-241.48
2025-08-08T16:06:58.778774,253.0,130.0,-175.0,213.0,-6.0,-308.0,-81.0,8.0,-396.0,-99.0,242.0,-254.0,254.98,118.53999999999999,-159.62,197.6,-36.25,-298.11,-74.64,5.07,-379.96,-85.1,203.57,-235.48
2025-08-08T16:06:58.785154,164.0,212.0,-183.0,173.0,54.0,-307.0,-67.0,-68.0,-299.0,-71.0,287.0,-293.0,165.98,200.54,-167.62,157.6,23.75,-297.11,-60.64,-70.93,-282.96,-57.1,248.57,-274.48
2025-08-08T16:06:58.791210,205.0,198.0,-249.0,206.0,21.0,-348.0,-114.0,42.0,-348.0,-35.0,108.0,-350.0,206.98,186.54,-233.62,190.6,-9.25,-338.11,-107.64,39.07,-331.96,-21.1,69.57,-331.48
2025-08-08T16:06:58.799797,179.0,193.0,-164.0,261.0,-11.0,-321.0,-82.0,-24.0,-355.0,-135.0,212.0,-218.0,180.98,181.54,-148.62,245.6,-41.25,-311.11,-75.64,-26.93,-338.96,-121.1,173.57,-199.48
2025-08-08T16:06:58.803863,103.0,173.0,-198.0,228.0,5.0,-256.0,-43.0,-30.0,-375.0,-149.0,183.0,-281.0,104.98,161.54,-182.62,212.6,-25.25,-246.11,-36.64,-32.93,-358.96,-135.1,144.57,-262.48
2025-08-08T16:06:58.811809,198.0,237.0,-211.0,197.0,21.0,-319.0,-109.0,-10.0,-391.0,-12.0,220.0,-226.0,199.98,225.54,-195.62,181.6,-9.25,-309.11,-102.64,-12.93,-374.96,1.9000000000000004,181.57,-207.48
2025-08-08T16:06:58.816066,230.0,122.0,-161.0,195.0,-13.0,-346.0,-69.0,-13.0,-385.0,-50.0,138.0,-239.0,231.98,110.53999999999999,-145.62,179.6,-43.25,-336.11,-62.64,-15.93,-368.96,-36.1,99.57,-220.48
2025-08-08T16:06:58.824208,163.0,220.0,-155.0,189.0,-4.0,-324.0,-36.0,-73.0,-331.0,-94.0,205.0,-262.0,164.98,208.54,-139.62,173.6,-34.25,-314.11,-29.64,-75.93,-314.96,-80.1,166.57,-243.48
2025-08-08T16:06:58.832043,156.0,232.0,-277.0,183.0,-36.0,-305.0,-85.0,19.0,-376.0,-59.0,245.0,-274.0,157.98,220.54,-261.62,167.6,-66.25,-295.11,-78.64,16.07,-359.96,-45.1,206.57,-255.48
2025-08-08T16:06:58.836487,162.0,183.0,-181.0,275.0,-50.0,-356.0,-113.0,-11.0,-368.0,-102.0,248.0,-293.0,163.98,171.54,-165.62,259.6,-80.25,-346.11,-106.64,-13.93,-351.96,-88.1,209.57,-274.48
2025-08-08T16:06:58.844541,123.0,194.0,-231.0,225.0,12.0,-288.0,-53.0,-16.0,-312.0,-90.0,223.0,-312.0,124.98,182.54,-215.62,209.6,-18.25,-278.11,-46.64,-18.93,-295.96,-76.1,184.57,-293.48
2025-08-08T16:06:58.848822,186.0,196.0,-236.0,201.0,27.0,-314.0,-100.0,-33.0,-383.0,-67.0,243.0,-292.0,187.98,184.54,-220.62,185.6,-3.25,-304.11,-93.64,-35.93,-366.96,-53.1,204.57,-273.48
2025-08-08T16:06:58.856923,192.0,139.0,-189.0,249.0,-9.0,-316.0,-95.0,-12.0,-368.0,-16.0,178.0,-266.0,193.98,127.53999999999999,-173.62,233.6,-39.25,-306.11,-88.64,-14.93,-351.96,-2.0999999999999996,139.57,-247.48
2025-08-08T16:06:58.864863,114.0,199.0,-185.0,122.0,-25.0,-300.0,-62.0,-31.0,-331.0,-112.0,173.0,-258.0,115.98,187.54,-169.62,106.6,-55.25,-290.11,-55.64,-33.93,-314.96,-98.1,134.57,-239.48
2025-08-08T16:06:58.869181,202.0,204.0,-203.0,240.0,15.0,-330.0,-140.0,-17.0,-411.0,27.0,221.0,-283.0,203.98,192.54,-187.62,224.6,-15.25,-320.11,-133.64,-19.93,-394.96,40.9,182.57,-264.48
2025-08-08T16:06:58.877217,135.0,211.0,-218.0,219.0,12.0,-270.0,-117.0,-9.0,-378.0,-87.0,219.0,-250.0,136.98,199.54,-202.62,203.6,-18.25,-260.11,-110.64,-11.93,-361.96,-73.1,180.57,-231.48
2025-08-08T16:06:58.881587,96.0,163.0,-174.0,242.0,5.0,-338.0,-111.0,-14.0,-269.0,-74.0,236.0,-267.0,97.98,151.54,-158.62,226.6,-25.25,-328.11,-104.64,-16.93,-252.96,-60.1,197.57,-248.48
2025-08-08T16:06:58.891919,139.0,228.0,-244.0,285.0,-23.0,-349.0,-151.0,51.0,-383.0,-77.0,219.0,-272.0,140.98,216.54,-228.62,269.6,-53.25,-339.11,-144.64,48.07,-366.96,-63.1,180.57,-253.48
2025-08-08T16:06:58.897765,170.0,192.0,-160.0,168.0,-24.0,-264.0,-54.0,18.0,-407.0,-97.0,153.0,-252.0,171.98,180.54,-144.62,152.6,-54.25,-254.11,-47.64,15.07,-390.96,-83.1,114.57,-233.48
2025-08-08T16:06:58.902270,126.0,159.0,-136.0,189.0,49.0,-317.0,-133.0,-66.0,-371.0,-101.0,266.0,-225.0,127.98,147.54,-120.62,173.6,18.75,-307.11,-126.64,-68.93,-354.96,-87.1,227.57,-206.48
2025-08-08T16:06:58.909967,153.0,198.0,-175.0,205.0,54.0,-304.0,-21.0,-63.0,-380.0,16.0,220.0,-192.0,154.98,186.54,-159.62,189.6,23.75,-294.11,-14.64,-65.93,-363.96,29.9,181.57,-173.48
2025-08-08T16:06:58.914569,164.0,187.0,-138.0,248.0,-18.0,-294.0,-52.0,-34.0,-369.0,-54.0,173.0,-249.0,165.98,175.54,-122.62,232.6,-48.25,-284.11,-45.64,-36.93,-352.96,-40.1,134.57,-230.48
2025-08-08T16:06:58.922442,164.0,159.0,-192.0,237.0,42.0,-295.0,-67.0,-54.0,-366.0,-68.0,212.0,-292.0,165.98,147.54,-176.62,221.6,11.75,-285.11,-60.64,-56.93,-349.96,-54.1,173.57,-273.48
2025-08-08T16:06:58.930197,124.0,210.0,-216.0,185.0,-5.0,-291.0,-49.0,-40.0,-367.0,-5.0,224.0,-241.0,125.98,198.54,-200.62,169.6,-35.25,-281.11,-42.64,-42.93,-350.96,8.9,185.57,-222.48
2025-08-08T16:06:58.934961,187.0,133.0,-121.0,211.0,4.0,-263.0,-113.0,42.0,-402.0,-99.0,266.0,-235.0,188.98,121.53999999999999,-105.62,195.6,-26.25,-253.11,-106.64,39.07,-385.96,-85.1,227.57,-216.48
2025-08-08T16:06:58.942797,103.0,169.0,-179.0,247.0,-26.0,-299.0,-143.0,-10.0,-318.0,-83.0,267.0,-263.0,104.98,157.54,-163.62,231.6,-56.25,-289.11,-136.64,-12.93,-301.96,-69.1,228.57,-244.48
2025-08-08T16:06:58.947285,156.0,243.0,-222.0,125.0,9.0,-356.0,-74.0,-71.0,-358.0,-59.0,155.0,-272.0,157.98,231.54,-206.62,109.6,-21.25,-346.11,-67.64,-73.93,-341.96,-45.1,116.57,-253.48
2025-08-08T16:06:58.955160,156.0,126.0,-239.0,219.0,6.0,-266.0,-125.0,-31.0,-360.0,-74.0,215.0,-247.0,157.98,114.53999999999999,-223.62,203.6,-24.25,-256.11,-118.64,-33.93,-343.96,-60.1,176.57,-228.48
2025-08-08T16:06:58.963080,180.0,174.0,-265.0,253.0,-19.0,-302.0,-116.0,-38.0,-374.0,-74.0,201.0,-257.0,181.98,162.54,-249.62,237.6,-49.25,-292.11,-109.64,-40.93,-357.96,-60.1,162.57,-238.48
2025-08-08T16:06:58.967545,177.0,208.0,-242.0,211.0,0.0,-341.0,-165.0,-2.0,-394.0,-2.0,188.0,-228.0,178.98,196.54,-226.62,195.6,-30.25,-331.11,-158.64,-4.93,-377.96,11.9,149.57,-209.48
2025-08-08T16:06:58.975386,124.0,160.0,-137.0,164.0,-28.0,-312.0,-50.0,-63.0,-342.0,-94.0,250.0,-253.0,125.98,148.54,-121.62,148.6,-58.25,-302.11,-43.64,-65.93,-325.96,-80.1,211.57,-234.48
2025-08-08T16:06:58.980344,109.0,154.0,-218.0,225.0,-25.0,-301.0,-152.0,-20.0,-342.0,-112.0,211.0,-225.0,110.98,142.54,-202.62,209.6,-55.25,-291.11,-145.64,-22.93,-325.96,-98.1,172.57,-206.48
2025-08-08T16:06:58.987722,227.0,217.0,-214.0,208.0,-17.0,-281.0,-90.0,5.0,-351.0,17.0,266.0,-210.0,228.98,205.54,-198.62,192.6,-47.25,-271.11,-83.64,2.07,-334.96,30.9,227.57,-191.48
2025-08-08T16:06:58.995914,170.0,250.0,-227.0,224.0,23.0,-286.0,-55.0,-28.0,-365.0,-142.0,245.0,-223.0,171.98,238.54,-211.62,208.6,-7.25,-276.11,-48.64,-30.93,-348.96,-128.1,206.57,-204.48
2025-08-08T16:06:59.000105,173.0,175.0,-182.0,213.0,3.0,-271.0,-95.0,-65.0,-328.0,-10.0,214.0,-316.0,174.98,163.54,-166.62,197.6,-27.25,-261.11,-88.64,-67.93,-311.96,3.9000000000000004,175.57,-297.48
2025-08-08T16:06:59.008181,194.0,193.0,-237.0,173.0,3.0,-254.0,-81.0,-44.0,-388.0,-33.0,190.0,-258.0,195.98,181.54,-221.62,157.6,-27.25,-244.11,-74.64,-46.93,-371.96,-19.1,151.57,-239.48
2025-08-08T16:06:59.012960,121.0,175.0,-130.0,236.0,-21.0,-257.0,-72.0,-20.0,-385.0,-63.0,234.0,-228.0,122.98,163.54,-114.62,220.6,-51.25,-247.11,-65.64,-22.93,-368.96,-49.1,195.57,-209.48
2025-08-08T16:06:59.020624,126.0,188.0,-188.0,235.0,-35.0,-293.0,-83.0,-36.0,-377.0,-36.0,229.0,-266.0,127.98,176.54,-172.62,219.6,-65.25,-283.11,-76.64,-38.93,-360.96,-22.1,190.57,-247.48
2025-08-08T16:06:59.025076,99.0,220.0,-234.0,220.0,-29.0,-311.0,-94.0,-1.0,-349.0,-49.0,202.0,-211.0,100.98,208.54,-218.62,204.6,-59.25,-301.11,-87.64,-3.93,-332.96,-35.1,163.57,-192.48
2025-08-08T16:06:59.033208,172.0,178.0,-168.0,205.0,52.0,-303.0,-46.0,-4.0,-386.0,-83.0,275.0,-223.0,173.98,166.54,-152.62,189.6,21.75,-293.11,-39.64,-6.93,-369.96,-69.1,236.57,-204.48
2025-08-08T16:06:59.040912,99.0,192.0,-177.0,214.0,-38.0,-284.0,-89.0,-34.0,-315.0,-40.0,216.0,-234.0,100.98,180.54,-161.62,198.6,-68.25,-274.11,-82.64,-36.93,-298.96,-26.1,177.57,-215.48
2025-08-08T16:06:59.045395,155.0,118.0,-253.0,188.0,-15.0,-240.0,-80.0,-42.0,-349.0,-28.0,213.0,-270.0,156.98,106.53999999999999,-237.62,172.6,-45.25,-230.11,-73.64,-44.93,-332.96,-14.1,174.57,-251.48
2025-08-08T16:06:59.053334,165.0,178.0,-232.0,190.0,-9.0,-277.0,-113.0,-78.0,-358.0,3.0,227.0,-226.0,166.98,166.54,-216.62,174.6,-39.25,-267.11,-106.64,-80.93,-341.96,16.9,188.57,-207.48
2025-08-08T16:06:59.057833,109.0,163.0,-191.0,185.0,-21.0,-260.0,-128.0,-60.0,-337.0,-73.0,200.0,-192.0,110.98,151.54,-175.62,169.6,-51.25,-250.11,-121.64,-62.93,-320.96,-59.1,161.57,-173.48
2025-08-08T16:06:59.065773,88.0,134.0,-202.0,220.0,-55.0,-324.0,-101.0,-40.0,-347.0,-44.0,224.0,-257.0,89.98,122.53999999999999,-186.62,204.6,-85.25,-314.11,-94.64,-42.93,-330.96,-30.1,185.57,-238.48
2025-08-08T16:06:59.073913,121.0,175.0,-160.0,151.0,-21.0,-292.0,-103.0,-46.0,-327.0,-55.0,149.0,-146.0,122.98,163.54,-144.62,135.6,-51.25,-282.11,-96.64,-48.93,-310.96,-41.1,110.57,-127.48
2025-08-08T16:06:59.078140,57.0,171.0,-166.0,152.0,20.0,-202.0,-107.0,-20.0,-310.0,-73.0,232.0,-268.0,58.98,159.54,-150.62,136.6,-10.25,-192.11,-100.64,-22.93,-293.96,-59.1,193.57,-249.48
2025-08-08T16:06:59.086134,56.0,222.0,-261.0,219.0,12.0,-225.0,-60.0,-12.0,-337.0,-12.0,145.0,-240.0,57.98,210.54,-245.62,203.6,-18.25,-215.11,-53.64,-14.93,-320.96,1.9000000000000004,106.57,-221.48
2025-08-08T16:06:59.091517,94.0,99.0,-175.0,175.0,14.0,-269.0,-143.0,-18.0,-309.0,-64.0,133.0,-224.0,95.98,87.53999999999999,-159.62,159.6,-16.25,-259.11,-136.64,-20.93,-292.96,-50.1,94.57,-205.48
2025-08-08T16:06:59.098466,78.0,159.0,-156.0,167.0,63.0,-273.0,-132.0,-19.0,-233.0,-74.0,156.0,-217.0,79.98,147.54,-140.62,151.6,32.75,-263.11,-125.64,-21.93,-216.96,-60.1,117.57,-198.48
2025-08-08T16:06:59.106360,128.0,131.0,-159.0,131.0,66.0,-264.0,-87.0,-23.0,-276.0,-47.0,100.0,-166.0,129.98,119.53999999999999,-143.62,115.6,35.75,-254.11,-80.64,-25.93,-259.96,-33.1,61.57,-147.48
2025-08-08T16:06:59.111185,155.0,119.0,-166.0,146.0,-62.0,-246.0,-10.0,20.0,-314.0,-41.0,204.0,-208.0,156.98,107.53999999999999,-150.62,130.6,-92.25,-236.11,-3.6399999999999997,17.07,-297.96,-27.1,165.57,-189.48
2025-08-08T16:06:59.118803,15.0,77.0,-220.0,117.0,59.0,-249.0,-116.0,-3.0,-258.0,-33.0,97.0,-175.0,16.98,65.53999999999999,-204.62,101.6,28.75,-239.11,-109.64,-5.93,-241.96,-19.1,58.57,-156.48
2025-08-08T16:06:59.123447,7.0,136.0,-164.0,146.0,8.0,-175.0,-93.0,-62.0,-186.0,-41.0,100.0,-183.0,8.98,124.53999999999999,-148.62,130.6,-22.25,-165.11,-86.64,-64.93,-169.96,-27.1,61.57,-164.48
2025-08-08T16:06:59.131173,85.0,56.0,-130.0,74.0,-39.0,-202.0,-44.0,-47.0,-227.0,4.0,133.0,-218.0,86.98,44.54,-114.62,58.6,-69.25,-192.11,-37.64,-49.93,-210.96,17.9,94.57,-199.48
2025-08-08T16:06:59.135560,93.0,147.0,-186.0,71.0,54.0,-215.0,-36.0,2.0,-173.0,-48.0,98.0,-98.0,94.98,135.54,-170.62,55.6,23.75,-205.11,-29.64,-0.9300000000000002,-156.96,-34.1,59.57,-79.48
2025-08-08T16:06:59.144480,53.0,116.0,-79.0,166.0,73.0,-175.0,-80.0,-26.0,-277.0,-6.0,205.0,-207.0,54.98,104.53999999999999,-63.62,150.6,42.75,-165.11,-73.64,-28.93,-260.96,7.9,166.57,-188.48
2025-08-08T16:06:59.148184,-44.0,159.0,-169.0,136.0,-41.0,-184.0,-9.0,-59.0,-239.0,-74.0,79.0,-87.0,-42.02,147.54,-153.62,120.6,-71.25,-174.11,-2.6399999999999997,-61.93,-222.96,-60.1,40.57,-68.48
2025-08-08T16:06:59.157486,83.0,81.0,-204.0,61.0,-52.0,-177.0,-77.0,-29.0,-230.0,-137.0,83.0,-131.0,84.98,69.53999999999999,-188.62,45.6,-82.25,-167.11,-70.64,-31.93,-213.96,-123.1,44.57,-112.48
2025-08-08T16:06:59.163884,40.0,78.0,-179.0,99.0,-91.0,-221.0,-57.0,-28.0,-185.0,-87.0,152.0,-239.0,41.98,66.53999999999999,-163.62,83.6,-121.25,-211.11,-50.64,-30.93,-168.96,-73.1,113.57,-220.48
2025-08-08T16:06:59.168709,42.0,100.0,-155.0,58.0,44.0,-163.0,-73.0,-29.0,-159.0,-39.0,149.0,-194.0,43.98,88.53999999999999,-139.62,42.6,13.75,-153.11,-66.64,-31.93,-142.96,-25.1,110.57,-175.48
2025-08-08T16:06:59.176381,36.0,47.0,-169.0,58.0,4.0,-153.0,-28.0,19.0,-162.0,11.0,31.0,-63.0,37.98,35.54,-153.62,42.6,-26.25,-143.11,-21.64,16.07,-145.96,24.9,-7.43,-44.480000000000004
2025-08-08T16:06:59.180888,13.0,51.0,-200.0,28.0,1.0,-123.0,-29.0,-18.0,-199.0,30.0,97.0,-145.0,14.98,39.54,-184.62,12.6,-29.25,-113.11,-22.64,-20.93,-182.96,43.9,58.57,-126.48
2025-08-08T16:06:59.190694,77.0,44.0,-101.0,30.0,13.0,-160.0,-51.0,-52.0,-114.0,-48.0,122.0,-167.0,78.98,32.54,-85.62,14.6,-17.25,-150.11,-44.64,-54.93,-97.96000000000001,-34.1,83.57,-148.48
2025-08-08T16:06:59.200171,17.0,21.0,-131.0,74.0,25.0,-152.0,-53.0,-18.0,-125.0,-46.0,119.0,-153.0,18.98,9.54,-115.62,58.6,-5.25,-142.11,-46.64,-20.93,-108.96000000000001,-32.1,80.57,-134.48
2025-08-08T16:06:59.209191,29.0,-3.0,-63.0,41.0,-11.0,-147.0,15.0,-62.0,-144.0,-56.0,61.0,-150.0,30.98,-14.46,-47.62,25.6,-41.25,-137.11,21.36,-64.93,-127.96000000000001,-42.1,22.57,-131.48
2025-08-08T16:06:59.214500,37.0,49.0,-215.0,44.0,34.0,-81.0,-18.0,3.0,-198.0,-39.0,72.0,-193.0,38.98,37.54,-199.62,28.6,3.75,-71.11,-11.64,0.06999999999999984,-181.96,-25.1,33.57,-174.48
2025-08-08T16:06:59.218812,28.0,99.0,-126.0,11.0,-64.0,-117.0,-1.0,53.0,-148.0,-64.0,74.0,-143.0,29.98,87.53999999999999,-110.62,-4.4,-94.25,-107.11,5.36,50.07,-131.96,-50.1,35.57,-124.48
2025-08-08T16:06:59.222470,34.0,57.0,-127.0,124.0,25.0,-120.0,-89.0,23.0,-143.0,-64.0,43.0,-184.0,35.98,45.54,-111.62,108.6,-5.25,-110.11,-82.64,20.07,-126.96000000000001,-50.1,4.57,-165.48
2025-08-08T16:06:59.225274,42.0,-4.0,-75.0,41.0,-27.0,-108.0,-42.0,24.0,-124.0,-75.0,85.0,-155.0,43.98,-15.46,-59.62,25.6,-57.25,-98.11,-35.64,21.07,-107.96000000000001,-61.1,46.57,-136.48
2025-08-08T16:06:59.233190,17.0,22.0,-151.0,52.0,52.0,-89.0,-87.0,-24.0,-116.0,-24.0,170.0,-167.0,18.98,10.54,-135.62,36.6,21.75,-79.11,-80.64,-26.93,-99.96000000000001,-10.1,131.57,-148.48
2025-08-08T16:06:59.237729,-18.0,62.0,-148.0,69.0,21.0,-86.0,-36.0,-22.0,-185.0,6.0,77.0,-164.0,-16.02,50.54,-132.62,53.6,-9.25,-76.11,-29.64,-24.93,-168.96,19.9,38.57,-145.48
2025-08-08T16:06:59.245594,-11.0,68.0,-176.0,20.0,-16.0,-96.0,48.0,33.0,-126.0,-28.0,75.0,-141.0,-9.02,56.54,-160.62,4.6,-46.25,-86.11,54.36,30.07,-109.96000000000001,-14.1,36.57,-122.48
2025-08-08T16:06:59.249962,41.0,1.0,-228.0,44.0,11.0,-147.0,-46.0,-23.0,-98.0,-40.0,55.0,-120.0,42.98,-10.46,-212.62,28.6,-19.25,-137.11,-39.64,-25.93,-81.96000000000001,-26.1,16.57,-101.48
2025-08-08T16:06:59.257929,63.0,18.0,-196.0,46.0,-56.0,-147.0,-66.0,-70.0,-109.0,-79.0,105.0,-135.0,64.98,6.539999999999999,-180.62,30.6,-86.25,-137.11,-59.64,-72.93,-92.96000000000001,-65.1,66.57,-116.48
2025-08-08T16:06:59.262316,65.0,30.0,-127.0,36.0,28.0,-114.0,-108.0,63.0,-146.0,-119.0,98.0,-220.0,66.98,18.54,-111.62,20.6,-2.25,-104.11,-101.64,60.07,-129.96,-105.1,59.57,-201.48
2025-08-08T16:06:59.270482,60.0,60.0,-101.0,90.0,-13.0,-181.0,3.0,-19.0,-118.0,-42.0,47.0,-129.0,61.98,48.54,-85.62,74.6,-43.25,-171.11,9.36,-21.93,-101.96000000000001,-28.1,8.57,-110.48
2025-08-08T16:06:59.274512,-3.0,67.0,-117.0,82.0,-36.0,-139.0,-127.0,-10.0,-112.0,-12.0,-12.0,-117.0,-1.02,55.54,-101.62,66.6,-66.25,-129.11,-120.64,-12.93,-95.96000000000001,1.9000000000000004,-50.43,-98.48
2025-08-08T16:06:59.282436,45.0,65.0,-214.0,9.0,59.0,-100.0,-30.0,18.0,-138.0,-49.0,90.0,-110.0,46.98,53.54,-198.62,-6.4,28.75,-90.11,-23.64,15.07,-121.96000000000001,-35.1,51.57,-91.48
2025-08-08T16:06:59.286832,39.0,52.0,-162.0,112.0,16.0,-66.0,-25.0,-42.0,-213.0,-80.0,72.0,-178.0,40.98,40.54,-146.62,96.6,-14.25,-56.11,-18.64,-44.93,-196.96,-66.1,33.57,-159.48
2025-08-08T16:06:59.294836,-18.0,-69.0,-199.0,58.0,21.0,-70.0,-49.0,-31.0,-93.0,-89.0,85.0,-137.0,-16.02,-80.46000000000001,-183.62,42.6,-9.25,-60.11,-42.64,-33.93,-76.96000000000001,-75.1,46.57,-118.48
2025-08-08T16:06:59.299045,-50.0,103.0,-86.0,94.0,4.0,-112.0,-34.0,-89.0,-130.0,-77.0,115.0,-200.0,-48.02,91.53999999999999,-70.62,78.6,-26.25,-102.11,-27.64,-91.93,-113.96000000000001,-63.1,76.57,-181.48
2025-08-08T16:06:59.307112,57.0,31.0,-181.0,-23.0,5.0,-106.0,5.0,4.0,-110.0,-49.0,32.0,-103.0,58.98,19.54,-165.62,-38.4,-25.25,-96.11,11.36,1.0699999999999998,-93.96000000000001,-35.1,-6.43,-84.48
2025-08-08T16:06:59.315141,68.0,130.0,-200.0,96.0,-23.0,-93.0,-60.0,-47.0,-144.0,-51.0,15.0,-172.0,69.98,118.53999999999999,-184.62,80.6,-53.25,-83.11,-53.64,-49.93,-127.96000000000001,-37.1,-23.43,-153.48
2025-08-08T16:06:59.319421,49.0,78.0,-175.0,80.0,77.0,-125.0,-44.0,-83.0,-98.0,-29.0,73.0,-110.0,50.98,66.53999999999999,-159.62,64.6,46.75,-115.11,-37.64,-85.93,-81.96000000000001,-15.1,34.57,-91.48
2025-08-08T16:06:59.327667,61.0,29.0,-106.0,79.0,5.0,-165.0,-20.0,25.0,-108.0,-44.0,95.0,-153.0,62.98,17.54,-90.62,63.6,-25.25,-155.11,-13.64,22.07,-91.96000000000001,-30.1,56.57,-134.48
2025-08-08T16:06:59.331719,37.0,43.0,-101.0,131.0,28.0,-78.0,33.0,-25.0,-144.0,-23.0,63.0,-157.0,38.98,31.54,-85.62,115.6,-2.25,-68.11,39.36,-27.93,-127.96000000000001,-9.1,24.57,-138.48
2025-08-08T16:06:59.339921,-61.0,68.0,-116.0,95.0,-17.0,-74.0,47.0,-42.0,-131.0,-14.0,11.0,-112.0,-59.02,56.54,-100.62,79.6,-47.25,-64.11,53.36,-44.93,-114.96000000000001,-0.09999999999999964,-27.43,-93.48
2025-08-08T16:06:59.344234,35.0,81.0,-189.0,64.0,-46.0,-128.0,-114.0,-3.0,-114.0,-74.0,76.0,-92.0,36.98,69.53999999999999,-173.62,48.6,-76.25,-118.11,-107.64,-5.93,-97.96000000000001,-60.1,37.57,-73.48
2025-08-08T16:06:59.352164,9.0,55.0,-63.0,48.0,48.0,-148.0,-30.0,27.0,-149.0,-53.0,17.0,-160.0,10.98,43.54,-47.62,32.6,17.75,-138.11,-23.64,24.07,-132.96,-39.1,-21.43,-141.48
2025-08-08T16:06:59.356779,51.0,19.0,-149.0,48.0,42.0,-119.0,-116.0,-40.0,-185.0,-25.0,18.0,-199.0,52.98,7.539999999999999,-133.62,32.6,11.75,-109.11,-109.64,-42.93,-168.96,-11.1,-20.43,-180.48
2025-08-08T16:06:59.364418,9.0,62.0,-183.0,79.0,10.0,-162.0,3.0,-3.0,-142.0,-47.0,90.0,-111.0,10.98,50.54,-167.62,63.6,-20.25,-152.11,9.36,-5.93,-125.96000000000001,-33.1,51.57,-92.48
2025-08-08T16:06:59.368700,-26.0,-9.0,-118.0,78.0,14.0,-84.0,17.0,-2.0,-229.0,-47.0,57.0,-141.0,-24.02,-20.46,-102.62,62.6,-16.25,-74.11,23.36,-4.93,-212.96,-33.1,18.57,-122.48
2025-08-08T16:06:59.376777,-17.0,70.0,-88.0,3.0,27.0,-144.0,-38.0,11.0,-139.0,-18.0,26.0,-150.0,-15.02,58.54,-72.62,-12.4,-3.25,-134.11,-31.64,8.07,-122.96000000000001,-4.1,-12.43,-131.48
2025-08-08T16:06:59.381269,-18.0,25.0,-186.0,95.0,34.0,-74.0,-21.0,27.0,-126.0,-62.0,40.0,-110.0,-16.02,13.54,-170.62,79.6,3.75,-64.11,-14.64,24.07,-109.96000000000001,-48.1,1.5700000000000003,-91.48
2025-08-08T16:06:59.389922,9.0,44.0,-220.0,20.0,36.0,-158.0,6.0,5.0,-169.0,-83.0,19.0,-122.0,10.98,32.54,-204.62,4.6,5.75,-148.11,12.36,2.07,-152.96,-69.1,-19.43,-103.48
2025-08-08T16:06:59.393725,59.0,75.0,-114.0,35.0,-27.0,-195.0,-30.0,8.0,-157.0,-119.0,171.0,-100.0,60.98,63.54,-98.62,19.6,-57.25,-185.11,-23.64,5.07,-140.96,-105.1,132.57,-81.48
2025-08-08T16:06:59.403000,52.0,18.0,-163.0,19.0,57.0,-126.0,-49.0,4.0,-98.0,-104.0,48.0,-123.0,53.98,6.539999999999999,-147.62,3.5999999999999996,26.75,-116.11,-42.64,1.0699999999999998,-81.96000000000001,-90.1,9.57,-104.48
2025-08-08T16:06:59.410856,-15.0,72.0,-67.0,43.0,-59.0,-130.0,-46.0,-13.0,-112.0,-42.0,16.0,-90.0,-13.02,60.54,-51.62,27.6,-89.25,-120.11,-39.64,-15.93,-95.96000000000001,-28.1,-22.43,-71.48
2025-08-08T16:06:59.420926,1.0,19.0,-97.0,52.0,29.0,-142.0,-99.0,-11.0,-103.0,-46.0,92.0,-135.0,2.98,7.539999999999999,-81.62,36.6,-1.25,-132.11,-92.64,-13.93,-86.96000000000001,-32.1,53.57,-116.48
2025-08-08T16:06:59.429053,65.0,17.0,-224.0,38.0,21.0,-125.0,-65.0,23.0,-162.0,-28.0,93.0,-125.0,66.98,5.539999999999999,-208.62,22.6,-9.25,-115.11,-58.64,20.07,-145.96,-14.1,54.57,-106.48
2025-08-08T16:06:59.434210,31.0,66.0,-94.0,33.0,40.0,-225.0,-62.0,36.0,-166.0,-48.0,71.0,-221.0,32.98,54.54,-78.62,17.6,9.75,-215.11,-55.64,33.07,-149.96,-34.1,32.57,-202.48
2025-08-08T16:06:59.438231,51.0,12.0,-174.0,3.0,44.0,-161.0,-21.0,-71.0,-147.0,-70.0,148.0,-98.0,52.98,0.5399999999999991,-158.62,-12.4,13.75,-151.11,-14.64,-73.93,-130.96,-56.1,109.57,-79.48
2025-08-08T16:06:59.440396,22.0,32.0,-66.0,77.0,18.0,-92.0,-80.0,-27.0,-120.0,16.0,60.0,-159.0,23.98,20.54,-50.62,61.6,-12.25,-82.11,-73.64,-29.93,-103.96000000000001,29.9,21.57,-140.48
2025-08-08T16:06:59.446410,30.0,28.0,-169.0,55.0,-18.0,-148.0,-44.0,-69.0,-169.0,-37.0,22.0,-156.0,31.98,16.54,-153.62,39.6,-48.25,-138.11,-37.64,-71.93,-152.96,-23.1,-16.43,-137.48
2025-08-08T16:06:59.450691,16.0,59.0,-89.0,2.0,35.0,-150.0,-27.0,-9.0,-179.0,-9.0,76.0,-163.0,17.98,47.54,-73.62,-13.4,4.75,-140.11,-20.64,-11.93,-162.96,4.9,37.57,-144.48
2025-08-08T16:06:59.458705,0.0,89.0,-103.0,71.0,-22.0,-130.0,-50.0,4.0,-104.0,0.0,52.0,-52.0,1.98,77.53999999999999,-87.62,55.6,-52.25,-120.11,-43.64,1.0699999999999998,-87.96000000000001,13.9,13.57,-33.480000000000004
2025-08-08T16:06:59.463004,-67.0,64.0,-133.0,88.0,2.0,-103.0,-14.0,-4.0,-117.0,-64.0,26.0,-231.0,-65.02,52.54,-117.62,72.6,-28.25,-93.11,-7.64,-6.93,-100.96000000000001,-50.1,-12.43,-212.48
2025-08-08T16:06:59.471261,65.0,104.0,-175.0,47.0,-32.0,-150.0,-30.0,-77.0,-114.0,-127.0,82.0,-73.0,66.98,92.53999999999999,-159.62,31.6,-62.25,-140.11,-23.64,-79.93,-97.96000000000001,-113.1,43.57,-54.480000000000004
2025-08-08T16:06:59.475201,6.0,63.0,-111.0,56.0,5.0,-122.0,-78.0,-34.0,-187.0,-139.0,95.0,-167.0,7.98,51.54,-95.62,40.6,-25.25,-112.11,-71.64,-36.93,-170.96,-125.1,56.57,-148.48
2025-08-08T16:06:59.483098,-9.0,60.0,-110.0,47.0,7.0,-131.0,-40.0,-15.0,-154.0,-1.0,3.0,-178.0,-7.02,48.54,-94.62,31.6,-23.25,-121.11,-33.64,-17.93,-137.96,12.9,-35.43,-159.48
2025-08-08T16:06:59.487490,-48.0,64.0,-117.0,33.0,65.0,-172.0,-29.0,-13.0,-86.0,-21.0,12.0,-100.0,-46.02,52.54,-101.62,17.6,34.75,-162.11,-22.64,-15.93,-69.96000000000001,-7.1,-26.43,-81.48
2025-08-08T16:06:59.495465,-10.0,99.0,-176.0,95.0,-20.0,-135.0,-71.0,-5.0,-175.0,-9.0,63.0,-195.0,-8.02,87.53999999999999,-160.62,79.6,-50.25,-125.11,-64.64,-7.93,-158.96,4.9,24.57,-176.48
2025-08-08T16:06:59.499891,51.0,74.0,-190.0,71.0,38.0,-95.0,-54.0,-29.0,-125.0,-115.0,71.0,-135.0,52.98,62.54,-174.62,55.6,7.75,-85.11,-47.64,-31.93,-108.96000000000001,-101.1,32.57,-116.48
2025-08-08T16:06:59.507739,9.0,60.0,-131.0,61.0,21.0,-82.0,-51.0,-31.0,-159.0,-14.0,90.0,-82.0,10.98,48.54,-115.62,45.6,-9.25,-72.11,-44.64,-33.93,-142.96,-0.09999999999999964,51.57,-63.480000000000004
2025-08-08T16:06:59.512041,64.0,-3.0,-64.0,49.0,24.0,-101.0,-19.0,-13.0,-127.0,-84.0,87.0,-148.0,65.98,-14.46,-48.62,33.6,-6.25,-91.11,-12.64,-15.93,-110.96000000000001,-70.1,48.57,-129.48
2025-08-08T16:06:59.520162,-21.0,-25.0,-79.0,12.0,-12.0,-132.0,-33.0,-46.0,-165.0,-59.0,127.0,-89.0,-19.02,-36.46,-63.62,-3.4000000000000004,-42.25,-122.11,-26.64,-48.93,-148.96,-45.1,88.57,-70.48
2025-08-08T16:06:59.524221,39.0,24.0,-64.0,47.0,77.0,-138.0,-30.0,11.0,-150.0,24.0,4.0,-160.0,40.98,12.54,-48.62,31.6,46.75,-128.11,-23.64,8.07,-133.96,37.9,-34.43,-141.48
2025-08-08T16:06:59.532392,-48.0,96.0,-157.0,35.0,-11.0,-50.0,-43.0,19.0,-141.0,-24.0,95.0,-142.0,-46.02,84.53999999999999,-141.62,19.6,-41.25,-40.11,-36.64,16.07,-124.96000000000001,-10.1,56.57,-123.48
2025-08-08T16:06:59.540453,73.0,42.0,-181.0,20.0,-39.0,-109.0,-89.0,-7.0,-145.0,-91.0,34.0,-106.0,74.98,30.54,-165.62,4.6,-69.25,-99.11,-82.64,-9.93,-128.96,-77.1,-4.43,-87.48
2025-08-08T16:06:59.544756,59.0,63.0,-161.0,88.0,29.0,-130.0,29.0,8.0,-184.0,-96.0,88.0,-155.0,60.98,51.54,-145.62,72.6,-1.25,-120.11,35.36,5.07,-167.96,-82.1,49.57,-136.48
2025-08-08T16:06:59.552828,85.0,-11.0,-162.0,49.0,-25.0,-92.0,27.0,-39.0,-136.0,6.0,-6.0,-134.0,86.98,-22.46,-146.62,33.6,-55.25,-82.11,33.36,-41.93,-119.96000000000001,19.9,-44.43,-115.48
2025-08-08T16:06:59.557087,-6.0,30.0,-133.0,23.0,-12.0,-131.0,-113.0,-36.0,-136.0,-35.0,51.0,-113.0,-4.02,18.54,-117.62,7.6,-42.25,-121.11,-106.64,-38.93,-119.96000000000001,-21.1,12.57,-94.48
2025-08-08T16:06:59.565061,-46.0,88.0,-170.0,18.0,2.0,-111.0,-13.0,17.0,-179.0,1.0,19.0,-170.0,-44.02,76.53999999999999,-154.62,2.5999999999999996,-28.25,-101.11,-6.64,14.07,-162.96,14.9,-19.43,-151.48
2025-08-08T16:06:59.569371,80.0,23.0,-109.0,61.0,11.0,-105.0,-45.0,-6.0,-134.0,-102.0,-4.0,-126.0,81.98,11.54,-93.62,45.6,-19.25,-95.11,-38.64,-8.93,-117.96000000000001,-88.1,-42.43,-107.48
2025-08-08T16:06:59.577403,73.0,65.0,-118.0,69.0,-23.0,-89.0,-103.0,-116.0,-207.0,-71.0,115.0,-93.0,74.98,53.54,-102.62,53.6,-53.25,-79.11,-96.64,-118.93,-190.96,-57.1,76.57,-74.48
2025-08-08T16:06:59.581761,60.0,68.0,-93.0,101.0,54.0,-131.0,-80.0,-46.0,-157.0,-61.0,49.0,-113.0,61.98,56.54,-77.62,85.6,23.75,-121.11,-73.64,-48.93,-140.96,-47.1,10.57,-94.48
2025-08-08T16:06:59.589760,16.0,43.0,-156.0,82.0,-34.0,-158.0,-76.0,35.0,-112.0,-71.0,11.0,-115.0,17.98,31.54,-140.62,66.6,-64.25,-148.11,-69.64,32.07,-95.96000000000001,-57.1,-27.43,-96.48
2025-08-08T16:06:59.594319,-31.0,50.0,-78.0,62.0,33.0,-154.0,-40.0,-56.0,-176.0,21.0,68.0,-146.0,-29.02,38.54,-62.62,46.6,2.75,-144.11,-33.64,-58.93,-159.96,34.9,29.57,-127.48
2025-08-08T16:06:59.602416,42.0,118.0,-150.0,50.0,-6.0,-128.0,-19.0,6.0,-162.0,-60.0,48.0,-128.0,43.98,106.53999999999999,-134.62,34.6,-36.25,-118.11,-12.64,3.07,-145.96,-46.1,9.57,-109.48
2025-08-08T16:06:59.607051,43.0,85.0,-140.0,51.0,31.0,-192.0,-2.0,-12.0,-147.0,-77.0,87.0,-58.0,44.98,73.53999999999999,-124.62,35.6,0.75,-182.11,4.36,-14.93,-130.96,-63.1,48.57,-39.480000000000004
2025-08-08T16:06:59.614763,23.0,21.0,-135.0,-21.0,16.0,-166.0,-51.0,-26.0,-175.0,-62.0,116.0,-90.0,24.98,9.54,-119.62,-36.4,-14.25,-156.11,-44.64,-28.93,-158.96,-48.1,77.57,-71.48
2025-08-08T16:06:59.619116,50.0,81.0,-124.0,86.0,21.0,-89.0,29.0,-47.0,-146.0,7.0,29.0,-124.0,51.98,69.53999999999999,-108.62,70.6,-9.25,-79.11,35.36,-49.93,-129.96,20.9,-9.43,-105.48
2025-08-08T16:06:59.626843,17.0,59.0,-131.0,-7.0,47.0,-72.0,-35.0,-68.0,-65.0,0.0,27.0,-183.0,18.98,47.54,-115.62,-22.4,16.75,-62.11,-28.64,-70.93,-48.96,13.9,-11.43,-164.48
2025-08-08T16:06:59.634657,-42.0,-18.0,-146.0,-26.0,2.0,-90.0,-9.0,-90.0,-154.0,-51.0,36.0,-171.0,-40.02,-29.46,-130.62,-41.4,-28.25,-80.11,-2.6399999999999997,-92.93,-137.96,-37.1,-2.4299999999999997,-152.48
2025-08-08T16:06:59.639229,-2.0,65.0,-179.0,27.0,19.0,-117.0,38.0,-55.0,-173.0,-54.0,30.0,-98.0,-0.020000000000000018,53.54,-163.62,11.6,-11.25,-107.11,44.36,-57.93,-156.96,-40.1,-8.43,-79.48
2025-08-08T16:06:59.647001,21.0,97.0,-125.0,3.0,40.0,-169.0,-47.0,-56.0,-84.0,-91.0,81.0,-98.0,22.98,85.53999999999999,-109.62,-12.4,9.75,-159.11,-40.64,-58.93,-67.96000000000001,-77.1,42.57,-79.48
2025-08-08T16:06:59.651374,-42.0,85.0,-105.0,41.0,29.0,-141.0,-9.0,-26.0,-99.0,-85.0,45.0,-67.0,-40.02,73.53999999999999,-89.62,25.6,-1.25,-131.11,-2.6399999999999997,-28.93,-82.96000000000001,-71.1,6.57,-48.480000000000004
2025-08-08T16:06:59.659348,143.0,12.0,-167.0,35.0,-7.0,-88.0,-66.0,-39.0,-65.0,-100.0,36.0,-104.0,144.98,0.5399999999999991,-151.62,19.6,-37.25,-78.11,-59.64,-41.93,-48.96,-86.1,-2.4299999999999997,-85.48
2025-08-08T16:06:59.663746,91.0,47.0,-71.0,52.0,-40.0,-131.0,-28.0,-50.0,-106.0,-18.0,39.0,-105.0,92.98,35.54,-55.62,36.6,-70.25,-121.11,-21.64,-52.93,-89.96000000000001,-4.1,0.5700000000000003,-86.48
2025-08-08T16:06:59.671641,42.0,97.0,-123.0,-20.0,29.0,-74.0,-13.0,-72.0,-241.0,15.0,63.0,-136.0,43.98,85.53999999999999,-107.62,-35.4,-1.25,-64.11,-6.64,-74.93,-224.96,28.9,24.57,-117.48
2025-08-08T16:06:59.676284,82.0,38.0,-82.0,62.0,-14.0,-126.0,-115.0,16.0,-133.0,-111.0,48.0,-146.0,83.98,26.54,-66.62,46.6,-44.25,-116.11,-108.64,13.07,-116.96000000000001,-97.1,9.57,-127.48
2025-08-08T16:06:59.684133,38.0,44.0,-146.0,91.0,-18.0,-87.0,-17.0,-28.0,-161.0,-54.0,55.0,-108.0,39.98,32.54,-130.62,75.6,-48.25,-77.11,-10.64,-30.93,-144.96,-40.1,16.57,-89.48
2025-08-08T16:06:59.688465,7.0,94.0,-65.0,74.0,-41.0,-151.0,-47.0,-59.0,-97.0,17.0,86.0,-151.0,8.98,82.53999999999999,-49.62,58.6,-71.25,-141.11,-40.64,-61.93,-80.96000000000001,30.9,47.57,-132.48
2025-08-08T16:06:59.696522,23.0,-15.0,-149.0,29.0,-1.0,-79.0,-50.0,-7.0,-149.0,-97.0,-22.0,-160.0,24.98,-26.46,-133.62,13.6,-31.25,-69.11,-43.64,-9.93,-132.96,-83.1,-60.43,-141.48
2025-08-08T16:06:59.700791,5.0,72.0,-135.0,94.0,-19.0,-56.0,-71.0,-18.0,-177.0,-33.0,65.0,-151.0,6.98,60.54,-119.62,78.6,-49.25,-46.11,-64.64,-20.93,-160.96,-19.1,26.57,-132.48
2025-08-08T16:06:59.708605,-9.0,16.0,-169.0,89.0,7.0,-136.0,-61.0,37.0,-164.0,-38.0,32.0,-101.0,-7.02,4.539999999999999,-153.62,73.6,-23.25,-126.11,-54.64,34.07,-147.96,-24.1,-6.43,-82.48
2025-08-08T16:06:59.713082,35.0,69.0,-121.0,-9.0,3.0,-62.0,-6.0,-42.0,-195.0,-91.0,29.0,-73.0,36.98,57.54,-105.62,-24.4,-27.25,-52.11,0.3600000000000003,-44.93,-178.96,-77.1,-9.43,-54.480000000000004
2025-08-08T16:06:59.721071,-7.0,62.0,-232.0,47.0,-32.0,-153.0,-30.0,-84.0,-156.0,-58.0,72.0,-97.0,-5.02,50.54,-216.62,31.6,-62.25,-143.11,-23.64,-86.93,-139.96,-44.1,33.57,-78.48
2025-08-08T16:06:59.725548,67.0,-35.0,-82.0,74.0,-4.0,-122.0,-88.0,-50.0,-108.0,-39.0,48.0,-116.0,68.98,-46.46,-66.62,58.6,-34.25,-112.11,-81.64,-52.93,-91.96000000000001,-25.1,9.57,-97.48
2025-08-08T16:06:59.733251,31.0,49.0,-146.0,64.0,47.0,-145.0,-98.0,-10.0,-152.0,-64.0,91.0,-183.0,32.98,37.54,-130.62,48.6,16.75,-135.11,-91.64,-12.93,-135.96,-50.1,52.57,-164.48
2025-08-08T16:06:59.737699,-77.0,34.0,-98.0,53.0,-30.0,-178.0,-113.0,-5.0,-185.0,-7.0,3.0,-108.0,-75.02,22.54,-82.62,37.6,-60.25,-168.11,-106.64,-7.93,-168.96,6.9,-35.43,-89.48
2025-08-08T16:06:59.745782,5.0,46.0,-49.0,52.0,-34.0,-183.0,-49.0,-31.0,-138.0,-86.0,51.0,-135.0,6.98,34.54,-33.62,36.6,-64.25,-173.11,-42.64,-33.93,-121.96000000000001,-72.1,12.57,-116.48
2025-08-08T16:06:59.753408,89.0,89.0,-140.0,51.0,67.0,-130.0,-72.0,-67.0,-139.0,-117.0,52.0,-92.0,90.98,77.53999999999999,-124.62,35.6,36.75,-120.11,-65.64,-69.93,-122.96000000000001,-103.1,13.57,-73.48
2025-08-08T16:06:59.759706,71.0,114.0,-137.0,5.0,51.0,-160.0,-49.0,-53.0,-111.0,-60.0,157.0,-97.0,72.98,102.53999999999999,-121.62,-10.4,20.75,-150.11,-42.64,-55.93,-94.96000000000001,-46.1,118.57,-78.48
2025-08-08T16:06:59.766052,40.0,67.0,-198.0,68.0,34.0,-123.0,-27.0,-45.0,-170.0,-50.0,98.0,-156.0,41.98,55.54,-182.62,52.6,3.75,-113.11,-20.64,-47.93,-153.96,-36.1,59.57,-137.48
2025-08-08T16:06:59.770755,54.0,1.0,-114.0,37.0,8.0,-72.0,-10.0,4.0,-161.0,-41.0,72.0,-151.0,55.98,-10.46,-98.62,21.6,-22.25,-62.11,-3.6399999999999997,1.0699999999999998,-144.96,-27.1,33.57,-132.48
2025-08-08T16:06:59.778500,-20.0,9.0,-69.0,29.0,6.0,-131.0,-38.0,14.0,-169.0,-26.0,155.0,-123.0,-18.02,-2.460000000000001,-53.62,13.6,-24.25,-121.11,-31.64,11.07,-152.96,-12.1,116.57,-104.48
2025-08-08T16:06:59.783163,33.0,53.0,-168.0,69.0,88.0,-154.0,-61.0,24.0,-141.0,-50.0,49.0,-150.0,34.98,41.54,-152.62,53.6,57.75,-144.11,-54.64,21.07,-124.96000000000001,-36.1,10.57,-131.48
2025-08-08T16:06:59.791724,-7.0,67.0,-153.0,33.0,42.0,-87.0,-128.0,-61.0,-100.0,-132.0,-32.0,-139.0,-5.02,55.54,-137.62,17.6,11.75,-77.11,-121.64,-63.93,-83.96000000000001,-118.1,-70.43,-120.48
2025-08-08T16:06:59.797219,119.0,33.0,-170.0,30.0,-14.0,-160.0,-51.0,-28.0,-110.0,-116.0,132.0,-154.0,120.98,21.54,-154.62,14.6,-44.25,-150.11,-44.64,-30.93,-93.96000000000001,-102.1,93.57,-135.48
2025-08-08T16:06:59.803741,93.0,-62.0,-58.0,-16.0,29.0,-128.0,-67.0,-1.0,-184.0,-20.0,38.0,-152.0,94.98,-73.46000000000001,-42.62,-31.4,-1.25,-118.11,-60.64,-3.93,-167.96,-6.1,-0.4299999999999997,-133.48
2025-08-08T16:06:59.808077,-69.0,65.0,-120.0,39.0,-17.0,-54.0,17.0,-34.0,-150.0,-81.0,114.0,-101.0,-67.02,53.54,-104.62,23.6,-47.25,-44.11,23.36,-36.93,-133.96,-67.1,75.57,-82.48
2025-08-08T16:06:59.816131,63.0,6.0,-32.0,-24.0,-14.0,-111.0,-21.0,-59.0,-91.0,-62.0,3.0,-162.0,64.98,-5.460000000000001,-16.619999999999997,-39.4,-44.25,-101.11,-14.64,-61.93,-74.96000000000001,-48.1,-35.43,-143.48
2025-08-08T16:06:59.820613,39.0,43.0,-136.0,16.0,71.0,-161.0,-73.0,-144.0,-158.0,-39.0,29.0,-141.0,40.98,31.54,-120.62,0.5999999999999996,40.75,-151.11,-66.64,-146.93,-141.96,-25.1,-9.43,-122.48
2025-08-08T16:06:59.828525,-8.0,69.0,-209.0,24.0,7.0,-82.0,-18.0,37.0,-204.0,-109.0,48.0,-190.0,-6.02,57.54,-193.62,8.6,-23.25,-72.11,-11.64,34.07,-187.96,-95.1,9.57,-171.48
2025-08-08T16:06:59.835694,14.0,0.0,-131.0,49.0,-23.0,-153.0,-34.0,-44.0,-153.0,-29.0,61.0,-164.0,15.98,-11.46,-115.62,33.6,-53.25,-143.11,-27.64,-46.93,-136.96,-15.1,22.57,-145.48
2025-08-08T16:06:59.840071,39.0,-9.0,-90.0,35.0,-92.0,-172.0,-40.0,-32.0,-176.0,-45.0,102.0,-171.0,40.98,-20.46,-74.62,19.6,-122.25,-162.11,-33.64,-34.93,-159.96,-31.1,63.57,-152.48
2025-08-08T16:06:59.848115,49.0,71.0,-98.0,59.0,-5.0,-130.0,-50.0,-34.0,-143.0,-56.0,82.0,-41.0,50.98,59.54,-82.62,43.6,-35.25,-120.11,-43.64,-36.93,-126.96000000000001,-42.1,43.57,-22.48
2025-08-08T16:06:59.852309,-5.0,8.0,-152.0,130.0,14.0,-119.0,-99.0,-51.0,-126.0,-67.0,47.0,-54.0,-3.02,-3.460000000000001,-136.62,114.6,-16.25,-109.11,-92.64,-53.93,-109.96000000000001,-53.1,8.57,-35.480000000000004
2025-08-08T16:06:59.860067,72.0,9.0,-195.0,29.0,57.0,-161.0,-146.0,-19.0,-113.0,-50.0,57.0,-95.0,73.98,-2.460000000000001,-179.62,13.6,26.75,-151.11,-139.64,-21.93,-96.96000000000001,-36.1,18.57,-76.48
2025-08-08T16:06:59.865080,78.0,77.0,-197.0,42.0,4.0,-143.0,-91.0,-40.0,-166.0,-116.0,108.0,-141.0,79.98,65.53999999999999,-181.62,26.6,-26.25,-133.11,-84.64,-42.93,-149.96,-102.1,69.57,-122.48
2025-08-08T16:06:59.875807,13.0,19.0,-105.0,54.0,-17.0,-73.0,-44.0,15.0,-111.0,12.0,10.0,-158.0,14.98,7.539999999999999,-89.62,38.6,-47.25,-63.11,-37.64,12.07,-94.96000000000001,25.9,-28.43,-139.48
2025-08-08T16:06:59.878580,15.0,17.0,-104.0,30.0,-57.0,-124.0,-27.0,-43.0,-131.0,-44.0,11.0,-102.0,16.98,5.539999999999999,-88.62,14.6,-87.25,-114.11,-20.64,-45.93,-114.96000000000001,-30.1,-27.43,-83.48
2025-08-08T16:06:59.884672,65.0,66.0,-46.0,38.0,15.0,-114.0,-82.0,-16.0,-129.0,-111.0,-3.0,-111.0,66.98,54.54,-30.619999999999997,22.6,-15.25,-104.11,-75.64,-18.93,-112.96000000000001,-97.1,-41.43,-92.48
2025-08-08T16:06:59.889568,24.0,91.0,-105.0,68.0,-12.0,-85.0,-20.0,-45.0,-113.0,-113.0,96.0,-101.0,25.98,79.53999999999999,-89.62,52.6,-42.25,-75.11,-13.64,-47.93,-96.96000000000001,-99.1,57.57,-82.48
2025-08-08T16:06:59.896929,66.0,65.0,-136.0,95.0,-57.0,-63.0,-89.0,50.0,-88.0,24.0,94.0,-74.0,67.98,53.54,-120.62,79.6,-87.25,-53.11,-82.64,47.07,-71.96000000000001,37.9,55.57,-55.480000000000004
2025-08-08T16:06:59.901369,84.0,-49.0,-160.0,-6.0,11.0,-136.0,18.0,-53.0,-124.0,-29.0,65.0,-101.0,85.98,-60.46,-144.62,-21.4,-19.25,-126.11,24.36,-55.93,-107.96000000000001,-15.1,26.57,-82.48
2025-08-08T16:06:59.909194,19.0,50.0,-88.0,-69.0,41.0,-74.0,-14.0,-1.0,-100.0,-18.0,77.0,-117.0,20.98,38.54,-72.62,-84.4,10.75,-64.11,-7.64,-3.93,-83.96000000000001,-4.1,38.57,-98.48
2025-08-08T16:06:59.913586,14.0,3.0,-93.0,66.0,-21.0,-166.0,-35.0,-23.0,-143.0,1.0,100.0,-69.0,15.98,-8.46,-77.62,50.6,-51.25,-156.11,-28.64,-25.93,-126.96000000000001,14.9,61.57,-50.480000000000004
2025-08-08T16:06:59.921547,62.0,-20.0,-80.0,29.0,52.0,-85.0,25.0,0.0,-76.0,-92.0,62.0,-117.0,63.98,-31.46,-64.62,13.6,21.75,-75.11,31.36,-2.93,-59.96,-78.1,23.57,-98.48
2025-08-08T16:06:59.926121,3.0,26.0,-86.0,76.0,8.0,-164.0,-36.0,-66.0,-106.0,-61.0,100.0,-121.0,4.98,14.54,-70.62,60.6,-22.25,-154.11,-29.64,-68.93,-89.96000000000001,-47.1,61.57,-102.48
2025-08-08T16:06:59.933900,24.0,50.0,-190.0,84.0,-6.0,-74.0,-43.0,-6.0,-132.0,-79.0,37.0,-119.0,25.98,38.54,-174.62,68.6,-36.25,-64.11,-36.64,-8.93,-115.96000000000001,-65.1,-1.4299999999999997,-100.48
2025-08-08T16:06:59.939039,77.0,120.0,-142.0,22.0,13.0,-44.0,-10.0,41.0,-118.0,-15.0,87.0,-127.0,78.98,108.53999999999999,-126.62,6.6,-17.25,-34.11,-3.6399999999999997,38.07,-101.96000000000001,-1.0999999999999996,48.57,-108.48
2025-08-08T16:06:59.946155,0.0,22.0,-52.0,56.0,76.0,-15.0,-23.0,-43.0,-96.0,18.0,90.0,-139.0,1.98,10.54,-36.62,40.6,45.75,-5.109999999999999,-16.64,-45.93,-79.96000000000001,31.9,51.57,-120.48
2025-08-08T16:06:59.951256,21.0,22.0,-81.0,-20.0,29.0,-108.0,-25.0,8.0,-120.0,45.0,70.0,-110.0,22.98,10.54,-65.62,-35.4,-1.25,-98.11,-18.64,5.07,-103.96000000000001,58.9,31.57,-91.48
2025-08-08T16:06:59.958500,-61.0,29.0,-68.0,34.0,11.0,-16.0,-6.0,32.0,-71.0,-78.0,61.0,-107.0,-59.02,17.54,-52.62,18.6,-19.25,-6.109999999999999,0.3600000000000003,29.07,-54.96,-64.1,22.57,-88.48
2025-08-08T16:06:59.966463,6.0,70.0,-129.0,79.0,-18.0,-107.0,-135.0,16.0,-68.0,-118.0,77.0,-64.0,7.98,58.54,-113.62,63.6,-48.25,-97.11,-128.64,13.07,-51.96,-104.1,38.57,-45.480000000000004
2025-08-08T16:06:59.970919,13.0,69.0,-177.0,-18.0,-4.0,-113.0,-82.0,-12.0,-117.0,-47.0,135.0,-82.0,14.98,57.54,-161.62,-33.4,-34.25,-103.11,-75.64,-14.93,-100.96000000000001,-33.1,96.57,-63.480000000000004
2025-08-08T16:06:59.978876,-19.0,69.0,-159.0,5.0,17.0,-86.0,-31.0,20.0,-94.0,-5.0,72.0,-107.0,-17.02,57.54,-143.62,-10.4,-13.25,-76.11,-24.64,17.07,-77.96000000000001,8.9,33.57,-88.48
2025-08-08T16:06:59.983171,79.0,15.0,-108.0,47.0,17.0,-114.0,-20.0,-52.0,-152.0,-25.0,-40.0,-180.0,80.98,3.539999999999999,-92.62,31.6,-13.25,-104.11,-13.64,-54.93,-135.96,-11.1,-78.43,-161.48
2025-08-08T16:06:59.991079,53.0,-31.0,-64.0,-5.0,66.0,-73.0,-25.0,16.0,-139.0,13.0,112.0,-87.0,54.98,-42.46,-48.62,-20.4,35.75,-63.11,-18.64,13.07,-122.96000000000001,26.9,73.57,-68.48
2025-08-08T16:06:59.995228,18.0,0.0,-63.0,42.0,-20.0,-164.0,-55.0,42.0,-94.0,-41.0,6.0,-76.0,19.98,-11.46,-47.62,26.6,-50.25,-154.11,-48.64,39.07,-77.96000000000001,-27.1,-32.43,-57.480000000000004
2025-08-08T16:07:00.003500,-38.0,-62.0,-77.0,43.0,-36.0,-25.0,-18.0,-5.0,-89.0,-37.0,82.0,-79.0,-36.02,-73.46000000000001,-61.62,27.6,-66.25,-15.11,-11.64,-7.93,-72.96000000000001,-23.1,43.57,-60.480000000000004
2025-08-08T16:07:00.007737,-36.0,77.0,-20.0,9.0,49.0,-127.0,6.0,-13.0,-85.0,-75.0,64.0,-81.0,-34.02,65.53999999999999,-4.619999999999999,-6.4,18.75,-117.11,12.36,-15.93,-68.96000000000001,-61.1,25.57,-62.480000000000004
2025-08-08T16:07:00.015593,-16.0,51.0,12.0,96.0,16.0,-68.0,-43.0,-15.0,-107.0,-72.0,-20.0,-88.0,-14.02,39.54,27.380000000000003,80.6,-14.25,-58.11,-36.64,-17.93,-90.96000000000001,-58.1,-58.43,-69.48
2025-08-08T16:07:00.019966,-36.0,43.0,-88.0,53.0,4.0,-78.0,-6.0,-14.0,-70.0,-16.0,71.0,-83.0,-34.02,31.54,-72.62,37.6,-26.25,-68.11,0.3600000000000003,-16.93,-53.96,-2.0999999999999996,32.57,-64.48
2025-08-08T16:07:00.028043,-17.0,8.0,-52.0,15.0,-39.0,-89.0,-46.0,-17.0,-121.0,-28.0,58.0,-202.0,-15.02,-3.460000000000001,-36.62,-0.40000000000000036,-69.25,-79.11,-39.64,-19.93,-104.96000000000001,-14.1,19.57,-183.48
2025-08-08T16:07:00.032357,-36.0,48.0,-129.0,-20.0,62.0,-96.0,-17.0,-52.0,-80.0,-61.0,112.0,-57.0,-34.02,36.54,-113.62,-35.4,31.75,-86.11,-10.64,-54.93,-63.96,-47.1,73.57,-38.480000000000004
2025-08-08T16:07:00.040308,103.0,52.0,-61.0,31.0,-31.0,-83.0,-18.0,-54.0,-76.0,-31.0,83.0,-104.0,104.98,40.54,-45.62,15.6,-61.25,-73.11,-11.64,-56.93,-59.96,-17.1,44.57,-85.48
2025-08-08T16:07:00.044499,-33.0,25.0,-94.0,35.0,2.0,-107.0,-2.0,29.0,-103.0,-9.0,15.0,-58.0,-31.02,13.54,-78.62,19.6,-28.25,-97.11,4.36,26.07,-86.96000000000001,4.9,-23.43,-39.480000000000004
2025-08-08T16:07:00.052676,17.0,1.0,-42.0,21.0,31.0,-72.0,-90.0,-35.0,-73.0,-50.0,55.0,-55.0,18.98,-10.46,-26.619999999999997,5.6,0.75,-62.11,-83.64,-37.93,-56.96,-36.1,16.57,-36.480000000000004
2025-08-08T16:07:00.058141,-9.0,-30.0,-45.0,12.0,3.0,-101.0,-66.0,41.0,-149.0,-98.0,46.0,8.0,-7.02,-41.46,-29.619999999999997,-3.4000000000000004,-27.25,-91.11,-59.64,38.07,-132.96,-84.1,7.57,26.52
2025-08-08T16:07:00.064785,44.0,21.0,-105.0,52.0,14.0,-1.0,63.0,65.0,-113.0,-40.0,85.0,-25.0,45.98,9.54,-89.62,36.6,-16.25,8.89,69.36,62.07,-96.96000000000001,-26.1,46.57,-6.48
2025-08-08T16:07:00.069389,71.0,-42.0,-15.0,29.0,-26.0,-70.0,-6.0,-5.0,-93.0,-56.0,118.0,-116.0,72.98,-53.46,0.3800000000000008,13.6,-56.25,-60.11,0.3600000000000003,-7.93,-76.96000000000001,-42.1,79.57,-97.48
2025-08-08T16:07:00.077254,6.0,18.0,-56.0,81.0,83.0,-30.0,44.0,46.0,-25.0,-24.0,113.0,-103.0,7.98,6.539999999999999,-40.62,65.6,52.75,-20.11,50.36,43.07,-8.96,-10.1,74.57,-84.48
2025-08-08T16:07:00.081866,-4.0,0.0,-46.0,40.0,54.0,-82.0,-58.0,-5.0,-22.0,19.0,119.0,-45.0,-2.02,-11.46,-30.619999999999997,24.6,23.75,-72.11,-51.64,-7.93,-5.960000000000001,32.9,80.57,-26.48
2025-08-08T16:07:00.089272,45.0,49.0,-39.0,23.0,61.0,-59.0,-6.0,44.0,-95.0,-13.0,2.0,-153.0,46.98,37.54,-23.619999999999997,7.6,30.75,-49.11,0.3600000000000003,41.07,-78.96000000000001,0.9000000000000004,-36.43,-134.48
2025-08-08T16:07:00.093633,77.0,44.0,-115.0,49.0,19.0,-84.0,13.0,0.0,-40.0,-24.0,2.0,-87.0,78.98,32.54,-99.62,33.6,-11.25,-74.11,19.36,-2.93,-23.96,-10.1,-36.43,-68.48
2025-08-08T16:07:00.097865,-62.0,67.0,-32.0,3.0,60.0,-66.0,14.0,14.0,-77.0,7.0,69.0,-51.0,-60.02,55.54,-16.619999999999997,-12.4,29.75,-56.11,20.36,11.07,-60.96,20.9,30.57,-32.480000000000004
2025-08-08T16:07:00.106323,-32.0,25.0,-7.0,56.0,7.0,-58.0,-46.0,52.0,-51.0,28.0,-14.0,-55.0,-30.02,13.54,8.38,40.6,-23.25,-48.11,-39.64,49.07,-34.96,41.9,-52.43,-36.480000000000004
2025-08-08T16:07:00.110336,-31.0,65.0,-104.0,20.0,-23.0,-25.0,2.0,7.0,-56.0,12.0,-33.0,-20.0,-29.02,53.54,-88.62,4.6,-53.25,-15.11,8.36,4.07,-39.96,25.9,-71.43,-1.4800000000000004
2025-08-08T16:07:00.118596,23.0,43.0,-51.0,77.0,13.0,-20.0,14.0,38.0,-153.0,11.0,59.0,-61.0,24.98,31.54,-35.62,61.6,-17.25,-10.11,20.36,35.07,-136.96,24.9,20.57,-42.480000000000004
2025-08-08T16:07:00.123212,43.0,7.0,-38.0,66.0,-15.0,-65.0,5.0,-33.0,-74.0,-4.0,-10.0,-89.0,44.98,-4.460000000000001,-22.619999999999997,50.6,-45.25,-55.11,11.36,-35.93,-57.96,9.9,-48.43,-70.48
2025-08-08T16:07:00.130723,51.0,43.0,-89.0,40.0,-36.0,0.0,-33.0,61.0,-76.0,-39.0,29.0,-48.0,52.98,31.54,-73.62,24.6,-66.25,9.89,-26.64,58.07,-59.96,-25.1,-9.43,-29.48
2025-08-08T16:07:00.135041,84.0,60.0,-115.0,-9.0,62.0,-95.0,50.0,-45.0,-39.0,-3.0,58.0,-37.0,85.98,48.54,-99.62,-24.4,31.75,-85.11,56.36,-47.93,-22.96,10.9,19.57,-18.48
2025-08-08T16:07:00.143062,50.0,6.0,-107.0,27.0,80.0,-20.0,-2.0,-5.0,-63.0,-39.0,-12.0,-63.0,51.98,-5.460000000000001,-91.62,11.6,49.75,-10.11,4.36,-7.93,-46.96,-25.1,-50.43,-44.480000000000004
2025-08-08T16:07:00.148847,37.0,113.0,-112.0,71.0,58.0,-45.0,-69.0,-77.0,-64.0,-33.0,59.0,-49.0,38.98,101.53999999999999,-96.62,55.6,27.75,-35.11,-62.64,-79.93,-47.96,-19.1,20.57,-30.48
2025-08-08T16:07:00.156227,45.0,50.0,-84.0,55.0,41.0,-117.0,-56.0,-52.0,-73.0,-40.0,40.0,-90.0,46.98,38.54,-68.62,39.6,10.75,-107.11,-49.64,-54.93,-56.96,-26.1,1.5700000000000003,-71.48
2025-08-08T16:07:00.160982,92.0,9.0,12.0,-2.0,36.0,-35.0,-14.0,1.0,-60.0,-7.0,15.0,-107.0,93.98,-2.460000000000001,27.380000000000003,-17.4,5.75,-25.11,-7.64,-1.9300000000000002,-43.96,6.9,-23.43,-88.48
2025-08-08T16:07:00.168398,-17.0,56.0,-33.0,18.0,-58.0,-21.0,-35.0,-41.0,-43.0,-40.0,0.0,-84.0,-15.02,44.54,-17.619999999999997,2.5999999999999996,-88.25,-11.11,-28.64,-43.93,-26.96,-26.1,-38.43,-65.48
2025-08-08T16:07:00.172016,76.0,-5.0,2.0,11.0,12.0,-131.0,-6.0,42.0,-62.0,24.0,75.0,-41.0,77.98,-16.46,17.380000000000003,-4.4,-18.25,-121.11,0.3600000000000003,39.07,-45.96,37.9,36.57,-22.48
2025-08-08T16:07:00.180008,12.0,16.0,30.0,26.0,27.0,-64.0,-36.0,-16.0,-27.0,-50.0,44.0,-141.0,13.98,4.539999999999999,45.38,10.6,-3.25,-54.11,-29.64,-18.93,-10.96,-36.1,5.57,-122.48
2025-08-08T16:07:00.184255,28.0,73.0,-15.0,-14.0,15.0,-63.0,-62.0,-3.0,-91.0,34.0,42.0,-119.0,29.98,61.54,0.3800000000000008,-29.4,-15.25,-53.11,-55.64,-5.93,-74.96000000000001,47.9,3.5700000000000003,-100.48
2025-08-08T16:07:00.192066,-39.0,40.0,-13.0,59.0,-32.0,-40.0,-48.0,49.0,-83.0,-58.0,-30.0,-52.0,-37.02,28.54,2.380000000000001,43.6,-62.25,-30.11,-41.64,46.07,-66.96000000000001,-44.1,-68.43,-33.480000000000004
2025-08-08T16:07:00.196386,-10.0,23.0,-55.0,1.0,-59.0,-23.0,-3.0,-65.0,-86.0,-22.0,82.0,-42.0,-8.02,11.54,-39.62,-14.4,-89.25,-13.11,3.3600000000000003,-67.93,-69.96000000000001,-8.1,43.57,-23.48
2025-08-08T16:07:00.204243,33.0,66.0,-80.0,54.0,2.0,-75.0,1.0,19.0,-134.0,-31.0,48.0,-84.0,34.98,54.54,-64.62,38.6,-28.25,-65.11,7.36,16.07,-117.96000000000001,-17.1,9.57,-65.48
2025-08-08T16:07:00.208667,-4.0,24.0,4.0,13.0,8.0,-101.0,7.0,-22.0,1.0,-57.0,35.0,-25.0,-2.02,12.54,19.380000000000003,-2.4000000000000004,-22.25,-91.11,13.36,-24.93,17.04,-43.1,-3.4299999999999997,-6.48
2025-08-08T16:07:00.216621,11.0,80.0,-29.0,-10.0,69.0,-88.0,-11.0,-5.0,-72.0,-21.0,84.0,-73.0,12.98,68.53999999999999,-13.62,-25.4,38.75,-78.11,-4.64,-7.93,-55.96,-7.1,45.57,-54.480000000000004
2025-08-08T16:07:00.221144,-25.0,49.0,-73.0,28.0,33.0,-17.0,-51.0,48.0,-10.0,27.0,74.0,-50.0,-23.02,37.54,-57.62,12.6,2.75,-7.109999999999999,-44.64,45.07,6.039999999999999,40.9,35.57,-31.48
2025-08-08T16:07:00.229661,15.0,31.0,-32.0,89.0,43.0,-101.0,-17.0,33.0,-100.0,-51.0,64.0,-108.0,16.98,19.54,-16.619999999999997,73.6,12.75,-91.11,-10.64,30.07,-83.96000000000001,-37.1,25.57,-89.48
2025-08-08T16:07:00.234165,-41.0,-28.0,-59.0,-35.0,31.0,-57.0,-64.0,57.0,-57.0,69.0,87.0,-72.0,-39.02,-39.46,-43.62,-50.4,0.75,-47.11,-57.64,54.07,-40.96,82.9,48.57,-53.480000000000004
2025-08-08T16:07:00.241245,111.0,34.0,-30.0,12.0,5.0,15.0,27.0,20.0,-92.0,-5.0,-5.0,-132.0,112.98,22.54,-14.62,-3.4000000000000004,-25.25,24.89,33.36,17.07,-75.96000000000001,8.9,-43.43,-113.48
2025-08-08T16:07:00.248488,-7.0,49.0,-87.0,-14.0,21.0,-47.0,29.0,32.0,-54.0,-43.0,12.0,-36.0,-5.02,37.54,-71.62,-29.4,-9.25,-37.11,35.36,29.07,-37.96,-29.1,-26.43,-17.48
2025-08-08T16:07:00.256558,56.0,5.0,-35.0,13.0,-32.0,-26.0,-10.0,5.0,-59.0,-20.0,36.0,14.0,57.98,-6.460000000000001,-19.619999999999997,-2.4000000000000004,-62.25,-16.11,-3.6399999999999997,2.07,-42.96,-6.1,-2.4299999999999997,32.519999999999996
2025-08-08T16:07:00.262259,-92.0,-27.0,-83.0,65.0,-17.0,-70.0,28.0,38.0,-39.0,19.0,29.0,-41.0,-90.02,-38.46,-67.62,49.6,-47.25,-60.11,34.36,35.07,-22.96,32.9,-9.43,-22.48
2025-08-08T16:07:00.266988,14.0,100.0,-37.0,99.0,-7.0,28.0,41.0,-49.0,-37.0,-66.0,115.0,-50.0,15.98,88.53999999999999,-21.619999999999997,83.6,-37.25,37.89,47.36,-51.93,-20.96,-52.1,76.57,-31.48
2025-08-08T16:07:00.270041,-29.0,74.0,-73.0,14.0,-9.0,-45.0,-41.0,43.0,-64.0,-13.0,13.0,-57.0,-27.02,62.54,-57.62,-1.4000000000000004,-39.25,-35.11,-34.64,40.07,-47.96,0.9000000000000004,-25.43,-38.480000000000004
2025-08-08T16:07:00.278573,18.0,72.0,-80.0,9.0,19.0,-14.0,-15.0,-10.0,-45.0,18.0,74.0,-68.0,19.98,60.54,-64.62,-6.4,-11.25,-4.109999999999999,-8.64,-12.93,-28.96,31.9,35.57,-49.480000000000004
2025-08-08T16:07:00.282673,-6.0,91.0,-71.0,13.0,66.0,-44.0,-10.0,41.0,-84.0,2.0,64.0,-30.0,-4.02,79.53999999999999,-55.62,-2.4000000000000004,35.75,-34.11,-3.6399999999999997,38.07,-67.96000000000001,15.9,25.57,-11.48
2025-08-08T16:07:00.292299,-16.0,22.0,-113.0,36.0,74.0,-71.0,-63.0,5.0,-52.0,44.0,92.0,-89.0,-14.02,10.54,-97.62,20.6,43.75,-61.11,-56.64,2.07,-35.96,57.9,53.57,-70.48
2025-08-08T16:07:00.297440,96.0,74.0,-1.0,26.0,37.0,23.0,84.0,-14.0,-72.0,-26.0,87.0,-25.0,97.98,62.54,14.38,10.6,6.75,32.89,90.36,-16.93,-55.96,-12.1,48.57,-6.48
2025-08-08T16:07:00.302302,28.0,63.0,-6.0,20.0,32.0,-59.0,-2.0,87.0,-139.0,-2.0,77.0,-76.0,29.98,51.54,9.38,4.6,1.75,-49.11,4.36,84.07,-122.96000000000001,11.9,38.57,-57.480000000000004
2025-08-08T16:07:00.307075,31.0,16.0,-109.0,99.0,14.0,-93.0,55.0,13.0,-104.0,-60.0,33.0,-128.0,32.98,4.539999999999999,-93.62,83.6,-16.25,-83.11,61.36,10.07,-87.96000000000001,-46.1,-5.43,-109.48
2025-08-08T16:07:00.314872,12.0,-38.0,-44.0,-64.0,24.0,-77.0,-13.0,15.0,-68.0,-32.0,14.0,-17.0,13.98,-49.46,-28.619999999999997,-79.4,-6.25,-67.11,-6.64,12.07,-51.96,-18.1,-24.43,1.5199999999999996
2025-08-08T16:07:00.319267,63.0,-26.0,8.0,42.0,108.0,-24.0,30.0,-42.0,-44.0,-14.0,-6.0,5.0,64.98,-37.46,23.380000000000003,26.6,77.75,-14.11,36.36,-44.93,-27.96,-0.09999999999999964,-44.43,23.52
2025-08-08T16:07:00.327144,-10.0,-3.0,-37.0,-11.0,-16.0,-20.0,-43.0,-18.0,-120.0,-38.0,15.0,-4.0,-8.02,-14.46,-21.619999999999997,-26.4,-46.25,-10.11,-36.64,-20.93,-103.96000000000001,-24.1,-23.43,14.52
2025-08-08T16:07:00.331686,24.0,-33.0,-28.0,35.0,31.0,-18.0,-92.0,-29.0,-27.0,-1.0,63.0,-10.0,25.98,-44.46,-12.62,19.6,0.75,-8.11,-85.64,-31.93,-10.96,12.9,24.57,8.52
2025-08-08T16:07:00.339483,-26.0,-20.0,10.0,45.0,26.0,-75.0,-16.0,-15.0,-56.0,-81.0,94.0,-50.0,-24.02,-31.46,25.380000000000003,29.6,-4.25,-65.11,-9.64,-17.93,-39.96,-67.1,55.57,-31.48
2025-08-08T16:07:00.343786,-69.0,15.0,-41.0,44.0,-25.0,-30.0,-8.0,82.0,-87.0,21.0,86.0,2.0,-67.02,3.539999999999999,-25.619999999999997,28.6,-55.25,-20.11,-1.6399999999999997,79.07,-70.96000000000001,34.9,47.57,20.52
2025-08-08T16:07:00.351836,-25.0,41.0,-33.0,-29.0,-25.0,-57.0,-26.0,37.0,-84.0,-2.0,93.0,-47.0,-23.02,29.54,-17.619999999999997,-44.4,-55.25,-47.11,-19.64,34.07,-67.96000000000001,11.9,54.57,-28.48
2025-08-08T16:07:00.356365,-3.0,20.0,-86.0,29.0,7.0,-33.0,8.0,-26.0,-28.0,-57.0,37.0,-57.0,-1.02,8.54,-70.62,13.6,-23.25,-23.11,14.36,-28.93,-11.96,-43.1,-1.4299999999999997,-38.480000000000004
2025-08-08T16:07:00.363784,3.0,32.0,-10.0,31.0,64.0,-42.0,9.0,6.0,-98.0,-21.0,2.0,-90.0,4.98,20.54,5.380000000000001,15.6,33.75,-32.11,15.36,3.07,-81.96000000000001,-7.1,-36.43,-71.48
2025-08-08T16:07:00.368336,7.0,-7.0,-27.0,60.0,65.0,-99.0,26.0,-1.0,-43.0,12.0,93.0,-55.0,8.98,-18.46,-11.62,44.6,34.75,-89.11,32.36,-3.93,-26.96,25.9,54.57,-36.480000000000004
2025-08-08T16:07:00.376125,-82.0,63.0,-37.0,-94.0,69.0,-44.0,13.0,-49.0,-134.0,32.0,17.0,-22.0,-80.02,51.54,-21.619999999999997,-109.4,38.75,-34.11,19.36,-51.93,-117.96000000000001,45.9,-21.43,-3.4800000000000004
2025-08-08T16:07:00.381278,-18.0,-1.0,-38.0,62.0,30.0,-42.0,77.0,-22.0,-62.0,6.0,58.0,4.0,-16.02,-12.46,-22.619999999999997,46.6,-0.25,-32.11,83.36,-24.93,-45.96,19.9,19.57,22.52
2025-08-08T16:07:00.388258,-1.0,-21.0,-49.0,3.0,48.0,-32.0,-1.0,-42.0,-26.0,-22.0,-5.0,-33.0,0.98,-32.46,-33.62,-12.4,17.75,-22.11,5.36,-44.93,-9.96,-8.1,-43.43,-14.48
2025-08-08T16:07:00.393532,-54.0,11.0,-46.0,73.0,6.0,-77.0,57.0,-58.0,-34.0,-2.0,-14.0,-50.0,-52.02,-0.46000000000000085,-30.619999999999997,57.6,-24.25,-67.11,63.36,-60.93,-17.96,11.9,-52.43,-31.48
2025-08-08T16:07:00.397400,-73.0,38.0,-20.0,-8.0,-7.0,8.0,-37.0,-12.0,-78.0,18.0,52.0,-40.0,-71.02,26.54,-4.619999999999999,-23.4,-37.25,17.89,-30.64,-14.93,-61.96,31.9,13.57,-21.48
2025-08-08T16:07:00.405037,-16.0,14.0,-61.0,39.0,85.0,2.0,-62.0,-68.0,-49.0,-52.0,18.0,-22.0,-14.02,2.539999999999999,-45.62,23.6,54.75,11.89,-55.64,-70.93,-32.96,-38.1,-20.43,-3.4800000000000004
2025-08-08T16:07:00.410776,-35.0,32.0,-76.0,25.0,77.0,17.0,-15.0,-36.0,2.0,-35.0,33.0,-11.0,-33.02,20.54,-60.62,9.6,46.75,26.89,-8.64,-38.93,18.04,-21.1,-5.43,7.52
2025-08-08T16:07:00.417747,-36.0,23.0,-15.0,14.0,61.0,25.0,0.0,-26.0,-77.0,-63.0,-26.0,-70.0,-34.02,11.54,0.3800000000000008,-1.4000000000000004,30.75,34.89,6.36,-28.93,-60.96,-49.1,-64.43,-51.480000000000004
2025-08-08T16:07:00.423028,-43.0,36.0,-152.0,-17.0,-10.0,14.0,13.0,21.0,-96.0,-62.0,46.0,-26.0,-41.02,24.54,-136.62,-32.4,-40.25,23.89,19.36,18.07,-79.96000000000001,-48.1,7.57,-7.48
2025-08-08T16:07:00.429816,60.0,44.0,-64.0,8.0,43.0,47.0,-42.0,1.0,-11.0,4.0,-15.0,-35.0,61.98,32.54,-48.62,-7.4,12.75,56.89,-35.64,-1.9300000000000002,5.039999999999999,17.9,-53.43,-16.48
2025-08-08T16:07:00.434480,10.0,67.0,-35.0,33.0,75.0,-23.0,18.0,-41.0,-22.0,-49.0,30.0,22.0,11.98,55.54,-19.619999999999997,17.6,44.75,-13.11,24.36,-43.93,-5.960000000000001,-35.1,-8.43,40.519999999999996
2025-08-08T16:07:00.442308,4.0,33.0,-83.0,56.0,55.0,-16.0,6.0,14.0,-53.0,-29.0,64.0,-88.0,5.98,21.54,-67.62,40.6,24.75,-6.109999999999999,12.36,11.07,-36.96,-15.1,25.57,-69.48
2025-08-08T16:07:00.446978,48.0,0.0,-42.0,-35.0,78.0,-13.0,-22.0,37.0,-47.0,-36.0,60.0,-56.0,49.98,-11.46,-26.619999999999997,-50.4,47.75,-3.1099999999999994,-15.64,34.07,-30.96,-22.1,21.57,-37.480000000000004
2025-08-08T16:07:00.454535,28.0,21.0,-2.0,1.0,13.0,-92.0,-17.0,40.0,-39.0,-17.0,23.0,-89.0,29.98,9.54,13.38,-14.4,-17.25,-82.11,-10.64,37.07,-22.96,-3.0999999999999996,-15.43,-70.48
2025-08-08T16:07:00.458413,2.0,19.0,-1.0,-5.0,10.0,-37.0,14.0,38.0,-30.0,11.0,58.0,-47.0,3.98,7.539999999999999,14.38,-20.4,-20.25,-27.11,20.36,35.07,-13.96,24.9,19.57,-28.48
2025-08-08T16:07:00.466464,52.0,35.0,-14.0,45.0,14.0,-16.0,-65.0,49.0,-26.0,-2.0,53.0,-77.0,53.98,23.54,1.3800000000000008,29.6,-16.25,-6.109999999999999,-58.64,46.07,-9.96,11.9,14.57,-58.480000000000004
2025-08-08T16:07:00.470775,39.0,-72.0,-40.0,6.0,43.0,28.0,6.0,12.0,-65.0,-36.0,23.0,-86.0,40.98,-83.46000000000001,-24.619999999999997,-9.4,12.75,37.89,12.36,9.07,-48.96,-22.1,-15.43,-67.48
2025-08-08T16:07:00.478790,-25.0,33.0,-8.0,26.0,-10.0,-73.0,30.0,12.0,-103.0,-7.0,50.0,-30.0,-23.02,21.54,7.380000000000001,10.6,-40.25,-63.11,36.36,9.07,-86.96000000000001,6.9,11.57,-11.48
2025-08-08T16:07:00.483331,-15.0,32.0,-24.0,53.0,38.0,14.0,-58.0,-41.0,-78.0,16.0,76.0,-26.0,-13.02,20.54,-8.62,37.6,7.75,23.89,-51.64,-43.93,-61.96,29.9,37.57,-7.48
2025-08-08T16:07:00.491109,-22.0,-22.0,-33.0,24.0,0.0,16.0,-2.0,-53.0,-8.0,2.0,-33.0,-17.0,-20.02,-33.46,-17.619999999999997,8.6,-30.25,25.89,4.36,-55.93,8.04,15.9,-71.43,1.5199999999999996
2025-08-08T16:07:00.495415,-58.0,-69.0,-63.0,53.0,-5.0,-60.0,-26.0,7.0,-17.0,24.0,66.0,-15.0,-56.02,-80.46000000000001,-47.62,37.6,-35.25,-50.11,-19.64,4.07,-0.9600000000000009,37.9,27.57,3.5199999999999996
2025-08-08T16:07:00.503323,-11.0,38.0,-15.0,1.0,100.0,36.0,-38.0,-19.0,-64.0,-7.0,77.0,17.0,-9.02,26.54,0.3800000000000008,-14.4,69.75,45.89,-31.64,-21.93,-47.96,6.9,38.57,35.519999999999996
2025-08-08T16:07:00.507554,-26.0,82.0,-57.0,7.0,82.0,11.0,-54.0,-2.0,-59.0,40.0,-16.0,-7.0,-24.02,70.53999999999999,-41.62,-8.4,51.75,20.89,-47.64,-4.93,-42.96,53.9,-54.43,11.52
2025-08-08T16:07:00.515524,54.0,-33.0,2.0,-40.0,-6.0,-11.0,15.0,-33.0,-6.0,16.0,25.0,-105.0,55.98,-44.46,17.380000000000003,-55.4,-36.25,-1.1099999999999994,21.36,-35.93,10.04,29.9,-13.43,-86.48
2025-08-08T16:07:00.520050,-40.0,59.0,78.0,-64.0,-28.0,-47.0,-13.0,-24.0,-50.0,26.0,109.0,-22.0,-38.02,47.54,93.38,-79.4,-58.25,-37.11,-6.64,-26.93,-33.96,39.9,70.57,-3.4800000000000004
2025-08-08T16:07:00.527641,-94.0,83.0,-39.0,27.0,8.0,42.0,-18.0,12.0,0.0,26.0,13.0,-2.0,-92.02,71.53999999999999,-23.619999999999997,11.6,-22.25,51.89,-11.64,9.07,16.04,39.9,-25.43,16.52
2025-08-08T16:07:00.533682,-37.0,26.0,-28.0,-49.0,-25.0,17.0,-85.0,-24.0,-52.0,-43.0,94.0,-13.0,-35.02,14.54,-12.62,-64.4,-55.25,26.89,-78.64,-26.93,-35.96,-29.1,55.57,5.52
2025-08-08T16:07:00.540046,-33.0,10.0,-43.0,-7.0,41.0,-50.0,-62.0,117.0,-15.0,-50.0,23.0,6.0,-31.02,-1.4600000000000009,-27.619999999999997,-22.4,10.75,-40.11,-55.64,114.07,1.0399999999999991,-36.1,-15.43,24.52
2025-08-08T16:07:00.545334,66.0,-16.0,-20.0,18.0,-59.0,-13.0,30.0,51.0,-70.0,-27.0,70.0,-24.0,67.98,-27.46,-4.619999999999999,2.5999999999999996,-89.25,-3.1099999999999994,36.36,48.07,-53.96,-13.1,31.57,-5.48
2025-08-08T16:07:00.552321,-59.0,-49.0,-68.0,108.0,54.0,-28.0,50.0,42.0,-59.0,-64.0,100.0,-110.0,-57.02,-60.46,-52.62,92.6,23.75,-18.11,56.36,39.07,-42.96,-50.1,61.57,-91.48
2025-08-08T16:07:00.557782,10.0,20.0,-46.0,31.0,17.0,-57.0,0.0,59.0,-74.0,9.0,75.0,-37.0,11.98,8.54,-30.619999999999997,15.6,-13.25,-47.11,6.36,56.07,-57.96,22.9,36.57,-18.48
2025-08-08T16:07:00.564495,22.0,-10.0,33.0,8.0,13.0,-17.0,14.0,0.0,-1.0,66.0,68.0,-33.0,23.98,-21.46,48.38,-7.4,-17.25,-7.109999999999999,20.36,-2.93,15.04,79.9,29.57,-14.48
2025-08-08T16:07:00.569461,25.0,-30.0,-2.0,4.0,55.0,-55.0,48.0,-6.0,-30.0,-3.0,38.0,-35.0,26.98,-41.46,13.38,-11.4,24.75,-45.11,54.36,-8.93,-13.96,10.9,-0.4299999999999997,-16.48
2025-08-08T16:07:00.576821,-33.0,22.0,38.0,4.0,29.0,-50.0,-40.0,21.0,-14.0,-12.0,56.0,20.0,-31.02,10.54,53.38,-11.4,-1.25,-40.11,-33.64,18.07,2.039999999999999,1.9000000000000004,17.57,38.519999999999996
2025-08-08T16:07:00.581539,-121.0,22.0,-22.0,10.0,74.0,-10.0,12.0,-44.0,56.0,-48.0,-59.0,-35.0,-119.02,10.54,-6.619999999999999,-5.4,43.75,-0.10999999999999943,18.36,-46.93,72.03999999999999,-34.1,-97.43,-16.48
2025-08-08T16:07:00.589762,-56.0,-20.0,0.0,20.0,36.0,-49.0,-41.0,-29.0,27.0,27.0,44.0,-37.0,-54.02,-31.46,15.38,4.6,5.75,-39.11,-34.64,-31.93,43.04,40.9,5.57,-18.48
2025-08-08T16:07:00.593464,-113.0,83.0,-4.0,1.0,85.0,-27.0,7.0,33.0,-2.0,-40.0,8.0,-1.0,-111.02,71.53999999999999,11.38,-14.4,54.75,-17.11,13.36,30.07,14.04,-26.1,-30.43,17.52
2025-08-08T16:07:00.601554,-92.0,4.0,-53.0,-11.0,62.0,-31.0,-22.0,21.0,-35.0,-9.0,-52.0,-15.0,-90.02,-7.460000000000001,-37.62,-26.4,31.75,-21.11,-15.64,18.07,-18.96,4.9,-90.43,3.5199999999999996
2025-08-08T16:07:00.605848,86.0,-34.0,-108.0,50.0,71.0,21.0,1.0,88.0,-10.0,-36.0,-2.0,16.0,87.98,-45.46,-92.62,34.6,40.75,30.89,7.36,85.07,6.039999999999999,-22.1,-40.43,34.519999999999996
2025-08-08T16:07:00.613608,-12.0,2.0,-36.0,27.0,79.0,-88.0,-34.0,-78.0,-21.0,5.0,15.0,-25.0,-10.02,-9.46,-20.619999999999997,11.6,48.75,-78.11,-27.64,-80.93,-4.960000000000001,18.9,-23.43,-6.48
2025-08-08T16:07:00.618294,42.0,14.0,1.0,18.0,44.0,3.0,-36.0,65.0,-87.0,-54.0,52.0,-35.0,43.98,2.539999999999999,16.380000000000003,2.5999999999999996,13.75,12.89,-29.64,62.07,-70.96000000000001,-40.1,13.57,-16.48
2025-08-08T16:07:00.623347,23.0,1.0,-44.0,49.0,62.0,4.0,-31.0,-20.0,-78.0,0.0,59.0,-69.0,24.98,-10.46,-28.619999999999997,33.6,31.75,13.89,-24.64,-22.93,-61.96,13.9,20.57,-50.480000000000004
2025-08-08T16:07:00.630347,-14.0,39.0,-32.0,-38.0,56.0,5.0,-44.0,1.0,-16.0,-70.0,82.0,13.0,-12.02,27.54,-16.619999999999997,-53.4,25.75,14.89,-37.64,-1.9300000000000002,0.03999999999999915,-56.1,43.57,31.52
2025-08-08T16:07:00.635596,-40.0,56.0,-23.0,34.0,22.0,-105.0,-2.0,55.0,-30.0,-27.0,57.0,-6.0,-38.02,44.54,-7.619999999999999,18.6,-8.25,-95.11,4.36,52.07,-13.96,-13.1,18.57,12.52
2025-08-08T16:07:00.642594,27.0,5.0,-68.0,12.0,81.0,-47.0,-20.0,-35.0,-91.0,-61.0,17.0,-7.0,28.98,-6.460000000000001,-52.62,-3.4000000000000004,50.75,-37.11,-13.64,-37.93,-74.96000000000001,-47.1,-21.43,11.52
2025-08-08T16:07:00.648115,18.0,-7.0,-75.0,4.0,3.0,-3.0,32.0,-9.0,-62.0,-67.0,44.0,-16.0,19.98,-18.46,-59.62,-11.4,-27.25,6.890000000000001,38.36,-11.93,-45.96,-53.1,5.57,2.5199999999999996
2025-08-08T16:07:00.654924,-15.0,-17.0,-33.0,53.0,27.0,-48.0,-27.0,-3.0,-74.0,46.0,53.0,-77.0,-13.02,-28.46,-17.619999999999997,37.6,-3.25,-38.11,-20.64,-5.93,-57.96,59.9,14.57,-58.480000000000004
2025-08-08T16:07:00.660587,54.0,-19.0,-36.0,26.0,39.0,-23.0,-38.0,31.0,-53.0,23.0,99.0,-20.0,55.98,-30.46,-20.619999999999997,10.6,8.75,-13.11,-31.64,28.07,-36.96,36.9,60.57,-1.4800000000000004
2025-08-08T16:07:00.667155,28.0,-15.0,-34.0,63.0,-30.0,-22.0,-28.0,-71.0,-31.0,33.0,19.0,-43.0,29.98,-26.46,-18.619999999999997,47.6,-60.25,-12.11,-21.64,-73.93,-14.96,46.9,-19.43,-24.48
2025-08-08T16:07:00.672670,4.0,-45.0,27.0,-113.0,56.0,-14.0,41.0,46.0,-33.0,79.0,45.0,-31.0,5.98,-56.46,42.38,-128.4,25.75,-4.109999999999999,47.36,43.07,-16.96,92.9,6.57,-12.48
2025-08-08T16:07:00.679390,-51.0,20.0,44.0,-10.0,42.0,-32.0,3.0,-78.0,-30.0,56.0,13.0,-60.0,-49.02,8.54,59.38,-25.4,11.75,-22.11,9.36,-80.93,-13.96,69.9,-25.43,-41.480000000000004
2025-08-08T16:07:00.684895,-35.0,95.0,-81.0,59.0,36.0,23.0,31.0,17.0,-29.0,-26.0,6.0,26.0,-33.02,83.53999999999999,-65.62,43.6,5.75,32.89,37.36,14.07,-12.96,-12.1,-32.43,44.519999999999996
2025-08-08T16:07:00.691760,42.0,-30.0,7.0,13.0,79.0,-11.0,-60.0,56.0,5.0,-56.0,13.0,39.0,43.98,-41.46,22.380000000000003,-2.4000000000000004,48.75,-1.1099999999999994,-53.64,53.07,21.04,-42.1,-25.43,57.519999999999996
2025-08-08T16:07:00.697246,-51.0,60.0,17.0,10.0,-5.0,-1.0,-4.0,-22.0,-27.0,-27.0,32.0,-3.0,-49.02,48.54,32.38,-5.4,-35.25,8.89,2.3600000000000003,-24.93,-10.96,-13.1,-6.43,15.52
2025-08-08T16:07:00.703811,6.0,67.0,-37.0,68.0,74.0,23.0,-9.0,9.0,-79.0,7.0,100.0,-18.0,7.98,55.54,-21.619999999999997,52.6,43.75,32.89,-2.6399999999999997,6.07,-62.96,20.9,61.57,0.5199999999999996
2025-08-08T16:07:00.708405,25.0,13.0,-42.0,63.0,11.0,29.0,-8.0,-62.0,-73.0,-58.0,-27.0,-22.0,26.98,1.5399999999999991,-26.619999999999997,47.6,-19.25,38.89,-1.6399999999999997,-64.93,-56.96,-44.1,-65.43,-3.4800000000000004
2025-08-08T16:07:00.716207,-62.0,-26.0,-50.0,22.0,54.0,-4.0,35.0,25.0,4.0,-1.0,-14.0,-45.0,-60.02,-37.46,-34.62,6.6,23.75,5.890000000000001,41.36,22.07,20.04,12.9,-52.43,-26.48
2025-08-08T16:07:00.720731,-53.0,-20.0,-47.0,32.0,46.0,-2.0,61.0,43.0,-51.0,-29.0,35.0,-22.0,-51.02,-31.46,-31.619999999999997,16.6,15.75,7.890000000000001,67.36,40.07,-34.96,-15.1,-3.4299999999999997,-3.4800000000000004
2025-08-08T16:07:00.728373,-37.0,37.0,-45.0,31.0,87.0,-58.0,57.0,1.0,-14.0,43.0,74.0,-72.0,-35.02,25.54,-29.619999999999997,15.6,56.75,-48.11,63.36,-1.9300000000000002,2.039999999999999,56.9,35.57,-53.480000000000004
2025-08-08T16:07:00.733205,-48.0,55.0,-19.0,-30.0,67.0,-51.0,-33.0,-23.0,-95.0,34.0,78.0,-39.0,-46.02,43.54,-3.619999999999999,-45.4,36.75,-41.11,-26.64,-25.93,-78.96000000000001,47.9,39.57,-20.48
2025-08-08T16:07:00.740736,69.0,-2.0,-70.0,61.0,-7.0,-19.0,-31.0,-12.0,12.0,17.0,20.0,-49.0,70.98,-13.46,-54.62,45.6,-37.25,-9.11,-24.64,-14.93,28.04,30.9,-18.43,-30.48
2025-08-08T16:07:00.745230,5.0,-39.0,-70.0,34.0,43.0,-39.0,62.0,-4.0,-18.0,-35.0,-16.0,-16.0,6.98,-50.46,-54.62,18.6,12.75,-29.11,68.36,-6.93,-1.9600000000000009,-21.1,-54.43,2.5199999999999996
2025-08-08T16:07:00.753236,-5.0,16.0,-57.0,14.0,82.0,-11.0,25.0,-30.0,-46.0,-19.0,-112.0,-47.0,-3.02,4.539999999999999,-41.62,-1.4000000000000004,51.75,-1.1099999999999994,31.36,-32.93,-29.96,-5.1,-150.43,-28.48
2025-08-08T16:07:00.757661,4.0,-50.0,79.0,76.0,73.0,-41.0,-13.0,28.0,-5.0,14.0,109.0,-18.0,5.98,-61.46,94.38,60.6,42.75,-31.11,-6.64,25.07,11.04,27.9,70.57,0.5199999999999996
2025-08-08T16:07:00.765395,35.0,7.0,-15.0,21.0,-31.0,32.0,-29.0,-37.0,6.0,-21.0,49.0,-16.0,36.98,-4.460000000000001,0.3800000000000008,5.6,-61.25,41.89,-22.64,-39.93,22.04,-7.1,10.57,2.5199999999999996
2025-08-08T16:07:00.769866,35.0,40.0,-6.0,103.0,13.0,-25.0,-33.0,-38.0,-14.0,-18.0,-18.0,-47.0,36.98,28.54,9.38,87.6,-17.25,-15.11,-26.64,-40.93,2.039999999999999,-4.1,-56.43,-28.48
2025-08-08T16:07:00.777641,-14.0,-47.0,22.0,-9.0,-16.0,-53.0,-38.0,-2.0,-15.0,-23.0,18.0,-3.0,-12.02,-58.46,37.38,-24.4,-46.25,-43.11,-31.64,-4.93,1.0399999999999991,-9.1,-20.43,15.52
2025-08-08T16:07:00.782127,-57.0,-7.0,-8.0,52.0,19.0,15.0,-5.0,-33.0,-31.0,-63.0,68.0,-72.0,-55.02,-18.46,7.380000000000001,36.6,-11.25,24.89,1.3600000000000003,-35.93,-14.96,-49.1,29.57,-53.480000000000004
2025-08-08T16:07:00.790289,-8.0,-34.0,-33.0,-8.0,29.0,-58.0,4.0,20.0,-74.0,23.0,55.0,-27.0,-6.02,-45.46,-17.619999999999997,-23.4,-1.25,-48.11,10.36,17.07,-57.96,36.9,16.57,-8.48
2025-08-08T16:07:00.794274,45.0,-46.0,-35.0,12.0,-6.0,-47.0,-34.0,20.0,-67.0,-40.0,68.0,-7.0,46.98,-57.46,-19.619999999999997,-3.4000000000000004,-36.25,-37.11,-27.64,17.07,-50.96,-26.1,29.57,11.52
2025-08-08T16:07:00.801949,21.0,35.0,-42.0,62.0,24.0,5.0,27.0,-2.0,-45.0,-53.0,51.0,13.0,22.98,23.54,-26.619999999999997,46.6,-6.25,14.89,33.36,-4.93,-28.96,-39.1,12.57,31.52
2025-08-08T16:07:00.806444,-46.0,41.0,23.0,17.0,56.0,0.0,46.0,-11.0,2.0,-35.0,37.0,-41.0,-44.02,29.54,38.38,1.5999999999999996,25.75,9.89,52.36,-13.93,18.04,-21.1,-1.4299999999999997,-22.48
2025-08-08T16:07:00.814448,-61.0,-6.0,14.0,14.0,2.0,-27.0,-33.0,9.0,-27.0,7.0,72.0,-45.0,-59.02,-17.46,29.380000000000003,-1.4000000000000004,-28.25,-17.11,-26.64,6.07,-10.96,20.9,33.57,-26.48
2025-08-08T16:07:00.819087,-50.0,-31.0,87.0,-1.0,26.0,-39.0,50.0,8.0,-19.0,-15.0,82.0,-34.0,-48.02,-42.46,102.38,-16.4,-4.25,-29.11,56.36,5.07,-2.960000000000001,-1.0999999999999996,43.57,-15.48
2025-08-08T16:07:00.824046,-2.0,22.0,46.0,0.0,0.0,-1.0,44.0,11.0,14.0,10.0,85.0,-95.0,-0.020000000000000018,10.54,61.38,-15.4,-30.25,8.89,50.36,8.07,30.04,23.9,46.57,-76.48
2025-08-08T16:07:00.830913,-25.0,16.0,-34.0,55.0,24.0,-38.0,8.0,11.0,4.0,-45.0,63.0,-79.0,-23.02,4.539999999999999,-18.619999999999997,39.6,-6.25,-28.11,14.36,8.07,20.04,-31.1,24.57,-60.480000000000004
2025-08-08T16:07:00.836439,-41.0,-27.0,-5.0,-24.0,0.0,7.0,45.0,-69.0,6.0,-36.0,39.0,-39.0,-39.02,-38.46,10.38,-39.4,-30.25,16.89,51.36,-71.93,22.04,-22.1,0.5700000000000003,-20.48
2025-08-08T16:07:00.843248,27.0,-27.0,-22.0,-48.0,15.0,29.0,14.0,22.0,10.0,17.0,33.0,-50.0,28.98,-38.46,-6.619999999999999,-63.4,-15.25,38.89,20.36,19.07,26.04,30.9,-5.43,-31.48
2025-08-08T16:07:00.848955,-33.0,5.0,14.0,31.0,28.0,52.0,-116.0,-68.0,25.0,22.0,126.0,-43.0,-31.02,-6.460000000000001,29.380000000000003,15.6,-2.25,61.89,-109.64,-70.93,41.04,35.9,87.57,-24.48
2025-08-08T16:07:00.855510,32.0,101.0,-78.0,-27.0,-3.0,-6.0,14.0,76.0,6.0,29.0,6.0,-75.0,33.98,89.53999999999999,-62.62,-42.4,-33.25,3.8900000000000006,20.36,73.07,22.04,42.9,-32.43,-56.480000000000004
2025-08-08T16:07:00.863428,24.0,62.0,-48.0,21.0,101.0,-38.0,12.0,-88.0,-60.0,-94.0,-73.0,-50.0,25.98,50.54,-32.62,5.6,70.75,-28.11,18.36,-90.93,-43.96,-80.1,-111.43,-31.48
2025-08-08T16:07:00.869594,-11.0,-7.0,-35.0,43.0,16.0,-14.0,-25.0,-61.0,-13.0,53.0,39.0,-18.0,-9.02,-18.46,-19.619999999999997,27.6,-14.25,-4.109999999999999,-18.64,-63.93,3.039999999999999,66.9,0.5700000000000003,0.5199999999999996
2025-08-08T16:07:00.874946,-1.0,-44.0,-52.0,54.0,64.0,8.0,46.0,51.0,-69.0,-48.0,13.0,-56.0,0.98,-55.46,-36.62,38.6,33.75,17.89,52.36,48.07,-52.96,-34.1,-25.43,-37.480000000000004
2025-08-08T16:07:00.879862,92.0,-18.0,-38.0,-11.0,41.0,41.0,10.0,12.0,-72.0,-62.0,51.0,-77.0,93.98,-29.46,-22.619999999999997,-26.4,10.75,50.89,16.36,9.07,-55.96,-48.1,12.57,-58.480000000000004
2025-08-08T16:07:00.884945,14.0,-2.0,29.0,47.0,40.0,-25.0,-3.0,-1.0,-68.0,-2.0,22.0,-12.0,15.98,-13.46,44.38,31.6,9.75,-15.11,3.3600000000000003,-3.93,-51.96,11.9,-16.43,6.52
2025-08-08T16:07:00.892269,-32.0,-47.0,14.0,0.0,59.0,8.0,-14.0,50.0,22.0,3.0,54.0,3.0,-30.02,-58.46,29.380000000000003,-15.4,28.75,17.89,-7.64,47.07,38.04,16.9,15.57,21.52
2025-08-08T16:07:00.897913,-117.0,-30.0,77.0,46.0,21.0,10.0,67.0,-29.0,-53.0,-54.0,32.0,-12.0,-115.02,-41.46,92.38,30.6,-9.25,19.89,73.36,-31.93,-36.96,-40.1,-6.43,6.52
2025-08-08T16:07:00.904608,-62.0,-20.0,-21.0,-13.0,28.0,-15.0,73.0,-10.0,-13.0,-31.0,57.0,-60.0,-60.02,-31.46,-5.619999999999999,-28.4,-2.25,-5.109999999999999,79.36,-12.93,3.039999999999999,-17.1,18.57,-41.480000000000004
2025-08-08T16:07:00.909955,-86.0,88.0,19.0,17.0,-60.0,-3.0,-57.0,-32.0,-42.0,-87.0,28.0,-53.0,-84.02,76.53999999999999,34.38,1.5999999999999996,-90.25,6.890000000000001,-50.64,-34.93,-25.96,-73.1,-10.43,-34.480000000000004
2025-08-08T16:07:00.916712,-12.0,-23.0,-16.0,-1.0,7.0,39.0,-57.0,-4.0,0.0,-15.0,38.0,-46.0,-10.02,-34.46,-0.6199999999999992,-16.4,-23.25,48.89,-50.64,-6.93,16.04,-1.0999999999999996,-0.4299999999999997,-27.48
2025-08-08T16:07:00.921029,34.0,35.0,-64.0,-41.0,-27.0,-45.0,-67.0,66.0,50.0,36.0,89.0,-88.0,35.98,23.54,-48.62,-56.4,-57.25,-35.11,-60.64,63.07,66.03999999999999,49.9,50.57,-69.48
2025-08-08T16:07:00.929208,57.0,19.0,-73.0,97.0,83.0,13.0,60.0,-38.0,-87.0,-19.0,-35.0,67.0,58.98,7.539999999999999,-57.62,81.6,52.75,22.89,66.36,-40.93,-70.96000000000001,-5.1,-73.43,85.52
2025-08-08T16:07:00.933329,30.0,14.0,-68.0,66.0,53.0,-19.0,-26.0,22.0,-42.0,-54.0,59.0,5.0,31.98,2.539999999999999,-52.62,50.6,22.75,-9.11,-19.64,19.07,-25.96,-40.1,20.57,23.52
2025-08-08T16:07:00.941335,28.0,-11.0,-115.0,30.0,-13.0,-7.0,32.0,61.0,-28.0,-11.0,66.0,-77.0,29.98,-22.46,-99.62,14.6,-43.25,2.8900000000000006,38.36,58.07,-11.96,2.9000000000000004,27.57,-58.480000000000004
2025-08-08T16:07:00.945741,-15.0,48.0,32.0,30.0,8.0,25.0,58.0,25.0,29.0,11.0,85.0,7.0,-13.02,36.54,47.38,14.6,-22.25,34.89,64.36,22.07,45.04,24.9,46.57,25.52
2025-08-08T16:07:00.953628,23.0,-13.0,-24.0,15.0,38.0,-76.0,-57.0,27.0,-8.0,5.0,31.0,-2.0,24.98,-24.46,-8.62,-0.40000000000000036,7.75,-66.11,-50.64,24.07,8.04,18.9,-7.43,16.52
2025-08-08T16:07:00.957931,18.0,22.0,-78.0,38.0,7.0,42.0,75.0,23.0,-115.0,-35.0,67.0,5.0,19.98,10.54,-62.62,22.6,-23.25,51.89,81.36,20.07,-98.96000000000001,-21.1,28.57,23.52
2025-08-08T16:07:00.966085,42.0,64.0,-66.0,1.0,-22.0,29.0,-3.0,28.0,-52.0,-45.0,45.0,13.0,43.98,52.54,-50.62,-14.4,-52.25,38.89,3.3600000000000003,25.07,-35.96,-31.1,6.57,31.52
2025-08-08T16:07:00.970385,-12.0,-3.0,36.0,40.0,74.0,2.0,-112.0,10.0,-28.0,-5.0,48.0,-20.0,-10.02,-14.46,51.38,24.6,43.75,11.89,-105.64,7.07,-11.96,8.9,9.57,-1.4800000000000004
2025-08-08T16:07:00.978334,27.0,-42.0,-24.0,87.0,90.0,-17.0,48.0,-26.0,39.0,-77.0,35.0,-26.0,28.98,-53.46,-8.62,71.6,59.75,-7.109999999999999,54.36,-28.93,55.04,-63.1,-3.4299999999999997,-7.48
2025-08-08T16:07:00.982861,-11.0,-11.0,-6.0,-46.0,21.0,-37.0,17.0,-67.0,26.0,21.0,71.0,-22.0,-9.02,-22.46,9.38,-61.4,-9.25,-27.11,23.36,-69.93,42.04,34.9,32.57,-3.4800000000000004
2025-08-08T16:07:00.991289,-61.0,88.0,25.0,73.0,-33.0,-2.0,41.0,40.0,-22.0,23.0,76.0,-28.0,-59.02,76.53999999999999,40.38,57.6,-63.25,7.890000000000001,47.36,37.07,-5.960000000000001,36.9,37.57,-9.48
2025-08-08T16:07:00.995626,-23.0,23.0,-9.0,-42.0,49.0,-36.0,-17.0,58.0,-47.0,15.0,70.0,-16.0,-21.02,11.54,6.380000000000001,-57.4,18.75,-26.11,-10.64,55.07,-30.96,28.9,31.57,2.5199999999999996
2025-08-08T16:07:01.002885,-19.0,4.0,-22.0,-22.0,29.0,14.0,68.0,-48.0,-83.0,-6.0,52.0,-26.0,-17.02,-7.460000000000001,-6.619999999999999,-37.4,-1.25,23.89,74.36,-50.93,-66.96000000000001,7.9,13.57,-7.48
2025-08-08T16:07:01.007635,33.0,8.0,-35.0,-6.0,75.0,-26.0,-6.0,14.0,-65.0,-4.0,79.0,-30.0,34.98,-3.460000000000001,-19.619999999999997,-21.4,44.75,-16.11,0.3600000000000003,11.07,-48.96,9.9,40.57,-11.48
2025-08-08T16:07:01.015092,-16.0,-17.0,-26.0,20.0,129.0,-1.0,26.0,0.0,-58.0,-18.0,19.0,3.0,-14.02,-28.46,-10.62,4.6,98.75,8.89,32.36,-2.93,-41.96,-4.1,-19.43,21.52
2025-08-08T16:07:01.019592,52.0,0.0,-134.0,-22.0,41.0,-8.0,13.0,20.0,-44.0,-26.0,37.0,54.0,53.98,-11.46,-118.62,-37.4,10.75,1.8900000000000006,19.36,17.07,-27.96,-12.1,-1.4299999999999997,72.52
2025-08-08T16:07:01.027492,-38.0,37.0,40.0,-16.0,22.0,-59.0,50.0,-30.0,-13.0,4.0,52.0,-77.0,-36.02,25.54,55.38,-31.4,-8.25,-49.11,56.36,-32.93,3.039999999999999,17.9,13.57,-58.480000000000004
2025-08-08T16:07:01.031920,17.0,11.0,-39.0,-7.0,-15.0,20.0,62.0,41.0,-20.0,14.0,63.0,-45.0,18.98,-0.46000000000000085,-23.619999999999997,-22.4,-45.25,29.89,68.36,38.07,-3.960000000000001,27.9,24.57,-26.48
2025-08-08T16:07:01.039982,68.0,28.0,-41.0,-15.0,12.0,-9.0,-42.0,35.0,-47.0,0.0,23.0,-50.0,69.98,16.54,-25.619999999999997,-30.4,-18.25,0.8900000000000006,-35.64,32.07,-30.96,13.9,-15.43,-31.48
2025-08-08T16:07:01.045175,24.0,-6.0,-21.0,44.0,58.0,-52.0,17.0,-10.0,-15.0,-58.0,80.0,-29.0,25.98,-17.46,-5.619999999999999,28.6,27.75,-42.11,23.36,-12.93,1.0399999999999991,-44.1,41.57,-10.48
2025-08-08T16:07:01.050069,2.0,71.0,46.0,23.0,-6.0,-4.0,31.0,-1.0,16.0,44.0,14.0,21.0,3.98,59.54,61.38,7.6,-36.25,5.890000000000001,37.36,-3.93,32.04,57.9,-24.43,39.519999999999996
2025-08-08T16:07:01.057032,36.0,12.0,-9.0,90.0,29.0,-20.0,-50.0,34.0,15.0,25.0,3.0,53.0,37.98,0.5399999999999991,6.380000000000001,74.6,-1.25,-10.11,-43.64,31.07,31.04,38.9,-35.43,71.52
2025-08-08T16:07:01.061380,-11.0,5.0,50.0,29.0,18.0,71.0,-22.0,-34.0,26.0,0.0,63.0,28.0,-9.02,-6.460000000000001,65.38,13.6,-12.25,80.89,-15.64,-36.93,42.04,13.9,24.57,46.519999999999996
2025-08-08T16:07:01.068331,12.0,58.0,17.0,3.0,32.0,19.0,-50.0,-39.0,-37.0,-34.0,13.0,-12.0,13.98,46.54,32.38,-12.4,1.75,28.89,-43.64,-41.93,-20.96,-20.1,-25.43,6.52
2025-08-08T16:07:01.076545,18.0,75.0,27.0,-22.0,23.0,-14.0,-45.0,-36.0,-25.0,-23.0,-15.0,-11.0,19.98,63.54,42.38,-37.4,-7.25,-4.109999999999999,-38.64,-38.93,-8.96,-9.1,-53.43,7.52
2025-08-08T16:07:01.080925,-27.0,-7.0,-25.0,-17.0,-14.0,-41.0,-11.0,29.0,-14.0,8.0,20.0,-27.0,-25.02,-18.46,-9.62,-32.4,-44.25,-31.11,-4.64,26.07,2.039999999999999,21.9,-18.43,-8.48
2025-08-08T16:07:01.085639,-7.0,5.0,-66.0,0.0,-27.0,-30.0,-67.0,-2.0,-81.0,-11.0,52.0,-64.0,-5.02,-6.460000000000001,-50.62,-15.4,-57.25,-20.11,-60.64,-4.93,-64.96000000000001,2.9000000000000004,13.57,-45.480000000000004
2025-08-08T16:07:01.092920,21.0,78.0,14.0,29.0,68.0,10.0,34.0,-30.0,-48.0,-37.0,81.0,-26.0,22.98,66.53999999999999,29.380000000000003,13.6,37.75,19.89,40.36,-32.93,-31.96,-23.1,42.57,-7.48
2025-08-08T16:07:01.097584,42.0,10.0,-40.0,25.0,34.0,29.0,-10.0,45.0,-13.0,15.0,40.0,2.0,43.98,-1.4600000000000009,-24.619999999999997,9.6,3.75,38.89,-3.6399999999999997,42.07,3.039999999999999,28.9,1.5700000000000003,20.52
2025-08-08T16:07:01.105137,-56.0,-17.0,8.0,8.0,72.0,4.0,38.0,-38.0,-17.0,13.0,41.0,4.0,-54.02,-28.46,23.380000000000003,-7.4,41.75,13.89,44.36,-40.93,-0.9600000000000009,26.9,2.5700000000000003,22.52
2025-08-08T16:07:01.109969,62.0,44.0,39.0,51.0,13.0,18.0,-115.0,-89.0,-7.0,63.0,53.0,-32.0,63.98,32.54,54.38,35.6,-17.25,27.89,-108.64,-91.93,9.04,76.9,14.57,-13.48
2025-08-08T16:07:01.117600,-41.0,-36.0,-17.0,18.0,32.0,-5.0,-36.0,35.0,-26.0,-7.0,33.0,30.0,-39.02,-47.46,-1.6199999999999992,2.5999999999999996,1.75,4.890000000000001,-29.64,32.07,-9.96,6.9,-5.43,48.519999999999996
2025-08-08T16:07:01.122299,-65.0,-8.0,20.0,17.0,8.0,-13.0,-39.0,-33.0,-10.0,25.0,80.0,12.0,-63.02,-19.46,35.38,1.5999999999999996,-22.25,-3.1099999999999994,-32.64,-35.93,6.039999999999999,38.9,41.57,30.52
2025-08-08T16:07:01.129994,-15.0,-10.0,-48.0,26.0,56.0,14.0,18.0,-18.0,1.0,-48.0,-22.0,-47.0,-13.02,-21.46,-32.62,10.6,25.75,23.89,24.36,-20.93,17.04,-34.1,-60.43,-28.48
2025-08-08T16:07:01.134507,-33.0,55.0,22.0,4.0,-3.0,-19.0,21.0,26.0,-12.0,-54.0,86.0,-6.0,-31.02,43.54,37.38,-11.4,-33.25,-9.11,27.36,23.07,4.039999999999999,-40.1,47.57,12.52
2025-08-08T16:07:01.142046,-10.0,44.0,26.0,80.0,41.0,7.0,40.0,-19.0,-75.0,-87.0,72.0,14.0,-8.02,32.54,41.38,64.6,10.75,16.89,46.36,-21.93,-58.96,-73.1,33.57,32.519999999999996
2025-08-08T16:07:01.146268,16.0,30.0,-8.0,38.0,25.0,-13.0,43.0,-17.0,-32.0,10.0,36.0,-88.0,17.98,18.54,7.380000000000001,22.6,-5.25,-3.1099999999999994,49.36,-19.93,-15.96,23.9,-2.4299999999999997,-69.48
2025-08-08T16:07:01.154556,10.0,-32.0,19.0,-41.0,40.0,-11.0,-71.0,21.0,-9.0,-45.0,133.0,-24.0,11.98,-43.46,34.38,-56.4,9.75,-1.1099999999999994,-64.64,18.07,7.039999999999999,-31.1,94.57,-5.48
2025-08-08T16:07:01.158526,-17.0,46.0,-46.0,39.0,34.0,53.0,-4.0,26.0,-24.0,-41.0,87.0,-69.0,-15.02,34.54,-30.619999999999997,23.6,3.75,62.89,2.3600000000000003,23.07,-7.960000000000001,-27.1,48.57,-50.480000000000004
2025-08-08T16:07:01.166641,-5.0,21.0,20.0,48.0,45.0,31.0,-26.0,-94.0,4.0,-18.0,22.0,13.0,-3.02,9.54,35.38,32.6,14.75,40.89,-19.64,-96.93,20.04,-4.1,-16.43,31.52
2025-08-08T16:07:01.170916,-12.0,46.0,-43.0,-4.0,46.0,14.0,26.0,37.0,17.0,35.0,29.0,-2.0,-10.02,34.54,-27.619999999999997,-19.4,15.75,23.89,32.36,34.07,33.04,48.9,-9.43,16.52
2025-08-08T16:07:01.179114,0.0,41.0,-25.0,10.0,-12.0,-11.0,-60.0,8.0,-64.0,48.0,-11.0,-55.0,1.98,29.54,-9.62,-5.4,-42.25,-1.1099999999999994,-53.64,5.07,-47.96,61.9,-49.43,-36.480000000000004
2025-08-08T16:07:01.183363,-15.0,2.0,-60.0,2.0,10.0,32.0,-42.0,5.0,-48.0,-35.0,47.0,-48.0,-13.02,-9.46,-44.62,-13.4,-20.25,41.89,-35.64,2.07,-31.96,-21.1,8.57,-29.48
2025-08-08T16:07:01.191353,-4.0,51.0,-19.0,-8.0,-68.0,12.0,12.0,-21.0,-70.0,6.0,26.0,-60.0,-2.02,39.54,-3.619999999999999,-23.4,-98.25,21.89,18.36,-23.93,-53.96,19.9,-12.43,-41.480000000000004
2025-08-08T16:07:01.195641,-6.0,-1.0,-61.0,52.0,30.0,-30.0,-33.0,11.0,-5.0,20.0,-43.0,11.0,-4.02,-12.46,-45.62,36.6,-0.25,-20.11,-26.64,8.07,11.04,33.9,-81.43,29.52
2025-08-08T16:07:01.203683,-36.0,82.0,-84.0,43.0,0.0,-17.0,-61.0,-18.0,-3.0,-16.0,-11.0,35.0,-34.02,70.53999999999999,-68.62,27.6,-30.25,-7.109999999999999,-54.64,-20.93,13.04,-2.0999999999999996,-49.43,53.519999999999996
2025-08-08T16:07:01.208204,-27.0,86.0,-38.0,-21.0,34.0,-11.0,-75.0,24.0,-85.0,-4.0,-41.0,-30.0,-25.02,74.53999999999999,-22.619999999999997,-36.4,3.75,-1.1099999999999994,-68.64,21.07,-68.96000000000001,9.9,-79.43,-11.48
2025-08-08T16:07:01.216161,-12.0,20.0,-16.0,1.0,43.0,-5.0,-11.0,-37.0,-48.0,-41.0,-15.0,39.0,-10.02,8.54,-0.6199999999999992,-14.4,12.75,4.890000000000001,-4.64,-39.93,-31.96,-27.1,-53.43,57.519999999999996
2025-08-08T16:07:01.220443,21.0,-23.0,-8.0,-47.0,67.0,-25.0,25.0,3.0,-24.0,-69.0,15.0,-40.0,22.98,-34.46,7.380000000000001,-62.4,36.75,-15.11,31.36,0.06999999999999984,-7.960000000000001,-55.1,-23.43,-21.48
2025-08-08T16:07:01.229218,-50.0,88.0,-14.0,-6.0,6.0,9.0,9.0,-39.0,0.0,-20.0,6.0,-80.0,-48.02,76.53999999999999,1.3800000000000008,-21.4,-24.25,18.89,15.36,-41.93,16.04,-6.1,-32.43,-61.480000000000004
2025-08-08T16:07:01.232460,-25.0,60.0,-12.0,25.0,3.0,-13.0,-4.0,13.0,-4.0,-66.0,50.0,-17.0,-23.02,48.54,3.380000000000001,9.6,-27.25,-3.1099999999999994,2.3600000000000003,10.07,12.04,-52.1,11.57,1.5199999999999996
2025-08-08T16:07:01.240358,-13.0,108.0,-28.0,20.0,69.0,-29.0,5.0,-10.0,-37.0,-56.0,14.0,-26.0,-11.02,96.53999999999999,-12.62,4.6,38.75,-19.11,11.36,-12.93,-20.96,-42.1,-24.43,-7.48
2025-08-08T16:07:01.244909,19.0,-10.0,-95.0,-2.0,12.0,5.0,-53.0,-15.0,45.0,-4.0,41.0,-62.0,20.98,-21.46,-79.62,-17.4,-18.25,14.89,-46.64,-17.93,61.04,9.9,2.5700000000000003,-43.480000000000004
2025-08-08T16:07:01.252563,-47.0,-26.0,-42.0,44.0,36.0,27.0,-23.0,-58.0,-36.0,16.0,11.0,-36.0,-45.02,-37.46,-26.619999999999997,28.6,5.75,36.89,-16.64,-60.93,-19.96,29.9,-27.43,-17.48
2025-08-08T16:07:01.257581,19.0,13.0,-25.0,63.0,55.0,-35.0,-38.0,-31.0,-35.0,28.0,-7.0,1.0,20.98,1.5399999999999991,-9.62,47.6,24.75,-25.11,-31.64,-33.93,-18.96,41.9,-45.43,19.52
2025-08-08T16:07:01.265884,3.0,25.0,-38.0,-24.0,63.0,-41.0,-59.0,45.0,-17.0,57.0,23.0,-38.0,4.98,13.54,-22.619999999999997,-39.4,32.75,-31.11,-52.64,42.07,-0.9600000000000009,70.9,-15.43,-19.48
2025-08-08T16:07:01.272754,-18.0,11.0,28.0,42.0,23.0,-2.0,26.0,54.0,-93.0,-56.0,29.0,8.0,-16.02,-0.46000000000000085,43.38,26.6,-7.25,7.890000000000001,32.36,51.07,-76.96000000000001,-42.1,-9.43,26.52
2025-08-08T16:07:01.278148,-23.0,53.0,7.0,37.0,-3.0,-34.0,60.0,44.0,-4.0,-54.0,8.0,-11.0,-21.02,41.54,22.380000000000003,21.6,-33.25,-24.11,66.36,41.07,12.04,-40.1,-30.43,7.52
2025-08-08T16:07:01.281455,27.0,7.0,93.0,8.0,85.0,50.0,7.0,13.0,-9.0,-72.0,4.0,-32.0,28.98,-4.460000000000001,108.38,-7.4,54.75,59.89,13.36,10.07,7.039999999999999,-58.1,-34.43,-13.48
2025-08-08T16:07:01.286483,7.0,-41.0,35.0,1.0,-32.0,-37.0,-86.0,19.0,-79.0,-34.0,1.0,-2.0,8.98,-52.46,50.38,-14.4,-62.25,-27.11,-79.64,16.07,-62.96,-20.1,-37.43,16.52
2025-08-08T16:07:01.293796,44.0,-16.0,-62.0,112.0,48.0,22.0,56.0,1.0,-50.0,0.0,-39.0,8.0,45.98,-27.46,-46.62,96.6,17.75,31.89,62.36,-1.9300000000000002,-33.96,13.9,-77.43,26.52
2025-08-08T16:07:01.298225,-22.0,-11.0,26.0,3.0,-15.0,-48.0,-15.0,46.0,-85.0,-46.0,14.0,17.0,-20.02,-22.46,41.38,-12.4,-45.25,-38.11,-8.64,43.07,-68.96000000000001,-32.1,-24.43,35.519999999999996
2025-08-08T16:07:01.306046,2.0,-42.0,64.0,54.0,-27.0,-11.0,4.0,-51.0,-113.0,14.0,58.0,12.0,3.98,-53.46,79.38,38.6,-57.25,-1.1099999999999994,10.36,-53.93,-96.96000000000001,27.9,19.57,30.52
2025-08-08T16:07:01.310298,-8.0,-42.0,21.0,45.0,48.0,11.0,-27.0,-21.0,-52.0,-26.0,-6.0,-67.0,-6.02,-53.46,36.38,29.6,17.75,20.89,-20.64,-23.93,-35.96,-12.1,-44.43,-48.480000000000004
2025-08-08T16:07:01.318143,55.0,-29.0,26.0,60.0,25.0,22.0,-19.0,-57.0,-69.0,29.0,-2.0,-34.0,56.98,-40.46,41.38,44.6,-5.25,31.89,-12.64,-59.93,-52.96,42.9,-40.43,-15.48
2025-08-08T16:07:01.322442,9.0,-25.0,-15.0,26.0,-12.0,-7.0,-28.0,-28.0,-62.0,-31.0,24.0,68.0,10.98,-36.46,0.3800000000000008,10.6,-42.25,2.8900000000000006,-21.64,-30.93,-45.96,-17.1,-14.43,86.52
2025-08-08T16:07:01.330542,-26.0,-94.0,-56.0,-48.0,25.0,12.0,-20.0,-9.0,12.0,-32.0,-26.0,-31.0,-24.02,-105.46000000000001,-40.62,-63.4,-5.25,21.89,-13.64,-11.93,28.04,-18.1,-64.43,-12.48
2025-08-08T16:07:01.334832,-4.0,7.0,22.0,39.0,5.0,-52.0,-22.0,29.0,-26.0,-26.0,88.0,12.0,-2.02,-4.460000000000001,37.38,23.6,-25.25,-42.11,-15.64,26.07,-9.96,-12.1,49.57,30.52
2025-08-08T16:07:01.342783,-22.0,-13.0,22.0,-45.0,-19.0,21.0,-10.0,-32.0,-13.0,-18.0,38.0,-51.0,-20.02,-24.46,37.38,-60.4,-49.25,30.89,-3.6399999999999997,-34.93,3.039999999999999,-4.1,-0.4299999999999997,-32.480000000000004
2025-08-08T16:07:01.347137,-46.0,-14.0,-25.0,73.0,45.0,-36.0,-19.0,-28.0,-10.0,-8.0,58.0,-24.0,-44.02,-25.46,-9.62,57.6,14.75,-26.11,-12.64,-30.93,6.039999999999999,5.9,19.57,-5.48
2025-08-08T16:07:01.355116,40.0,46.0,-12.0,62.0,26.0,-51.0,-52.0,67.0,-46.0,-41.0,66.0,-17.0,41.98,34.54,3.380000000000001,46.6,-4.25,-41.11,-45.64,64.07,-29.96,-27.1,27.57,1.5199999999999996
2025-08-08T16:07:01.359410,-23.0,-33.0,-61.0,22.0,33.0,-9.0,3.0,21.0,-51.0,40.0,10.0,11.0,-21.02,-44.46,-45.62,6.6,2.75,0.8900000000000006,9.36,18.07,-34.96,53.9,-28.43,29.52
2025-08-08T16:07:01.367285,36.0,18.0,34.0,6.0,37.0,14.0,26.0,17.0,-56.0,22.0,36.0,10.0,37.98,6.539999999999999,49.38,-9.4,6.75,23.89,32.36,14.07,-39.96,35.9,-2.4299999999999997,28.52
2025-08-08T16:07:01.372081,44.0,-10.0,-24.0,-48.0,56.0,-4.0,-35.0,28.0,-6.0,-21.0,-69.0,34.0,45.98,-21.46,-8.62,-63.4,25.75,5.890000000000001,-28.64,25.07,10.04,-7.1,-107.43,52.519999999999996
2025-08-08T16:07:01.380523,20.0,-18.0,-26.0,34.0,-6.0,23.0,-14.0,-11.0,-41.0,22.0,1.0,-6.0,21.98,-29.46,-10.62,18.6,-36.25,32.89,-7.64,-13.93,-24.96,35.9,-37.43,12.52
2025-08-08T16:07:01.386267,21.0,19.0,-20.0,13.0,22.0,-17.0,24.0,2.0,14.0,-4.0,37.0,7.0,22.98,7.539999999999999,-4.619999999999999,-2.4000000000000004,-8.25,-7.109999999999999,30.36,-0.9300000000000002,30.04,9.9,-1.4299999999999997,25.52
2025-08-08T16:07:01.395283,26.0,-14.0,94.0,-9.0,30.0,-34.0,-69.0,24.0,-10.0,-54.0,-2.0,-7.0,27.98,-25.46,109.38,-24.4,-0.25,-24.11,-62.64,21.07,6.039999999999999,-40.1,-40.43,11.52
2025-08-08T16:07:01.404598,46.0,-5.0,-84.0,40.0,4.0,-7.0,19.0,70.0,-51.0,-21.0,26.0,-12.0,47.98,-16.46,-68.62,24.6,-26.25,2.8900000000000006,25.36,67.07,-34.96,-7.1,-12.43,6.52
2025-08-08T16:07:01.413672,-13.0,47.0,-64.0,5.0,108.0,3.0,55.0,-84.0,-62.0,11.0,21.0,8.0,-11.02,35.54,-48.62,-10.4,77.75,12.89,61.36,-86.93,-45.96,24.9,-17.43,26.52
2025-08-08T16:07:01.421816,70.0,-66.0,-37.0,-18.0,61.0,35.0,6.0,-75.0,-22.0,7.0,30.0,6.0,71.98,-77.46000000000001,-21.619999999999997,-33.4,30.75,44.89,12.36,-77.93,-5.960000000000001,20.9,-8.43,24.52
2025-08-08T16:07:01.426998,21.0,-5.0,-34.0,-53.0,61.0,-23.0,51.0,10.0,13.0,20.0,4.0,-58.0,22.98,-16.46,-18.619999999999997,-68.4,30.75,-13.11,57.36,7.07,29.04,33.9,-34.43,-39.480000000000004
2025-08-08T16:07:01.430925,48.0,7.0,-9.0,0.0,38.0,-11.0,-26.0,1.0,-5.0,47.0,-5.0,-48.0,49.98,-4.460000000000001,6.380000000000001,-15.4,7.75,-1.1099999999999994,-19.64,-1.9300000000000002,11.04,60.9,-43.43,-29.48
2025-08-08T16:07:01.434153,-38.0,-27.0,-39.0,24.0,32.0,-17.0,4.0,5.0,5.0,0.0,69.0,9.0,-36.02,-38.46,-23.619999999999997,8.6,1.75,-7.109999999999999,10.36,2.07,21.04,13.9,30.57,27.52
2025-08-08T16:07:01.437224,17.0,37.0,8.0,32.0,54.0,-10.0,-71.0,61.0,2.0,-80.0,83.0,-59.0,18.98,25.54,23.380000000000003,16.6,23.75,-0.10999999999999943,-64.64,58.07,18.04,-66.1,44.57,-40.480000000000004
2025-08-08T16:07:01.438876,-22.0,-31.0,-72.0,30.0,15.0,-20.0,-37.0,18.0,-18.0,-30.0,76.0,62.0,-20.02,-42.46,-56.62,14.6,-15.25,-10.11,-30.64,15.07,-1.9600000000000009,-16.1,37.57,80.52
2025-08-08T16:07:01.445044,-5.0,10.0,31.0,54.0,77.0,-49.0,-42.0,-9.0,-82.0,4.0,75.0,-93.0,-3.02,-1.4600000000000009,46.38,38.6,46.75,-39.11,-35.64,-11.93,-65.96000000000001,17.9,36.57,-74.48
2025-08-08T16:07:01.449711,29.0,-14.0,55.0,23.0,-1.0,-35.0,-55.0,3.0,-56.0,0.0,-8.0,-60.0,30.98,-25.46,70.38,7.6,-31.25,-25.11,-48.64,0.06999999999999984,-39.96,13.9,-46.43,-41.480000000000004
2025-08-08T16:07:01.457566,-24.0,-13.0,-39.0,2.0,-11.0,-17.0,-17.0,14.0,-19.0,9.0,82.0,27.0,-22.02,-24.46,-23.619999999999997,-13.4,-41.25,-7.109999999999999,-10.64,11.07,-2.960000000000001,22.9,43.57,45.519999999999996
2025-08-08T16:07:01.461977,-14.0,-4.0,-21.0,3.0,48.0,-23.0,60.0,-2.0,-30.0,20.0,-10.0,-21.0,-12.02,-15.46,-5.619999999999999,-12.4,17.75,-13.11,66.36,-4.93,-13.96,33.9,-48.43,-2.4800000000000004
2025-08-08T16:07:01.469897,51.0,-59.0,-34.0,20.0,19.0,-12.0,44.0,11.0,-84.0,-15.0,-9.0,-42.0,52.98,-70.46000000000001,-18.619999999999997,4.6,-11.25,-2.1099999999999994,50.36,8.07,-67.96000000000001,-1.0999999999999996,-47.43,-23.48
2025-08-08T16:07:01.474213,9.0,-30.0,11.0,111.0,73.0,-58.0,-57.0,50.0,-11.0,-55.0,14.0,-35.0,10.98,-41.46,26.380000000000003,95.6,42.75,-48.11,-50.64,47.07,5.039999999999999,-41.1,-24.43,-16.48
2025-08-08T16:07:01.482085,-7.0,-7.0,-15.0,-5.0,33.0,-40.0,-3.0,-8.0,22.0,32.0,27.0,20.0,-5.02,-18.46,0.3800000000000008,-20.4,2.75,-30.11,3.3600000000000003,-10.93,38.04,45.9,-11.43,38.519999999999996
2025-08-08T16:07:01.487133,-62.0,-25.0,47.0,-7.0,-1.0,-1.0,61.0,57.0,-17.0,25.0,-32.0,23.0,-60.02,-36.46,62.38,-22.4,-31.25,8.89,67.36,54.07,-0.9600000000000009,38.9,-70.43,41.519999999999996
2025-08-08T16:07:01.494301,-6.0,11.0,-21.0,80.0,8.0,-27.0,30.0,32.0,8.0,-25.0,1.0,-28.0,-4.02,-0.46000000000000085,-5.619999999999999,64.6,-22.25,-17.11,36.36,29.07,24.04,-11.1,-37.43,-9.48
