timestamp,x1,y1,z1,x2,y2,z2,x3,y3,z3,x4,y4,z4,x1_calib,y1_calib,z1_calib,x2_calib,y2_calib,z2_calib,x3_calib,y3_calib,z3_calib,x4_calib,y4_calib,z4_calib
2025-08-05T13:09:39.009985,30.0,-126.0,10.0,-38.0,-6.0,-10.0,-60.0,-35.0,-4.0,-46.0,54.0,68.0,-2.6899999999999977,-116.77,16.81,-17.92,-12.02,17.23,-69.51,-12.02,3.1500000000000004,-21.66,62.29,95.87
2025-08-05T13:09:39.014366,56.0,-3.0,-57.0,-35.0,-55.0,-27.0,-27.0,-2.0,-28.0,16.0,14.0,2.0,23.310000000000002,6.23,-50.19,-14.920000000000002,-61.019999999999996,0.23000000000000043,-36.51,20.98,-20.85,40.34,22.29,29.87
2025-08-05T13:09:39.018365,27.0,31.0,6.0,58.0,-50.0,-11.0,-4.0,-18.0,13.0,-12.0,-36.0,44.0,-5.689999999999998,40.230000000000004,12.809999999999999,78.08,-56.019999999999996,16.23,-13.51,4.98,20.15,12.34,-27.71,71.87
2025-08-05T13:09:39.026696,-27.0,6.0,-64.0,-45.0,53.0,-106.0,38.0,23.0,-18.0,-35.0,59.0,-7.0,-59.69,15.23,-57.19,-24.92,46.980000000000004,-78.77,28.490000000000002,45.980000000000004,-10.85,-10.66,67.28999999999999,20.87
2025-08-05T13:09:39.030734,79.0,36.0,-2.0,-5.0,-37.0,-26.0,24.0,0.0,8.0,-47.0,26.0,-34.0,46.31,45.230000000000004,4.81,15.079999999999998,-43.019999999999996,1.2300000000000004,14.49,22.98,15.15,-22.66,34.29,-6.129999999999999
2025-08-05T13:09:39.039751,61.0,-40.0,-42.0,44.0,-30.0,13.0,24.0,-64.0,19.0,-68.0,-144.0,-12.0,28.310000000000002,-30.77,-35.19,64.08,-36.019999999999996,40.230000000000004,14.49,-41.019999999999996,26.15,-43.66,-135.71,15.870000000000001
2025-08-05T13:09:39.043094,-23.0,-83.0,-24.0,-10.0,18.0,47.0,-44.0,28.0,1.0,3.0,-12.0,15.0,-55.69,-73.77,-17.19,10.079999999999998,11.98,74.23,-53.51,50.980000000000004,8.15,27.34,-3.710000000000001,42.870000000000005
2025-08-05T13:09:39.051115,89.0,-34.0,-2.0,-18.0,98.0,19.0,-24.0,-16.0,1.0,-18.0,-82.0,20.0,56.31,-24.77,4.81,2.0799999999999983,91.98,46.230000000000004,-33.51,6.98,8.15,6.34,-73.71000000000001,47.870000000000005
2025-08-05T13:09:39.055435,0.0,-34.0,18.0,-68.0,65.0,-26.0,-18.0,29.0,40.0,-53.0,-93.0,19.0,-32.69,-24.77,24.81,-47.92,58.980000000000004,1.2300000000000004,-27.509999999999998,51.980000000000004,47.15,-28.66,-84.71000000000001,46.870000000000005
2025-08-05T13:09:39.063519,33.0,17.0,-6.0,-23.0,28.0,7.0,-27.0,26.0,-31.0,-72.0,-81.0,41.0,0.3100000000000023,26.23,0.8099999999999996,-2.9200000000000017,21.98,34.230000000000004,-36.51,48.980000000000004,-23.85,-47.66,-72.71000000000001,68.87
2025-08-05T13:09:39.067551,2.0,67.0,-41.0,-27.0,50.0,-56.0,23.0,-21.0,-56.0,2.0,-84.0,3.0,-30.689999999999998,76.23,-34.19,-6.920000000000002,43.980000000000004,-28.77,13.49,1.9800000000000004,-48.85,26.34,-75.71000000000001,30.87
2025-08-05T13:09:39.075634,13.0,5.0,-62.0,20.0,-18.0,-44.0,46.0,9.0,-18.0,-11.0,-66.0,22.0,-19.689999999999998,14.23,-55.19,40.08,-24.02,-16.77,36.49,31.98,-10.85,13.34,-57.71,49.870000000000005
2025-08-05T13:09:39.079813,15.0,12.0,-24.0,-22.0,19.0,-5.0,32.0,-18.0,-24.0,-9.0,-8.0,21.0,-17.689999999999998,21.23,-17.19,-1.9200000000000017,12.98,22.23,22.490000000000002,4.98,-16.85,15.34,0.28999999999999915,48.870000000000005
2025-08-05T13:09:39.088050,53.0,68.0,-48.0,-13.0,22.0,-36.0,-31.0,-41.0,-56.0,23.0,-31.0,-28.0,20.310000000000002,77.23,-41.19,7.079999999999998,15.98,-8.77,-40.51,-18.02,-48.85,47.34,-22.71,-0.129999999999999
2025-08-05T13:09:39.092107,47.0,18.0,39.0,1.0,50.0,0.0,17.0,-57.0,-38.0,82.0,-66.0,-15.0,14.310000000000002,27.23,45.81,21.08,43.980000000000004,27.23,7.49,-34.019999999999996,-30.85,106.34,-57.71,12.870000000000001
2025-08-05T13:09:39.100463,-3.0,-97.0,-19.0,-13.0,80.0,-83.0,-38.0,-21.0,31.0,29.0,-79.0,-42.0,-35.69,-87.77,-12.190000000000001,7.079999999999998,73.98,-55.769999999999996,-47.51,1.9800000000000004,38.15,53.34,-70.71000000000001,-14.129999999999999
2025-08-05T13:09:39.104613,51.0,-88.0,25.0,-39.0,-7.0,-4.0,56.0,-13.0,52.0,31.0,3.0,32.0,18.310000000000002,-78.77,31.81,-18.92,-13.02,23.23,46.49,9.98,59.15,55.34,11.29,59.870000000000005
2025-08-05T13:09:39.112571,81.0,-24.0,2.0,-81.0,10.0,-32.0,53.0,2.0,-11.0,25.0,-22.0,29.0,48.31,-14.77,8.809999999999999,-60.92,3.9800000000000004,-4.77,43.49,24.98,-3.8499999999999996,49.34,-13.71,56.870000000000005
2025-08-05T13:09:39.116829,9.0,-5.0,49.0,-52.0,20.0,-31.0,-4.0,-11.0,-55.0,92.0,-54.0,5.0,-23.689999999999998,4.23,55.81,-31.92,13.98,-3.7699999999999996,-13.51,11.98,-47.85,116.34,-45.71,32.870000000000005
2025-08-05T13:09:39.124911,-4.0,-58.0,4.0,-39.0,27.0,-78.0,-9.0,-29.0,-25.0,56.0,-49.0,3.0,-36.69,-48.769999999999996,10.809999999999999,-18.92,20.98,-50.769999999999996,-18.509999999999998,-6.02,-17.85,80.34,-40.71,30.87
2025-08-05T13:09:39.129056,43.0,-39.0,38.0,-41.0,15.0,-67.0,-22.0,-16.0,57.0,13.0,-63.0,4.0,10.310000000000002,-29.77,44.81,-20.92,8.98,-39.769999999999996,-31.509999999999998,6.98,64.15,37.34,-54.71,31.87
2025-08-05T13:09:39.137145,-8.0,6.0,-22.0,-20.0,-27.0,71.0,38.0,-43.0,-20.0,54.0,-94.0,-51.0,-40.69,15.23,-15.190000000000001,0.0799999999999983,-33.019999999999996,98.23,28.490000000000002,-20.02,-12.85,78.34,-85.71000000000001,-23.13
2025-08-05T13:09:39.141266,19.0,49.0,0.0,19.0,-25.0,-48.0,37.0,-16.0,1.0,18.0,-35.0,38.0,-13.689999999999998,58.230000000000004,6.81,39.08,-31.02,-20.77,27.490000000000002,6.98,8.15,42.34,-26.71,65.87
2025-08-05T13:09:39.149539,42.0,65.0,12.0,-56.0,35.0,-60.0,6.0,-58.0,-24.0,34.0,-91.0,-12.0,9.310000000000002,74.23,18.81,-35.92,28.98,-32.769999999999996,-3.51,-35.019999999999996,-16.85,58.34,-82.71000000000001,15.870000000000001
2025-08-05T13:09:39.153740,-1.0,102.0,-17.0,9.0,58.0,-88.0,20.0,-46.0,-2.0,-17.0,-80.0,15.0,-33.69,111.23,-10.190000000000001,29.08,51.980000000000004,-60.769999999999996,10.49,-23.02,5.15,7.34,-71.71000000000001,42.870000000000005
2025-08-05T13:09:39.161690,28.0,0.0,-87.0,41.0,-29.0,82.0,-54.0,-19.0,-56.0,24.0,-74.0,68.0,-4.689999999999998,9.23,-80.19,61.08,-35.019999999999996,109.23,-63.51,3.9800000000000004,-48.85,48.34,-65.71000000000001,95.87
2025-08-05T13:09:39.166026,14.0,13.0,-28.0,-4.0,-8.0,-23.0,29.0,-45.0,-74.0,65.0,-60.0,39.0,-18.689999999999998,22.23,-21.19,16.08,-14.02,4.23,19.490000000000002,-22.02,-66.85,89.34,-51.71,66.87
2025-08-05T13:09:39.174072,21.0,-59.0,-83.0,-8.0,-2.0,-67.0,65.0,-61.0,9.0,54.0,-32.0,-2.0,-11.689999999999998,-49.769999999999996,-76.19,12.079999999999998,-8.02,-39.769999999999996,55.49,-38.019999999999996,16.15,78.34,-23.71,25.87
2025-08-05T13:09:39.178343,34.0,-34.0,-36.0,-43.0,34.0,-43.0,4.0,-60.0,-15.0,29.0,-102.0,-11.0,1.3100000000000023,-24.77,-29.19,-22.92,27.98,-15.77,-5.51,-37.019999999999996,-7.85,53.34,-93.71000000000001,16.87
2025-08-05T13:09:39.186220,31.0,-91.0,41.0,12.0,71.0,-71.0,-49.0,-26.0,-22.0,26.0,-60.0,2.0,-1.6899999999999977,-81.77,47.81,32.08,64.98,-43.769999999999996,-58.51,-3.0199999999999996,-14.85,50.34,-51.71,29.87
2025-08-05T13:09:39.190591,-46.0,-32.0,13.0,-28.0,-42.0,-65.0,48.0,-79.0,0.0,37.0,-75.0,5.0,-78.69,-22.77,19.81,-7.920000000000002,-48.019999999999996,-37.769999999999996,38.49,-56.019999999999996,7.15,61.34,-66.71000000000001,32.870000000000005
2025-08-05T13:09:39.194538,32.0,-48.0,2.0,7.0,36.0,-88.0,76.0,-82.0,-13.0,44.0,-6.0,-18.0,-0.6899999999999977,-38.769999999999996,8.809999999999999,27.08,29.98,-60.769999999999996,66.49,-59.019999999999996,-5.85,68.34,2.289999999999999,9.870000000000001
2025-08-05T13:09:39.202834,15.0,-46.0,-6.0,70.0,52.0,-80.0,17.0,-2.0,13.0,111.0,-33.0,28.0,-17.689999999999998,-36.769999999999996,0.8099999999999996,90.08,45.980000000000004,-52.769999999999996,7.49,20.98,20.15,135.34,-24.71,55.870000000000005
2025-08-05T13:09:39.206785,-11.0,-13.0,-17.0,-6.0,42.0,-6.0,6.0,-36.0,60.0,87.0,-57.0,31.0,-43.69,-3.7699999999999996,-10.190000000000001,14.079999999999998,35.980000000000004,21.23,-3.51,-13.02,67.15,111.34,-48.71,58.870000000000005
2025-08-05T13:09:39.215016,30.0,37.0,-20.0,35.0,-23.0,38.0,67.0,-61.0,55.0,8.0,-73.0,-4.0,-2.6899999999999977,46.230000000000004,-13.190000000000001,55.08,-29.02,65.23,57.49,-38.019999999999996,62.15,32.34,-64.71000000000001,23.87
2025-08-05T13:09:39.219111,-7.0,72.0,-1.0,-28.0,37.0,12.0,61.0,-87.0,30.0,19.0,-46.0,15.0,-39.69,81.23,5.81,-7.920000000000002,30.98,39.230000000000004,51.49,-64.02,37.15,43.34,-37.71,42.870000000000005
2025-08-05T13:09:39.227412,114.0,68.0,-32.0,-24.0,17.0,-16.0,32.0,-52.0,22.0,31.0,-77.0,-17.0,81.31,77.23,-25.19,-3.9200000000000017,10.98,11.23,22.490000000000002,-29.02,29.15,55.34,-68.71000000000001,10.870000000000001
2025-08-05T13:09:39.231432,65.0,-8.0,-24.0,-12.0,55.0,-17.0,11.0,-62.0,4.0,-15.0,-69.0,29.0,32.31,1.2300000000000004,-17.19,8.079999999999998,48.980000000000004,10.23,1.4900000000000002,-39.019999999999996,11.15,9.34,-60.71,56.870000000000005
2025-08-05T13:09:39.239512,18.0,-42.0,30.0,-25.0,-10.0,-57.0,18.0,-95.0,25.0,42.0,-97.0,-33.0,-14.689999999999998,-32.769999999999996,36.81,-4.920000000000002,-16.02,-29.77,8.49,-72.02,32.15,66.34,-88.71000000000001,-5.129999999999999
2025-08-05T13:09:39.243627,-43.0,-39.0,3.0,-41.0,7.0,-15.0,-57.0,61.0,-35.0,30.0,-20.0,32.0,-75.69,-29.77,9.809999999999999,-20.92,0.9800000000000004,12.23,-66.51,83.98,-27.85,54.34,-11.71,59.870000000000005
2025-08-05T13:09:39.251896,92.0,-11.0,13.0,-55.0,46.0,-60.0,-22.0,-6.0,59.0,40.0,-70.0,-37.0,59.31,-1.7699999999999996,19.81,-34.92,39.980000000000004,-32.769999999999996,-31.509999999999998,16.98,66.15,64.34,-61.71,-9.129999999999999
2025-08-05T13:09:39.256614,66.0,60.0,18.0,-67.0,-13.0,7.0,-16.0,-51.0,14.0,31.0,-24.0,62.0,33.31,69.23,24.81,-46.92,-19.02,34.230000000000004,-25.509999999999998,-28.02,21.15,55.34,-15.71,89.87
2025-08-05T13:09:39.264280,-13.0,62.0,-43.0,-82.0,-1.0,-90.0,-34.0,17.0,-38.0,53.0,-121.0,21.0,-45.69,71.23,-36.19,-61.92,-7.02,-62.769999999999996,-43.51,39.980000000000004,-30.85,77.34,-112.71000000000001,48.870000000000005
2025-08-05T13:09:39.268261,79.0,-18.0,-22.0,-2.0,55.0,-30.0,21.0,0.0,-18.0,48.0,-59.0,40.0,46.31,-8.77,-15.190000000000001,18.08,48.980000000000004,-2.7699999999999996,11.49,22.98,-10.85,72.34,-50.71,67.87
2025-08-05T13:09:39.276408,72.0,-7.0,23.0,35.0,7.0,-36.0,-30.0,-8.0,-17.0,33.0,-16.0,-17.0,39.31,2.2300000000000004,29.81,55.08,0.9800000000000004,-8.77,-39.51,14.98,-9.85,57.34,-7.710000000000001,10.870000000000001
2025-08-05T13:09:39.280550,47.0,-60.0,-12.0,84.0,57.0,5.0,-15.0,-67.0,7.0,26.0,-42.0,28.0,14.310000000000002,-50.769999999999996,-5.19,104.08,50.980000000000004,32.230000000000004,-24.509999999999998,-44.019999999999996,14.15,50.34,-33.71,55.870000000000005
2025-08-05T13:09:39.288595,-3.0,-9.0,34.0,-39.0,-13.0,2.0,20.0,4.0,-29.0,46.0,7.0,3.0,-35.69,0.23000000000000043,40.81,-18.92,-19.02,29.23,10.49,26.98,-21.85,70.34,15.29,30.87
2025-08-05T13:09:39.293062,-27.0,6.0,36.0,-42.0,-12.0,42.0,29.0,-21.0,30.0,5.0,-60.0,-39.0,-59.69,15.23,42.81,-21.92,-18.02,69.23,19.490000000000002,1.9800000000000004,37.15,29.34,-51.71,-11.129999999999999
2025-08-05T13:09:39.301121,-64.0,2.0,42.0,-78.0,-1.0,30.0,-5.0,-23.0,-27.0,55.0,-46.0,-52.0,-96.69,11.23,48.81,-57.92,-7.02,57.230000000000004,-14.51,-0.019999999999999574,-19.85,79.34,-37.71,-24.13
2025-08-05T13:09:39.305221,29.0,41.0,-62.0,-16.0,46.0,-18.0,57.0,18.0,38.0,39.0,3.0,-15.0,-3.6899999999999977,50.230000000000004,-55.19,4.079999999999998,39.980000000000004,9.23,47.49,40.980000000000004,45.15,63.34,11.29,12.870000000000001
2025-08-05T13:09:39.313428,15.0,38.0,-41.0,-79.0,77.0,-8.0,-33.0,-62.0,-28.0,77.0,-76.0,-79.0,-17.689999999999998,47.230000000000004,-34.19,-58.92,70.98,19.23,-42.51,-39.019999999999996,-20.85,101.34,-67.71000000000001,-51.129999999999995
2025-08-05T13:09:39.317657,102.0,69.0,-59.0,-38.0,-55.0,-66.0,-40.0,22.0,-14.0,22.0,-112.0,-85.0,69.31,78.23,-52.19,-17.92,-61.019999999999996,-38.769999999999996,-49.51,44.980000000000004,-6.85,46.34,-103.71000000000001,-57.129999999999995
2025-08-05T13:09:39.325590,29.0,-4.0,-45.0,-53.0,4.0,-9.0,-39.0,35.0,-13.0,17.0,-68.0,-40.0,-3.6899999999999977,5.23,-38.19,-32.92,-2.0199999999999996,18.23,-48.51,57.980000000000004,-5.85,41.34,-59.71,-12.129999999999999
2025-08-05T13:09:39.329825,85.0,41.0,20.0,-48.0,49.0,-42.0,91.0,-68.0,-16.0,31.0,-59.0,-47.0,52.31,50.230000000000004,26.81,-27.92,42.980000000000004,-14.77,81.49,-45.019999999999996,-8.85,55.34,-50.71,-19.13
2025-08-05T13:09:39.337847,17.0,-79.0,44.0,-28.0,37.0,28.0,41.0,-23.0,-61.0,29.0,-66.0,-72.0,-15.689999999999998,-69.77,50.81,-7.920000000000002,30.98,55.230000000000004,31.490000000000002,-0.019999999999999574,-53.85,53.34,-57.71,-44.129999999999995
2025-08-05T13:09:39.342144,2.0,55.0,28.0,57.0,52.0,-34.0,24.0,-57.0,0.0,68.0,-93.0,-64.0,-30.689999999999998,64.23,34.81,77.08,45.980000000000004,-6.77,14.49,-34.019999999999996,7.15,92.34,-84.71000000000001,-36.129999999999995
2025-08-05T13:09:39.350251,10.0,15.0,10.0,-46.0,37.0,-31.0,-8.0,-57.0,10.0,63.0,24.0,-79.0,-22.689999999999998,24.23,16.81,-25.92,30.98,-3.7699999999999996,-17.509999999999998,-34.019999999999996,17.15,87.34,32.29,-51.129999999999995
2025-08-05T13:09:39.354968,-1.0,13.0,-43.0,0.0,22.0,-24.0,28.0,-83.0,-13.0,28.0,8.0,-52.0,-33.69,22.23,-36.19,20.08,15.98,3.2300000000000004,18.490000000000002,-60.019999999999996,-5.85,52.34,16.29,-24.13
2025-08-05T13:09:39.362487,28.0,49.0,-67.0,-59.0,-21.0,-71.0,28.0,-15.0,8.0,62.0,8.0,-14.0,-4.689999999999998,58.230000000000004,-60.19,-38.92,-27.02,-43.769999999999996,18.490000000000002,7.98,15.15,86.34,16.29,13.870000000000001
2025-08-05T13:09:39.366775,3.0,53.0,-11.0,6.0,-22.0,-3.0,24.0,-40.0,-25.0,-55.0,-8.0,-85.0,-29.689999999999998,62.230000000000004,-4.19,26.08,-28.02,24.23,14.49,-17.02,-17.85,-30.66,0.28999999999999915,-57.129999999999995
2025-08-05T13:09:39.374737,-17.0,-6.0,-54.0,17.0,-53.0,-51.0,-1.0,25.0,-1.0,-35.0,57.0,-56.0,-49.69,3.2300000000000004,-47.19,37.08,-59.019999999999996,-23.77,-10.51,47.980000000000004,6.15,-10.66,65.28999999999999,-28.13
2025-08-05T13:09:39.379071,45.0,95.0,-16.0,1.0,-9.0,40.0,-36.0,-9.0,-32.0,-22.0,-51.0,-63.0,12.310000000000002,104.23,-9.190000000000001,21.08,-15.02,67.23,-45.51,13.98,-24.85,2.34,-42.71,-35.129999999999995
2025-08-05T13:09:39.386813,4.0,23.0,-57.0,-66.0,-35.0,-31.0,38.0,-57.0,21.0,-25.0,0.0,-70.0,-28.689999999999998,32.230000000000004,-50.19,-45.92,-41.019999999999996,-3.7699999999999996,28.490000000000002,-34.019999999999996,28.15,-0.6600000000000001,8.29,-42.129999999999995
2025-08-05T13:09:39.391303,85.0,21.0,-14.0,-69.0,-21.0,-59.0,26.0,-56.0,-21.0,-25.0,-10.0,-95.0,52.31,30.23,-7.19,-48.92,-27.02,-31.77,16.490000000000002,-33.019999999999996,-13.85,-0.6600000000000001,-1.7100000000000009,-67.13
2025-08-05T13:09:39.399379,98.0,-62.0,-30.0,-41.0,-37.0,-53.0,68.0,-45.0,-9.0,-25.0,-18.0,-92.0,65.31,-52.769999999999996,-23.19,-20.92,-43.019999999999996,-25.77,58.49,-22.02,-1.8499999999999996,-0.6600000000000001,-9.71,-64.13
2025-08-05T13:09:39.403797,50.0,-69.0,28.0,18.0,-7.0,-17.0,-15.0,-73.0,4.0,-28.0,-41.0,-48.0,17.310000000000002,-59.769999999999996,34.81,38.08,-13.02,10.23,-24.509999999999998,-50.019999999999996,11.15,-3.66,-32.71,-20.13
2025-08-05T13:09:39.411524,-14.0,-29.0,76.0,-53.0,-19.0,-15.0,-19.0,-57.0,37.0,-2.0,11.0,-30.0,-46.69,-19.77,82.81,-32.92,-25.02,12.23,-28.509999999999998,-34.019999999999996,44.15,22.34,19.29,-2.129999999999999
2025-08-05T13:09:39.415697,-50.0,66.0,15.0,41.0,1.0,-28.0,0.0,-34.0,-5.0,-7.0,8.0,-56.0,-82.69,75.23,21.81,61.08,-5.02,-0.7699999999999996,-9.51,-11.02,2.1500000000000004,17.34,16.29,-28.13
2025-08-05T13:09:39.419771,2.0,23.0,47.0,35.0,-26.0,-8.0,50.0,-69.0,-30.0,6.0,-13.0,-20.0,-30.689999999999998,32.230000000000004,53.81,55.08,-32.019999999999996,19.23,40.49,-46.019999999999996,-22.85,30.34,-4.710000000000001,7.870000000000001
2025-08-05T13:09:39.428044,-14.0,43.0,33.0,-40.0,-38.0,-3.0,-7.0,-108.0,4.0,-20.0,30.0,-30.0,-46.69,52.230000000000004,39.81,-19.92,-44.019999999999996,24.23,-16.509999999999998,-85.02,11.15,4.34,38.29,-2.129999999999999
2025-08-05T13:09:39.432052,-26.0,38.0,-39.0,-17.0,-43.0,36.0,24.0,1.0,4.0,-17.0,-21.0,-10.0,-58.69,47.230000000000004,-32.19,3.0799999999999983,-49.019999999999996,63.230000000000004,14.49,23.98,11.15,7.34,-12.71,17.87
2025-08-05T13:09:39.440411,17.0,35.0,10.0,-47.0,42.0,-66.0,16.0,0.0,-49.0,-75.0,33.0,-14.0,-15.689999999999998,44.230000000000004,16.81,-26.92,35.980000000000004,-38.769999999999996,6.49,22.98,-41.85,-50.66,41.29,13.870000000000001
2025-08-05T13:09:39.444350,48.0,-49.0,-30.0,-1.0,17.0,-10.0,101.0,-76.0,62.0,-4.0,53.0,-9.0,15.310000000000002,-39.769999999999996,-23.19,19.08,10.98,17.23,91.49,-53.019999999999996,69.15,20.34,61.29,18.87
2025-08-05T13:09:39.452558,86.0,-53.0,-27.0,16.0,17.0,-84.0,-22.0,-82.0,41.0,-2.0,-61.0,-34.0,53.31,-43.769999999999996,-20.19,36.08,10.98,-56.769999999999996,-31.509999999999998,-59.019999999999996,48.15,22.34,-52.71,-6.129999999999999
2025-08-05T13:09:39.456818,51.0,-19.0,24.0,0.0,21.0,-97.0,76.0,-38.0,-79.0,-51.0,-23.0,-52.0,18.310000000000002,-9.77,30.81,20.08,14.98,-69.77,66.49,-15.02,-71.85,-26.66,-14.71,-24.13
2025-08-05T13:09:39.464883,64.0,-49.0,34.0,-83.0,57.0,-6.0,50.0,-59.0,9.0,-16.0,33.0,3.0,31.310000000000002,-39.769999999999996,40.81,-62.92,50.980000000000004,21.23,40.49,-36.019999999999996,16.15,8.34,41.29,30.87
2025-08-05T13:09:39.469153,14.0,-67.0,21.0,-24.0,34.0,-21.0,26.0,-61.0,-32.0,-30.0,-9.0,-35.0,-18.689999999999998,-57.769999999999996,27.81,-3.9200000000000017,27.98,6.23,16.490000000000002,-38.019999999999996,-24.85,-5.66,-0.7100000000000009,-7.129999999999999
2025-08-05T13:09:39.477240,42.0,49.0,60.0,-52.0,11.0,-46.0,36.0,14.0,-12.0,-29.0,-53.0,-33.0,9.310000000000002,58.230000000000004,66.81,-31.92,4.98,-18.77,26.490000000000002,36.980000000000004,-4.85,-4.66,-44.71,-5.129999999999999
2025-08-05T13:09:39.481388,-57.0,-29.0,-44.0,-61.0,-1.0,-98.0,-12.0,-67.0,-6.0,-45.0,75.0,5.0,-89.69,-19.77,-37.19,-40.92,-7.02,-70.77,-21.509999999999998,-44.019999999999996,1.1500000000000004,-20.66,83.28999999999999,32.870000000000005
2025-08-05T13:09:39.489493,33.0,33.0,-18.0,21.0,58.0,-58.0,-11.0,3.0,10.0,-17.0,14.0,-20.0,0.3100000000000023,42.230000000000004,-11.190000000000001,41.08,51.980000000000004,-30.77,-20.509999999999998,25.98,17.15,7.34,22.29,7.870000000000001
2025-08-05T13:09:39.493725,98.0,-4.0,-92.0,-29.0,-16.0,-39.0,12.0,-69.0,-1.0,-61.0,6.0,-58.0,65.31,5.23,-85.19,-8.920000000000002,-22.02,-11.77,2.49,-46.019999999999996,6.15,-36.66,14.29,-30.13
2025-08-05T13:09:39.501619,44.0,52.0,-33.0,33.0,15.0,-22.0,23.0,-60.0,-42.0,21.0,-50.0,-43.0,11.310000000000002,61.230000000000004,-26.19,53.08,8.98,5.23,13.49,-37.019999999999996,-34.85,45.34,-41.71,-15.129999999999999
2025-08-05T13:09:39.505936,111.0,-53.0,-61.0,48.0,19.0,-55.0,1.0,-16.0,82.0,-81.0,-7.0,-68.0,78.31,-43.769999999999996,-54.19,68.08,12.98,-27.77,-8.51,6.98,89.15,-56.66,1.2899999999999991,-40.129999999999995
2025-08-05T13:09:39.513903,21.0,7.0,20.0,-58.0,11.0,19.0,31.0,-42.0,28.0,-48.0,24.0,-71.0,-11.689999999999998,16.23,26.81,-37.92,4.98,46.230000000000004,21.490000000000002,-19.02,35.15,-23.66,32.29,-43.129999999999995
2025-08-05T13:09:39.518428,29.0,-41.0,-8.0,1.0,-15.0,14.0,18.0,-55.0,33.0,-38.0,7.0,-42.0,-3.6899999999999977,-31.77,-1.1900000000000004,21.08,-21.02,41.230000000000004,8.49,-32.019999999999996,40.15,-13.66,15.29,-14.129999999999999
2025-08-05T13:09:39.526283,-25.0,-15.0,59.0,-78.0,56.0,28.0,17.0,-80.0,19.0,-29.0,-26.0,-71.0,-57.69,-5.77,65.81,-57.92,49.980000000000004,55.230000000000004,7.49,-57.019999999999996,26.15,-4.66,-17.71,-43.129999999999995
2025-08-05T13:09:39.530593,56.0,42.0,51.0,-18.0,14.0,-62.0,-6.0,-41.0,-15.0,-49.0,35.0,-39.0,23.310000000000002,51.230000000000004,57.81,2.0799999999999983,7.98,-34.769999999999996,-15.51,-18.02,-7.85,-24.66,43.29,-11.129999999999999
2025-08-05T13:09:39.538633,-40.0,10.0,-1.0,60.0,26.0,-30.0,-18.0,-39.0,-50.0,-71.0,-37.0,-110.0,-72.69,19.23,5.81,80.08,19.98,-2.7699999999999996,-27.509999999999998,-16.02,-42.85,-46.66,-28.71,-82.13
2025-08-05T13:09:39.542770,23.0,16.0,-13.0,-31.0,-70.0,-15.0,-33.0,-21.0,11.0,-50.0,47.0,7.0,-9.689999999999998,25.23,-6.19,-10.920000000000002,-76.02,12.23,-42.51,1.9800000000000004,18.15,-25.66,55.29,34.870000000000005
2025-08-05T13:09:39.550863,16.0,3.0,-54.0,-45.0,-16.0,-3.0,-34.0,-64.0,12.0,19.0,-15.0,-17.0,-16.689999999999998,12.23,-47.19,-24.92,-22.02,24.23,-43.51,-41.019999999999996,19.15,43.34,-6.710000000000001,10.870000000000001
2025-08-05T13:09:39.555044,81.0,-60.0,-31.0,-44.0,9.0,-17.0,8.0,-44.0,1.0,-34.0,0.0,-43.0,48.31,-50.769999999999996,-24.19,-23.92,2.9800000000000004,10.23,-1.5099999999999998,-21.02,8.15,-9.66,8.29,-15.129999999999999
2025-08-05T13:09:39.563164,72.0,-28.0,-6.0,-49.0,3.0,-20.0,45.0,-28.0,21.0,-25.0,-31.0,-9.0,39.31,-18.77,0.8099999999999996,-28.92,-3.0199999999999996,7.23,35.49,-5.02,28.15,-0.6600000000000001,-22.71,18.87
2025-08-05T13:09:39.567342,-26.0,-86.0,-13.0,-33.0,62.0,-102.0,3.0,-57.0,16.0,-14.0,-72.0,-66.0,-58.69,-76.77,-6.19,-12.920000000000002,55.980000000000004,-74.77,-6.51,-34.019999999999996,23.15,10.34,-63.71,-38.129999999999995
2025-08-05T13:09:39.575456,-6.0,-19.0,85.0,45.0,8.0,-34.0,18.0,-19.0,28.0,-56.0,-46.0,-105.0,-38.69,-9.77,91.81,65.08,1.9800000000000004,-6.77,8.49,3.9800000000000004,35.15,-31.66,-37.71,-77.13
2025-08-05T13:09:39.579749,-7.0,17.0,11.0,-22.0,-55.0,-3.0,13.0,33.0,70.0,-28.0,-56.0,-56.0,-39.69,26.23,17.81,-1.9200000000000017,-61.019999999999996,24.23,3.49,55.980000000000004,77.15,-3.66,-47.71,-28.13
2025-08-05T13:09:39.587739,-20.0,56.0,-11.0,-14.0,-54.0,14.0,9.0,-47.0,-13.0,-95.0,5.0,-92.0,-52.69,65.23,-4.19,6.079999999999998,-60.019999999999996,41.230000000000004,-0.5099999999999998,-24.02,-5.85,-70.66,13.29,-64.13
2025-08-05T13:09:39.591894,-29.0,-7.0,-5.0,23.0,45.0,9.0,-96.0,-42.0,19.0,-62.0,2.0,-29.0,-61.69,2.2300000000000004,1.8099999999999996,43.08,38.980000000000004,36.230000000000004,-105.51,-19.02,26.15,-37.66,10.29,-1.129999999999999
2025-08-05T13:09:39.595852,9.0,25.0,16.0,6.0,22.0,5.0,46.0,-97.0,18.0,-94.0,3.0,-13.0,-23.689999999999998,34.230000000000004,22.81,26.08,15.98,32.230000000000004,36.49,-74.02,25.15,-69.66,11.29,14.870000000000001
2025-08-05T13:09:39.604209,45.0,55.0,-57.0,15.0,73.0,-10.0,1.0,-61.0,-73.0,-17.0,-68.0,-7.0,12.310000000000002,64.23,-50.19,35.08,66.98,17.23,-8.51,-38.019999999999996,-65.85,7.34,-59.71,20.87
2025-08-05T13:09:39.612317,-43.0,33.0,-34.0,70.0,45.0,-68.0,-28.0,62.0,-33.0,-37.0,-34.0,-62.0,-75.69,42.230000000000004,-27.19,90.08,38.980000000000004,-40.769999999999996,-37.51,84.98,-25.85,-12.66,-25.71,-34.129999999999995
2025-08-05T13:09:39.616538,89.0,83.0,-39.0,-7.0,-14.0,-88.0,1.0,4.0,28.0,-14.0,40.0,-36.0,56.31,92.23,-32.19,13.079999999999998,-20.02,-60.769999999999996,-8.51,26.98,35.15,10.34,48.29,-8.129999999999999
2025-08-05T13:09:39.620603,70.0,-3.0,-50.0,-13.0,14.0,-80.0,67.0,-31.0,25.0,21.0,6.0,-67.0,37.31,6.23,-43.19,7.079999999999998,7.98,-52.769999999999996,57.49,-8.02,32.15,45.34,14.29,-39.129999999999995
2025-08-05T13:09:39.628760,96.0,17.0,-60.0,14.0,-2.0,-43.0,-29.0,-1.0,-17.0,-17.0,-8.0,-56.0,63.31,26.23,-53.19,34.08,-8.02,-15.77,-38.51,21.98,-9.85,7.34,0.28999999999999915,-28.13
2025-08-05T13:09:39.632745,106.0,-31.0,-17.0,21.0,48.0,2.0,-68.0,59.0,-12.0,-9.0,-20.0,-18.0,73.31,-21.77,-10.190000000000001,41.08,41.980000000000004,29.23,-77.51,81.98,-4.85,15.34,-11.71,9.870000000000001
2025-08-05T13:09:39.641012,31.0,-51.0,28.0,-26.0,-35.0,-10.0,29.0,84.0,-50.0,-17.0,5.0,-76.0,-1.6899999999999977,-41.769999999999996,34.81,-5.920000000000002,-41.019999999999996,17.23,19.490000000000002,106.98,-42.85,7.34,13.29,-48.129999999999995
2025-08-05T13:09:39.645396,-17.0,1.0,0.0,-84.0,3.0,25.0,2.0,-5.0,-95.0,-49.0,27.0,-80.0,-49.69,10.23,6.81,-63.92,-3.0199999999999996,52.230000000000004,-7.51,17.98,-87.85,-24.66,35.29,-52.129999999999995
2025-08-05T13:09:39.653509,29.0,-92.0,18.0,-32.0,25.0,-4.0,58.0,-18.0,-58.0,-12.0,23.0,-17.0,-3.6899999999999977,-82.77,24.81,-11.920000000000002,18.98,23.23,48.49,4.98,-50.85,12.34,31.29,10.870000000000001
2025-08-05T13:09:39.657628,29.0,30.0,-1.0,-64.0,46.0,-25.0,-21.0,1.0,-2.0,4.0,-10.0,24.0,-3.6899999999999977,39.230000000000004,5.81,-43.92,39.980000000000004,2.2300000000000004,-30.509999999999998,23.98,5.15,28.34,-1.7100000000000009,51.870000000000005
2025-08-05T13:09:39.665658,-34.0,50.0,54.0,-64.0,11.0,-91.0,24.0,-8.0,12.0,-20.0,-73.0,39.0,-66.69,59.230000000000004,60.81,-43.92,4.98,-63.769999999999996,14.49,14.98,19.15,4.34,-64.71000000000001,66.87
2025-08-05T13:09:39.669858,-1.0,52.0,-65.0,-43.0,75.0,-47.0,39.0,-37.0,40.0,-17.0,-66.0,-17.0,-33.69,61.230000000000004,-58.19,-22.92,68.98,-19.77,29.490000000000002,-14.02,47.15,7.34,-57.71,10.870000000000001
2025-08-05T13:09:39.677847,80.0,6.0,-22.0,30.0,19.0,-47.0,12.0,-30.0,-65.0,31.0,-91.0,-12.0,47.31,15.23,-15.190000000000001,50.08,12.98,-19.77,2.49,-7.02,-57.85,55.34,-82.71000000000001,15.870000000000001
2025-08-05T13:09:39.682040,71.0,-5.0,2.0,32.0,15.0,-6.0,-22.0,35.0,-21.0,12.0,-62.0,3.0,38.31,4.23,8.809999999999999,52.08,8.98,21.23,-31.509999999999998,57.980000000000004,-13.85,36.34,-53.71,30.87
2025-08-05T13:09:39.690072,8.0,-9.0,-41.0,7.0,3.0,-37.0,-46.0,-46.0,53.0,33.0,-55.0,-32.0,-24.689999999999998,0.23000000000000043,-34.19,27.08,-3.0199999999999996,-9.77,-55.51,-23.02,60.15,57.34,-46.71,-4.129999999999999
2025-08-05T13:09:39.694338,41.0,-63.0,16.0,-1.0,21.0,-33.0,-19.0,-21.0,22.0,72.0,-77.0,27.0,8.310000000000002,-53.769999999999996,22.81,19.08,14.98,-5.77,-28.509999999999998,1.9800000000000004,29.15,96.34,-68.71000000000001,54.870000000000005
2025-08-05T13:09:39.702485,60.0,-69.0,12.0,-67.0,10.0,44.0,71.0,-51.0,-29.0,25.0,-64.0,24.0,27.310000000000002,-59.769999999999996,18.81,-46.92,3.9800000000000004,71.23,61.49,-28.02,-21.85,49.34,-55.71,51.870000000000005
2025-08-05T13:09:39.706716,-7.0,11.0,55.0,-31.0,-41.0,-6.0,46.0,-42.0,-46.0,43.0,-37.0,30.0,-39.69,20.23,61.81,-10.920000000000002,-47.019999999999996,21.23,36.49,-19.02,-38.85,67.34,-28.71,57.870000000000005
2025-08-05T13:09:39.714639,-54.0,34.0,-37.0,-61.0,27.0,-3.0,79.0,-45.0,-62.0,86.0,-69.0,-3.0,-86.69,43.230000000000004,-30.19,-40.92,20.98,24.23,69.49,-22.02,-54.85,110.34,-60.71,24.87
2025-08-05T13:09:39.718921,-26.0,41.0,23.0,-1.0,83.0,-34.0,-14.0,-44.0,-44.0,72.0,-30.0,55.0,-58.69,50.230000000000004,29.81,19.08,76.98,-6.77,-23.509999999999998,-21.02,-36.85,96.34,-21.71,82.87
2025-08-05T13:09:39.727089,12.0,-2.0,11.0,-25.0,-16.0,-43.0,79.0,-55.0,-21.0,52.0,-95.0,-13.0,-20.689999999999998,7.23,17.81,-4.920000000000002,-22.02,-15.77,69.49,-32.019999999999996,-13.85,76.34,-86.71000000000001,14.870000000000001
2025-08-05T13:09:39.731348,72.0,62.0,-18.0,47.0,0.0,24.0,-5.0,-90.0,-3.0,41.0,18.0,39.0,39.31,71.23,-11.190000000000001,67.08,-6.02,51.230000000000004,-14.51,-67.02,4.15,65.34,26.29,66.87
2025-08-05T13:09:39.739265,70.0,18.0,-68.0,-19.0,-9.0,-37.0,32.0,-78.0,44.0,28.0,-58.0,-3.0,37.31,27.23,-61.19,1.0799999999999983,-15.02,-9.77,22.490000000000002,-55.019999999999996,51.15,52.34,-49.71,24.87
2025-08-05T13:09:39.743486,30.0,-24.0,-5.0,-67.0,71.0,-21.0,-14.0,-28.0,-25.0,63.0,-82.0,45.0,-2.6899999999999977,-14.77,1.8099999999999996,-46.92,64.98,6.23,-23.509999999999998,-5.02,-17.85,87.34,-73.71000000000001,72.87
2025-08-05T13:09:39.751601,91.0,61.0,-48.0,-8.0,-22.0,-49.0,-4.0,-57.0,-6.0,16.0,-52.0,68.0,58.31,70.23,-41.19,12.079999999999998,-28.02,-21.77,-13.51,-34.019999999999996,1.1500000000000004,40.34,-43.71,95.87
2025-08-05T13:09:39.755638,96.0,-76.0,-34.0,-36.0,55.0,-66.0,-3.0,12.0,49.0,82.0,-66.0,-9.0,63.31,-66.77,-27.19,-15.920000000000002,48.980000000000004,-38.769999999999996,-12.51,34.980000000000004,56.15,106.34,-57.71,18.87
2025-08-05T13:09:39.763857,102.0,-50.0,-29.0,-34.0,33.0,-32.0,39.0,40.0,7.0,33.0,-116.0,0.0,69.31,-40.769999999999996,-22.19,-13.920000000000002,26.98,-4.77,29.490000000000002,62.980000000000004,14.15,57.34,-107.71000000000001,27.87
2025-08-05T13:09:39.768125,41.0,-42.0,34.0,-25.0,-7.0,-33.0,54.0,-44.0,5.0,113.0,-75.0,19.0,8.310000000000002,-32.769999999999996,40.81,-4.920000000000002,-13.02,-5.77,44.49,-21.02,12.15,137.34,-66.71000000000001,46.870000000000005
2025-08-05T13:09:39.776011,28.0,-11.0,17.0,3.0,54.0,47.0,22.0,-28.0,-23.0,-3.0,-75.0,-41.0,-4.689999999999998,-1.7699999999999996,23.81,23.08,47.980000000000004,74.23,12.49,-5.02,-15.85,21.34,-66.71000000000001,-13.129999999999999
2025-08-05T13:09:39.780412,29.0,30.0,15.0,-48.0,-11.0,1.0,-11.0,78.0,-50.0,57.0,-33.0,-10.0,-3.6899999999999977,39.230000000000004,21.81,-27.92,-17.02,28.23,-20.509999999999998,100.98,-42.85,81.34,-24.71,17.87
2025-08-05T13:09:39.784397,1.0,-10.0,15.0,-9.0,67.0,61.0,41.0,-28.0,-16.0,-7.0,-91.0,7.0,-31.689999999999998,-0.7699999999999996,21.81,11.079999999999998,60.980000000000004,88.23,31.490000000000002,-5.02,-8.85,17.34,-82.71000000000001,34.870000000000005
2025-08-05T13:09:39.792663,-10.0,48.0,-14.0,-68.0,30.0,-71.0,4.0,40.0,-8.0,29.0,-19.0,-38.0,-42.69,57.230000000000004,-7.19,-47.92,23.98,-43.769999999999996,-5.51,62.980000000000004,-0.8499999999999996,53.34,-10.71,-10.129999999999999
2025-08-05T13:09:39.796627,43.0,9.0,-40.0,-96.0,-15.0,-49.0,54.0,-35.0,-3.0,0.0,-42.0,-27.0,10.310000000000002,18.23,-33.19,-75.92,-21.02,-21.77,44.49,-12.02,4.15,24.34,-33.71,0.870000000000001
2025-08-05T13:09:39.804722,78.0,1.0,-28.0,-13.0,0.0,-61.0,0.0,1.0,9.0,17.0,-2.0,-64.0,45.31,10.23,-21.19,7.079999999999998,-6.02,-33.769999999999996,-9.51,23.98,16.15,41.34,6.289999999999999,-36.129999999999995
2025-08-05T13:09:39.809014,80.0,7.0,-91.0,-4.0,24.0,-44.0,1.0,13.0,0.0,-34.0,15.0,-49.0,47.31,16.23,-84.19,16.08,17.98,-16.77,-8.51,35.980000000000004,7.15,-9.66,23.29,-21.13
2025-08-05T13:09:39.817115,100.0,-7.0,-33.0,19.0,85.0,-87.0,18.0,-2.0,-51.0,-48.0,-24.0,13.0,67.31,2.2300000000000004,-26.19,39.08,78.98,-59.769999999999996,8.49,20.98,-43.85,-23.66,-15.71,40.870000000000005
2025-08-05T13:09:39.821276,86.0,-67.0,-88.0,-21.0,8.0,-64.0,-31.0,16.0,27.0,23.0,-76.0,16.0,53.31,-57.769999999999996,-81.19,-0.9200000000000017,1.9800000000000004,-36.769999999999996,-40.51,38.980000000000004,34.15,47.34,-67.71000000000001,43.870000000000005
2025-08-05T13:09:39.829456,64.0,28.0,-41.0,-15.0,36.0,-27.0,16.0,-23.0,-90.0,-53.0,17.0,-8.0,31.310000000000002,37.230000000000004,-34.19,5.079999999999998,29.98,0.23000000000000043,6.49,-0.019999999999999574,-82.85,-28.66,25.29,19.87
2025-08-05T13:09:39.833620,36.0,2.0,31.0,-63.0,-49.0,-44.0,4.0,-5.0,-37.0,-56.0,-32.0,11.0,3.3100000000000023,11.23,37.81,-42.92,-55.019999999999996,-16.77,-5.51,17.98,-29.85,-31.66,-23.71,38.870000000000005
2025-08-05T13:09:39.841536,10.0,-85.0,58.0,-50.0,18.0,4.0,18.0,-11.0,-2.0,-10.0,-28.0,-3.0,-22.689999999999998,-75.77,64.81,-29.92,11.98,31.23,8.49,11.98,5.15,14.34,-19.71,24.87
2025-08-05T13:09:39.845804,3.0,27.0,33.0,-58.0,27.0,2.0,-15.0,-8.0,2.0,0.0,-19.0,3.0,-29.689999999999998,36.230000000000004,39.81,-37.92,20.98,29.23,-24.509999999999998,14.98,9.15,24.34,-10.71,30.87
2025-08-05T13:09:39.853869,21.0,64.0,9.0,-55.0,24.0,-63.0,6.0,3.0,11.0,-45.0,-65.0,-24.0,-11.689999999999998,73.23,15.809999999999999,-34.92,17.98,-35.769999999999996,-3.51,25.98,18.15,-20.66,-56.71,3.870000000000001
2025-08-05T13:09:39.858299,99.0,51.0,43.0,-20.0,29.0,-45.0,-44.0,-28.0,-43.0,-11.0,-39.0,2.0,66.31,60.230000000000004,49.81,0.0799999999999983,22.98,-17.77,-53.51,-5.02,-35.85,13.34,-30.71,29.87
2025-08-05T13:09:39.866161,-3.0,77.0,-3.0,-34.0,47.0,-12.0,43.0,-43.0,-46.0,36.0,-69.0,3.0,-35.69,86.23,3.8099999999999996,-13.920000000000002,40.980000000000004,15.23,33.49,-20.02,-38.85,60.34,-60.71,30.87
2025-08-05T13:09:39.870601,-1.0,50.0,-68.0,-6.0,-10.0,-116.0,66.0,-3.0,-33.0,86.0,-69.0,40.0,-33.69,59.230000000000004,-61.19,14.079999999999998,-16.02,-88.77,56.49,19.98,-25.85,110.34,-60.71,67.87
2025-08-05T13:09:39.878582,42.0,-56.0,-39.0,-81.0,-21.0,-2.0,29.0,-16.0,26.0,56.0,9.0,31.0,9.310000000000002,-46.769999999999996,-32.19,-60.92,-27.02,25.23,19.490000000000002,6.98,33.15,80.34,17.29,58.870000000000005
2025-08-05T13:09:39.882739,78.0,1.0,-96.0,-26.0,16.0,-31.0,-9.0,-9.0,-21.0,51.0,-96.0,-21.0,45.31,10.23,-89.19,-5.920000000000002,9.98,-3.7699999999999996,-18.509999999999998,13.98,-13.85,75.34,-87.71000000000001,6.870000000000001
2025-08-05T13:09:39.887018,90.0,3.0,-21.0,-29.0,2.0,-15.0,30.0,-78.0,-25.0,44.0,-8.0,62.0,57.31,12.23,-14.190000000000001,-8.920000000000002,-4.02,12.23,20.490000000000002,-55.019999999999996,-17.85,68.34,0.28999999999999915,89.87
2025-08-05T13:09:39.895039,85.0,39.0,-14.0,-19.0,-43.0,11.0,13.0,-5.0,-50.0,-68.0,-67.0,-24.0,52.31,48.230000000000004,-7.19,1.0799999999999983,-49.019999999999996,38.230000000000004,3.49,17.98,-42.85,-43.66,-58.71,3.870000000000001
2025-08-05T13:09:39.903015,47.0,-67.0,-127.0,-16.0,64.0,-1.0,68.0,-33.0,-71.0,85.0,-107.0,-9.0,14.310000000000002,-57.769999999999996,-120.19,4.079999999999998,57.980000000000004,26.23,58.49,-10.02,-63.85,109.34,-98.71000000000001,18.87
2025-08-05T13:09:39.907455,124.0,34.0,27.0,-14.0,-19.0,-108.0,23.0,-98.0,-25.0,-12.0,-104.0,-32.0,91.31,43.230000000000004,33.81,6.079999999999998,-25.02,-80.77,13.49,-75.02,-17.85,12.34,-95.71000000000001,-4.129999999999999
2025-08-05T13:09:39.911594,-40.0,-42.0,43.0,-77.0,0.0,16.0,30.0,-36.0,25.0,40.0,-34.0,58.0,-72.69,-32.769999999999996,49.81,-56.92,-6.02,43.230000000000004,20.490000000000002,-13.02,32.15,64.34,-25.71,85.87
2025-08-05T13:09:39.919629,-73.0,-12.0,0.0,45.0,-17.0,-28.0,20.0,-6.0,2.0,59.0,-36.0,25.0,-105.69,-2.7699999999999996,6.81,65.08,-23.02,-0.7699999999999996,10.49,16.98,9.15,83.34,-27.71,52.870000000000005
2025-08-05T13:09:39.923593,-8.0,-3.0,38.0,-121.0,24.0,-46.0,54.0,3.0,-76.0,32.0,-12.0,21.0,-40.69,6.23,44.81,-100.92,17.98,-18.77,44.49,25.98,-68.85,56.34,-3.710000000000001,48.870000000000005
2025-08-05T13:09:39.931889,48.0,17.0,61.0,-11.0,-43.0,10.0,79.0,-32.0,-2.0,-20.0,-84.0,16.0,15.310000000000002,26.23,67.81,9.079999999999998,-49.019999999999996,37.230000000000004,69.49,-9.02,5.15,4.34,-75.71000000000001,43.870000000000005
2025-08-05T13:09:39.935880,-2.0,25.0,-40.0,-39.0,4.0,-50.0,25.0,-92.0,-5.0,21.0,-75.0,-35.0,-34.69,34.230000000000004,-33.19,-18.92,-2.0199999999999996,-22.77,15.49,-69.02,2.1500000000000004,45.34,-66.71000000000001,-7.129999999999999
2025-08-05T13:09:39.944097,69.0,70.0,-57.0,26.0,74.0,-36.0,6.0,-14.0,-3.0,74.0,-11.0,31.0,36.31,79.23,-50.19,46.08,67.98,-8.77,-3.51,8.98,4.15,98.34,-2.710000000000001,58.870000000000005
2025-08-05T13:09:39.948179,77.0,-56.0,35.0,-8.0,-19.0,-87.0,-18.0,-56.0,10.0,66.0,-72.0,42.0,44.31,-46.769999999999996,41.81,12.079999999999998,-25.02,-59.769999999999996,-27.509999999999998,-33.019999999999996,17.15,90.34,-63.71,69.87
2025-08-05T13:09:39.956702,53.0,-51.0,50.0,13.0,41.0,-32.0,54.0,-53.0,46.0,66.0,-43.0,19.0,20.310000000000002,-41.769999999999996,56.81,33.08,34.980000000000004,-4.77,44.49,-30.02,53.15,90.34,-34.71,46.870000000000005
2025-08-05T13:09:39.960420,-28.0,27.0,-23.0,-7.0,-5.0,21.0,-14.0,-80.0,13.0,42.0,-10.0,19.0,-60.69,36.230000000000004,-16.19,13.079999999999998,-11.02,48.230000000000004,-23.509999999999998,-57.019999999999996,20.15,66.34,-1.7100000000000009,46.870000000000005
2025-08-05T13:09:39.968637,63.0,21.0,-28.0,-14.0,-30.0,-12.0,15.0,40.0,33.0,26.0,-62.0,32.0,30.310000000000002,30.23,-21.19,6.079999999999998,-36.019999999999996,15.23,5.49,62.980000000000004,40.15,50.34,-53.71,59.870000000000005
2025-08-05T13:09:39.972712,0.0,65.0,-52.0,-63.0,-27.0,-60.0,34.0,26.0,5.0,48.0,-82.0,12.0,-32.69,74.23,-45.19,-42.92,-33.019999999999996,-32.769999999999996,24.490000000000002,48.980000000000004,12.15,72.34,-73.71000000000001,39.870000000000005
2025-08-05T13:09:39.980927,82.0,25.0,-8.0,21.0,77.0,-47.0,-32.0,21.0,53.0,42.0,-70.0,28.0,49.31,34.230000000000004,-1.1900000000000004,41.08,70.98,-19.77,-41.51,43.980000000000004,60.15,66.34,-61.71,55.870000000000005
2025-08-05T13:09:39.984991,49.0,-26.0,-45.0,-28.0,4.0,32.0,-9.0,45.0,56.0,30.0,-25.0,11.0,16.310000000000002,-16.77,-38.19,-7.920000000000002,-2.0199999999999996,59.230000000000004,-18.509999999999998,67.98,63.15,54.34,-16.71,38.870000000000005
2025-08-05T13:09:39.993196,26.0,-42.0,6.0,32.0,-26.0,-24.0,-15.0,-69.0,6.0,17.0,-17.0,20.0,-6.689999999999998,-32.769999999999996,12.809999999999999,52.08,-32.019999999999996,3.2300000000000004,-24.509999999999998,-46.019999999999996,13.15,41.34,-8.71,47.870000000000005
2025-08-05T13:09:39.997266,14.0,-92.0,35.0,34.0,-89.0,-53.0,-25.0,19.0,18.0,18.0,-38.0,38.0,-18.689999999999998,-82.77,41.81,54.08,-95.02,-25.77,-34.51,41.980000000000004,25.15,42.34,-29.71,65.87
2025-08-05T13:09:40.005617,21.0,-17.0,50.0,23.0,42.0,-36.0,71.0,-28.0,-28.0,34.0,-121.0,49.0,-11.689999999999998,-7.77,56.81,43.08,35.980000000000004,-8.77,61.49,-5.02,-20.85,58.34,-112.71000000000001,76.87
2025-08-05T13:09:40.009568,-48.0,28.0,-61.0,12.0,-5.0,25.0,-12.0,34.0,13.0,22.0,-85.0,3.0,-80.69,37.230000000000004,-54.19,32.08,-11.02,52.230000000000004,-21.509999999999998,56.980000000000004,20.15,46.34,-76.71000000000001,30.87
2025-08-05T13:09:40.017746,-10.0,13.0,-64.0,3.0,16.0,-54.0,31.0,-45.0,-63.0,79.0,-77.0,-33.0,-42.69,22.23,-57.19,23.08,9.98,-26.77,21.490000000000002,-22.02,-55.85,103.34,-68.71000000000001,-5.129999999999999
2025-08-05T13:09:40.021865,55.0,19.0,-35.0,33.0,15.0,-1.0,62.0,-59.0,4.0,18.0,-70.0,2.0,22.310000000000002,28.23,-28.19,53.08,8.98,26.23,52.49,-36.019999999999996,11.15,42.34,-61.71,29.87
2025-08-05T13:09:40.030063,13.0,5.0,-32.0,-11.0,-12.0,-84.0,-6.0,-13.0,-32.0,7.0,-82.0,16.0,-19.689999999999998,14.23,-25.19,9.079999999999998,-18.02,-56.769999999999996,-15.51,9.98,-24.85,31.34,-73.71000000000001,43.870000000000005
2025-08-05T13:09:40.034402,57.0,88.0,1.0,11.0,-103.0,-63.0,68.0,-101.0,-78.0,17.0,-4.0,56.0,24.310000000000002,97.23,7.81,31.08,-109.02,-35.769999999999996,58.49,-78.02,-70.85,41.34,4.289999999999999,83.87
2025-08-05T13:09:40.042393,59.0,-22.0,-10.0,-23.0,-44.0,19.0,-25.0,-73.0,34.0,-24.0,-71.0,29.0,26.310000000000002,-12.77,-3.1900000000000004,-2.9200000000000017,-50.019999999999996,46.230000000000004,-34.51,-50.019999999999996,41.15,0.33999999999999986,-62.71,56.870000000000005
2025-08-05T13:09:40.046723,44.0,-37.0,49.0,-105.0,25.0,-4.0,45.0,-17.0,-25.0,0.0,18.0,76.0,11.310000000000002,-27.77,55.81,-84.92,18.98,23.23,35.49,5.98,-17.85,24.34,26.29,103.87
2025-08-05T13:09:40.055032,53.0,-26.0,84.0,-46.0,76.0,-32.0,-28.0,-71.0,9.0,40.0,-59.0,20.0,20.310000000000002,-16.77,90.81,-25.92,69.98,-4.77,-37.51,-48.019999999999996,16.15,64.34,-50.71,47.870000000000005
2025-08-05T13:09:40.058879,29.0,-40.0,-52.0,13.0,96.0,-10.0,75.0,-45.0,-28.0,29.0,-86.0,-56.0,-3.6899999999999977,-30.77,-45.19,33.08,89.98,17.23,65.49,-22.02,-20.85,53.34,-77.71000000000001,-28.13
2025-08-05T13:09:40.066893,4.0,-9.0,-12.0,28.0,37.0,-29.0,48.0,-34.0,-48.0,22.0,-131.0,-25.0,-28.689999999999998,0.23000000000000043,-5.19,48.08,30.98,-1.7699999999999996,38.49,-11.02,-40.85,46.34,-122.71000000000001,2.870000000000001
2025-08-05T13:09:40.071292,64.0,73.0,-93.0,-4.0,-17.0,-30.0,-5.0,-49.0,10.0,3.0,-38.0,-21.0,31.310000000000002,82.23,-86.19,16.08,-23.02,-2.7699999999999996,-14.51,-26.02,17.15,27.34,-29.71,6.870000000000001
2025-08-05T13:09:40.079130,55.0,43.0,-81.0,-38.0,1.0,-38.0,15.0,-67.0,7.0,-22.0,-76.0,-26.0,22.310000000000002,52.230000000000004,-74.19,-17.92,-5.02,-10.77,5.49,-44.019999999999996,14.15,2.34,-67.71000000000001,1.870000000000001
2025-08-05T13:09:40.083525,29.0,78.0,-17.0,-89.0,58.0,-46.0,-7.0,-37.0,16.0,70.0,-41.0,39.0,-3.6899999999999977,87.23,-10.190000000000001,-68.92,51.980000000000004,-18.77,-16.509999999999998,-14.02,23.15,94.34,-32.71,66.87
2025-08-05T13:09:40.091396,64.0,-29.0,-57.0,9.0,-24.0,-2.0,-32.0,30.0,17.0,-48.0,-22.0,9.0,31.310000000000002,-19.77,-50.19,29.08,-30.02,25.23,-41.51,52.980000000000004,24.15,-23.66,-13.71,36.870000000000005
2025-08-05T13:09:40.095775,33.0,-4.0,43.0,-5.0,25.0,-51.0,-3.0,10.0,-28.0,34.0,-78.0,-9.0,0.3100000000000023,5.23,49.81,15.079999999999998,18.98,-23.77,-12.51,32.980000000000004,-20.85,58.34,-69.71000000000001,18.87
2025-08-05T13:09:40.103670,38.0,-47.0,34.0,-34.0,19.0,-94.0,-27.0,-12.0,19.0,31.0,-107.0,-1.0,5.310000000000002,-37.769999999999996,40.81,-13.920000000000002,12.98,-66.77,-36.51,10.98,26.15,55.34,-98.71000000000001,26.87
2025-08-05T13:09:40.108008,23.0,14.0,16.0,7.0,45.0,-57.0,45.0,-13.0,-7.0,50.0,-32.0,-18.0,-9.689999999999998,23.23,22.81,27.08,38.980000000000004,-29.77,35.49,9.98,0.15000000000000036,74.34,-23.71,9.870000000000001
2025-08-05T13:09:40.116127,17.0,14.0,9.0,-8.0,-2.0,-97.0,51.0,4.0,-15.0,92.0,-65.0,-44.0,-15.689999999999998,23.23,15.809999999999999,12.079999999999998,-8.02,-69.77,41.49,26.98,-7.85,116.34,-56.71,-16.13
2025-08-05T13:09:40.120707,-2.0,80.0,33.0,1.0,19.0,-33.0,-31.0,9.0,-5.0,54.0,5.0,-34.0,-34.69,89.23,39.81,21.08,12.98,-5.77,-40.51,31.98,2.1500000000000004,78.34,13.29,-6.129999999999999
2025-08-05T13:09:40.128389,-28.0,40.0,38.0,-8.0,30.0,-65.0,-39.0,-48.0,30.0,2.0,-30.0,-50.0,-60.69,49.230000000000004,44.81,12.079999999999998,23.98,-37.769999999999996,-48.51,-25.02,37.15,26.34,-21.71,-22.13
2025-08-05T13:09:40.132954,2.0,-15.0,42.0,-24.0,-14.0,1.0,20.0,-99.0,43.0,9.0,-75.0,-9.0,-30.689999999999998,-5.77,48.81,-3.9200000000000017,-20.02,28.23,10.49,-76.02,50.15,33.34,-66.71000000000001,18.87
2025-08-05T13:09:40.136530,10.0,24.0,-9.0,5.0,67.0,10.0,28.0,5.0,-28.0,-13.0,-66.0,20.0,-22.689999999999998,33.230000000000004,-2.1900000000000004,25.08,60.980000000000004,37.230000000000004,18.490000000000002,27.98,-20.85,11.34,-57.71,47.870000000000005
2025-08-05T13:09:40.144851,67.0,12.0,-14.0,-76.0,-5.0,-10.0,-4.0,-46.0,30.0,17.0,-15.0,-8.0,34.31,21.23,-7.19,-55.92,-11.02,17.23,-13.51,-23.02,37.15,41.34,-6.710000000000001,19.87
2025-08-05T13:09:40.148830,12.0,52.0,50.0,-68.0,14.0,56.0,47.0,-19.0,-28.0,13.0,-49.0,-54.0,-20.689999999999998,61.230000000000004,56.81,-47.92,7.98,83.23,37.49,3.9800000000000004,-20.85,37.34,-40.71,-26.13
2025-08-05T13:09:40.157187,-24.0,55.0,-1.0,-15.0,-29.0,-67.0,-31.0,-93.0,2.0,10.0,-47.0,15.0,-56.69,64.23,5.81,5.079999999999998,-35.019999999999996,-39.769999999999996,-40.51,-70.02,9.15,34.34,-38.71,42.870000000000005
2025-08-05T13:09:40.161108,37.0,4.0,-88.0,43.0,63.0,-51.0,-14.0,-1.0,0.0,38.0,-91.0,-8.0,4.310000000000002,13.23,-81.19,63.08,56.980000000000004,-23.77,-23.509999999999998,21.98,7.15,62.34,-82.71000000000001,19.87
2025-08-05T13:09:40.169458,46.0,69.0,-20.0,-32.0,29.0,-86.0,22.0,21.0,-28.0,12.0,-85.0,-2.0,13.310000000000002,78.23,-13.190000000000001,-11.920000000000002,22.98,-58.769999999999996,12.49,43.980000000000004,-20.85,36.34,-76.71000000000001,25.87
2025-08-05T13:09:40.173739,91.0,24.0,-24.0,20.0,12.0,-30.0,-11.0,0.0,-12.0,7.0,-78.0,-77.0,58.31,33.230000000000004,-17.19,40.08,5.98,-2.7699999999999996,-20.509999999999998,22.98,-4.85,31.34,-69.71000000000001,-49.129999999999995
2025-08-05T13:09:40.181649,91.0,79.0,-50.0,6.0,-86.0,45.0,-35.0,-54.0,-50.0,32.0,1.0,-7.0,58.31,88.23,-43.19,26.08,-92.02,72.23,-44.51,-31.02,-42.85,56.34,9.29,20.87
2025-08-05T13:09:40.185902,86.0,-37.0,-48.0,-22.0,4.0,57.0,27.0,-28.0,-39.0,65.0,-73.0,-31.0,53.31,-27.77,-41.19,-1.9200000000000017,-2.0199999999999996,84.23,17.490000000000002,-5.02,-31.85,89.34,-64.71000000000001,-3.129999999999999
2025-08-05T13:09:40.193975,75.0,-43.0,26.0,0.0,-5.0,74.0,77.0,-25.0,-52.0,-14.0,-46.0,-25.0,42.31,-33.769999999999996,32.81,20.08,-11.02,101.23,67.49,-2.0199999999999996,-44.85,10.34,-37.71,2.870000000000001
2025-08-05T13:09:40.198251,77.0,8.0,28.0,-99.0,53.0,13.0,47.0,24.0,-82.0,-28.0,-18.0,-27.0,44.31,17.23,34.81,-78.92,46.980000000000004,40.230000000000004,37.49,46.980000000000004,-74.85,-3.66,-9.71,0.870000000000001
2025-08-05T13:09:40.206274,24.0,-56.0,54.0,-28.0,26.0,-66.0,41.0,-32.0,-14.0,-2.0,-50.0,-18.0,-8.689999999999998,-46.769999999999996,60.81,-7.920000000000002,19.98,-38.769999999999996,31.490000000000002,-9.02,-6.85,22.34,-41.71,9.870000000000001
2025-08-05T13:09:40.210477,-27.0,22.0,11.0,-5.0,5.0,-48.0,45.0,6.0,-78.0,-31.0,-72.0,-30.0,-59.69,31.23,17.81,15.079999999999998,-1.0199999999999996,-20.77,35.49,28.98,-70.85,-6.66,-63.71,-2.129999999999999
2025-08-05T13:09:40.218596,-25.0,55.0,-19.0,49.0,46.0,-10.0,-36.0,-80.0,-21.0,22.0,-77.0,20.0,-57.69,64.23,-12.190000000000001,69.08,39.980000000000004,17.23,-45.51,-57.019999999999996,-13.85,46.34,-68.71000000000001,47.870000000000005
2025-08-05T13:09:40.222665,-22.0,44.0,-107.0,-22.0,-17.0,-39.0,56.0,-16.0,-97.0,21.0,-28.0,5.0,-54.69,53.230000000000004,-100.19,-1.9200000000000017,-23.02,-11.77,46.49,6.98,-89.85,45.34,-19.71,32.870000000000005
2025-08-05T13:09:40.230856,73.0,-54.0,-77.0,-109.0,-44.0,13.0,-1.0,-109.0,-19.0,24.0,-50.0,-26.0,40.31,-44.769999999999996,-70.19,-88.92,-50.019999999999996,40.230000000000004,-10.51,-86.02,-11.85,48.34,-41.71,1.870000000000001
2025-08-05T13:09:40.235051,107.0,18.0,-51.0,-67.0,86.0,-5.0,-21.0,-31.0,-34.0,53.0,-31.0,-18.0,74.31,27.23,-44.19,-46.92,79.98,22.23,-30.509999999999998,-8.02,-26.85,77.34,-22.71,9.870000000000001
2025-08-05T13:09:40.242984,43.0,41.0,40.0,19.0,-17.0,-43.0,26.0,-39.0,-31.0,26.0,-51.0,-12.0,10.310000000000002,50.230000000000004,46.81,39.08,-23.02,-15.77,16.490000000000002,-16.02,-23.85,50.34,-42.71,15.870000000000001
2025-08-05T13:09:40.247207,14.0,-1.0,58.0,2.0,49.0,-54.0,64.0,-45.0,-13.0,32.0,-61.0,48.0,-18.689999999999998,8.23,64.81,22.08,42.980000000000004,-26.77,54.49,-22.02,-5.85,56.34,-52.71,75.87
2025-08-05T13:09:40.255201,-19.0,57.0,74.0,-3.0,18.0,0.0,27.0,-21.0,14.0,66.0,-20.0,15.0,-51.69,66.23,80.81,17.08,11.98,27.23,17.490000000000002,1.9800000000000004,21.15,90.34,-11.71,42.870000000000005
2025-08-05T13:09:40.259509,15.0,23.0,31.0,-44.0,55.0,-52.0,26.0,-1.0,-6.0,54.0,-34.0,-2.0,-17.689999999999998,32.230000000000004,37.81,-23.92,48.980000000000004,-24.77,16.490000000000002,21.98,1.1500000000000004,78.34,-25.71,25.87
2025-08-05T13:09:40.267662,36.0,21.0,37.0,-18.0,45.0,-48.0,46.0,-78.0,-48.0,14.0,-74.0,32.0,3.3100000000000023,30.23,43.81,2.0799999999999983,38.980000000000004,-20.77,36.49,-55.019999999999996,-40.85,38.34,-65.71000000000001,59.870000000000005
2025-08-05T13:09:40.271829,18.0,59.0,-84.0,-44.0,18.0,-37.0,38.0,-6.0,13.0,-25.0,-25.0,-23.0,-14.689999999999998,68.23,-77.19,-23.92,11.98,-9.77,28.490000000000002,16.98,20.15,-0.6600000000000001,-16.71,4.870000000000001
2025-08-05T13:09:40.279803,48.0,75.0,-45.0,-50.0,10.0,0.0,-22.0,-57.0,-37.0,-32.0,-36.0,-17.0,15.310000000000002,84.23,-38.19,-29.92,3.9800000000000004,27.23,-31.509999999999998,-34.019999999999996,-29.85,-7.66,-27.71,10.870000000000001
2025-08-05T13:09:40.284264,112.0,-4.0,-76.0,-58.0,2.0,-23.0,47.0,-42.0,-72.0,33.0,-97.0,-2.0,79.31,5.23,-69.19,-37.92,-4.02,4.23,37.49,-19.02,-64.85,57.34,-88.71000000000001,25.87
2025-08-05T13:09:40.292212,86.0,41.0,-56.0,1.0,7.0,-67.0,79.0,-14.0,-6.0,101.0,-32.0,4.0,53.31,50.230000000000004,-49.19,21.08,0.9800000000000004,-39.769999999999996,69.49,8.98,1.1500000000000004,125.34,-23.71,31.87
2025-08-05T13:09:40.296569,94.0,-12.0,-34.0,24.0,-8.0,-37.0,101.0,-93.0,-75.0,38.0,-39.0,16.0,61.31,-2.7699999999999996,-27.19,44.08,-14.02,-9.77,91.49,-70.02,-67.85,62.34,-30.71,43.870000000000005
2025-08-05T13:09:40.304563,45.0,24.0,45.0,-23.0,10.0,-39.0,13.0,-2.0,-36.0,24.0,-28.0,6.0,12.310000000000002,33.230000000000004,51.81,-2.9200000000000017,3.9800000000000004,-11.77,3.49,20.98,-28.85,48.34,-19.71,33.870000000000005
2025-08-05T13:09:40.308849,2.0,-45.0,14.0,-11.0,29.0,-32.0,118.0,-56.0,-32.0,-6.0,-29.0,31.0,-30.689999999999998,-35.769999999999996,20.81,9.079999999999998,22.98,-4.77,108.49,-33.019999999999996,-24.85,18.34,-20.71,58.870000000000005
2025-08-05T13:09:40.316675,7.0,58.0,58.0,-24.0,-92.0,-24.0,14.0,-16.0,-52.0,1.0,-59.0,-25.0,-25.689999999999998,67.23,64.81,-3.9200000000000017,-98.02,3.2300000000000004,4.49,6.98,-44.85,25.34,-50.71,2.870000000000001
2025-08-05T13:09:40.321161,-2.0,33.0,-82.0,-42.0,67.0,-86.0,47.0,-6.0,-46.0,15.0,-56.0,-28.0,-34.69,42.230000000000004,-75.19,-21.92,60.980000000000004,-58.769999999999996,37.49,16.98,-38.85,39.34,-47.71,-0.129999999999999
2025-08-05T13:09:40.328951,26.0,-9.0,-74.0,-66.0,39.0,-23.0,103.0,-13.0,-59.0,52.0,-69.0,-10.0,-6.689999999999998,0.23000000000000043,-67.19,-45.92,32.980000000000004,4.23,93.49,9.98,-51.85,76.34,-60.71,17.87
2025-08-05T13:09:40.333316,71.0,34.0,-77.0,3.0,17.0,-96.0,61.0,-47.0,-28.0,41.0,-16.0,-22.0,38.31,43.230000000000004,-70.19,23.08,10.98,-68.77,51.49,-24.02,-20.85,65.34,-7.710000000000001,5.870000000000001
2025-08-05T13:09:40.341414,68.0,-1.0,-55.0,-30.0,-30.0,-68.0,46.0,-83.0,-26.0,44.0,-23.0,-32.0,35.31,8.23,-48.19,-9.920000000000002,-36.019999999999996,-40.769999999999996,36.49,-60.019999999999996,-18.85,68.34,-14.71,-4.129999999999999
2025-08-05T13:09:40.345630,98.0,-37.0,3.0,-6.0,4.0,-15.0,11.0,-37.0,-37.0,5.0,-96.0,52.0,65.31,-27.77,9.809999999999999,14.079999999999998,-2.0199999999999996,12.23,1.4900000000000002,-14.02,-29.85,29.34,-87.71000000000001,79.87
2025-08-05T13:09:40.353473,78.0,-28.0,-37.0,-32.0,44.0,-30.0,35.0,-35.0,-20.0,22.0,12.0,31.0,45.31,-18.77,-30.19,-11.920000000000002,37.980000000000004,-2.7699999999999996,25.490000000000002,-12.02,-12.85,46.34,20.29,58.870000000000005
2025-08-05T13:09:40.357882,22.0,-1.0,20.0,18.0,24.0,95.0,-12.0,-86.0,29.0,79.0,-86.0,-15.0,-10.689999999999998,8.23,26.81,38.08,17.98,122.23,-21.509999999999998,-63.019999999999996,36.15,103.34,-77.71000000000001,12.870000000000001
2025-08-05T13:09:40.365712,12.0,-70.0,1.0,-41.0,24.0,12.0,-44.0,-78.0,72.0,38.0,-104.0,-46.0,-20.689999999999998,-60.769999999999996,7.81,-20.92,17.98,39.230000000000004,-53.51,-55.019999999999996,79.15,62.34,-95.71000000000001,-18.13
2025-08-05T13:09:40.370112,-43.0,57.0,9.0,32.0,81.0,-14.0,-30.0,-33.0,11.0,-5.0,-78.0,41.0,-75.69,66.23,15.809999999999999,52.08,74.98,13.23,-39.51,-10.02,18.15,19.34,-69.71000000000001,68.87
2025-08-05T13:09:40.374060,-1.0,17.0,-91.0,19.0,-7.0,-54.0,80.0,-51.0,-17.0,15.0,-29.0,-8.0,-33.69,26.23,-84.19,39.08,-13.02,-26.77,70.49,-28.02,-9.85,39.34,-20.71,19.87
2025-08-05T13:09:40.382350,8.0,91.0,-65.0,24.0,47.0,-76.0,1.0,-75.0,-49.0,36.0,-63.0,15.0,-24.689999999999998,100.23,-58.19,44.08,40.980000000000004,-48.769999999999996,-8.51,-52.019999999999996,-41.85,60.34,-54.71,42.870000000000005
2025-08-05T13:09:40.386413,34.0,29.0,-28.0,-6.0,51.0,-56.0,-5.0,-133.0,72.0,61.0,-80.0,7.0,1.3100000000000023,38.230000000000004,-21.19,14.079999999999998,44.980000000000004,-28.77,-14.51,-110.02,79.15,85.34,-71.71000000000001,34.870000000000005
2025-08-05T13:09:40.394805,23.0,74.0,-10.0,-1.0,-38.0,-59.0,101.0,-43.0,19.0,63.0,-64.0,-45.0,-9.689999999999998,83.23,-3.1900000000000004,19.08,-44.019999999999996,-31.77,91.49,-20.02,26.15,87.34,-55.71,-17.13
2025-08-05T13:09:40.398970,88.0,72.0,-70.0,-2.0,-12.0,-35.0,5.0,-28.0,-36.0,11.0,-30.0,-23.0,55.31,81.23,-63.19,18.08,-18.02,-7.77,-4.51,-5.02,-28.85,35.34,-21.71,4.870000000000001
2025-08-05T13:09:40.406918,15.0,34.0,-78.0,67.0,-25.0,-2.0,-20.0,-51.0,-8.0,75.0,-75.0,-22.0,-17.689999999999998,43.230000000000004,-71.19,87.08,-31.02,25.23,-29.509999999999998,-28.02,-0.8499999999999996,99.34,-66.71000000000001,5.870000000000001
2025-08-05T13:09:40.410940,54.0,0.0,-16.0,49.0,-26.0,-61.0,66.0,-58.0,5.0,71.0,-41.0,-5.0,21.310000000000002,9.23,-9.190000000000001,69.08,-32.019999999999996,-33.769999999999996,56.49,-35.019999999999996,12.15,95.34,-32.71,22.87
2025-08-05T13:09:40.419125,69.0,95.0,-32.0,-24.0,30.0,-43.0,-10.0,-44.0,20.0,-17.0,-4.0,-68.0,36.31,104.23,-25.19,-3.9200000000000017,23.98,-15.77,-19.509999999999998,-21.02,27.15,7.34,4.289999999999999,-40.129999999999995
2025-08-05T13:09:40.423263,85.0,-34.0,-64.0,-40.0,55.0,-64.0,12.0,-78.0,-15.0,17.0,-82.0,-4.0,52.31,-24.77,-57.19,-19.92,48.980000000000004,-36.769999999999996,2.49,-55.019999999999996,-7.85,41.34,-73.71000000000001,23.87
2025-08-05T13:09:40.431568,72.0,-52.0,38.0,-48.0,-2.0,-97.0,-45.0,-77.0,-21.0,-6.0,-33.0,-63.0,39.31,-42.769999999999996,44.81,-27.92,-8.02,-69.77,-54.51,-54.019999999999996,-13.85,18.34,-24.71,-35.129999999999995
2025-08-05T13:09:40.435985,93.0,15.0,-68.0,-12.0,-50.0,-74.0,11.0,-67.0,-45.0,43.0,-58.0,-20.0,60.31,24.23,-61.19,8.079999999999998,-56.019999999999996,-46.769999999999996,1.4900000000000002,-44.019999999999996,-37.85,67.34,-49.71,7.870000000000001
2025-08-05T13:09:40.443727,23.0,-35.0,-9.0,16.0,-29.0,-68.0,17.0,-28.0,10.0,-3.0,-70.0,-10.0,-9.689999999999998,-25.77,-2.1900000000000004,36.08,-35.019999999999996,-40.769999999999996,7.49,-5.02,17.15,21.34,-61.71,17.87
2025-08-05T13:09:40.448075,-21.0,-4.0,44.0,-47.0,-2.0,-57.0,29.0,-66.0,-47.0,-6.0,-31.0,34.0,-53.69,5.23,50.81,-26.92,-8.02,-29.77,19.490000000000002,-43.019999999999996,-39.85,18.34,-22.71,61.870000000000005
2025-08-05T13:09:40.456062,0.0,17.0,-27.0,-9.0,39.0,-49.0,-8.0,-63.0,-49.0,27.0,-37.0,21.0,-32.69,26.23,-20.19,11.079999999999998,32.980000000000004,-21.77,-17.509999999999998,-40.019999999999996,-41.85,51.34,-28.71,48.870000000000005
2025-08-05T13:09:40.460421,81.0,55.0,-22.0,-33.0,45.0,-18.0,43.0,31.0,41.0,32.0,-32.0,58.0,48.31,64.23,-15.190000000000001,-12.920000000000002,38.980000000000004,9.23,33.49,53.980000000000004,48.15,56.34,-23.71,85.87
2025-08-05T13:09:40.468439,53.0,56.0,-1.0,69.0,67.0,-57.0,12.0,-20.0,-48.0,58.0,-66.0,-89.0,20.310000000000002,65.23,5.81,89.08,60.980000000000004,-29.77,2.49,2.9800000000000004,-40.85,82.34,-57.71,-61.129999999999995
2025-08-05T13:09:40.472666,46.0,49.0,-48.0,84.0,7.0,-108.0,-7.0,-37.0,-34.0,43.0,4.0,21.0,13.310000000000002,58.230000000000004,-41.19,104.08,0.9800000000000004,-80.77,-16.509999999999998,-14.02,-26.85,67.34,12.29,48.870000000000005
2025-08-05T13:09:40.480606,12.0,62.0,-98.0,-12.0,-128.0,-18.0,21.0,-43.0,-61.0,4.0,-91.0,-122.0,-20.689999999999998,71.23,-91.19,8.079999999999998,-134.02,9.23,11.49,-20.02,-53.85,28.34,-82.71000000000001,-94.13
2025-08-05T13:09:40.484759,71.0,-46.0,-36.0,-38.0,-16.0,11.0,26.0,22.0,-98.0,32.0,-16.0,-6.0,38.31,-36.769999999999996,-29.19,-17.92,-22.02,38.230000000000004,16.490000000000002,44.980000000000004,-90.85,56.34,-7.710000000000001,21.87
2025-08-05T13:09:40.492934,1.0,-15.0,50.0,-27.0,57.0,-35.0,-2.0,-70.0,-34.0,23.0,-90.0,51.0,-31.689999999999998,-5.77,56.81,-6.920000000000002,50.980000000000004,-7.77,-11.51,-47.019999999999996,-26.85,47.34,-81.71000000000001,78.87
2025-08-05T13:09:40.497238,-16.0,-59.0,-46.0,-35.0,11.0,-47.0,70.0,13.0,-14.0,-3.0,-88.0,-48.0,-48.69,-49.769999999999996,-39.19,-14.920000000000002,4.98,-19.77,60.49,35.980000000000004,-6.85,21.34,-79.71000000000001,-20.13
2025-08-05T13:09:40.505101,12.0,84.0,-23.0,5.0,-10.0,-78.0,90.0,-53.0,-28.0,2.0,-70.0,4.0,-20.689999999999998,93.23,-16.19,25.08,-16.02,-50.769999999999996,80.49,-30.02,-20.85,26.34,-61.71,31.87
2025-08-05T13:09:40.509458,16.0,-21.0,-11.0,38.0,66.0,-51.0,2.0,31.0,-57.0,106.0,-44.0,4.0,-16.689999999999998,-11.77,-4.19,58.08,59.980000000000004,-23.77,-7.51,53.980000000000004,-49.85,130.34,-35.71,31.87
2025-08-05T13:09:40.517522,19.0,22.0,-30.0,45.0,17.0,-130.0,55.0,-48.0,26.0,47.0,-57.0,0.0,-13.689999999999998,31.23,-23.19,65.08,10.98,-102.77,45.49,-25.02,33.15,71.34,-48.71,27.87
2025-08-05T13:09:40.521616,86.0,16.0,-56.0,-33.0,26.0,-43.0,95.0,-41.0,-23.0,40.0,-35.0,57.0,53.31,25.23,-49.19,-12.920000000000002,19.98,-15.77,85.49,-18.02,-15.85,64.34,-26.71,84.87
2025-08-05T13:09:40.529665,87.0,-7.0,-14.0,-16.0,17.0,10.0,-9.0,-93.0,4.0,72.0,-31.0,16.0,54.31,2.2300000000000004,-7.19,4.079999999999998,10.98,37.230000000000004,-18.509999999999998,-70.02,11.15,96.34,-22.71,43.870000000000005
2025-08-05T13:09:40.534050,107.0,-42.0,-51.0,56.0,46.0,-35.0,-41.0,-88.0,-11.0,-14.0,-39.0,-3.0,74.31,-32.769999999999996,-44.19,76.08,39.980000000000004,-7.77,-50.51,-65.02,-3.8499999999999996,10.34,-30.71,24.87
2025-08-05T13:09:40.541920,53.0,-18.0,-38.0,-15.0,45.0,-47.0,2.0,-43.0,-23.0,6.0,-80.0,45.0,20.310000000000002,-8.77,-31.19,5.079999999999998,38.980000000000004,-19.77,-7.51,-20.02,-15.85,30.34,-71.71000000000001,72.87
2025-08-05T13:09:40.546321,28.0,-8.0,-1.0,26.0,-28.0,-41.0,14.0,-78.0,-7.0,0.0,-20.0,-4.0,-4.689999999999998,1.2300000000000004,5.81,46.08,-34.019999999999996,-13.77,4.49,-55.019999999999996,0.15000000000000036,24.34,-11.71,23.87
2025-08-05T13:09:40.554306,24.0,-26.0,-17.0,-23.0,64.0,-106.0,69.0,-65.0,17.0,58.0,-27.0,45.0,-8.689999999999998,-16.77,-10.190000000000001,-2.9200000000000017,57.980000000000004,-78.77,59.49,-42.019999999999996,24.15,82.34,-18.71,72.87
2025-08-05T13:09:40.558625,-29.0,82.0,-29.0,-15.0,-16.0,-32.0,-2.0,2.0,-78.0,0.0,-15.0,-35.0,-61.69,91.23,-22.19,5.079999999999998,-22.02,-4.77,-11.51,24.98,-70.85,24.34,-6.710000000000001,-7.129999999999999
2025-08-05T13:09:40.566664,44.0,59.0,-4.0,22.0,71.0,-41.0,-50.0,27.0,-24.0,24.0,-70.0,-44.0,11.310000000000002,68.23,2.8099999999999996,42.08,64.98,-13.77,-59.51,49.980000000000004,-16.85,48.34,-61.71,-16.13
2025-08-05T13:09:40.570840,39.0,-9.0,-47.0,-10.0,-46.0,-62.0,-33.0,1.0,-42.0,54.0,-39.0,14.0,6.310000000000002,0.23000000000000043,-40.19,10.079999999999998,-52.019999999999996,-34.769999999999996,-42.51,23.98,-34.85,78.34,-30.71,41.870000000000005
2025-08-05T13:09:40.578917,-4.0,53.0,-78.0,-44.0,-35.0,-51.0,-24.0,-17.0,-35.0,49.0,-165.0,-20.0,-36.69,62.230000000000004,-71.19,-23.92,-41.019999999999996,-23.77,-33.51,5.98,-27.85,73.34,-156.71,7.870000000000001
2025-08-05T13:09:40.583095,65.0,32.0,-95.0,-126.0,26.0,-48.0,22.0,-8.0,-46.0,36.0,-49.0,43.0,32.31,41.230000000000004,-88.19,-105.92,19.98,-20.77,12.49,14.98,-38.85,60.34,-40.71,70.87
2025-08-05T13:09:40.591151,82.0,-20.0,-20.0,-18.0,6.0,-60.0,32.0,-7.0,-55.0,-11.0,-65.0,-40.0,49.31,-10.77,-13.190000000000001,2.0799999999999983,-0.019999999999999574,-32.769999999999996,22.490000000000002,15.98,-47.85,13.34,-56.71,-12.129999999999999
2025-08-05T13:09:40.595462,59.0,-22.0,-14.0,9.0,21.0,-111.0,60.0,-25.0,-4.0,21.0,-10.0,23.0,26.310000000000002,-12.77,-7.19,29.08,14.98,-83.77,50.49,-2.0199999999999996,3.1500000000000004,45.34,-1.7100000000000009,50.870000000000005
2025-08-05T13:09:40.603322,124.0,-29.0,49.0,85.0,-22.0,-22.0,6.0,0.0,-101.0,54.0,-55.0,-9.0,91.31,-19.77,55.81,105.08,-28.02,5.23,-3.51,22.98,-93.85,78.34,-46.71,18.87
2025-08-05T13:09:40.607605,23.0,-56.0,-23.0,-75.0,-2.0,-19.0,-22.0,-10.0,-91.0,8.0,-99.0,3.0,-9.689999999999998,-46.769999999999996,-16.19,-54.92,-8.02,8.23,-31.509999999999998,12.98,-83.85,32.34,-90.71000000000001,30.87
2025-08-05T13:09:40.611623,22.0,61.0,5.0,5.0,-42.0,-2.0,-8.0,-86.0,-53.0,65.0,-63.0,-6.0,-10.689999999999998,70.23,11.809999999999999,25.08,-48.019999999999996,25.23,-17.509999999999998,-63.019999999999996,-45.85,89.34,-54.71,21.87
2025-08-05T13:09:40.619900,-46.0,-73.0,-24.0,19.0,-11.0,-56.0,8.0,-73.0,-77.0,68.0,-78.0,32.0,-78.69,-63.769999999999996,-17.19,39.08,-17.02,-28.77,-1.5099999999999998,-50.019999999999996,-69.85,92.34,-69.71000000000001,59.870000000000005
2025-08-05T13:09:40.623993,40.0,56.0,60.0,-36.0,-22.0,-78.0,-8.0,7.0,-64.0,7.0,-39.0,0.0,7.310000000000002,65.23,66.81,-15.920000000000002,-28.02,-50.769999999999996,-17.509999999999998,29.98,-56.85,31.34,-30.71,27.87
2025-08-05T13:09:40.632164,55.0,-16.0,9.0,-56.0,21.0,-72.0,42.0,-35.0,-10.0,2.0,-59.0,50.0,22.310000000000002,-6.77,15.809999999999999,-35.92,14.98,-44.769999999999996,32.49,-12.02,-2.8499999999999996,26.34,-50.71,77.87
2025-08-05T13:09:40.636581,11.0,42.0,-5.0,-7.0,34.0,-19.0,43.0,-37.0,-24.0,7.0,30.0,41.0,-21.689999999999998,51.230000000000004,1.8099999999999996,13.079999999999998,27.98,8.23,33.49,-14.02,-16.85,31.34,38.29,68.87
2025-08-05T13:09:40.644419,38.0,44.0,-93.0,1.0,8.0,-31.0,85.0,33.0,-27.0,14.0,-66.0,67.0,5.310000000000002,53.230000000000004,-86.19,21.08,1.9800000000000004,-3.7699999999999996,75.49,55.980000000000004,-19.85,38.34,-57.71,94.87
2025-08-05T13:09:40.648684,-20.0,41.0,45.0,-6.0,60.0,27.0,18.0,-31.0,-81.0,83.0,-63.0,-18.0,-52.69,50.230000000000004,51.81,14.079999999999998,53.980000000000004,54.230000000000004,8.49,-8.02,-73.85,107.34,-54.71,9.870000000000001
2025-08-05T13:09:40.656744,54.0,68.0,-21.0,-49.0,25.0,-160.0,48.0,1.0,-61.0,96.0,-37.0,-7.0,21.310000000000002,77.23,-14.190000000000001,-28.92,18.98,-132.77,38.49,23.98,-53.85,120.34,-28.71,20.87
2025-08-05T13:09:40.661069,63.0,139.0,-5.0,-10.0,62.0,-90.0,-21.0,-40.0,-48.0,57.0,-56.0,22.0,30.310000000000002,148.23,1.8099999999999996,10.079999999999998,55.980000000000004,-62.769999999999996,-30.509999999999998,-17.02,-40.85,81.34,-47.71,49.870000000000005
2025-08-05T13:09:40.669137,68.0,-74.0,-69.0,58.0,53.0,-73.0,17.0,-49.0,-19.0,30.0,-99.0,4.0,35.31,-64.77,-62.19,78.08,46.980000000000004,-45.769999999999996,7.49,-26.02,-11.85,54.34,-90.71000000000001,31.87
2025-08-05T13:09:40.673449,161.0,-3.0,-11.0,55.0,5.0,-14.0,43.0,-78.0,-24.0,50.0,-11.0,16.0,128.31,6.23,-4.19,75.08,-1.0199999999999996,13.23,33.49,-55.019999999999996,-16.85,74.34,-2.710000000000001,43.870000000000005
2025-08-05T13:09:40.681266,55.0,-43.0,3.0,-83.0,10.0,-6.0,24.0,-47.0,-35.0,-2.0,-43.0,32.0,22.310000000000002,-33.769999999999996,9.809999999999999,-62.92,3.9800000000000004,21.23,14.49,-24.02,-27.85,22.34,-34.71,59.870000000000005
2025-08-05T13:09:40.685551,-13.0,-60.0,-9.0,86.0,64.0,-90.0,77.0,-85.0,-86.0,33.0,-25.0,-29.0,-45.69,-50.769999999999996,-2.1900000000000004,106.08,57.980000000000004,-62.769999999999996,67.49,-62.019999999999996,-78.85,57.34,-16.71,-1.129999999999999
2025-08-05T13:09:40.693504,0.0,50.0,-31.0,-56.0,23.0,-52.0,6.0,-68.0,-63.0,17.0,-31.0,29.0,-32.69,59.230000000000004,-24.19,-35.92,16.98,-24.77,-3.51,-45.019999999999996,-55.85,41.34,-22.71,56.870000000000005
2025-08-05T13:09:40.697774,49.0,75.0,12.0,-26.0,-21.0,-130.0,78.0,3.0,10.0,11.0,-39.0,-40.0,16.310000000000002,84.23,18.81,-5.920000000000002,-27.02,-102.77,68.49,25.98,17.15,35.34,-30.71,-12.129999999999999
2025-08-05T13:09:40.705775,33.0,32.0,-7.0,26.0,2.0,-95.0,13.0,0.0,-39.0,19.0,-90.0,24.0,0.3100000000000023,41.230000000000004,-0.1900000000000004,46.08,-4.02,-67.77,3.49,22.98,-31.85,43.34,-81.71000000000001,51.870000000000005
2025-08-05T13:09:40.710032,-27.0,49.0,-37.0,-15.0,1.0,-93.0,-1.0,-56.0,-53.0,15.0,-83.0,0.0,-59.69,58.230000000000004,-30.19,5.079999999999998,-5.02,-65.77,-10.51,-33.019999999999996,-45.85,39.34,-74.71000000000001,27.87
2025-08-05T13:09:40.718228,-17.0,54.0,-93.0,-17.0,4.0,-75.0,13.0,-20.0,-44.0,75.0,-25.0,-41.0,-49.69,63.230000000000004,-86.19,3.0799999999999983,-2.0199999999999996,-47.769999999999996,3.49,2.9800000000000004,-36.85,99.34,-16.71,-13.129999999999999
2025-08-05T13:09:40.722335,117.0,-4.0,-95.0,-34.0,-52.0,-71.0,-8.0,-49.0,26.0,26.0,-31.0,-2.0,84.31,5.23,-88.19,-13.920000000000002,-58.019999999999996,-43.769999999999996,-17.509999999999998,-26.02,33.15,50.34,-22.71,25.87
2025-08-05T13:09:40.730359,19.0,-82.0,-52.0,-38.0,-7.0,-22.0,10.0,-54.0,-84.0,57.0,-30.0,33.0,-13.689999999999998,-72.77,-45.19,-17.92,-13.02,5.23,0.4900000000000002,-31.02,-76.85,81.34,-21.71,60.870000000000005
2025-08-05T13:09:40.734675,-3.0,-10.0,-47.0,-5.0,36.0,-52.0,50.0,-23.0,-30.0,78.0,-50.0,-9.0,-35.69,-0.7699999999999996,-40.19,15.079999999999998,29.98,-24.77,40.49,-0.019999999999999574,-22.85,102.34,-41.71,18.87
2025-08-05T13:09:40.742637,88.0,-31.0,12.0,16.0,48.0,-62.0,-37.0,-32.0,-58.0,29.0,-55.0,-38.0,55.31,-21.77,18.81,36.08,41.980000000000004,-34.769999999999996,-46.51,-9.02,-50.85,53.34,-46.71,-10.129999999999999
2025-08-05T13:09:40.746996,50.0,-12.0,45.0,38.0,74.0,-45.0,4.0,-47.0,-43.0,75.0,-18.0,-33.0,17.310000000000002,-2.7699999999999996,51.81,58.08,67.98,-17.77,-5.51,-24.02,-35.85,99.34,-9.71,-5.129999999999999
2025-08-05T13:09:40.751978,68.0,42.0,42.0,-43.0,-6.0,-76.0,26.0,-56.0,-30.0,56.0,-13.0,29.0,35.31,51.230000000000004,48.81,-22.92,-12.02,-48.769999999999996,16.490000000000002,-33.019999999999996,-22.85,80.34,-4.710000000000001,56.870000000000005
2025-08-05T13:09:40.759309,14.0,20.0,-70.0,28.0,-31.0,-86.0,25.0,-11.0,-49.0,23.0,-55.0,-20.0,-18.689999999999998,29.23,-63.19,48.08,-37.019999999999996,-58.769999999999996,15.49,11.98,-41.85,47.34,-46.71,7.870000000000001
2025-08-05T13:09:40.764279,85.0,-20.0,-26.0,44.0,14.0,-78.0,84.0,-20.0,-104.0,80.0,-12.0,-3.0,52.31,-10.77,-19.19,64.08,7.98,-50.769999999999996,74.49,2.9800000000000004,-96.85,104.34,-3.710000000000001,24.87
2025-08-05T13:09:40.771399,47.0,-60.0,-71.0,8.0,33.0,-83.0,30.0,-120.0,-20.0,52.0,-38.0,-11.0,14.310000000000002,-50.769999999999996,-64.19,28.08,26.98,-55.769999999999996,20.490000000000002,-97.02,-12.85,76.34,-29.71,16.87
2025-08-05T13:09:40.776350,103.0,50.0,34.0,-26.0,59.0,-113.0,95.0,-84.0,-38.0,78.0,-25.0,21.0,70.31,59.230000000000004,40.81,-5.920000000000002,52.980000000000004,-85.77,85.49,-61.019999999999996,-30.85,102.34,-16.71,48.870000000000005
2025-08-05T13:09:40.783681,10.0,-54.0,-21.0,-23.0,49.0,-37.0,50.0,-64.0,-47.0,48.0,-8.0,-60.0,-22.689999999999998,-44.769999999999996,-14.190000000000001,-2.9200000000000017,42.980000000000004,-9.77,40.49,-41.019999999999996,-39.85,72.34,0.28999999999999915,-32.129999999999995
2025-08-05T13:09:40.787743,14.0,62.0,43.0,48.0,-8.0,-81.0,-8.0,-62.0,-5.0,85.0,-60.0,-15.0,-18.689999999999998,71.23,49.81,68.08,-14.02,-53.769999999999996,-17.509999999999998,-39.019999999999996,2.1500000000000004,109.34,-51.71,12.870000000000001
2025-08-05T13:09:40.795964,62.0,69.0,0.0,14.0,-17.0,-60.0,-8.0,-94.0,-25.0,-18.0,-48.0,-8.0,29.310000000000002,78.23,6.81,34.08,-23.02,-32.769999999999996,-17.509999999999998,-71.02,-17.85,6.34,-39.71,19.87
2025-08-05T13:09:40.800082,25.0,10.0,-81.0,29.0,-25.0,-51.0,-42.0,-47.0,25.0,-38.0,-53.0,-21.0,-7.689999999999998,19.23,-74.19,49.08,-31.02,-23.77,-51.51,-24.02,32.15,-13.66,-44.71,6.870000000000001
2025-08-05T13:09:40.808470,20.0,46.0,-26.0,-22.0,22.0,-37.0,0.0,-54.0,-6.0,-1.0,-58.0,-11.0,-12.689999999999998,55.230000000000004,-19.19,-1.9200000000000017,15.98,-9.77,-9.51,-31.02,1.1500000000000004,23.34,-49.71,16.87
2025-08-05T13:09:40.812489,97.0,-50.0,-30.0,-42.0,24.0,-10.0,-4.0,-80.0,29.0,39.0,-32.0,-20.0,64.31,-40.769999999999996,-23.19,-21.92,17.98,17.23,-13.51,-57.019999999999996,36.15,63.34,-23.71,7.870000000000001
2025-08-05T13:09:40.820485,45.0,-44.0,15.0,-49.0,19.0,-101.0,54.0,-7.0,33.0,-4.0,-58.0,-9.0,12.310000000000002,-34.769999999999996,21.81,-28.92,12.98,-73.77,44.49,15.98,40.15,20.34,-49.71,18.87
2025-08-05T13:09:40.824693,19.0,-53.0,-18.0,-29.0,-34.0,-41.0,6.0,-32.0,-54.0,4.0,-109.0,-13.0,-13.689999999999998,-43.769999999999996,-11.190000000000001,-8.920000000000002,-40.019999999999996,-13.77,-3.51,-9.02,-46.85,28.34,-100.71000000000001,14.870000000000001
2025-08-05T13:09:40.832835,-26.0,-39.0,33.0,4.0,-64.0,-93.0,63.0,14.0,7.0,27.0,0.0,-7.0,-58.69,-29.77,39.81,24.08,-70.02,-65.77,53.49,36.980000000000004,14.15,51.34,8.29,20.87
2025-08-05T13:09:40.837128,-27.0,-35.0,-2.0,15.0,33.0,-46.0,-77.0,-52.0,-15.0,-8.0,-79.0,-48.0,-59.69,-25.77,4.81,35.08,26.98,-18.77,-86.51,-29.02,-7.85,16.34,-70.71000000000001,-20.13
2025-08-05T13:09:40.845221,31.0,13.0,66.0,29.0,-34.0,-18.0,-49.0,-37.0,-52.0,42.0,-19.0,-43.0,-1.6899999999999977,22.23,72.81,49.08,-40.019999999999996,9.23,-58.51,-14.02,-44.85,66.34,-10.71,-15.129999999999999
2025-08-05T13:09:40.849348,27.0,-9.0,-82.0,-26.0,21.0,-32.0,-52.0,41.0,-23.0,75.0,8.0,-39.0,-5.689999999999998,0.23000000000000043,-75.19,-5.920000000000002,14.98,-4.77,-61.51,63.980000000000004,-15.85,99.34,16.29,-11.129999999999999
2025-08-05T13:09:40.857422,13.0,14.0,-37.0,-74.0,68.0,-21.0,23.0,-19.0,-43.0,18.0,-15.0,-38.0,-19.689999999999998,23.23,-30.19,-53.92,61.980000000000004,6.23,13.49,3.9800000000000004,-35.85,42.34,-6.710000000000001,-10.129999999999999
2025-08-05T13:09:40.861707,64.0,-20.0,-58.0,3.0,-1.0,-42.0,-2.0,-76.0,-74.0,96.0,7.0,-69.0,31.310000000000002,-10.77,-51.19,23.08,-7.02,-14.77,-11.51,-53.019999999999996,-66.85,120.34,15.29,-41.129999999999995
2025-08-05T13:09:40.869706,69.0,94.0,-82.0,6.0,27.0,-60.0,33.0,-21.0,-51.0,38.0,-3.0,-103.0,36.31,103.23,-75.19,26.08,20.98,-32.769999999999996,23.490000000000002,1.9800000000000004,-43.85,62.34,5.289999999999999,-75.13
2025-08-05T13:09:40.873868,95.0,-3.0,-124.0,99.0,35.0,-101.0,80.0,-53.0,-72.0,-12.0,-37.0,-97.0,62.31,6.23,-117.19,119.08,28.98,-73.77,70.49,-30.02,-64.85,12.34,-28.71,-69.13
2025-08-05T13:09:40.881925,89.0,9.0,20.0,-52.0,-68.0,-83.0,14.0,-29.0,-5.0,-7.0,35.0,-47.0,56.31,18.23,26.81,-31.92,-74.02,-55.769999999999996,4.49,-6.02,2.1500000000000004,17.34,43.29,-19.13
2025-08-05T13:09:40.886603,122.0,53.0,56.0,41.0,12.0,-22.0,-5.0,-38.0,-57.0,-29.0,-35.0,-78.0,89.31,62.230000000000004,62.81,61.08,5.98,5.23,-14.51,-15.02,-49.85,-4.66,-26.71,-50.129999999999995
2025-08-05T13:09:40.894309,27.0,30.0,82.0,-18.0,-27.0,-69.0,-2.0,-41.0,-24.0,-53.0,-50.0,-57.0,-5.689999999999998,39.230000000000004,88.81,2.0799999999999983,-33.019999999999996,-41.769999999999996,-11.51,-18.02,-16.85,-28.66,-41.71,-29.13
2025-08-05T13:09:40.898486,15.0,-11.0,-19.0,39.0,15.0,-58.0,62.0,-62.0,-12.0,-2.0,-38.0,-96.0,-17.689999999999998,-1.7699999999999996,-12.190000000000001,59.08,8.98,-30.77,52.49,-39.019999999999996,-4.85,22.34,-29.71,-68.13
2025-08-05T13:09:40.906491,46.0,63.0,-81.0,-22.0,59.0,-39.0,-17.0,3.0,-68.0,-36.0,-42.0,-72.0,13.310000000000002,72.23,-74.19,-1.9200000000000017,52.980000000000004,-11.77,-26.509999999999998,25.98,-60.85,-11.66,-33.71,-44.129999999999995
2025-08-05T13:09:40.910811,130.0,16.0,-88.0,-27.0,7.0,-57.0,-42.0,-76.0,-51.0,-14.0,78.0,-67.0,97.31,25.23,-81.19,-6.920000000000002,0.9800000000000004,-29.77,-51.51,-53.019999999999996,-43.85,10.34,86.28999999999999,-39.129999999999995
2025-08-05T13:09:40.918775,57.0,-21.0,-74.0,31.0,17.0,-122.0,9.0,-40.0,16.0,-62.0,30.0,7.0,24.310000000000002,-11.77,-67.19,51.08,10.98,-94.77,-0.5099999999999998,-17.02,23.15,-37.66,38.29,34.870000000000005
2025-08-05T13:09:40.923147,38.0,-73.0,7.0,-26.0,-82.0,-85.0,34.0,-63.0,-11.0,-19.0,11.0,-67.0,5.310000000000002,-63.769999999999996,13.809999999999999,-5.920000000000002,-88.02,-57.769999999999996,24.490000000000002,-40.019999999999996,-3.8499999999999996,5.34,19.29,-39.129999999999995
2025-08-05T13:09:40.931200,158.0,-58.0,10.0,-12.0,23.0,-34.0,68.0,-22.0,-104.0,12.0,67.0,-57.0,125.31,-48.769999999999996,16.81,8.079999999999998,16.98,-6.77,58.49,0.9800000000000004,-96.85,36.34,75.28999999999999,-29.13
2025-08-05T13:09:40.935339,-25.0,-24.0,13.0,6.0,58.0,18.0,-39.0,-18.0,-3.0,7.0,11.0,-96.0,-57.69,-14.77,19.81,26.08,51.980000000000004,45.230000000000004,-48.51,4.98,4.15,31.34,19.29,-68.13
2025-08-05T13:09:40.943504,4.0,-20.0,28.0,-91.0,-52.0,-63.0,88.0,-59.0,-8.0,-24.0,5.0,-50.0,-28.689999999999998,-10.77,34.81,-70.92,-58.019999999999996,-35.769999999999996,78.49,-36.019999999999996,-0.8499999999999996,0.33999999999999986,13.29,-22.13
2025-08-05T13:09:40.947677,55.0,-3.0,-71.0,-65.0,21.0,-61.0,49.0,-44.0,-30.0,-5.0,24.0,-24.0,22.310000000000002,6.23,-64.19,-44.92,14.98,-33.769999999999996,39.49,-21.02,-22.85,19.34,32.29,3.870000000000001
2025-08-05T13:09:40.955573,-54.0,-70.0,-33.0,-48.0,-11.0,-37.0,110.0,-39.0,2.0,-43.0,42.0,-23.0,-86.69,-60.769999999999996,-26.19,-27.92,-17.02,-9.77,100.49,-16.02,9.15,-18.66,50.29,4.870000000000001
2025-08-05T13:09:40.959855,29.0,74.0,53.0,-51.0,-42.0,-62.0,42.0,-67.0,39.0,24.0,14.0,-31.0,-3.6899999999999977,83.23,59.81,-30.92,-48.019999999999996,-34.769999999999996,32.49,-44.019999999999996,46.15,48.34,22.29,-3.129999999999999
2025-08-05T13:09:40.967924,-4.0,35.0,-74.0,61.0,29.0,-84.0,56.0,-72.0,-5.0,-32.0,38.0,-46.0,-36.69,44.230000000000004,-67.19,81.08,22.98,-56.769999999999996,46.49,-49.019999999999996,2.1500000000000004,-7.66,46.29,-18.13
2025-08-05T13:09:40.972187,8.0,13.0,-76.0,-29.0,30.0,-58.0,-7.0,-86.0,-25.0,-39.0,70.0,-105.0,-24.689999999999998,22.23,-69.19,-8.920000000000002,23.98,-30.77,-16.509999999999998,-63.019999999999996,-17.85,-14.66,78.28999999999999,-77.13
2025-08-05T13:09:40.976521,0.0,53.0,-54.0,13.0,-3.0,34.0,12.0,-3.0,-23.0,-5.0,-13.0,-78.0,-32.69,62.230000000000004,-47.19,33.08,-9.02,61.230000000000004,2.49,19.98,-15.85,19.34,-4.710000000000001,-50.129999999999995
2025-08-05T13:09:40.984561,37.0,89.0,-100.0,-71.0,-4.0,-58.0,-69.0,-64.0,-17.0,0.0,21.0,-90.0,4.310000000000002,98.23,-93.19,-50.92,-10.02,-30.77,-78.51,-41.019999999999996,-9.85,24.34,29.29,-62.129999999999995
2025-08-05T13:09:40.992570,125.0,77.0,-60.0,-45.0,64.0,-116.0,-14.0,-27.0,-8.0,-6.0,10.0,-128.0,92.31,86.23,-53.19,-24.92,57.980000000000004,-88.77,-23.509999999999998,-4.02,-0.8499999999999996,18.34,18.29,-100.13
2025-08-05T13:09:40.996753,33.0,6.0,-38.0,-68.0,27.0,-32.0,2.0,-38.0,-10.0,-65.0,57.0,-49.0,0.3100000000000023,15.23,-31.19,-47.92,20.98,-4.77,-7.51,-15.02,-2.8499999999999996,-40.66,65.28999999999999,-21.13
2025-08-05T13:09:41.000774,43.0,-50.0,21.0,47.0,30.0,-61.0,-50.0,-44.0,-47.0,-16.0,-13.0,-99.0,10.310000000000002,-40.769999999999996,27.81,67.08,23.98,-33.769999999999996,-59.51,-21.02,-39.85,8.34,-4.710000000000001,-71.13
2025-08-05T13:09:41.009000,17.0,-63.0,0.0,-11.0,47.0,-42.0,-18.0,-46.0,38.0,-1.0,-23.0,-54.0,-15.689999999999998,-53.769999999999996,6.81,9.079999999999998,40.980000000000004,-14.77,-27.509999999999998,-23.02,45.15,23.34,-14.71,-26.13
2025-08-05T13:09:41.013096,66.0,13.0,31.0,-30.0,-15.0,-88.0,-28.0,-9.0,-5.0,-20.0,-10.0,-33.0,33.31,22.23,37.81,-9.920000000000002,-21.02,-60.769999999999996,-37.51,13.98,2.1500000000000004,4.34,-1.7100000000000009,-5.129999999999999
2025-08-05T13:09:41.021126,2.0,24.0,0.0,-18.0,-49.0,-69.0,30.0,38.0,-43.0,-13.0,20.0,-67.0,-30.689999999999998,33.230000000000004,6.81,2.0799999999999983,-55.019999999999996,-41.769999999999996,20.490000000000002,60.980000000000004,-35.85,11.34,28.29,-39.129999999999995
2025-08-05T13:09:41.025342,-42.0,-1.0,-5.0,22.0,-8.0,-39.0,13.0,-41.0,-37.0,-97.0,46.0,13.0,-74.69,8.23,1.8099999999999996,42.08,-14.02,-11.77,3.49,-18.02,-29.85,-72.66,54.29,40.870000000000005
2025-08-05T13:09:41.033503,15.0,33.0,14.0,8.0,42.0,16.0,38.0,-12.0,36.0,-24.0,-22.0,-57.0,-17.689999999999998,42.230000000000004,20.81,28.08,35.980000000000004,43.230000000000004,28.490000000000002,10.98,43.15,0.33999999999999986,-13.71,-29.13
2025-08-05T13:09:41.037606,22.0,18.0,-33.0,8.0,60.0,-25.0,39.0,-31.0,31.0,-38.0,-26.0,0.0,-10.689999999999998,27.23,-26.19,28.08,53.980000000000004,2.2300000000000004,29.490000000000002,-8.02,38.15,-13.66,-17.71,27.87
2025-08-05T13:09:41.045781,90.0,61.0,-1.0,21.0,-9.0,-33.0,29.0,-23.0,-19.0,-81.0,-2.0,-88.0,57.31,70.23,5.81,41.08,-15.02,-5.77,19.490000000000002,-0.019999999999999574,-11.85,-56.66,6.289999999999999,-60.129999999999995
2025-08-05T13:09:41.050078,67.0,47.0,-49.0,18.0,-67.0,35.0,-6.0,-31.0,30.0,-19.0,24.0,-54.0,34.31,56.230000000000004,-42.19,38.08,-73.02,62.230000000000004,-15.51,-8.02,37.15,5.34,32.29,-26.13
2025-08-05T13:09:41.058005,47.0,-9.0,-20.0,9.0,49.0,-92.0,7.0,20.0,15.0,14.0,23.0,-36.0,14.310000000000002,0.23000000000000043,-13.190000000000001,29.08,42.980000000000004,-64.77,-2.51,42.980000000000004,22.15,38.34,31.29,-8.129999999999999
2025-08-05T13:09:41.062194,53.0,-35.0,-44.0,58.0,-85.0,-49.0,-23.0,2.0,-99.0,-8.0,-38.0,-41.0,20.310000000000002,-25.77,-37.19,78.08,-91.02,-21.77,-32.51,24.98,-91.85,16.34,-29.71,-13.129999999999999
2025-08-05T13:09:41.070434,69.0,-28.0,-107.0,27.0,-7.0,-102.0,17.0,-36.0,-98.0,-92.0,22.0,-57.0,36.31,-18.77,-100.19,47.08,-13.02,-74.77,7.49,-13.02,-90.85,-67.66,30.29,-29.13
2025-08-05T13:09:41.074599,102.0,-3.0,6.0,29.0,33.0,-35.0,83.0,3.0,-74.0,-24.0,-5.0,-71.0,69.31,6.23,12.809999999999999,49.08,26.98,-7.77,73.49,25.98,-66.85,0.33999999999999986,3.289999999999999,-43.129999999999995
2025-08-05T13:09:41.082647,71.0,-73.0,-9.0,24.0,-1.0,-27.0,70.0,13.0,-35.0,-3.0,-9.0,-39.0,38.31,-63.769999999999996,-2.1900000000000004,44.08,-7.02,0.23000000000000043,60.49,35.980000000000004,-27.85,21.34,-0.7100000000000009,-11.129999999999999
2025-08-05T13:09:41.086717,44.0,-14.0,-10.0,11.0,1.0,12.0,0.0,-67.0,-25.0,-69.0,40.0,-44.0,11.310000000000002,-4.77,-3.1900000000000004,31.08,-5.02,39.230000000000004,-9.51,-44.019999999999996,-17.85,-44.66,48.29,-16.13
2025-08-05T13:09:41.094904,40.0,2.0,-11.0,9.0,22.0,-96.0,-15.0,-24.0,-89.0,-80.0,-16.0,-36.0,7.310000000000002,11.23,-4.19,29.08,15.98,-68.77,-24.509999999999998,-1.0199999999999996,-81.85,-55.66,-7.710000000000001,-8.129999999999999
2025-08-05T13:09:41.099259,1.0,50.0,21.0,-11.0,46.0,-80.0,-9.0,39.0,-26.0,0.0,-12.0,-82.0,-31.689999999999998,59.230000000000004,27.81,9.079999999999998,39.980000000000004,-52.769999999999996,-18.509999999999998,61.980000000000004,-18.85,24.34,-3.710000000000001,-54.129999999999995
2025-08-05T13:09:41.107177,-38.0,26.0,29.0,-12.0,41.0,-76.0,8.0,28.0,-54.0,-8.0,-28.0,-28.0,-70.69,35.230000000000004,35.81,8.079999999999998,34.980000000000004,-48.769999999999996,-1.5099999999999998,50.980000000000004,-46.85,16.34,-19.71,-0.129999999999999
2025-08-05T13:09:41.111554,14.0,67.0,11.0,-13.0,-40.0,-57.0,52.0,-2.0,-49.0,-19.0,-12.0,-55.0,-18.689999999999998,76.23,17.81,7.079999999999998,-46.019999999999996,-29.77,42.49,20.98,-41.85,5.34,-3.710000000000001,-27.13
2025-08-05T13:09:41.119416,-29.0,14.0,-88.0,29.0,-34.0,-42.0,37.0,-46.0,-17.0,17.0,75.0,-75.0,-61.69,23.23,-81.19,49.08,-40.019999999999996,-14.77,27.490000000000002,-23.02,-9.85,41.34,83.28999999999999,-47.129999999999995
2025-08-05T13:09:41.123741,77.0,5.0,-46.0,22.0,24.0,-7.0,48.0,-42.0,-12.0,32.0,-13.0,-15.0,44.31,14.23,-39.19,42.08,17.98,20.23,38.49,-19.02,-4.85,56.34,-4.710000000000001,12.870000000000001
2025-08-05T13:09:41.131662,109.0,-37.0,-90.0,6.0,-6.0,-42.0,35.0,-34.0,-28.0,-78.0,-1.0,-84.0,76.31,-27.77,-83.19,26.08,-12.02,-14.77,25.490000000000002,-11.02,-20.85,-53.66,7.289999999999999,-56.129999999999995
2025-08-05T13:09:41.135965,103.0,-39.0,-52.0,-17.0,50.0,-89.0,42.0,-60.0,-46.0,-9.0,-38.0,-31.0,70.31,-29.77,-45.19,3.0799999999999983,43.980000000000004,-61.769999999999996,32.49,-37.019999999999996,-38.85,15.34,-29.71,-3.129999999999999
2025-08-05T13:09:41.140160,99.0,-24.0,19.0,29.0,40.0,-52.0,30.0,23.0,-6.0,1.0,55.0,-52.0,66.31,-14.77,25.81,49.08,33.980000000000004,-24.77,20.490000000000002,45.980000000000004,1.1500000000000004,25.34,63.29,-24.13
2025-08-05T13:09:41.148238,52.0,-17.0,-38.0,35.0,-48.0,-97.0,25.0,-71.0,7.0,-27.0,47.0,-44.0,19.310000000000002,-7.77,-31.19,55.08,-54.019999999999996,-69.77,15.49,-48.019999999999996,14.15,-2.66,55.29,-16.13
2025-08-05T13:09:41.156263,123.0,16.0,-45.0,23.0,-5.0,-21.0,15.0,-74.0,-6.0,-53.0,1.0,-8.0,90.31,25.23,-38.19,43.08,-11.02,6.23,5.49,-51.019999999999996,1.1500000000000004,-28.66,9.29,19.87
2025-08-05T13:09:41.160473,29.0,72.0,-58.0,-2.0,-40.0,-3.0,48.0,-12.0,6.0,-15.0,15.0,13.0,-3.6899999999999977,81.23,-51.19,18.08,-46.019999999999996,24.23,38.49,10.98,13.15,9.34,23.29,40.870000000000005
2025-08-05T13:09:41.164918,30.0,43.0,-57.0,-11.0,94.0,-102.0,63.0,-72.0,7.0,33.0,-15.0,42.0,-2.6899999999999977,52.230000000000004,-50.19,9.079999999999998,87.98,-74.77,53.49,-49.019999999999996,14.15,57.34,-6.710000000000001,69.87
2025-08-05T13:09:41.172797,60.0,-19.0,13.0,-5.0,102.0,-59.0,46.0,-113.0,25.0,43.0,-55.0,17.0,27.310000000000002,-9.77,19.81,15.079999999999998,95.98,-31.77,36.49,-90.02,32.15,67.34,-46.71,44.870000000000005
2025-08-05T13:09:41.180793,56.0,-73.0,-20.0,-2.0,69.0,-103.0,103.0,-5.0,72.0,-17.0,-13.0,20.0,23.310000000000002,-63.769999999999996,-13.190000000000001,18.08,62.980000000000004,-75.77,93.49,17.98,79.15,7.34,-4.710000000000001,47.870000000000005
2025-08-05T13:09:41.185206,89.0,-41.0,44.0,61.0,-8.0,-58.0,45.0,-32.0,74.0,4.0,10.0,31.0,56.31,-31.77,50.81,81.08,-14.02,-30.77,35.49,-9.02,81.15,28.34,18.29,58.870000000000005
2025-08-05T13:09:41.189125,87.0,-4.0,31.0,43.0,15.0,-44.0,49.0,-48.0,41.0,105.0,15.0,22.0,54.31,5.23,37.81,63.08,8.98,-16.77,39.49,-25.02,48.15,129.34,23.29,49.870000000000005
2025-08-05T13:09:41.197419,7.0,-72.0,33.0,-13.0,-14.0,-80.0,11.0,-32.0,31.0,41.0,-28.0,11.0,-25.689999999999998,-62.769999999999996,39.81,7.079999999999998,-20.02,-52.769999999999996,1.4900000000000002,-9.02,38.15,65.34,-19.71,38.870000000000005
2025-08-05T13:09:41.201495,82.0,34.0,63.0,39.0,13.0,-95.0,17.0,-34.0,63.0,50.0,-4.0,30.0,49.31,43.230000000000004,69.81,59.08,6.98,-67.77,7.49,-11.02,70.15,74.34,4.289999999999999,57.870000000000005
2025-08-05T13:09:41.209678,16.0,81.0,59.0,-15.0,39.0,-66.0,70.0,-23.0,37.0,158.0,49.0,33.0,-16.689999999999998,90.23,65.81,5.079999999999998,32.980000000000004,-38.769999999999996,60.49,-0.019999999999999574,44.15,182.34,57.29,60.870000000000005
2025-08-05T13:09:41.213751,39.0,-35.0,34.0,56.0,72.0,-102.0,121.0,5.0,15.0,70.0,108.0,16.0,6.310000000000002,-25.77,40.81,76.08,65.98,-74.77,111.49,27.98,22.15,94.34,116.28999999999999,43.870000000000005
2025-08-05T13:09:41.222022,147.0,41.0,46.0,49.0,39.0,-63.0,74.0,48.0,-45.0,90.0,36.0,-27.0,114.31,50.230000000000004,52.81,69.08,32.980000000000004,-35.769999999999996,64.49,70.98,-37.85,114.34,44.29,0.870000000000001
2025-08-05T13:09:41.226015,120.0,31.0,30.0,40.0,68.0,-36.0,116.0,7.0,12.0,126.0,112.0,-20.0,87.31,40.230000000000004,36.81,60.08,61.980000000000004,-8.77,106.49,29.98,19.15,150.34,120.28999999999999,7.870000000000001
2025-08-05T13:09:41.234300,135.0,77.0,111.0,26.0,42.0,-28.0,115.0,68.0,-69.0,170.0,240.0,-22.0,102.31,86.23,117.81,46.08,35.980000000000004,-0.7699999999999996,105.49,90.98,-61.85,194.34,248.29,5.870000000000001
2025-08-05T13:09:41.242487,150.0,206.0,100.0,51.0,87.0,-59.0,54.0,137.0,-206.0,188.0,129.0,-11.0,117.31,215.23,106.81,71.08,80.98,-31.77,44.49,159.98,-198.85,212.34,137.29,16.87
2025-08-05T13:09:41.246524,115.0,164.0,114.0,170.0,139.0,-86.0,128.0,158.0,-186.0,221.0,223.0,50.0,82.31,173.23,120.81,190.07999999999998,132.98,-58.769999999999996,118.49,180.98,-178.85,245.34,231.29,77.87
2025-08-05T13:09:41.255125,199.0,145.0,157.0,149.0,173.0,-67.0,94.0,108.0,-230.0,149.0,331.0,-1.0,166.31,154.23,163.81,169.07999999999998,166.98,-39.769999999999996,84.49,130.98,-222.85,173.34,339.29,26.87
2025-08-05T13:09:41.258878,127.0,241.0,172.0,119.0,189.0,-144.0,113.0,129.0,-227.0,104.0,350.0,-74.0,94.31,250.23,178.81,139.07999999999998,182.98,-116.77,103.49,151.98,-219.85,128.34,358.29,-46.129999999999995
2025-08-05T13:09:41.267226,216.0,291.0,110.0,216.0,162.0,-63.0,60.0,120.0,-274.0,225.0,258.0,-18.0,183.31,300.23,116.81,236.07999999999998,155.98,-35.769999999999996,50.49,142.98,-266.85,249.34,266.29,9.870000000000001
2025-08-05T13:09:41.275107,203.0,325.0,134.0,154.0,177.0,-129.0,93.0,137.0,-261.0,193.0,379.0,7.0,170.31,334.23,140.81,174.07999999999998,170.98,-101.77,83.49,159.98,-253.85,217.34,387.29,34.870000000000005
2025-08-05T13:09:41.279454,172.0,283.0,135.0,271.0,229.0,-143.0,93.0,130.0,-358.0,155.0,354.0,1.0,139.31,292.23,141.81,291.08,222.98,-115.77,83.49,152.98,-350.85,179.34,362.29,28.87
2025-08-05T13:09:41.287422,258.0,366.0,74.0,299.0,261.0,-126.0,86.0,172.0,-333.0,124.0,430.0,2.0,225.31,375.23,80.81,319.08,254.98,-98.77,76.49,194.98,-325.85,148.34,438.29,29.87
2025-08-05T13:09:41.291682,303.0,224.0,111.0,224.0,195.0,-116.0,84.0,183.0,-359.0,148.0,482.0,-25.0,270.31,233.23,117.81,244.07999999999998,188.98,-88.77,74.49,205.98,-351.85,172.34,490.29,2.870000000000001
2025-08-05T13:09:41.299771,161.0,471.0,45.0,333.0,231.0,-178.0,100.0,125.0,-386.0,206.0,400.0,-21.0,128.31,480.23,51.81,353.08,224.98,-150.77,90.49,147.98,-378.85,230.34,408.29,6.870000000000001
2025-08-05T13:09:41.307872,244.0,400.0,44.0,322.0,185.0,-200.0,67.0,155.0,-345.0,194.0,500.0,-13.0,211.31,409.23,50.81,342.08,178.98,-172.77,57.49,177.98,-337.85,218.34,508.29,14.870000000000001
2025-08-05T13:09:41.312119,200.0,428.0,127.0,254.0,228.0,-195.0,95.0,152.0,-355.0,92.0,427.0,-7.0,167.31,437.23,133.81,274.08,221.98,-167.77,85.49,174.98,-347.85,116.34,435.29,20.87
2025-08-05T13:09:41.320189,172.0,412.0,96.0,336.0,210.0,-209.0,64.0,111.0,-359.0,156.0,472.0,6.0,139.31,421.23,102.81,356.08,203.98,-181.77,54.49,133.98,-351.85,180.34,480.29,33.870000000000005
2025-08-05T13:09:41.324702,273.0,434.0,105.0,355.0,183.0,-187.0,70.0,73.0,-429.0,153.0,538.0,-63.0,240.31,443.23,111.81,375.08,176.98,-159.77,60.49,95.98,-421.85,177.34,546.29,-35.129999999999995
2025-08-05T13:09:41.332680,206.0,360.0,123.0,378.0,300.0,-232.0,144.0,136.0,-393.0,209.0,489.0,-124.0,173.31,369.23,129.81,398.08,293.98,-204.77,134.49,158.98,-385.85,233.34,497.29,-96.13
2025-08-05T13:09:41.340731,296.0,485.0,60.0,343.0,270.0,-232.0,112.0,182.0,-381.0,198.0,458.0,29.0,263.31,494.23,66.81,363.08,263.98,-204.77,102.49,204.98,-373.85,222.34,466.29,56.870000000000005
2025-08-05T13:09:41.344969,300.0,347.0,82.0,317.0,251.0,-226.0,43.0,177.0,-405.0,116.0,530.0,-11.0,267.31,356.23,88.81,337.08,244.98,-198.77,33.49,199.98,-397.85,140.34,538.29,16.87
2025-08-05T13:09:41.352993,222.0,459.0,105.0,364.0,222.0,-175.0,141.0,159.0,-379.0,126.0,572.0,-75.0,189.31,468.23,111.81,384.08,215.98,-147.77,131.49,181.98,-371.85,150.34,580.29,-47.129999999999995
2025-08-05T13:09:41.357318,257.0,452.0,54.0,288.0,251.0,-271.0,24.0,135.0,-445.0,199.0,388.0,-59.0,224.31,461.23,60.81,308.08,244.98,-243.77,14.49,157.98,-437.85,223.34,396.29,-31.13
2025-08-05T13:09:41.365495,273.0,377.0,144.0,361.0,229.0,-206.0,107.0,259.0,-418.0,212.0,472.0,7.0,240.31,386.23,150.81,381.08,222.98,-178.77,97.49,281.98,-410.85,236.34,480.29,34.870000000000005
2025-08-05T13:09:41.373392,213.0,421.0,54.0,236.0,215.0,-235.0,95.0,99.0,-412.0,148.0,471.0,10.0,180.31,430.23,60.81,256.08,208.98,-207.77,85.49,121.98,-404.85,172.34,479.29,37.870000000000005
2025-08-05T13:09:41.377884,280.0,412.0,43.0,330.0,233.0,-205.0,113.0,227.0,-342.0,87.0,538.0,-94.0,247.31,421.23,49.81,350.08,226.98,-177.77,103.49,249.98,-334.85,111.34,546.29,-66.13
2025-08-05T13:09:41.385765,248.0,463.0,149.0,270.0,204.0,-179.0,85.0,176.0,-404.0,179.0,499.0,-31.0,215.31,472.23,155.81,290.08,197.98,-151.77,75.49,198.98,-396.85,203.34,507.29,-3.129999999999999
2025-08-05T13:09:41.390146,186.0,448.0,14.0,326.0,267.0,-233.0,58.0,194.0,-445.0,195.0,495.0,17.0,153.31,457.23,20.81,346.08,260.98,-205.77,48.49,216.98,-437.85,219.34,503.29,44.870000000000005
2025-08-05T13:09:41.398253,324.0,417.0,26.0,368.0,263.0,-183.0,73.0,158.0,-440.0,194.0,407.0,-26.0,291.31,426.23,32.81,388.08,256.98,-155.77,63.49,180.98,-432.85,218.34,415.29,1.870000000000001
2025-08-05T13:09:41.406317,251.0,385.0,107.0,271.0,217.0,-243.0,83.0,157.0,-380.0,112.0,559.0,-26.0,218.31,394.23,113.81,291.08,210.98,-215.77,73.49,179.98,-372.85,136.34,567.29,1.870000000000001
2025-08-05T13:09:41.410664,195.0,501.0,56.0,303.0,191.0,-251.0,42.0,146.0,-380.0,101.0,516.0,-58.0,162.31,510.23,62.81,323.08,184.98,-223.77,32.49,168.98,-372.85,125.34,524.29,-30.13
2025-08-05T13:09:41.418655,316.0,387.0,21.0,290.0,315.0,-259.0,160.0,157.0,-418.0,179.0,524.0,-43.0,283.31,396.23,27.81,310.08,308.98,-231.77,150.49,179.98,-410.85,203.34,532.29,-15.129999999999999
2025-08-05T13:09:41.422801,179.0,355.0,70.0,353.0,178.0,-213.0,59.0,142.0,-391.0,168.0,473.0,3.0,146.31,364.23,76.81,373.08,171.98,-185.77,49.49,164.98,-383.85,192.34,481.29,30.87
2025-08-05T13:09:41.430855,180.0,430.0,37.0,322.0,245.0,-167.0,87.0,154.0,-418.0,136.0,492.0,-59.0,147.31,439.23,43.81,342.08,238.98,-139.77,77.49,176.98,-410.85,160.34,500.29,-31.13
2025-08-05T13:09:41.438863,293.0,395.0,54.0,398.0,178.0,-241.0,75.0,197.0,-367.0,132.0,538.0,26.0,260.31,404.23,60.81,418.08,171.98,-213.77,65.49,219.98,-359.85,156.34,546.29,53.870000000000005
2025-08-05T13:09:41.443347,219.0,419.0,79.0,352.0,210.0,-204.0,59.0,142.0,-373.0,141.0,556.0,-49.0,186.31,428.23,85.81,372.08,203.98,-176.77,49.49,164.98,-365.85,165.34,564.29,-21.13
2025-08-05T13:09:41.451402,156.0,399.0,44.0,297.0,250.0,-245.0,58.0,150.0,-360.0,206.0,471.0,-49.0,123.31,408.23,50.81,317.08,243.98,-217.77,48.49,172.98,-352.85,230.34,479.29,-21.13
2025-08-05T13:09:41.455591,308.0,403.0,44.0,357.0,191.0,-279.0,98.0,182.0,-456.0,158.0,453.0,-97.0,275.31,412.23,50.81,377.08,184.98,-251.77,88.49,204.98,-448.85,182.34,461.29,-69.13
2025-08-05T13:09:41.463640,203.0,334.0,68.0,329.0,247.0,-207.0,57.0,150.0,-381.0,158.0,447.0,-81.0,170.31,343.23,74.81,349.08,240.98,-179.77,47.49,172.98,-373.85,182.34,455.29,-53.129999999999995
2025-08-05T13:09:41.471622,188.0,449.0,24.0,349.0,196.0,-211.0,100.0,200.0,-377.0,98.0,355.0,-48.0,155.31,458.23,30.81,369.08,189.98,-183.77,90.49,222.98,-369.85,122.34,363.29,-20.13
2025-08-05T13:09:41.476085,282.0,426.0,31.0,288.0,276.0,-235.0,134.0,74.0,-413.0,175.0,557.0,-45.0,249.31,435.23,37.81,308.08,269.98,-207.77,124.49,96.98,-405.85,199.34,565.29,-17.13
2025-08-05T13:09:41.484178,209.0,448.0,81.0,431.0,214.0,-221.0,68.0,163.0,-408.0,121.0,539.0,-53.0,176.31,457.23,87.81,451.08,207.98,-193.77,58.49,185.98,-400.85,145.34,547.29,-25.13
2025-08-05T13:09:41.488524,241.0,379.0,68.0,355.0,238.0,-225.0,98.0,101.0,-395.0,258.0,467.0,-41.0,208.31,388.23,74.81,375.08,231.98,-197.77,88.49,123.98,-387.85,282.34,475.29,-13.129999999999999
2025-08-05T13:09:41.496444,266.0,333.0,80.0,293.0,179.0,-186.0,122.0,138.0,-417.0,155.0,503.0,-119.0,233.31,342.23,86.81,313.08,172.98,-158.77,112.49,160.98,-409.85,179.34,511.29,-91.13
2025-08-05T13:09:41.504580,232.0,341.0,121.0,323.0,274.0,-177.0,52.0,113.0,-437.0,139.0,493.0,-30.0,199.31,350.23,127.81,343.08,267.98,-149.77,42.49,135.98,-429.85,163.34,501.29,-2.129999999999999
2025-08-05T13:09:41.508812,241.0,466.0,84.0,298.0,255.0,-221.0,56.0,115.0,-408.0,89.0,528.0,10.0,208.31,475.23,90.81,318.08,248.98,-193.77,46.49,137.98,-400.85,113.34,536.29,37.870000000000005
2025-08-05T13:09:41.516850,218.0,357.0,59.0,311.0,272.0,-248.0,54.0,145.0,-416.0,85.0,470.0,-129.0,185.31,366.23,65.81,331.08,265.98,-220.77,44.49,167.98,-408.85,109.34,478.29,-101.13
2025-08-05T13:09:41.521350,220.0,415.0,105.0,277.0,231.0,-237.0,83.0,129.0,-382.0,216.0,557.0,-46.0,187.31,424.23,111.81,297.08,224.98,-209.77,73.49,151.98,-374.85,240.34,565.29,-18.13
2025-08-05T13:09:41.529173,201.0,460.0,19.0,367.0,182.0,-167.0,83.0,149.0,-340.0,189.0,441.0,-22.0,168.31,469.23,25.81,387.08,175.98,-139.77,73.49,171.98,-332.85,213.34,449.29,5.870000000000001
2025-08-05T13:09:41.537237,325.0,392.0,58.0,309.0,238.0,-208.0,152.0,135.0,-409.0,127.0,479.0,-23.0,292.31,401.23,64.81,329.08,231.98,-180.77,142.49,157.98,-401.85,151.34,487.29,4.870000000000001
2025-08-05T13:09:41.541630,193.0,380.0,148.0,346.0,213.0,-191.0,60.0,200.0,-410.0,117.0,474.0,-97.0,160.31,389.23,154.81,366.08,206.98,-163.77,50.49,222.98,-402.85,141.34,482.29,-69.13
2025-08-05T13:09:41.549696,190.0,489.0,54.0,295.0,291.0,-268.0,93.0,175.0,-408.0,131.0,486.0,-63.0,157.31,498.23,60.81,315.08,284.98,-240.77,83.49,197.98,-400.85,155.34,494.29,-35.129999999999995
2025-08-05T13:09:41.553911,297.0,423.0,-11.0,369.0,166.0,-228.0,-27.0,119.0,-445.0,206.0,467.0,16.0,264.31,432.23,-4.19,389.08,159.98,-200.77,-36.51,141.98,-437.85,230.34,475.29,43.870000000000005
2025-08-05T13:09:41.562022,183.0,410.0,174.0,294.0,216.0,-327.0,35.0,154.0,-422.0,98.0,489.0,-59.0,150.31,419.23,180.81,314.08,209.98,-299.77,25.490000000000002,176.98,-414.85,122.34,497.29,-31.13
2025-08-05T13:09:41.569989,200.0,460.0,77.0,272.0,233.0,-221.0,5.0,182.0,-440.0,104.0,634.0,16.0,167.31,469.23,83.81,292.08,226.98,-193.77,-4.51,204.98,-432.85,128.34,642.29,43.870000000000005
2025-08-05T13:09:41.574286,313.0,366.0,7.0,309.0,260.0,-227.0,36.0,18.0,-399.0,31.0,552.0,-109.0,280.31,375.23,13.809999999999999,329.08,253.98,-199.77,26.490000000000002,40.980000000000004,-391.85,55.34,560.29,-81.13
2025-08-05T13:09:41.582476,178.0,423.0,59.0,344.0,201.0,-239.0,83.0,154.0,-415.0,224.0,578.0,-131.0,145.31,432.23,65.81,364.08,194.98,-211.77,73.49,176.98,-407.85,248.34,586.29,-103.13
2025-08-05T13:09:41.586927,169.0,405.0,76.0,379.0,162.0,-282.0,52.0,191.0,-385.0,195.0,453.0,23.0,136.31,414.23,82.81,399.08,155.98,-254.77,42.49,213.98,-377.85,219.34,461.29,50.870000000000005
2025-08-05T13:09:41.594643,313.0,402.0,-39.0,282.0,187.0,-268.0,28.0,64.0,-372.0,86.0,433.0,-45.0,280.31,411.23,-32.19,302.08,180.98,-240.77,18.490000000000002,86.98,-364.85,110.34,441.29,-17.13
2025-08-05T13:09:41.602734,199.0,389.0,127.0,360.0,216.0,-279.0,38.0,122.0,-361.0,67.0,533.0,-3.0,166.31,398.23,133.81,380.08,209.98,-251.77,28.490000000000002,144.98,-353.85,91.34,541.29,24.87
2025-08-05T13:09:41.607036,171.0,449.0,48.0,290.0,198.0,-210.0,66.0,127.0,-404.0,118.0,538.0,-84.0,138.31,458.23,54.81,310.08,191.98,-182.77,56.49,149.98,-396.85,142.34,546.29,-56.129999999999995
2025-08-05T13:09:41.615054,240.0,353.0,25.0,381.0,304.0,-233.0,64.0,160.0,-424.0,170.0,497.0,-56.0,207.31,362.23,31.81,401.08,297.98,-205.77,54.49,182.98,-416.85,194.34,505.29,-28.13
2025-08-05T13:09:41.619474,273.0,373.0,121.0,221.0,249.0,-242.0,42.0,119.0,-336.0,184.0,519.0,-48.0,240.31,382.23,127.81,241.07999999999998,242.98,-214.77,32.49,141.98,-328.85,208.34,527.29,-20.13
2025-08-05T13:09:41.627631,220.0,453.0,133.0,328.0,266.0,-248.0,116.0,128.0,-432.0,138.0,505.0,-33.0,187.31,462.23,139.81,348.08,259.98,-220.77,106.49,150.98,-424.85,162.34,513.29,-5.129999999999999
2025-08-05T13:09:41.635537,274.0,426.0,207.0,364.0,257.0,-217.0,90.0,150.0,-474.0,164.0,501.0,-40.0,241.31,435.23,213.81,384.08,250.98,-189.77,80.49,172.98,-466.85,188.34,509.29,-12.129999999999999
2025-08-05T13:09:41.639847,206.0,437.0,3.0,349.0,261.0,-243.0,96.0,120.0,-428.0,108.0,490.0,-42.0,173.31,446.23,9.809999999999999,369.08,254.98,-215.77,86.49,142.98,-420.85,132.34,498.29,-14.129999999999999
2025-08-05T13:09:41.647919,257.0,353.0,69.0,341.0,217.0,-191.0,21.0,123.0,-351.0,203.0,483.0,-94.0,224.31,362.23,75.81,361.08,210.98,-163.77,11.49,145.98,-343.85,227.34,491.29,-66.13
2025-08-05T13:09:41.652293,139.0,355.0,62.0,334.0,251.0,-226.0,100.0,123.0,-437.0,203.0,418.0,-69.0,106.31,364.23,68.81,354.08,244.98,-198.77,90.49,145.98,-429.85,227.34,426.29,-41.129999999999995
2025-08-05T13:09:41.660331,216.0,456.0,24.0,316.0,184.0,-225.0,4.0,108.0,-445.0,152.0,495.0,-38.0,183.31,465.23,30.81,336.08,177.98,-197.77,-5.51,130.98,-437.85,176.34,503.29,-10.129999999999999
2025-08-05T13:09:41.664669,228.0,377.0,28.0,361.0,194.0,-189.0,55.0,129.0,-388.0,98.0,492.0,-3.0,195.31,386.23,34.81,381.08,187.98,-161.77,45.49,151.98,-380.85,122.34,500.29,24.87
2025-08-05T13:09:41.672500,234.0,392.0,147.0,352.0,253.0,-188.0,98.0,190.0,-438.0,101.0,526.0,-77.0,201.31,401.23,153.81,372.08,246.98,-160.77,88.49,212.98,-430.85,125.34,534.29,-49.129999999999995
2025-08-05T13:09:41.680694,199.0,464.0,37.0,320.0,221.0,-219.0,76.0,148.0,-416.0,85.0,432.0,-67.0,166.31,473.23,43.81,340.08,214.98,-191.77,66.49,170.98,-408.85,109.34,440.29,-39.129999999999995
2025-08-05T13:09:41.684850,292.0,434.0,2.0,383.0,195.0,-242.0,82.0,116.0,-427.0,184.0,490.0,-111.0,259.31,443.23,8.809999999999999,403.08,188.98,-214.77,72.49,138.98,-419.85,208.34,498.29,-83.13
2025-08-05T13:09:41.693028,251.0,437.0,94.0,286.0,194.0,-238.0,52.0,158.0,-379.0,178.0,510.0,-92.0,218.31,446.23,100.81,306.08,187.98,-210.77,42.49,180.98,-371.85,202.34,518.29,-64.13
2025-08-05T13:09:41.697167,178.0,470.0,12.0,326.0,247.0,-229.0,38.0,148.0,-429.0,194.0,476.0,-9.0,145.31,479.23,18.81,346.08,240.98,-201.77,28.490000000000002,170.98,-421.85,218.34,484.29,18.87
2025-08-05T13:09:41.705282,293.0,383.0,23.0,368.0,222.0,-259.0,78.0,162.0,-428.0,81.0,528.0,-29.0,260.31,392.23,29.81,388.08,215.98,-231.77,68.49,184.98,-420.85,105.34,536.29,-1.129999999999999
2025-08-05T13:09:41.713364,190.0,347.0,101.0,330.0,203.0,-230.0,100.0,145.0,-413.0,101.0,480.0,-20.0,157.31,356.23,107.81,350.08,196.98,-202.77,90.49,167.98,-405.85,125.34,488.29,7.870000000000001
2025-08-05T13:09:41.717795,166.0,466.0,12.0,370.0,242.0,-248.0,84.0,196.0,-361.0,167.0,537.0,-85.0,133.31,475.23,18.81,390.08,235.98,-220.77,74.49,218.98,-353.85,191.34,545.29,-57.129999999999995
2025-08-05T13:09:41.725739,253.0,312.0,59.0,363.0,209.0,-213.0,72.0,92.0,-379.0,183.0,490.0,-64.0,220.31,321.23,65.81,383.08,202.98,-185.77,62.49,114.98,-371.85,207.34,498.29,-36.129999999999995
2025-08-05T13:09:41.730941,261.0,324.0,85.0,404.0,260.0,-227.0,90.0,118.0,-404.0,206.0,491.0,-91.0,228.31,333.23,91.81,424.08,253.98,-199.77,80.49,140.98,-396.85,230.34,499.29,-63.129999999999995
2025-08-05T13:09:41.738000,217.0,391.0,78.0,348.0,217.0,-232.0,79.0,110.0,-446.0,155.0,423.0,-39.0,184.31,400.23,84.81,368.08,210.98,-204.77,69.49,132.98,-438.85,179.34,431.29,-11.129999999999999
2025-08-05T13:09:41.746084,286.0,380.0,51.0,322.0,156.0,-211.0,23.0,118.0,-409.0,114.0,456.0,0.0,253.31,389.23,57.81,342.08,149.98,-183.77,13.49,140.98,-401.85,138.34,464.29,27.87
2025-08-05T13:09:41.750509,207.0,352.0,131.0,347.0,280.0,-154.0,65.0,124.0,-415.0,163.0,508.0,-8.0,174.31,361.23,137.81,367.08,273.98,-126.77,55.49,146.98,-407.85,187.34,516.29,19.87
2025-08-05T13:09:41.758512,201.0,458.0,20.0,362.0,161.0,-266.0,34.0,106.0,-429.0,76.0,523.0,-75.0,168.31,467.23,26.81,382.08,154.98,-238.77,24.490000000000002,128.98,-421.85,100.34,531.29,-47.129999999999995
2025-08-05T13:09:41.762841,326.0,407.0,117.0,359.0,188.0,-235.0,101.0,213.0,-382.0,187.0,490.0,-30.0,293.31,416.23,123.81,379.08,181.98,-207.77,91.49,235.98,-374.85,211.34,498.29,-2.129999999999999
2025-08-05T13:09:41.770860,232.0,376.0,89.0,316.0,203.0,-227.0,48.0,216.0,-437.0,154.0,435.0,-20.0,199.31,385.23,95.81,336.08,196.98,-199.77,38.49,238.98,-429.85,178.34,443.29,7.870000000000001
2025-08-05T13:09:41.779078,236.0,426.0,42.0,347.0,197.0,-205.0,55.0,119.0,-427.0,104.0,459.0,30.0,203.31,435.23,48.81,367.08,190.98,-177.77,45.49,141.98,-419.85,128.34,467.29,57.870000000000005
2025-08-05T13:09:41.783160,321.0,353.0,48.0,303.0,244.0,-278.0,35.0,142.0,-429.0,58.0,496.0,-49.0,288.31,362.23,54.81,323.08,237.98,-250.77,25.490000000000002,164.98,-421.85,82.34,504.29,-21.13
2025-08-05T13:09:41.791358,203.0,381.0,123.0,303.0,249.0,-264.0,86.0,136.0,-427.0,76.0,450.0,-107.0,170.31,390.23,129.81,323.08,242.98,-236.77,76.49,158.98,-419.85,100.34,458.29,-79.13
2025-08-05T13:09:41.795663,160.0,387.0,61.0,320.0,211.0,-216.0,70.0,231.0,-440.0,131.0,492.0,-122.0,127.31,396.23,67.81,340.08,204.98,-188.77,60.49,253.98,-432.85,155.34,500.29,-94.13
2025-08-05T13:09:41.803815,286.0,367.0,160.0,275.0,231.0,-290.0,81.0,208.0,-452.0,197.0,451.0,-37.0,253.31,376.23,166.81,295.08,224.98,-262.77,71.49,230.98,-444.85,221.34,459.29,-9.129999999999999
2025-08-05T13:09:41.811819,239.0,447.0,67.0,336.0,211.0,-219.0,110.0,153.0,-389.0,119.0,532.0,-65.0,206.31,456.23,73.81,356.08,204.98,-191.77,100.49,175.98,-381.85,143.34,540.29,-37.129999999999995
2025-08-05T13:09:41.816017,237.0,391.0,137.0,273.0,256.0,-219.0,120.0,141.0,-500.0,140.0,539.0,-83.0,204.31,400.23,143.81,293.08,249.98,-191.77,110.49,163.98,-492.85,164.34,547.29,-55.129999999999995
2025-08-05T13:09:41.824176,223.0,451.0,50.0,325.0,151.0,-176.0,72.0,191.0,-429.0,156.0,421.0,-43.0,190.31,460.23,56.81,345.08,144.98,-148.77,62.49,213.98,-421.85,180.34,429.29,-15.129999999999999
2025-08-05T13:09:41.828352,253.0,377.0,74.0,303.0,201.0,-251.0,87.0,215.0,-410.0,151.0,534.0,-65.0,220.31,386.23,80.81,323.08,194.98,-223.77,77.49,237.98,-402.85,175.34,542.29,-37.129999999999995
2025-08-05T13:09:41.836471,248.0,395.0,133.0,313.0,246.0,-194.0,29.0,163.0,-418.0,125.0,499.0,-77.0,215.31,404.23,139.81,333.08,239.98,-166.77,19.490000000000002,185.98,-410.85,149.34,507.29,-49.129999999999995
2025-08-05T13:09:41.844612,269.0,483.0,44.0,327.0,227.0,-240.0,62.0,168.0,-357.0,161.0,580.0,-105.0,236.31,492.23,50.81,347.08,220.98,-212.77,52.49,190.98,-349.85,185.34,588.29,-77.13
2025-08-05T13:09:41.848737,269.0,371.0,139.0,346.0,214.0,-272.0,80.0,172.0,-408.0,128.0,452.0,-125.0,236.31,380.23,145.81,366.08,207.98,-244.77,70.49,194.98,-400.85,152.34,460.29,-97.13
2025-08-05T13:09:41.856780,206.0,401.0,107.0,285.0,199.0,-264.0,49.0,143.0,-433.0,206.0,456.0,-21.0,173.31,410.23,113.81,305.08,192.98,-236.77,39.49,165.98,-425.85,230.34,464.29,6.870000000000001
2025-08-05T13:09:41.864927,303.0,420.0,91.0,320.0,207.0,-271.0,106.0,136.0,-471.0,116.0,498.0,-101.0,270.31,429.23,97.81,340.08,200.98,-243.77,96.49,158.98,-463.85,140.34,506.29,-73.13
2025-08-05T13:09:41.869171,253.0,440.0,20.0,365.0,242.0,-248.0,114.0,163.0,-431.0,166.0,564.0,-105.0,220.31,449.23,26.81,385.08,235.98,-220.77,104.49,185.98,-423.85,190.34,572.29,-77.13
2025-08-05T13:09:41.877445,305.0,374.0,146.0,310.0,211.0,-214.0,77.0,175.0,-448.0,123.0,578.0,-90.0,272.31,383.23,152.81,330.08,204.98,-186.77,67.49,197.98,-440.85,147.34,586.29,-62.129999999999995
2025-08-05T13:09:41.881570,244.0,458.0,88.0,248.0,248.0,-235.0,59.0,146.0,-422.0,185.0,467.0,-6.0,211.31,467.23,94.81,268.08,241.98,-207.77,49.49,168.98,-414.85,209.34,475.29,21.87
2025-08-05T13:09:41.889514,269.0,378.0,43.0,362.0,196.0,-226.0,68.0,209.0,-404.0,45.0,499.0,-33.0,236.31,387.23,49.81,382.08,189.98,-198.77,58.49,231.98,-396.85,69.34,507.29,-5.129999999999999
2025-08-05T13:09:41.897668,216.0,376.0,43.0,312.0,206.0,-188.0,94.0,174.0,-403.0,183.0,530.0,-61.0,183.31,385.23,49.81,332.08,199.98,-160.77,84.49,196.98,-395.85,207.34,538.29,-33.129999999999995
2025-08-05T13:09:41.902039,212.0,419.0,30.0,244.0,189.0,-243.0,86.0,120.0,-424.0,142.0,521.0,-69.0,179.31,428.23,36.81,264.08,182.98,-215.77,76.49,142.98,-416.85,166.34,529.29,-41.129999999999995
2025-08-05T13:09:41.910006,283.0,421.0,47.0,381.0,222.0,-222.0,43.0,193.0,-366.0,172.0,575.0,-105.0,250.31,430.23,53.81,401.08,215.98,-194.77,33.49,215.98,-358.85,196.34,583.29,-77.13
2025-08-05T13:09:41.914389,228.0,456.0,85.0,293.0,239.0,-235.0,111.0,188.0,-427.0,167.0,486.0,-36.0,195.31,465.23,91.81,313.08,232.98,-207.77,101.49,210.98,-419.85,191.34,494.29,-8.129999999999999
2025-08-05T13:09:41.922314,223.0,434.0,49.0,341.0,216.0,-244.0,60.0,134.0,-435.0,97.0,567.0,19.0,190.31,443.23,55.81,361.08,209.98,-216.77,50.49,156.98,-427.85,121.34,575.29,46.870000000000005
2025-08-05T13:09:41.930587,244.0,457.0,58.0,352.0,256.0,-220.0,68.0,181.0,-393.0,104.0,519.0,-113.0,211.31,466.23,64.81,372.08,249.98,-192.77,58.49,203.98,-385.85,128.34,527.29,-85.13
2025-08-05T13:09:41.934709,208.0,398.0,83.0,311.0,234.0,-246.0,57.0,113.0,-499.0,151.0,506.0,-110.0,175.31,407.23,89.81,331.08,227.98,-218.77,47.49,135.98,-491.85,175.34,514.29,-82.13
2025-08-05T13:09:41.942829,225.0,401.0,101.0,402.0,240.0,-193.0,98.0,106.0,-405.0,198.0,468.0,-38.0,192.31,410.23,107.81,422.08,233.98,-165.77,88.49,128.98,-397.85,222.34,476.29,-10.129999999999999
2025-08-05T13:09:41.947307,304.0,342.0,84.0,295.0,239.0,-185.0,13.0,139.0,-360.0,140.0,517.0,-29.0,271.31,351.23,90.81,315.08,232.98,-157.77,3.49,161.98,-352.85,164.34,525.29,-1.129999999999999
2025-08-05T13:09:41.955126,231.0,459.0,117.0,327.0,228.0,-237.0,14.0,132.0,-448.0,139.0,474.0,-123.0,198.31,468.23,123.81,347.08,221.98,-209.77,4.49,154.98,-440.85,163.34,482.29,-95.13
2025-08-05T13:09:41.963127,308.0,470.0,0.0,325.0,229.0,-316.0,115.0,162.0,-414.0,171.0,463.0,-94.0,275.31,479.23,6.81,345.08,222.98,-288.77,105.49,184.98,-406.85,195.34,471.29,-66.13
2025-08-05T13:09:41.967509,263.0,425.0,112.0,311.0,271.0,-207.0,32.0,133.0,-415.0,149.0,485.0,-28.0,230.31,434.23,118.81,331.08,264.98,-179.77,22.490000000000002,155.98,-407.85,173.34,493.29,-0.129999999999999
2025-08-05T13:09:41.975471,242.0,450.0,34.0,291.0,216.0,-212.0,106.0,152.0,-398.0,129.0,503.0,-68.0,209.31,459.23,40.81,311.08,209.98,-184.77,96.49,174.98,-390.85,153.34,511.29,-40.129999999999995
2025-08-05T13:09:41.979841,189.0,389.0,104.0,362.0,234.0,-276.0,66.0,76.0,-372.0,55.0,551.0,-64.0,156.31,398.23,110.81,382.08,227.98,-248.77,56.49,98.98,-364.85,79.34,559.29,-36.129999999999995
2025-08-05T13:09:41.987925,173.0,445.0,62.0,307.0,247.0,-224.0,59.0,156.0,-444.0,69.0,586.0,-131.0,140.31,454.23,68.81,327.08,240.98,-196.77,49.49,178.98,-436.85,93.34,594.29,-103.13
2025-08-05T13:09:41.996088,264.0,466.0,42.0,341.0,268.0,-224.0,122.0,95.0,-383.0,172.0,458.0,-110.0,231.31,475.23,48.81,361.08,261.98,-196.77,112.49,117.98,-375.85,196.34,466.29,-82.13
2025-08-05T13:09:42.000321,211.0,428.0,94.0,371.0,194.0,-203.0,127.0,133.0,-409.0,156.0,475.0,-163.0,178.31,437.23,100.81,391.08,187.98,-175.77,117.49,155.98,-401.85,180.34,483.29,-135.13
2025-08-05T13:09:42.008299,173.0,396.0,39.0,230.0,211.0,-238.0,51.0,75.0,-365.0,146.0,453.0,-48.0,140.31,405.23,45.81,250.07999999999998,204.98,-210.77,41.49,97.98,-357.85,170.34,461.29,-20.13
2025-08-05T13:09:42.012602,296.0,312.0,48.0,290.0,129.0,-198.0,129.0,133.0,-407.0,21.0,439.0,-78.0,263.31,321.23,54.81,310.08,122.98,-170.77,119.49,155.98,-399.85,45.34,447.29,-50.129999999999995
2025-08-05T13:09:42.020690,199.0,315.0,106.0,235.0,170.0,-158.0,87.0,105.0,-405.0,187.0,454.0,-105.0,166.31,324.23,112.81,255.07999999999998,163.98,-130.77,77.49,127.98,-397.85,211.34,462.29,-77.13
2025-08-05T13:09:42.028739,195.0,335.0,-1.0,224.0,182.0,-185.0,24.0,88.0,-349.0,133.0,378.0,-29.0,162.31,344.23,5.81,244.07999999999998,175.98,-157.77,14.49,110.98,-341.85,157.34,386.29,-1.129999999999999
2025-08-05T13:09:42.033139,224.0,178.0,32.0,313.0,164.0,-168.0,84.0,21.0,-322.0,50.0,403.0,-57.0,191.31,187.23,38.81,333.08,157.98,-140.77,74.49,43.980000000000004,-314.85,74.34,411.29,-29.13
2025-08-05T13:09:42.041026,162.0,299.0,133.0,201.0,201.0,-97.0,108.0,108.0,-347.0,95.0,376.0,-47.0,129.31,308.23,139.81,221.07999999999998,194.98,-69.77,98.49,130.98,-339.85,119.34,384.29,-19.13
2025-08-05T13:09:42.045341,117.0,261.0,42.0,322.0,148.0,-130.0,43.0,89.0,-304.0,100.0,298.0,-66.0,84.31,270.23,48.81,342.08,141.98,-102.77,33.49,111.98,-296.85,124.34,306.29,-38.129999999999995
2025-08-05T13:09:42.053470,156.0,143.0,64.0,196.0,122.0,-76.0,60.0,71.0,-281.0,105.0,362.0,-132.0,123.31,152.23,70.81,216.07999999999998,115.98,-48.769999999999996,50.49,93.98,-273.85,129.34,370.29,-104.13
2025-08-05T13:09:42.057658,188.0,184.0,64.0,130.0,145.0,-136.0,110.0,68.0,-213.0,163.0,187.0,-90.0,155.31,193.23,70.81,150.07999999999998,138.98,-108.77,100.49,90.98,-205.85,187.34,195.29,-62.129999999999995
2025-08-05T13:09:42.065666,148.0,262.0,11.0,212.0,142.0,-94.0,37.0,31.0,-213.0,136.0,307.0,1.0,115.31,271.23,17.81,232.07999999999998,135.98,-66.77,27.490000000000002,53.980000000000004,-205.85,160.34,315.29,28.87
2025-08-05T13:09:42.073733,174.0,175.0,43.0,167.0,127.0,-72.0,78.0,58.0,-238.0,67.0,209.0,-6.0,141.31,184.23,49.81,187.07999999999998,120.98,-44.769999999999996,68.49,80.98,-230.85,91.34,217.29,21.87
2025-08-05T13:09:42.078029,215.0,155.0,129.0,176.0,121.0,-82.0,54.0,150.0,-246.0,87.0,258.0,33.0,182.31,164.23,135.81,196.07999999999998,114.98,-54.769999999999996,44.49,172.98,-238.85,111.34,266.29,60.870000000000005
2025-08-05T13:09:42.086098,75.0,116.0,75.0,191.0,152.0,-121.0,51.0,66.0,-190.0,38.0,198.0,-126.0,42.31,125.23,81.81,211.07999999999998,145.98,-93.77,41.49,88.98,-182.85,62.34,206.29,-98.13
2025-08-05T13:09:42.090529,186.0,166.0,-67.0,165.0,125.0,-68.0,77.0,67.0,-114.0,153.0,177.0,-49.0,153.31,175.23,-60.19,185.07999999999998,118.98,-40.769999999999996,67.49,89.98,-106.85,177.34,185.29,-21.13
2025-08-05T13:09:42.098389,146.0,110.0,69.0,52.0,88.0,-79.0,69.0,105.0,-101.0,84.0,147.0,26.0,113.31,119.23,75.81,72.08,81.98,-51.769999999999996,59.49,127.98,-93.85,108.34,155.29,53.870000000000005
2025-08-05T13:09:42.102653,82.0,106.0,45.0,26.0,31.0,-137.0,-8.0,50.0,-135.0,117.0,156.0,13.0,49.31,115.23,51.81,46.08,24.98,-109.77,-17.509999999999998,72.98,-127.85,141.34,164.29,40.870000000000005
2025-08-05T13:09:42.110743,24.0,160.0,-15.0,67.0,83.0,-118.0,112.0,14.0,-73.0,106.0,150.0,-13.0,-8.689999999999998,169.23,-8.190000000000001,87.08,76.98,-90.77,102.49,36.980000000000004,-65.85,130.34,158.29,14.870000000000001
2025-08-05T13:09:42.114797,137.0,-34.0,-9.0,42.0,19.0,-58.0,69.0,-13.0,-143.0,29.0,75.0,5.0,104.31,-24.77,-2.1900000000000004,62.08,12.98,-30.77,59.49,9.98,-135.85,53.34,83.28999999999999,32.870000000000005
2025-08-05T13:09:42.123094,69.0,49.0,49.0,7.0,65.0,-78.0,28.0,-48.0,-101.0,24.0,67.0,8.0,36.31,58.230000000000004,55.81,27.08,58.980000000000004,-50.769999999999996,18.490000000000002,-25.02,-93.85,48.34,75.28999999999999,35.870000000000005
2025-08-05T13:09:42.127465,139.0,31.0,2.0,40.0,76.0,-87.0,112.0,-83.0,-106.0,-8.0,71.0,61.0,106.31,40.230000000000004,8.809999999999999,60.08,69.98,-59.769999999999996,102.49,-60.019999999999996,-98.85,16.34,79.28999999999999,88.87
2025-08-05T13:09:42.135262,84.0,97.0,26.0,50.0,110.0,-47.0,46.0,0.0,-85.0,34.0,-3.0,-25.0,51.31,106.23,32.81,70.08,103.98,-19.77,36.49,22.98,-77.85,58.34,5.289999999999999,2.870000000000001
2025-08-05T13:09:42.139858,11.0,93.0,75.0,17.0,42.0,-65.0,54.0,-43.0,-79.0,28.0,-12.0,-16.0,-21.689999999999998,102.23,81.81,37.08,35.980000000000004,-37.769999999999996,44.49,-20.02,-71.85,52.34,-3.710000000000001,11.870000000000001
2025-08-05T13:09:42.147585,6.0,10.0,-30.0,33.0,1.0,-49.0,63.0,19.0,-38.0,-9.0,109.0,49.0,-26.689999999999998,19.23,-23.19,53.08,-5.02,-21.77,53.49,41.980000000000004,-30.85,15.34,117.28999999999999,76.87
2025-08-05T13:09:42.151840,91.0,123.0,-10.0,-43.0,35.0,-56.0,89.0,-9.0,-63.0,-27.0,71.0,-54.0,58.31,132.23,-3.1900000000000004,-22.92,28.98,-28.77,79.49,13.98,-55.85,-2.66,79.28999999999999,-26.13
2025-08-05T13:09:42.159976,72.0,-23.0,-45.0,-8.0,69.0,0.0,72.0,20.0,-76.0,-30.0,-24.0,-45.0,39.31,-13.77,-38.19,12.079999999999998,62.980000000000004,27.23,62.49,42.980000000000004,-68.85,-5.66,-15.71,-17.13
2025-08-05T13:09:42.164210,134.0,-1.0,-90.0,19.0,49.0,-56.0,-3.0,-23.0,-93.0,117.0,32.0,-36.0,101.31,8.23,-83.19,39.08,42.980000000000004,-28.77,-12.51,-0.019999999999999574,-85.85,141.34,40.29,-8.129999999999999
2025-08-05T13:09:42.172153,128.0,52.0,-13.0,-57.0,96.0,-65.0,49.0,-61.0,-64.0,86.0,-79.0,11.0,95.31,61.230000000000004,-6.19,-36.92,89.98,-37.769999999999996,39.49,-38.019999999999996,-56.85,110.34,-70.71000000000001,38.870000000000005
2025-08-05T13:09:42.176543,71.0,-58.0,0.0,24.0,48.0,-61.0,17.0,-19.0,-59.0,31.0,-40.0,90.0,38.31,-48.769999999999996,6.81,44.08,41.980000000000004,-33.769999999999996,7.49,3.9800000000000004,-51.85,55.34,-31.71,117.87
2025-08-05T13:09:42.184343,-5.0,-27.0,56.0,56.0,26.0,-51.0,43.0,-10.0,1.0,29.0,55.0,27.0,-37.69,-17.77,62.81,76.08,19.98,-23.77,33.49,12.98,8.15,53.34,63.29,54.870000000000005
2025-08-05T13:09:42.188659,3.0,42.0,40.0,-35.0,-2.0,-35.0,6.0,-15.0,-47.0,32.0,-20.0,-41.0,-29.689999999999998,51.230000000000004,46.81,-14.920000000000002,-8.02,-7.77,-3.51,7.98,-39.85,56.34,-11.71,-13.129999999999999
2025-08-05T13:09:42.196826,-9.0,58.0,-16.0,22.0,76.0,-83.0,61.0,-89.0,-77.0,66.0,11.0,-22.0,-41.69,67.23,-9.190000000000001,42.08,69.98,-55.769999999999996,51.49,-66.02,-69.85,90.34,19.29,5.870000000000001
2025-08-05T13:09:42.201016,95.0,109.0,-73.0,-31.0,58.0,-21.0,-5.0,6.0,-9.0,27.0,0.0,13.0,62.31,118.23,-66.19,-10.920000000000002,51.980000000000004,6.23,-14.51,28.98,-1.8499999999999996,51.34,8.29,40.870000000000005
2025-08-05T13:09:42.209051,15.0,72.0,-22.0,47.0,20.0,-99.0,-3.0,-24.0,-52.0,78.0,19.0,-19.0,-17.689999999999998,81.23,-15.190000000000001,67.08,13.98,-71.77,-12.51,-1.0199999999999996,-44.85,102.34,27.29,8.870000000000001
2025-08-05T13:09:42.213345,79.0,16.0,-72.0,48.0,10.0,-105.0,69.0,-18.0,-118.0,45.0,8.0,0.0,46.31,25.23,-65.19,68.08,3.9800000000000004,-77.77,59.49,4.98,-110.85,69.34,16.29,27.87
2025-08-05T13:09:42.221177,133.0,-44.0,15.0,12.0,51.0,-47.0,73.0,-53.0,-64.0,57.0,-39.0,-1.0,100.31,-34.769999999999996,21.81,32.08,44.980000000000004,-19.77,63.49,-30.02,-56.85,81.34,-30.71,26.87
2025-08-05T13:09:42.225570,33.0,-5.0,13.0,-20.0,39.0,-44.0,-18.0,36.0,17.0,70.0,-38.0,42.0,0.3100000000000023,4.23,19.81,0.0799999999999983,32.980000000000004,-16.77,-27.509999999999998,58.980000000000004,24.15,94.34,-29.71,69.87
2025-08-05T13:09:42.233453,34.0,13.0,39.0,25.0,-38.0,-45.0,39.0,-24.0,-4.0,34.0,17.0,-9.0,1.3100000000000023,22.23,45.81,45.08,-44.019999999999996,-17.77,29.490000000000002,-1.0199999999999996,3.1500000000000004,58.34,25.29,18.87
2025-08-05T13:09:42.237788,9.0,33.0,-37.0,-3.0,9.0,-45.0,7.0,-47.0,-48.0,63.0,-39.0,21.0,-23.689999999999998,42.230000000000004,-30.19,17.08,2.9800000000000004,-17.77,-2.51,-24.02,-40.85,87.34,-30.71,48.870000000000005
2025-08-05T13:09:42.245724,-25.0,77.0,-38.0,-22.0,-7.0,-42.0,-32.0,-47.0,-51.0,38.0,-29.0,-9.0,-57.69,86.23,-31.19,-1.9200000000000017,-13.02,-14.77,-41.51,-24.02,-43.85,62.34,-20.71,18.87
2025-08-05T13:09:42.250157,43.0,50.0,-31.0,-49.0,100.0,-124.0,21.0,-8.0,-47.0,43.0,-61.0,-11.0,10.310000000000002,59.230000000000004,-24.19,-28.92,93.98,-96.77,11.49,14.98,-39.85,67.34,-52.71,16.87
2025-08-05T13:09:42.258036,49.0,-5.0,-80.0,2.0,27.0,-147.0,-28.0,-33.0,-106.0,80.0,51.0,-4.0,16.310000000000002,4.23,-73.19,22.08,20.98,-119.77,-37.51,-10.02,-98.85,104.34,59.29,23.87
2025-08-05T13:09:42.262323,112.0,-2.0,-36.0,38.0,37.0,-69.0,-43.0,-37.0,-5.0,60.0,-10.0,29.0,79.31,7.23,-29.19,58.08,30.98,-41.769999999999996,-52.51,-14.02,2.1500000000000004,84.34,-1.7100000000000009,56.870000000000005
2025-08-05T13:09:42.270420,70.0,70.0,22.0,12.0,-17.0,-40.0,75.0,-40.0,-19.0,78.0,-30.0,48.0,37.31,79.23,28.81,32.08,-23.02,-12.77,65.49,-17.02,-11.85,102.34,-21.71,75.87
2025-08-05T13:09:42.274600,48.0,69.0,-37.0,19.0,44.0,-88.0,79.0,-73.0,-14.0,119.0,38.0,2.0,15.310000000000002,78.23,-30.19,39.08,37.980000000000004,-60.769999999999996,69.49,-50.019999999999996,-6.85,143.34,46.29,29.87
2025-08-05T13:09:42.278673,-5.0,108.0,-4.0,2.0,88.0,-32.0,28.0,15.0,-3.0,61.0,6.0,29.0,-37.69,117.23,2.8099999999999996,22.08,81.98,-4.77,18.490000000000002,37.980000000000004,4.15,85.34,14.29,56.870000000000005
2025-08-05T13:09:42.286844,12.0,34.0,-41.0,12.0,21.0,-92.0,55.0,17.0,-127.0,72.0,73.0,30.0,-20.689999999999998,43.230000000000004,-34.19,32.08,14.98,-64.77,45.49,39.980000000000004,-119.85,96.34,81.28999999999999,57.870000000000005
2025-08-05T13:09:42.294943,71.0,107.0,-10.0,-52.0,96.0,-60.0,59.0,41.0,-22.0,43.0,3.0,22.0,38.31,116.23,-3.1900000000000004,-31.92,89.98,-32.769999999999996,49.49,63.980000000000004,-14.85,67.34,11.29,49.870000000000005
2025-08-05T13:09:42.299141,108.0,-15.0,-25.0,-6.0,50.0,-30.0,55.0,14.0,-51.0,49.0,0.0,-32.0,75.31,-5.77,-18.19,14.079999999999998,43.980000000000004,-2.7699999999999996,45.49,36.980000000000004,-43.85,73.34,8.29,-4.129999999999999
2025-08-05T13:09:42.307274,84.0,11.0,31.0,38.0,8.0,-20.0,6.0,-49.0,-18.0,8.0,-15.0,-49.0,51.31,20.23,37.81,58.08,1.9800000000000004,7.23,-3.51,-26.02,-10.85,32.34,-6.710000000000001,-21.13
2025-08-05T13:09:42.311521,65.0,-3.0,-28.0,33.0,50.0,39.0,46.0,-18.0,-76.0,102.0,11.0,-16.0,32.31,6.23,-21.19,53.08,43.980000000000004,66.23,36.49,4.98,-68.85,126.34,19.29,11.870000000000001
2025-08-05T13:09:42.319609,-19.0,23.0,64.0,-43.0,32.0,-99.0,33.0,-65.0,-63.0,92.0,22.0,-18.0,-51.69,32.230000000000004,70.81,-22.92,25.98,-71.77,23.490000000000002,-42.019999999999996,-55.85,116.34,30.29,9.870000000000001
2025-08-05T13:09:42.323778,19.0,77.0,117.0,-46.0,81.0,63.0,21.0,-43.0,-35.0,64.0,-26.0,-18.0,-13.689999999999998,86.23,123.81,-25.92,74.98,90.23,11.49,-20.02,-27.85,88.34,-17.71,9.870000000000001
2025-08-05T13:09:42.331741,47.0,21.0,-43.0,-29.0,-5.0,-81.0,-29.0,-77.0,13.0,80.0,17.0,38.0,14.310000000000002,30.23,-36.19,-8.920000000000002,-11.02,-53.769999999999996,-38.51,-54.019999999999996,20.15,104.34,25.29,65.87
2025-08-05T13:09:42.335986,73.0,8.0,-85.0,-10.0,54.0,-25.0,-17.0,1.0,-35.0,28.0,-1.0,7.0,40.31,17.23,-78.19,10.079999999999998,47.980000000000004,2.2300000000000004,-26.509999999999998,23.98,-27.85,52.34,7.289999999999999,34.870000000000005
2025-08-05T13:09:42.340083,67.0,34.0,-61.0,32.0,80.0,-101.0,-3.0,-19.0,-50.0,69.0,-21.0,-24.0,34.31,43.230000000000004,-54.19,52.08,73.98,-73.77,-12.51,3.9800000000000004,-42.85,93.34,-12.71,3.870000000000001
2025-08-05T13:09:42.348268,67.0,15.0,-32.0,26.0,-10.0,-62.0,-26.0,-10.0,3.0,85.0,-74.0,-46.0,34.31,24.23,-25.19,46.08,-16.02,-34.769999999999996,-35.51,12.98,10.15,109.34,-65.71000000000001,-18.13
2025-08-05T13:09:42.356483,-26.0,14.0,-50.0,64.0,-109.0,-56.0,-61.0,-1.0,-57.0,44.0,-18.0,-22.0,-58.69,23.23,-43.19,84.08,-115.02,-28.77,-70.51,21.98,-49.85,68.34,-9.71,5.870000000000001
2025-08-05T13:09:42.360605,-3.0,-7.0,46.0,-60.0,8.0,-40.0,27.0,-2.0,-16.0,74.0,-10.0,-32.0,-35.69,2.2300000000000004,52.81,-39.92,1.9800000000000004,-12.77,17.490000000000002,20.98,-8.85,98.34,-1.7100000000000009,-4.129999999999999
2025-08-05T13:09:42.364640,25.0,31.0,85.0,-97.0,1.0,-105.0,31.0,38.0,-37.0,32.0,58.0,-38.0,-7.689999999999998,40.230000000000004,91.81,-76.92,-5.02,-77.77,21.490000000000002,60.980000000000004,-29.85,56.34,66.28999999999999,-10.129999999999999
2025-08-05T13:09:42.372884,46.0,23.0,62.0,-37.0,60.0,-37.0,98.0,19.0,-105.0,100.0,-42.0,-53.0,13.310000000000002,32.230000000000004,68.81,-16.92,53.980000000000004,-9.77,88.49,41.980000000000004,-97.85,124.34,-33.71,-25.13
2025-08-05T13:09:42.376949,23.0,47.0,-17.0,-48.0,91.0,-49.0,63.0,9.0,-83.0,36.0,-87.0,-38.0,-9.689999999999998,56.230000000000004,-10.190000000000001,-27.92,84.98,-21.77,53.49,31.98,-75.85,60.34,-78.71000000000001,-10.129999999999999
2025-08-05T13:09:42.385250,63.0,56.0,-29.0,83.0,-9.0,-63.0,26.0,-2.0,-55.0,48.0,3.0,-79.0,30.310000000000002,65.23,-22.19,103.08,-15.02,-35.769999999999996,16.490000000000002,20.98,-47.85,72.34,11.29,-51.129999999999995
2025-08-05T13:09:42.389202,46.0,21.0,-45.0,44.0,17.0,-86.0,57.0,-26.0,-108.0,33.0,5.0,-80.0,13.310000000000002,30.23,-38.19,64.08,10.98,-58.769999999999996,47.49,-3.0199999999999996,-100.85,57.34,13.29,-52.129999999999995
2025-08-05T13:09:42.397495,111.0,32.0,-3.0,46.0,-23.0,-54.0,-7.0,-1.0,-119.0,78.0,78.0,-76.0,78.31,41.230000000000004,3.8099999999999996,66.08,-29.02,-26.77,-16.509999999999998,21.98,-111.85,102.34,86.28999999999999,-48.129999999999995
2025-08-05T13:09:42.401542,82.0,52.0,-48.0,9.0,28.0,-61.0,24.0,-17.0,-47.0,93.0,70.0,-82.0,49.31,61.230000000000004,-41.19,29.08,21.98,-33.769999999999996,14.49,5.98,-39.85,117.34,78.28999999999999,-54.129999999999995
2025-08-05T13:09:42.409619,114.0,8.0,19.0,-50.0,84.0,-20.0,60.0,-14.0,-91.0,60.0,29.0,-100.0,81.31,17.23,25.81,-29.92,77.98,7.23,50.49,8.98,-83.85,84.34,37.29,-72.13
2025-08-05T13:09:42.414007,44.0,28.0,2.0,3.0,38.0,2.0,71.0,-62.0,-7.0,104.0,32.0,-77.0,11.310000000000002,37.230000000000004,8.809999999999999,23.08,31.98,29.23,61.49,-39.019999999999996,0.15000000000000036,128.34,40.29,-49.129999999999995
2025-08-05T13:09:42.421991,-5.0,-14.0,34.0,5.0,28.0,-90.0,97.0,-10.0,-23.0,-15.0,-4.0,-42.0,-37.69,-4.77,40.81,25.08,21.98,-62.769999999999996,87.49,12.98,-15.85,9.34,4.289999999999999,-14.129999999999999
2025-08-05T13:09:42.426357,-45.0,-30.0,29.0,-19.0,28.0,-87.0,47.0,0.0,-69.0,-13.0,-19.0,-101.0,-77.69,-20.77,35.81,1.0799999999999983,21.98,-59.769999999999996,37.49,22.98,-61.85,11.34,-10.71,-73.13
2025-08-05T13:09:42.434193,-63.0,-8.0,11.0,19.0,52.0,-7.0,-8.0,-5.0,-69.0,-18.0,69.0,-97.0,-95.69,1.2300000000000004,17.81,39.08,45.980000000000004,20.23,-17.509999999999998,17.98,-61.85,6.34,77.28999999999999,-69.13
2025-08-05T13:09:42.438527,-13.0,83.0,44.0,23.0,24.0,-82.0,-3.0,-22.0,-68.0,-18.0,62.0,-7.0,-45.69,92.23,50.81,43.08,17.98,-54.769999999999996,-12.51,0.9800000000000004,-60.85,6.34,70.28999999999999,20.87
2025-08-05T13:09:42.446492,15.0,17.0,-1.0,21.0,6.0,-35.0,58.0,-9.0,-48.0,-68.0,47.0,-35.0,-17.689999999999998,26.23,5.81,41.08,-0.019999999999999574,-7.77,48.49,13.98,-40.85,-43.66,55.29,-7.129999999999999
2025-08-05T13:09:42.450802,37.0,63.0,-23.0,49.0,38.0,-15.0,53.0,-25.0,-46.0,23.0,8.0,-112.0,4.310000000000002,72.23,-16.19,69.08,31.98,12.23,43.49,-2.0199999999999996,-38.85,47.34,16.29,-84.13
2025-08-05T13:09:42.458812,-7.0,62.0,-72.0,65.0,-28.0,-102.0,-26.0,28.0,-119.0,18.0,20.0,-104.0,-39.69,71.23,-65.19,85.08,-34.019999999999996,-74.77,-35.51,50.980000000000004,-111.85,42.34,28.29,-76.13
2025-08-05T13:09:42.463077,82.0,19.0,-48.0,40.0,76.0,2.0,-1.0,-13.0,-23.0,-5.0,46.0,1.0,49.31,28.23,-41.19,60.08,69.98,29.23,-10.51,9.98,-15.85,19.34,54.29,28.87
2025-08-05T13:09:42.471029,59.0,-20.0,-22.0,-13.0,52.0,-74.0,59.0,-32.0,8.0,8.0,131.0,-112.0,26.310000000000002,-10.77,-15.190000000000001,7.079999999999998,45.980000000000004,-46.769999999999996,49.49,-9.02,15.15,32.34,139.29,-84.13
2025-08-05T13:09:42.475548,104.0,-1.0,63.0,31.0,-15.0,-120.0,47.0,-80.0,-38.0,-60.0,41.0,-78.0,71.31,8.23,69.81,51.08,-21.02,-92.77,37.49,-57.019999999999996,-30.85,-35.66,49.29,-50.129999999999995
2025-08-05T13:09:42.483486,48.0,-19.0,17.0,5.0,45.0,-164.0,13.0,-6.0,-64.0,29.0,39.0,-41.0,15.310000000000002,-9.77,23.81,25.08,38.980000000000004,-136.77,3.49,16.98,-56.85,53.34,47.29,-13.129999999999999
2025-08-05T13:09:42.487685,15.0,-41.0,3.0,49.0,22.0,-11.0,30.0,-22.0,-33.0,54.0,37.0,-56.0,-17.689999999999998,-31.77,9.809999999999999,69.08,15.98,16.23,20.490000000000002,0.9800000000000004,-25.85,78.34,45.29,-28.13
2025-08-05T13:09:42.495702,39.0,72.0,50.0,-7.0,-24.0,-23.0,63.0,-39.0,-60.0,-3.0,31.0,-52.0,6.310000000000002,81.23,56.81,13.079999999999998,-30.02,4.23,53.49,-16.02,-52.85,21.34,39.29,-24.13
2025-08-05T13:09:42.499994,-5.0,0.0,-62.0,-1.0,87.0,-62.0,81.0,-24.0,-59.0,-10.0,62.0,-10.0,-37.69,9.23,-55.19,19.08,80.98,-34.769999999999996,71.49,-1.0199999999999996,-51.85,14.34,70.28999999999999,17.87
2025-08-05T13:09:42.507957,-14.0,52.0,-48.0,-67.0,49.0,-56.0,1.0,-63.0,-46.0,-67.0,49.0,-101.0,-46.69,61.230000000000004,-41.19,-46.92,42.980000000000004,-28.77,-8.51,-40.019999999999996,-38.85,-42.66,57.29,-73.13
2025-08-05T13:09:42.512280,90.0,56.0,-42.0,-37.0,77.0,-104.0,-1.0,-47.0,-75.0,44.0,87.0,-57.0,57.31,65.23,-35.19,-16.92,70.98,-76.77,-10.51,-24.02,-67.85,68.34,95.28999999999999,-29.13
2025-08-05T13:09:42.520110,50.0,7.0,-74.0,31.0,24.0,-35.0,17.0,-22.0,-37.0,39.0,48.0,-71.0,17.310000000000002,16.23,-67.19,51.08,17.98,-7.77,7.49,0.9800000000000004,-29.85,63.34,56.29,-43.129999999999995
2025-08-05T13:09:42.524510,72.0,-18.0,-28.0,2.0,-10.0,-23.0,67.0,-26.0,-8.0,7.0,-3.0,-26.0,39.31,-8.77,-21.19,22.08,-16.02,4.23,57.49,-3.0199999999999996,-0.8499999999999996,31.34,5.289999999999999,1.870000000000001
2025-08-05T13:09:42.532364,101.0,-19.0,-58.0,8.0,24.0,-26.0,4.0,-32.0,-42.0,-49.0,80.0,-6.0,68.31,-9.77,-51.19,28.08,17.98,1.2300000000000004,-5.51,-9.02,-34.85,-24.66,88.28999999999999,21.87
2025-08-05T13:09:42.536731,44.0,-56.0,52.0,62.0,32.0,16.0,6.0,-11.0,-63.0,-51.0,62.0,-49.0,11.310000000000002,-46.769999999999996,58.81,82.08,25.98,43.230000000000004,-3.51,11.98,-55.85,-26.66,70.28999999999999,-21.13
2025-08-05T13:09:42.544595,30.0,-53.0,59.0,74.0,14.0,-15.0,25.0,-49.0,-15.0,-16.0,63.0,-94.0,-2.6899999999999977,-43.769999999999996,65.81,94.08,7.98,12.23,15.49,-26.02,-7.85,8.34,71.28999999999999,-66.13
2025-08-05T13:09:42.548860,-4.0,-16.0,23.0,-16.0,-10.0,0.0,44.0,-28.0,-9.0,44.0,50.0,-28.0,-36.69,-6.77,29.81,4.079999999999998,-16.02,27.23,34.49,-5.02,-1.8499999999999996,68.34,58.29,-0.129999999999999
2025-08-05T13:09:42.557175,-38.0,37.0,-92.0,-45.0,52.0,-68.0,75.0,-35.0,-32.0,-37.0,69.0,-79.0,-70.69,46.230000000000004,-85.19,-24.92,45.980000000000004,-40.769999999999996,65.49,-12.02,-24.85,-12.66,77.28999999999999,-51.129999999999995
2025-08-05T13:09:42.561289,42.0,32.0,-31.0,-9.0,60.0,-69.0,45.0,-40.0,-39.0,-8.0,27.0,-82.0,9.310000000000002,41.230000000000004,-24.19,11.079999999999998,53.980000000000004,-41.769999999999996,35.49,-17.02,-31.85,16.34,35.29,-54.129999999999995
2025-08-05T13:09:42.565478,80.0,90.0,-3.0,17.0,21.0,-67.0,10.0,-19.0,-52.0,-22.0,37.0,-32.0,47.31,99.23,3.8099999999999996,37.08,14.98,-39.769999999999996,0.4900000000000002,3.9800000000000004,-44.85,2.34,45.29,-4.129999999999999
2025-08-05T13:09:42.573653,54.0,-30.0,-68.0,43.0,-5.0,-3.0,36.0,-83.0,-41.0,-15.0,84.0,-60.0,21.310000000000002,-20.77,-61.19,63.08,-11.02,24.23,26.490000000000002,-60.019999999999996,-33.85,9.34,92.28999999999999,-32.129999999999995
2025-08-05T13:09:42.577645,3.0,-66.0,-69.0,9.0,-21.0,-38.0,64.0,-113.0,-79.0,-61.0,71.0,-33.0,-29.689999999999998,-56.769999999999996,-62.19,29.08,-27.02,-10.77,54.49,-90.02,-71.85,-36.66,79.28999999999999,-5.129999999999999
2025-08-05T13:09:42.585880,76.0,35.0,-46.0,-22.0,2.0,-67.0,16.0,-101.0,-84.0,38.0,3.0,-20.0,43.31,44.230000000000004,-39.19,-1.9200000000000017,-4.02,-39.769999999999996,6.49,-78.02,-76.85,62.34,11.29,7.870000000000001
2025-08-05T13:09:42.589969,15.0,-48.0,36.0,76.0,77.0,-74.0,40.0,-3.0,-61.0,5.0,3.0,-73.0,-17.689999999999998,-38.769999999999996,42.81,96.08,70.98,-46.769999999999996,30.490000000000002,19.98,-53.85,29.34,11.29,-45.129999999999995
2025-08-05T13:09:42.598074,0.0,18.0,12.0,-25.0,-1.0,-97.0,33.0,-50.0,-4.0,-20.0,38.0,-65.0,-32.69,27.23,18.81,-4.920000000000002,-7.02,-69.77,23.490000000000002,-27.02,3.1500000000000004,4.34,46.29,-37.129999999999995
2025-08-05T13:09:42.602443,63.0,15.0,-32.0,43.0,25.0,-109.0,-17.0,-18.0,-32.0,-26.0,15.0,-25.0,30.310000000000002,24.23,-25.19,63.08,18.98,-81.77,-26.509999999999998,4.98,-24.85,-1.6600000000000001,23.29,2.870000000000001
2025-08-05T13:09:42.610330,38.0,48.0,46.0,33.0,-26.0,-86.0,-3.0,8.0,0.0,35.0,96.0,-61.0,5.310000000000002,57.230000000000004,52.81,53.08,-32.019999999999996,-58.769999999999996,-12.51,30.98,7.15,59.34,104.28999999999999,-33.129999999999995
2025-08-05T13:09:42.614851,5.0,-24.0,-5.0,68.0,38.0,-71.0,-77.0,-52.0,-23.0,2.0,38.0,-82.0,-27.689999999999998,-14.77,1.8099999999999996,88.08,31.98,-43.769999999999996,-86.51,-29.02,-15.85,26.34,46.29,-54.129999999999995
2025-08-05T13:09:42.622676,63.0,9.0,8.0,52.0,23.0,-40.0,54.0,-8.0,-17.0,4.0,49.0,-32.0,30.310000000000002,18.23,14.809999999999999,72.08,16.98,-12.77,44.49,14.98,-9.85,28.34,57.29,-4.129999999999999
2025-08-05T13:09:42.626910,-6.0,10.0,45.0,58.0,-14.0,-133.0,-6.0,-52.0,4.0,47.0,38.0,-78.0,-38.69,19.23,51.81,78.08,-20.02,-105.77,-15.51,-29.02,11.15,71.34,46.29,-50.129999999999995
2025-08-05T13:09:42.635007,1.0,55.0,23.0,-9.0,-25.0,-79.0,1.0,-57.0,-6.0,-42.0,0.0,-58.0,-31.689999999999998,64.23,29.81,11.079999999999998,-31.02,-51.769999999999996,-8.51,-34.019999999999996,1.1500000000000004,-17.66,8.29,-30.13
2025-08-05T13:09:42.639122,44.0,106.0,-11.0,42.0,55.0,-86.0,-74.0,-46.0,-50.0,46.0,17.0,3.0,11.310000000000002,115.23,-4.19,62.08,48.980000000000004,-58.769999999999996,-83.51,-23.02,-42.85,70.34,25.29,30.87
2025-08-05T13:09:42.647182,79.0,19.0,-51.0,6.0,-34.0,-41.0,59.0,16.0,-43.0,-52.0,68.0,-25.0,46.31,28.23,-44.19,26.08,-40.019999999999996,-13.77,49.49,38.980000000000004,-35.85,-27.66,76.28999999999999,2.870000000000001
2025-08-05T13:09:42.651528,77.0,48.0,-67.0,-6.0,-13.0,-46.0,-47.0,4.0,-6.0,-22.0,30.0,10.0,44.31,57.230000000000004,-60.19,14.079999999999998,-19.02,-18.77,-56.51,26.98,1.1500000000000004,2.34,38.29,37.870000000000005
2025-08-05T13:09:42.659593,57.0,49.0,0.0,-67.0,-48.0,-44.0,25.0,61.0,-10.0,-33.0,-48.0,15.0,24.310000000000002,58.230000000000004,6.81,-46.92,-54.019999999999996,-16.77,15.49,83.98,-2.8499999999999996,-8.66,-39.71,42.870000000000005
2025-08-05T13:09:42.663725,80.0,-51.0,-101.0,-23.0,58.0,-44.0,14.0,-55.0,-39.0,-17.0,-20.0,-30.0,47.31,-41.769999999999996,-94.19,-2.9200000000000017,51.980000000000004,-16.77,4.49,-32.019999999999996,-31.85,7.34,-11.71,-2.129999999999999
2025-08-05T13:09:42.671786,63.0,-42.0,28.0,-79.0,28.0,-22.0,40.0,-69.0,-116.0,-13.0,22.0,-10.0,30.310000000000002,-32.769999999999996,34.81,-58.92,21.98,5.23,30.490000000000002,-46.019999999999996,-108.85,11.34,30.29,17.87
2025-08-05T13:09:42.676092,14.0,-10.0,-48.0,2.0,18.0,-86.0,55.0,22.0,-35.0,-66.0,-12.0,19.0,-18.689999999999998,-0.7699999999999996,-41.19,22.08,11.98,-58.769999999999996,45.49,44.980000000000004,-27.85,-41.66,-3.710000000000001,46.870000000000005
2025-08-05T13:09:42.684126,43.0,-43.0,16.0,-23.0,37.0,-46.0,2.0,-3.0,-108.0,51.0,-1.0,-28.0,10.310000000000002,-33.769999999999996,22.81,-2.9200000000000017,30.98,-18.77,-7.51,19.98,-100.85,75.34,7.289999999999999,-0.129999999999999
2025-08-05T13:09:42.688262,-17.0,24.0,19.0,23.0,-6.0,41.0,53.0,15.0,-60.0,22.0,-13.0,31.0,-49.69,33.230000000000004,25.81,43.08,-12.02,68.23,43.49,37.980000000000004,-52.85,46.34,-4.710000000000001,58.870000000000005
2025-08-05T13:09:42.696303,30.0,58.0,15.0,-16.0,19.0,-49.0,50.0,-14.0,-36.0,-26.0,-50.0,34.0,-2.6899999999999977,67.23,21.81,4.079999999999998,12.98,-21.77,40.49,8.98,-28.85,-1.6600000000000001,-41.71,61.870000000000005
2025-08-05T13:09:42.700688,27.0,39.0,-82.0,20.0,22.0,-40.0,51.0,-36.0,-13.0,-67.0,-39.0,-50.0,-5.689999999999998,48.230000000000004,-75.19,40.08,15.98,-12.77,41.49,-13.02,-5.85,-42.66,-30.71,-22.13
2025-08-05T13:09:42.708648,130.0,41.0,-62.0,-37.0,57.0,-44.0,1.0,-78.0,-63.0,-23.0,-40.0,13.0,97.31,50.230000000000004,-55.19,-16.92,50.980000000000004,-16.77,-8.51,-55.019999999999996,-55.85,1.3399999999999999,-31.71,40.870000000000005
2025-08-05T13:09:42.712837,64.0,7.0,-16.0,-51.0,44.0,-112.0,-5.0,-40.0,-116.0,-16.0,-54.0,33.0,31.310000000000002,16.23,-9.190000000000001,-30.92,37.980000000000004,-84.77,-14.51,-17.02,-108.85,8.34,-45.71,60.870000000000005
2025-08-05T13:09:42.720967,59.0,62.0,17.0,-31.0,-31.0,-57.0,13.0,-46.0,-33.0,-69.0,13.0,1.0,26.310000000000002,71.23,23.81,-10.920000000000002,-37.019999999999996,-29.77,3.49,-23.02,-25.85,-44.66,21.29,28.87
2025-08-05T13:09:42.725208,26.0,11.0,-17.0,56.0,-3.0,-59.0,-4.0,-43.0,-15.0,33.0,-44.0,34.0,-6.689999999999998,20.23,-10.190000000000001,76.08,-9.02,-31.77,-13.51,-20.02,-7.85,57.34,-35.71,61.870000000000005
2025-08-05T13:09:42.729385,23.0,-14.0,31.0,-48.0,46.0,-73.0,37.0,-71.0,-43.0,-2.0,5.0,67.0,-9.689999999999998,-4.77,37.81,-27.92,39.980000000000004,-45.769999999999996,27.490000000000002,-48.019999999999996,-35.85,22.34,13.29,94.87
2025-08-05T13:09:42.737483,58.0,23.0,14.0,-39.0,-8.0,-14.0,25.0,5.0,-78.0,49.0,31.0,-51.0,25.310000000000002,32.230000000000004,20.81,-18.92,-14.02,13.23,15.49,27.98,-70.85,73.34,39.29,-23.13
2025-08-05T13:09:42.745645,92.0,50.0,-29.0,-9.0,-17.0,-45.0,-8.0,-51.0,-33.0,66.0,-19.0,-10.0,59.31,59.230000000000004,-22.19,11.079999999999998,-23.02,-17.77,-17.509999999999998,-28.02,-25.85,90.34,-10.71,17.87
2025-08-05T13:09:42.749679,15.0,37.0,-134.0,-42.0,40.0,-165.0,-7.0,-54.0,-24.0,74.0,-46.0,26.0,-17.689999999999998,46.230000000000004,-127.19,-21.92,33.980000000000004,-137.77,-16.509999999999998,-31.02,-16.85,98.34,-37.71,53.870000000000005
2025-08-05T13:09:42.753773,83.0,91.0,28.0,-35.0,51.0,-57.0,12.0,-52.0,-40.0,92.0,24.0,22.0,50.31,100.23,34.81,-14.920000000000002,44.980000000000004,-29.77,2.49,-29.02,-32.85,116.34,32.29,49.870000000000005
2025-08-05T13:09:42.761917,46.0,18.0,-34.0,1.0,19.0,-99.0,-23.0,-54.0,-59.0,57.0,-45.0,-22.0,13.310000000000002,27.23,-27.19,21.08,12.98,-71.77,-32.51,-31.02,-51.85,81.34,-36.71,5.870000000000001
2025-08-05T13:09:42.766005,143.0,0.0,54.0,-46.0,-29.0,-65.0,54.0,-43.0,-60.0,34.0,9.0,-23.0,110.31,9.23,60.81,-25.92,-35.019999999999996,-37.769999999999996,44.49,-20.02,-52.85,58.34,17.29,4.870000000000001
2025-08-05T13:09:42.774346,36.0,-4.0,3.0,-39.0,-66.0,-108.0,71.0,-8.0,15.0,76.0,43.0,-15.0,3.3100000000000023,5.23,9.809999999999999,-18.92,-72.02,-80.77,61.49,14.98,22.15,100.34,51.29,12.870000000000001
2025-08-05T13:09:42.778303,-28.0,47.0,39.0,-15.0,23.0,-82.0,76.0,30.0,-52.0,39.0,-119.0,60.0,-60.69,56.230000000000004,45.81,5.079999999999998,16.98,-54.769999999999996,66.49,52.980000000000004,-44.85,63.34,-110.71000000000001,87.87
2025-08-05T13:09:42.786651,22.0,127.0,18.0,-2.0,63.0,-88.0,13.0,12.0,-38.0,24.0,-32.0,-14.0,-10.689999999999998,136.23,24.81,18.08,56.980000000000004,-60.769999999999996,3.49,34.980000000000004,-30.85,48.34,-23.71,13.870000000000001
2025-08-05T13:09:42.790711,30.0,30.0,-43.0,52.0,44.0,-72.0,22.0,-21.0,-121.0,65.0,-44.0,37.0,-2.6899999999999977,39.230000000000004,-36.19,72.08,37.980000000000004,-44.769999999999996,12.49,1.9800000000000004,-113.85,89.34,-35.71,64.87
2025-08-05T13:09:42.798853,62.0,113.0,-61.0,7.0,-53.0,-60.0,67.0,-2.0,-8.0,101.0,11.0,-10.0,29.310000000000002,122.23,-54.19,27.08,-59.019999999999996,-32.769999999999996,57.49,20.98,-0.8499999999999996,125.34,19.29,17.87
2025-08-05T13:09:42.802944,149.0,22.0,-74.0,44.0,-92.0,-20.0,18.0,-22.0,-44.0,6.0,-35.0,2.0,116.31,31.23,-67.19,64.08,-98.02,7.23,8.49,0.9800000000000004,-36.85,30.34,-26.71,29.87
2025-08-05T13:09:42.811039,52.0,23.0,21.0,23.0,-19.0,-101.0,49.0,49.0,-110.0,47.0,-41.0,13.0,19.310000000000002,32.230000000000004,27.81,43.08,-25.02,-73.77,39.49,71.98,-102.85,71.34,-32.71,40.870000000000005
2025-08-05T13:09:42.815259,46.0,-54.0,28.0,-36.0,62.0,-26.0,51.0,-52.0,-27.0,-3.0,-58.0,-23.0,13.310000000000002,-44.769999999999996,34.81,-15.920000000000002,55.980000000000004,1.2300000000000004,41.49,-29.02,-19.85,21.34,-49.71,4.870000000000001
2025-08-05T13:09:42.823312,12.0,9.0,10.0,-32.0,-69.0,-81.0,53.0,12.0,-58.0,34.0,-31.0,9.0,-20.689999999999998,18.23,16.81,-11.920000000000002,-75.02,-53.769999999999996,43.49,34.980000000000004,-50.85,58.34,-22.71,36.870000000000005
2025-08-05T13:09:42.827624,7.0,36.0,11.0,-28.0,8.0,-79.0,58.0,-41.0,-75.0,52.0,-28.0,-70.0,-25.689999999999998,45.230000000000004,17.81,-7.920000000000002,1.9800000000000004,-51.769999999999996,48.49,-18.02,-67.85,76.34,-19.71,-42.129999999999995
2025-08-05T13:09:42.835652,-9.0,80.0,-37.0,23.0,4.0,-35.0,18.0,-70.0,-20.0,13.0,-30.0,26.0,-41.69,89.23,-30.19,43.08,-2.0199999999999996,-7.77,8.49,-47.019999999999996,-12.85,37.34,-21.71,53.870000000000005
2025-08-05T13:09:42.839934,106.0,-1.0,-49.0,13.0,46.0,-42.0,16.0,-98.0,5.0,-53.0,-32.0,-13.0,73.31,8.23,-42.19,33.08,39.980000000000004,-14.77,6.49,-75.02,12.15,-28.66,-23.71,14.870000000000001
2025-08-05T13:09:42.848011,89.0,83.0,15.0,-34.0,-7.0,-6.0,45.0,-84.0,-38.0,13.0,23.0,-12.0,56.31,92.23,21.81,-13.920000000000002,-13.02,21.23,35.49,-61.019999999999996,-30.85,37.34,31.29,15.870000000000001
2025-08-05T13:09:42.852362,100.0,-83.0,-57.0,-25.0,31.0,9.0,28.0,-59.0,-87.0,49.0,-35.0,10.0,67.31,-73.77,-50.19,-4.920000000000002,24.98,36.230000000000004,18.490000000000002,-36.019999999999996,-79.85,73.34,-26.71,37.870000000000005
2025-08-05T13:09:42.860358,88.0,-17.0,11.0,31.0,35.0,-9.0,105.0,-51.0,-68.0,53.0,21.0,-78.0,55.31,-7.77,17.81,51.08,28.98,18.23,95.49,-28.02,-60.85,77.34,29.29,-50.129999999999995
2025-08-05T13:09:42.864642,-3.0,-50.0,37.0,-13.0,-23.0,-81.0,-42.0,27.0,-23.0,63.0,-15.0,2.0,-35.69,-40.769999999999996,43.81,7.079999999999998,-29.02,-53.769999999999996,-51.51,49.980000000000004,-15.85,87.34,-6.710000000000001,29.87
2025-08-05T13:09:42.872522,85.0,-33.0,14.0,-16.0,45.0,-77.0,-11.0,-32.0,-43.0,-7.0,-23.0,12.0,52.31,-23.77,20.81,4.079999999999998,38.980000000000004,-49.769999999999996,-20.509999999999998,-9.02,-35.85,17.34,-14.71,39.870000000000005
2025-08-05T13:09:42.876811,2.0,7.0,28.0,7.0,23.0,-117.0,5.0,-22.0,-65.0,19.0,-74.0,-38.0,-30.689999999999998,16.23,34.81,27.08,16.98,-89.77,-4.51,0.9800000000000004,-57.85,43.34,-65.71000000000001,-10.129999999999999
2025-08-05T13:09:42.884940,1.0,28.0,58.0,-48.0,-3.0,-105.0,12.0,-60.0,7.0,-19.0,-81.0,-73.0,-31.689999999999998,37.230000000000004,64.81,-27.92,-9.02,-77.77,2.49,-37.019999999999996,14.15,5.34,-72.71000000000001,-45.129999999999995
2025-08-05T13:09:42.889261,13.0,52.0,47.0,53.0,-10.0,-82.0,11.0,-99.0,-21.0,17.0,-63.0,-1.0,-19.689999999999998,61.230000000000004,53.81,73.08,-16.02,-54.769999999999996,1.4900000000000002,-76.02,-13.85,41.34,-54.71,26.87
2025-08-05T13:09:42.897243,47.0,76.0,-10.0,-16.0,9.0,-61.0,16.0,-55.0,-14.0,44.0,-55.0,-22.0,14.310000000000002,85.23,-3.1900000000000004,4.079999999999998,2.9800000000000004,-33.769999999999996,6.49,-32.019999999999996,-6.85,68.34,-46.71,5.870000000000001
2025-08-05T13:09:42.901395,105.0,-58.0,11.0,-6.0,18.0,-107.0,-5.0,-65.0,-31.0,30.0,-34.0,-31.0,72.31,-48.769999999999996,17.81,14.079999999999998,11.98,-79.77,-14.51,-42.019999999999996,-23.85,54.34,-25.71,-3.129999999999999
2025-08-05T13:09:42.909323,70.0,-50.0,23.0,17.0,10.0,8.0,26.0,-68.0,22.0,38.0,-73.0,-35.0,37.31,-40.769999999999996,29.81,37.08,3.9800000000000004,35.230000000000004,16.490000000000002,-45.019999999999996,29.15,62.34,-64.71000000000001,-7.129999999999999
2025-08-05T13:09:42.913739,43.0,-90.0,19.0,24.0,-36.0,-31.0,-20.0,-51.0,-71.0,4.0,5.0,0.0,10.310000000000002,-80.77,25.81,44.08,-42.019999999999996,-3.7699999999999996,-29.509999999999998,-28.02,-63.85,28.34,13.29,27.87
2025-08-05T13:09:42.921726,-19.0,-45.0,27.0,0.0,44.0,-54.0,60.0,-124.0,-47.0,-16.0,-46.0,-21.0,-51.69,-35.769999999999996,33.81,20.08,37.980000000000004,-26.77,50.49,-101.02,-39.85,8.34,-37.71,6.870000000000001
2025-08-05T13:09:42.926051,-29.0,0.0,-17.0,2.0,-2.0,-108.0,-18.0,-15.0,39.0,-57.0,-33.0,-31.0,-61.69,9.23,-10.190000000000001,22.08,-8.02,-80.77,-27.509999999999998,7.98,46.15,-32.66,-24.71,-3.129999999999999
2025-08-05T13:09:42.933797,59.0,7.0,-8.0,-7.0,4.0,-29.0,8.0,-14.0,4.0,-18.0,-75.0,-1.0,26.310000000000002,16.23,-1.1900000000000004,13.079999999999998,-2.0199999999999996,-1.7699999999999996,-1.5099999999999998,8.98,11.15,6.34,-66.71000000000001,26.87
2025-08-05T13:09:42.939641,-18.0,-39.0,-5.0,-21.0,1.0,-61.0,22.0,-33.0,-58.0,48.0,-62.0,-9.0,-50.69,-29.77,1.8099999999999996,-0.9200000000000017,-5.02,-33.769999999999996,12.49,-10.02,-50.85,72.34,-53.71,18.87
2025-08-05T13:09:42.946131,84.0,-62.0,-29.0,-13.0,-4.0,-58.0,34.0,-59.0,-41.0,-19.0,71.0,-72.0,51.31,-52.769999999999996,-22.19,7.079999999999998,-10.02,-30.77,24.490000000000002,-36.019999999999996,-33.85,5.34,79.28999999999999,-44.129999999999995
2025-08-05T13:09:42.950280,-16.0,21.0,5.0,-43.0,57.0,6.0,25.0,-11.0,-53.0,15.0,39.0,-33.0,-48.69,30.23,11.809999999999999,-22.92,50.980000000000004,33.230000000000004,15.49,11.98,-45.85,39.34,47.29,-5.129999999999999
2025-08-05T13:09:42.954391,-37.0,11.0,-29.0,-12.0,25.0,23.0,-3.0,-13.0,-30.0,0.0,9.0,-7.0,-69.69,20.23,-22.19,8.079999999999998,18.98,50.230000000000004,-12.51,9.98,-22.85,24.34,17.29,20.87
2025-08-05T13:09:42.962739,26.0,36.0,-67.0,-32.0,-8.0,3.0,-8.0,-65.0,28.0,-30.0,9.0,-42.0,-6.689999999999998,45.230000000000004,-60.19,-11.920000000000002,-14.02,30.23,-17.509999999999998,-42.019999999999996,35.15,-5.66,17.29,-14.129999999999999
2025-08-05T13:09:42.966793,-38.0,61.0,-89.0,-66.0,-19.0,-14.0,-32.0,-75.0,12.0,-73.0,67.0,-46.0,-70.69,70.23,-82.19,-45.92,-25.02,13.23,-41.51,-52.019999999999996,19.15,-48.66,75.28999999999999,-18.13
2025-08-05T13:09:42.974991,71.0,-1.0,-44.0,-70.0,-29.0,-24.0,-29.0,-56.0,4.0,-19.0,5.0,-3.0,38.31,8.23,-37.19,-49.92,-35.019999999999996,3.2300000000000004,-38.51,-33.019999999999996,11.15,5.34,13.29,24.87
2025-08-05T13:09:42.979037,76.0,77.0,-40.0,-46.0,15.0,-32.0,-22.0,24.0,-11.0,-98.0,-10.0,12.0,43.31,86.23,-33.19,-25.92,8.98,-4.77,-31.509999999999998,46.980000000000004,-3.8499999999999996,-73.66,-1.7100000000000009,39.870000000000005
2025-08-05T13:09:42.987204,71.0,-18.0,-7.0,-11.0,43.0,-11.0,-11.0,24.0,35.0,23.0,-52.0,50.0,38.31,-8.77,-0.1900000000000004,9.079999999999998,36.980000000000004,16.23,-20.509999999999998,46.980000000000004,42.15,47.34,-43.71,77.87
2025-08-05T13:09:42.991287,81.0,-20.0,-27.0,20.0,-32.0,-80.0,-7.0,-72.0,53.0,-5.0,20.0,34.0,48.31,-10.77,-20.19,40.08,-38.019999999999996,-52.769999999999996,-16.509999999999998,-49.019999999999996,60.15,19.34,28.29,61.870000000000005
2025-08-05T13:09:42.999509,52.0,19.0,19.0,-45.0,-8.0,-12.0,25.0,8.0,-4.0,-16.0,22.0,27.0,19.310000000000002,28.23,25.81,-24.92,-14.02,15.23,15.49,30.98,3.1500000000000004,8.34,30.29,54.870000000000005
2025-08-05T13:09:43.003830,92.0,-55.0,0.0,12.0,-29.0,-18.0,23.0,-94.0,28.0,-18.0,68.0,-4.0,59.31,-45.769999999999996,6.81,32.08,-35.019999999999996,9.23,13.49,-71.02,35.15,6.34,76.28999999999999,23.87
2025-08-05T13:09:43.011903,15.0,-114.0,-15.0,-83.0,13.0,-34.0,53.0,-4.0,36.0,-47.0,-3.0,-58.0,-17.689999999999998,-104.77,-8.190000000000001,-62.92,6.98,-6.77,43.49,18.98,43.15,-22.66,5.289999999999999,-30.13
2025-08-05T13:09:43.016023,11.0,-4.0,67.0,-18.0,79.0,-121.0,36.0,-105.0,-26.0,-70.0,22.0,-33.0,-21.689999999999998,5.23,73.81,2.0799999999999983,72.98,-93.77,26.490000000000002,-82.02,-18.85,-45.66,30.29,-5.129999999999999
2025-08-05T13:09:43.024048,11.0,-4.0,-52.0,40.0,77.0,-24.0,22.0,-69.0,-18.0,-23.0,54.0,1.0,-21.689999999999998,5.23,-45.19,60.08,70.98,3.2300000000000004,12.49,-46.019999999999996,-10.85,1.3399999999999999,62.29,28.87
2025-08-05T13:09:43.028291,78.0,-15.0,-111.0,-38.0,20.0,-88.0,-29.0,-17.0,-31.0,-6.0,17.0,1.0,45.31,-5.77,-104.19,-17.92,13.98,-60.769999999999996,-38.51,5.98,-23.85,18.34,25.29,28.87
2025-08-05T13:09:43.036344,58.0,-20.0,-60.0,54.0,9.0,-36.0,6.0,-49.0,-83.0,-34.0,26.0,45.0,25.310000000000002,-10.77,-53.19,74.08,2.9800000000000004,-8.77,-3.51,-26.02,-75.85,-9.66,34.29,72.87
2025-08-05T13:09:43.040699,62.0,-103.0,-20.0,-33.0,4.0,12.0,-31.0,44.0,8.0,-7.0,-53.0,-9.0,29.310000000000002,-93.77,-13.190000000000001,-12.920000000000002,-2.0199999999999996,39.230000000000004,-40.51,66.98,15.15,17.34,-44.71,18.87
2025-08-05T13:09:43.048703,66.0,-1.0,-1.0,20.0,-42.0,-11.0,62.0,-22.0,-84.0,-62.0,2.0,14.0,33.31,8.23,5.81,40.08,-48.019999999999996,16.23,52.49,0.9800000000000004,-76.85,-37.66,10.29,41.870000000000005
2025-08-05T13:09:43.052856,48.0,-16.0,-33.0,-20.0,-34.0,-33.0,8.0,13.0,12.0,82.0,-56.0,-8.0,15.310000000000002,-6.77,-26.19,0.0799999999999983,-40.019999999999996,-5.77,-1.5099999999999998,35.980000000000004,19.15,106.34,-47.71,19.87
2025-08-05T13:09:43.060902,29.0,-29.0,18.0,-2.0,13.0,-72.0,16.0,-58.0,-68.0,42.0,-64.0,-56.0,-3.6899999999999977,-19.77,24.81,18.08,6.98,-44.769999999999996,6.49,-35.019999999999996,-60.85,66.34,-55.71,-28.13
2025-08-05T13:09:43.065306,-29.0,-10.0,49.0,35.0,41.0,-70.0,72.0,-36.0,-59.0,71.0,-96.0,6.0,-61.69,-0.7699999999999996,55.81,55.08,34.980000000000004,-42.769999999999996,62.49,-13.02,-51.85,95.34,-87.71000000000001,33.870000000000005
2025-08-05T13:09:43.073342,-46.0,21.0,-3.0,-5.0,-31.0,-108.0,96.0,-43.0,-22.0,50.0,-59.0,50.0,-78.69,30.23,3.8099999999999996,15.079999999999998,-37.019999999999996,-80.77,86.49,-20.02,-14.85,74.34,-50.71,77.87
2025-08-05T13:09:43.077561,-3.0,77.0,-33.0,-67.0,-15.0,-44.0,22.0,12.0,0.0,16.0,-42.0,-22.0,-35.69,86.23,-26.19,-46.92,-21.02,-16.77,12.49,34.980000000000004,7.15,40.34,-33.71,5.870000000000001
2025-08-05T13:09:43.085424,29.0,-4.0,-71.0,10.0,-46.0,-9.0,-19.0,-17.0,-41.0,54.0,-52.0,-11.0,-3.6899999999999977,5.23,-64.19,30.08,-52.019999999999996,18.23,-28.509999999999998,5.98,-33.85,78.34,-43.71,16.87
2025-08-05T13:09:43.089687,88.0,66.0,1.0,-108.0,38.0,-21.0,-21.0,28.0,-42.0,66.0,-56.0,39.0,55.31,75.23,7.81,-87.92,31.98,6.23,-30.509999999999998,50.980000000000004,-34.85,90.34,-47.71,66.87
2025-08-05T13:09:43.097687,76.0,-46.0,-40.0,-122.0,-64.0,4.0,31.0,-84.0,35.0,14.0,23.0,12.0,43.31,-36.769999999999996,-33.19,-101.92,-70.02,31.23,21.490000000000002,-61.019999999999996,42.15,38.34,31.29,39.870000000000005
2025-08-05T13:09:43.102006,102.0,-91.0,8.0,-37.0,34.0,-56.0,55.0,-24.0,-25.0,43.0,-7.0,3.0,69.31,-81.77,14.809999999999999,-16.92,27.98,-28.77,45.49,-1.0199999999999996,-17.85,67.34,1.2899999999999991,30.87
2025-08-05T13:09:43.110122,-34.0,-25.0,23.0,-74.0,1.0,-49.0,-21.0,-22.0,7.0,24.0,-53.0,21.0,-66.69,-15.77,29.81,-53.92,-5.02,-21.77,-30.509999999999998,0.9800000000000004,14.15,48.34,-44.71,48.870000000000005
2025-08-05T13:09:43.114384,-32.0,72.0,3.0,-9.0,4.0,-66.0,82.0,-80.0,-102.0,29.0,-56.0,41.0,-64.69,81.23,9.809999999999999,11.079999999999998,-2.0199999999999996,-38.769999999999996,72.49,-57.019999999999996,-94.85,53.34,-47.71,68.87
2025-08-05T13:09:43.122242,88.0,5.0,-42.0,-51.0,27.0,-63.0,45.0,-23.0,13.0,30.0,-66.0,-35.0,55.31,14.23,-35.19,-30.92,20.98,-35.769999999999996,35.49,-0.019999999999999574,20.15,54.34,-57.71,-7.129999999999999
2025-08-05T13:09:43.126531,39.0,6.0,-7.0,12.0,49.0,-69.0,19.0,-63.0,-18.0,60.0,-100.0,65.0,6.310000000000002,15.23,-0.1900000000000004,32.08,42.980000000000004,-41.769999999999996,9.49,-40.019999999999996,-10.85,84.34,-91.71000000000001,92.87
2025-08-05T13:09:43.134676,56.0,120.0,-87.0,-45.0,13.0,-11.0,-6.0,-67.0,-18.0,36.0,-90.0,12.0,23.310000000000002,129.23,-80.19,-24.92,6.98,16.23,-15.51,-44.019999999999996,-10.85,60.34,-81.71000000000001,39.870000000000005
2025-08-05T13:09:43.138796,95.0,-65.0,-28.0,-92.0,92.0,-90.0,53.0,-5.0,-51.0,-11.0,-22.0,-23.0,62.31,-55.769999999999996,-21.19,-71.92,85.98,-62.769999999999996,43.49,17.98,-43.85,13.34,-13.71,4.870000000000001
2025-08-05T13:09:43.147064,69.0,-20.0,30.0,0.0,-54.0,-46.0,95.0,-112.0,-17.0,56.0,-95.0,46.0,36.31,-10.77,36.81,20.08,-60.019999999999996,-18.77,85.49,-89.02,-9.85,80.34,-86.71000000000001,73.87
2025-08-05T13:09:43.151131,-3.0,-31.0,39.0,3.0,-26.0,29.0,-20.0,-108.0,19.0,32.0,-28.0,-2.0,-35.69,-21.77,45.81,23.08,-32.019999999999996,56.230000000000004,-29.509999999999998,-85.02,26.15,56.34,-19.71,25.87
2025-08-05T13:09:43.159187,57.0,-4.0,20.0,-75.0,4.0,-17.0,70.0,-59.0,-45.0,23.0,-9.0,12.0,24.310000000000002,5.23,26.81,-54.92,-2.0199999999999996,10.23,60.49,-36.019999999999996,-37.85,47.34,-0.7100000000000009,39.870000000000005
2025-08-05T13:09:43.163294,42.0,51.0,6.0,-46.0,68.0,-38.0,49.0,-57.0,18.0,87.0,-71.0,-6.0,9.310000000000002,60.230000000000004,12.809999999999999,-25.92,61.980000000000004,-10.77,39.49,-34.019999999999996,25.15,111.34,-62.71,21.87
2025-08-05T13:09:43.167335,1.0,28.0,-73.0,-11.0,10.0,-124.0,7.0,-85.0,-35.0,7.0,-59.0,5.0,-31.689999999999998,37.230000000000004,-66.19,9.079999999999998,3.9800000000000004,-96.77,-2.51,-62.019999999999996,-27.85,31.34,-50.71,32.870000000000005
2025-08-05T13:09:43.175719,-17.0,40.0,-81.0,-46.0,79.0,-38.0,-10.0,-31.0,-14.0,20.0,-1.0,12.0,-49.69,49.230000000000004,-74.19,-25.92,72.98,-10.77,-19.509999999999998,-8.02,-6.85,44.34,7.289999999999999,39.870000000000005
2025-08-05T13:09:43.180062,55.0,45.0,-79.0,46.0,88.0,-41.0,45.0,-55.0,15.0,60.0,-39.0,23.0,22.310000000000002,54.230000000000004,-72.19,66.08,81.98,-13.77,35.49,-32.019999999999996,22.15,84.34,-30.71,50.870000000000005
2025-08-05T13:09:43.187843,84.0,-7.0,0.0,0.0,-54.0,-22.0,-56.0,-28.0,-10.0,45.0,-62.0,-2.0,51.31,2.2300000000000004,6.81,20.08,-60.019999999999996,5.23,-65.51,-5.02,-2.8499999999999996,69.34,-53.71,25.87
2025-08-05T13:09:43.192196,75.0,-15.0,4.0,50.0,16.0,-13.0,23.0,-55.0,28.0,32.0,20.0,8.0,42.31,-5.77,10.809999999999999,70.08,9.98,14.23,13.49,-32.019999999999996,35.15,56.34,28.29,35.870000000000005
2025-08-05T13:09:43.200152,52.0,-97.0,1.0,-41.0,18.0,-17.0,7.0,-45.0,13.0,27.0,-103.0,45.0,19.310000000000002,-87.77,7.81,-20.92,11.98,10.23,-2.51,-22.02,20.15,51.34,-94.71000000000001,72.87
2025-08-05T13:09:43.204586,31.0,-14.0,2.0,-48.0,30.0,-38.0,-26.0,-19.0,9.0,28.0,-47.0,-10.0,-1.6899999999999977,-4.77,8.809999999999999,-27.92,23.98,-10.77,-35.51,3.9800000000000004,16.15,52.34,-38.71,17.87
2025-08-05T13:09:43.212494,-3.0,-10.0,38.0,8.0,-16.0,-43.0,57.0,-79.0,9.0,31.0,-16.0,-2.0,-35.69,-0.7699999999999996,44.81,28.08,-22.02,-15.77,47.49,-56.019999999999996,16.15,55.34,-7.710000000000001,25.87
2025-08-05T13:09:43.217530,17.0,-22.0,80.0,0.0,50.0,-24.0,-36.0,-46.0,4.0,48.0,-36.0,14.0,-15.689999999999998,-12.77,86.81,20.08,43.980000000000004,3.2300000000000004,-45.51,-23.02,11.15,72.34,-27.71,41.870000000000005
2025-08-05T13:09:43.224767,57.0,31.0,7.0,-17.0,42.0,-36.0,-1.0,-24.0,-5.0,102.0,-115.0,-5.0,24.310000000000002,40.230000000000004,13.809999999999999,3.0799999999999983,35.980000000000004,-8.77,-10.51,-1.0199999999999996,2.1500000000000004,126.34,-106.71000000000001,22.87
2025-08-05T13:09:43.229079,-50.0,49.0,1.0,4.0,-6.0,-19.0,-77.0,-70.0,15.0,22.0,-56.0,37.0,-82.69,58.230000000000004,7.81,24.08,-12.02,8.23,-86.51,-47.019999999999996,22.15,46.34,-47.71,64.87
2025-08-05T13:09:43.236989,96.0,65.0,-43.0,-3.0,-18.0,-44.0,-46.0,-44.0,-43.0,25.0,11.0,28.0,63.31,74.23,-36.19,17.08,-24.02,-16.77,-55.51,-21.02,-35.85,49.34,19.29,55.870000000000005
2025-08-05T13:09:43.241561,30.0,20.0,-71.0,-111.0,-63.0,33.0,-35.0,-5.0,-55.0,-31.0,-72.0,-5.0,-2.6899999999999977,29.23,-64.19,-90.92,-69.02,60.230000000000004,-44.51,17.98,-47.85,-6.66,-63.71,22.87
2025-08-05T13:09:43.249281,31.0,15.0,-14.0,17.0,66.0,5.0,26.0,-16.0,17.0,1.0,-60.0,-5.0,-1.6899999999999977,24.23,-7.19,37.08,59.980000000000004,32.230000000000004,16.490000000000002,6.98,24.15,25.34,-51.71,22.87
2025-08-05T13:09:43.253571,33.0,3.0,-21.0,-63.0,-27.0,7.0,11.0,-76.0,-70.0,47.0,-78.0,39.0,0.3100000000000023,12.23,-14.190000000000001,-42.92,-33.019999999999996,34.230000000000004,1.4900000000000002,-53.019999999999996,-62.85,71.34,-69.71000000000001,66.87
2025-08-05T13:09:43.261517,64.0,20.0,-21.0,14.0,60.0,-33.0,52.0,-25.0,47.0,21.0,-112.0,1.0,31.310000000000002,29.23,-14.190000000000001,34.08,53.980000000000004,-5.77,42.49,-2.0199999999999996,54.15,45.34,-103.71000000000001,28.87
2025-08-05T13:09:43.265925,67.0,-1.0,-49.0,-10.0,-27.0,-53.0,48.0,15.0,76.0,38.0,-69.0,28.0,34.31,8.23,-42.19,10.079999999999998,-33.019999999999996,-25.77,38.49,37.980000000000004,83.15,62.34,-60.71,55.870000000000005
2025-08-05T13:09:43.273977,10.0,-27.0,25.0,5.0,-37.0,39.0,27.0,1.0,-18.0,28.0,-47.0,43.0,-22.689999999999998,-17.77,31.81,25.08,-43.019999999999996,66.23,17.490000000000002,23.98,-10.85,52.34,-38.71,70.87
2025-08-05T13:09:43.278162,-2.0,-38.0,0.0,-66.0,-26.0,-52.0,22.0,-32.0,-23.0,42.0,-103.0,-19.0,-34.69,-28.77,6.81,-45.92,-32.019999999999996,-24.77,12.49,-9.02,-15.85,66.34,-94.71000000000001,8.870000000000001
2025-08-05T13:09:43.286327,-27.0,51.0,-26.0,-67.0,-19.0,-40.0,9.0,-16.0,-18.0,97.0,-80.0,66.0,-59.69,60.230000000000004,-19.19,-46.92,-25.02,-12.77,-0.5099999999999998,6.98,-10.85,121.34,-71.71000000000001,93.87
2025-08-05T13:09:43.290446,74.0,15.0,-120.0,0.0,-22.0,-43.0,-18.0,6.0,-15.0,8.0,-50.0,12.0,41.31,24.23,-113.19,20.08,-28.02,-15.77,-27.509999999999998,28.98,-7.85,32.34,-41.71,39.870000000000005
2025-08-05T13:09:43.298467,74.0,36.0,-33.0,36.0,47.0,-62.0,-45.0,-33.0,-30.0,-39.0,-83.0,56.0,41.31,45.230000000000004,-26.19,56.08,40.980000000000004,-34.769999999999996,-54.51,-10.02,-22.85,-14.66,-74.71000000000001,83.87
2025-08-05T13:09:43.302782,66.0,-2.0,-53.0,-41.0,21.0,-20.0,2.0,-39.0,32.0,35.0,-62.0,32.0,33.31,7.23,-46.19,-20.92,14.98,7.23,-7.51,-16.02,39.15,59.34,-53.71,59.870000000000005
2025-08-05T13:09:43.310753,124.0,5.0,42.0,-6.0,-18.0,-68.0,-52.0,-62.0,-23.0,77.0,-39.0,10.0,91.31,14.23,48.81,14.079999999999998,-24.02,-40.769999999999996,-61.51,-39.019999999999996,-15.85,101.34,-30.71,37.870000000000005
2025-08-05T13:09:43.315053,-35.0,-21.0,-32.0,26.0,-18.0,24.0,21.0,20.0,20.0,3.0,-80.0,-10.0,-67.69,-11.77,-25.19,46.08,-24.02,51.230000000000004,11.49,42.980000000000004,27.15,27.34,-71.71000000000001,17.87
2025-08-05T13:09:43.322980,38.0,65.0,4.0,10.0,-31.0,30.0,14.0,8.0,4.0,42.0,-31.0,22.0,5.310000000000002,74.23,10.809999999999999,30.08,-37.019999999999996,57.230000000000004,4.49,30.98,11.15,66.34,-22.71,49.870000000000005
2025-08-05T13:09:43.327354,10.0,12.0,-2.0,18.0,27.0,-23.0,80.0,7.0,13.0,-9.0,-46.0,23.0,-22.689999999999998,21.23,4.81,38.08,20.98,4.23,70.49,29.98,20.15,15.34,-37.71,50.870000000000005
2025-08-05T13:09:43.335283,15.0,-3.0,0.0,-23.0,118.0,-52.0,51.0,-1.0,-47.0,37.0,-91.0,12.0,-17.689999999999998,6.23,6.81,-2.9200000000000017,111.98,-24.77,41.49,21.98,-39.85,61.34,-82.71000000000001,39.870000000000005
2025-08-05T13:09:43.339527,3.0,-28.0,-93.0,-2.0,79.0,14.0,26.0,-26.0,-52.0,7.0,-50.0,-21.0,-29.689999999999998,-18.77,-86.19,18.08,72.98,41.230000000000004,16.490000000000002,-3.0199999999999996,-44.85,31.34,-41.71,6.870000000000001
2025-08-05T13:09:43.347563,28.0,-11.0,-85.0,-27.0,-8.0,-74.0,-3.0,26.0,20.0,0.0,-36.0,-52.0,-4.689999999999998,-1.7699999999999996,-78.19,-6.920000000000002,-14.02,-46.769999999999996,-12.51,48.980000000000004,27.15,24.34,-27.71,-24.13
2025-08-05T13:09:43.351781,30.0,-14.0,-81.0,36.0,11.0,-28.0,91.0,26.0,3.0,-7.0,-70.0,30.0,-2.6899999999999977,-4.77,-74.19,56.08,4.98,-0.7699999999999996,81.49,48.980000000000004,10.15,17.34,-61.71,57.870000000000005
2025-08-05T13:09:43.359971,38.0,43.0,-15.0,10.0,-19.0,1.0,19.0,-58.0,-11.0,-8.0,-134.0,-19.0,5.310000000000002,52.230000000000004,-8.190000000000001,30.08,-25.02,28.23,9.49,-35.019999999999996,-3.8499999999999996,16.34,-125.71000000000001,8.870000000000001
2025-08-05T13:09:43.364203,58.0,81.0,-67.0,102.0,-35.0,-65.0,76.0,3.0,1.0,48.0,-49.0,-40.0,25.310000000000002,90.23,-60.19,122.08,-41.019999999999996,-37.769999999999996,66.49,25.98,8.15,72.34,-40.71,-12.129999999999999
2025-08-05T13:09:43.368326,131.0,-30.0,-72.0,4.0,24.0,1.0,7.0,-50.0,-15.0,11.0,-72.0,59.0,98.31,-20.77,-65.19,24.08,17.98,28.23,-2.51,-27.02,-7.85,35.34,-63.71,86.87
2025-08-05T13:09:43.376552,92.0,-74.0,-57.0,-117.0,-75.0,-34.0,-4.0,-33.0,-40.0,-35.0,14.0,16.0,59.31,-64.77,-50.19,-96.92,-81.02,-6.77,-13.51,-10.02,-32.85,-10.66,22.29,43.870000000000005
2025-08-05T13:09:43.381086,70.0,12.0,15.0,-52.0,-18.0,1.0,106.0,33.0,-15.0,16.0,-33.0,69.0,37.31,21.23,21.81,-31.92,-24.02,28.23,96.49,55.980000000000004,-7.85,40.34,-24.71,96.87
2025-08-05T13:09:43.388760,-44.0,8.0,53.0,-55.0,21.0,-34.0,75.0,-135.0,-62.0,16.0,-70.0,-21.0,-76.69,17.23,59.81,-34.92,14.98,-6.77,65.49,-112.02,-54.85,40.34,-61.71,6.870000000000001
2025-08-05T13:09:43.392689,-8.0,59.0,5.0,58.0,47.0,-37.0,46.0,-64.0,-11.0,37.0,-70.0,63.0,-40.69,68.23,11.809999999999999,78.08,40.980000000000004,-9.77,36.49,-41.019999999999996,-3.8499999999999996,61.34,-61.71,90.87
2025-08-05T13:09:43.400979,20.0,73.0,-83.0,-3.0,23.0,-44.0,-1.0,-56.0,-14.0,55.0,-94.0,14.0,-12.689999999999998,82.23,-76.19,17.08,16.98,-16.77,-10.51,-33.019999999999996,-6.85,79.34,-85.71000000000001,41.870000000000005
2025-08-05T13:09:43.404920,46.0,63.0,47.0,5.0,39.0,-17.0,13.0,-46.0,1.0,15.0,-33.0,4.0,13.310000000000002,72.23,53.81,25.08,32.980000000000004,10.23,3.49,-23.02,8.15,39.34,-24.71,31.87
2025-08-05T13:09:43.413147,58.0,34.0,12.0,3.0,-25.0,-82.0,76.0,-15.0,-1.0,52.0,-23.0,-18.0,25.310000000000002,43.230000000000004,18.81,23.08,-31.02,-54.769999999999996,66.49,7.98,6.15,76.34,-14.71,9.870000000000001
2025-08-05T13:09:43.417286,-48.0,14.0,10.0,-25.0,52.0,26.0,-1.0,-13.0,-14.0,56.0,-15.0,53.0,-80.69,23.23,16.81,-4.920000000000002,45.980000000000004,53.230000000000004,-10.51,9.98,-6.85,80.34,-6.710000000000001,80.87
2025-08-05T13:09:43.425457,-19.0,7.0,-33.0,-51.0,95.0,-79.0,96.0,-57.0,22.0,18.0,-22.0,72.0,-51.69,16.23,-26.19,-30.92,88.98,-51.769999999999996,86.49,-34.019999999999996,29.15,42.34,-13.71,99.87
2025-08-05T13:09:43.429754,33.0,52.0,-79.0,56.0,61.0,-89.0,26.0,-44.0,-14.0,31.0,-35.0,16.0,0.3100000000000023,61.230000000000004,-72.19,76.08,54.980000000000004,-61.769999999999996,16.490000000000002,-21.02,-6.85,55.34,-26.71,43.870000000000005
2025-08-05T13:09:43.437809,83.0,-56.0,-62.0,2.0,-7.0,-134.0,-37.0,-23.0,-8.0,-20.0,-32.0,31.0,50.31,-46.769999999999996,-55.19,22.08,-13.02,-106.77,-46.51,-0.019999999999999574,-0.8499999999999996,4.34,-23.71,58.870000000000005
2025-08-05T13:09:43.441947,51.0,-8.0,-65.0,-43.0,3.0,-16.0,42.0,-6.0,24.0,57.0,-89.0,29.0,18.310000000000002,1.2300000000000004,-58.19,-22.92,-3.0199999999999996,11.23,32.49,16.98,31.15,81.34,-80.71000000000001,56.870000000000005
2025-08-05T13:09:43.450173,-20.0,-14.0,-24.0,-55.0,-44.0,-57.0,31.0,-72.0,14.0,36.0,-50.0,70.0,-52.69,-4.77,-17.19,-34.92,-50.019999999999996,-29.77,21.490000000000002,-49.019999999999996,21.15,60.34,-41.71,97.87
2025-08-05T13:09:43.454250,57.0,-56.0,6.0,-96.0,-107.0,-115.0,-28.0,-45.0,28.0,30.0,-156.0,5.0,24.310000000000002,-46.769999999999996,12.809999999999999,-75.92,-113.02,-87.77,-37.51,-22.02,35.15,54.34,-147.71,32.870000000000005
2025-08-05T13:09:43.462343,-16.0,-12.0,-7.0,-60.0,51.0,-1.0,-10.0,-25.0,23.0,-32.0,-97.0,26.0,-48.69,-2.7699999999999996,-0.1900000000000004,-39.92,44.980000000000004,26.23,-19.509999999999998,-2.0199999999999996,30.15,-7.66,-88.71000000000001,53.870000000000005
2025-08-05T13:09:43.466690,-2.0,29.0,27.0,-35.0,56.0,-72.0,22.0,-76.0,-15.0,6.0,-67.0,5.0,-34.69,38.230000000000004,33.81,-14.920000000000002,49.980000000000004,-44.769999999999996,12.49,-53.019999999999996,-7.85,30.34,-58.71,32.870000000000005
2025-08-05T13:09:43.474693,-40.0,62.0,-29.0,-38.0,-8.0,-68.0,-42.0,-27.0,15.0,71.0,-58.0,17.0,-72.69,71.23,-22.19,-17.92,-14.02,-40.769999999999996,-51.51,-4.02,22.15,95.34,-49.71,44.870000000000005
2025-08-05T13:09:43.478833,-6.0,9.0,-56.0,-4.0,-15.0,-53.0,-17.0,-47.0,-11.0,49.0,-76.0,-31.0,-38.69,18.23,-49.19,16.08,-21.02,-25.77,-26.509999999999998,-24.02,-3.8499999999999996,73.34,-67.71000000000001,-3.129999999999999
2025-08-05T13:09:43.486815,50.0,44.0,25.0,89.0,-36.0,-46.0,8.0,-101.0,-2.0,34.0,-129.0,32.0,17.310000000000002,53.230000000000004,31.81,109.08,-42.019999999999996,-18.77,-1.5099999999999998,-78.02,5.15,58.34,-120.71000000000001,59.870000000000005
2025-08-05T13:09:43.491174,63.0,-86.0,-52.0,30.0,-23.0,-79.0,-31.0,6.0,56.0,3.0,-55.0,33.0,30.310000000000002,-76.77,-45.19,50.08,-29.02,-51.769999999999996,-40.51,28.98,63.15,27.34,-46.71,60.870000000000005
2025-08-05T13:09:43.499144,86.0,-49.0,-25.0,-69.0,-37.0,-34.0,-11.0,-21.0,23.0,13.0,-89.0,7.0,53.31,-39.769999999999996,-18.19,-48.92,-43.019999999999996,-6.77,-20.509999999999998,1.9800000000000004,30.15,37.34,-80.71000000000001,34.870000000000005
2025-08-05T13:09:43.503522,80.0,12.0,11.0,-35.0,19.0,-61.0,-44.0,47.0,-4.0,20.0,-134.0,-30.0,47.31,21.23,17.81,-14.920000000000002,12.98,-33.769999999999996,-53.51,69.98,3.1500000000000004,44.34,-125.71000000000001,-2.129999999999999
2025-08-05T13:09:43.511489,8.0,-80.0,26.0,-30.0,-5.0,-40.0,-13.0,-40.0,-66.0,22.0,-31.0,34.0,-24.689999999999998,-70.77,32.81,-9.920000000000002,-11.02,-12.77,-22.509999999999998,-17.02,-58.85,46.34,-22.71,61.870000000000005
2025-08-05T13:09:43.515559,-38.0,-16.0,1.0,3.0,1.0,-53.0,28.0,29.0,-3.0,7.0,-72.0,-5.0,-70.69,-6.77,7.81,23.08,-5.02,-25.77,18.490000000000002,51.980000000000004,4.15,31.34,-63.71,22.87
2025-08-05T13:09:43.523581,2.0,-6.0,42.0,7.0,16.0,-78.0,4.0,18.0,-47.0,-7.0,-90.0,-51.0,-30.689999999999998,3.2300000000000004,48.81,27.08,9.98,-50.769999999999996,-5.51,40.980000000000004,-39.85,17.34,-81.71000000000001,-23.13
2025-08-05T13:09:43.528050,6.0,-13.0,23.0,-14.0,58.0,-63.0,22.0,-8.0,-50.0,19.0,45.0,-45.0,-26.689999999999998,-3.7699999999999996,29.81,6.079999999999998,51.980000000000004,-35.769999999999996,12.49,14.98,-42.85,43.34,53.29,-17.13
2025-08-05T13:09:43.535910,32.0,-50.0,11.0,15.0,55.0,-59.0,4.0,-16.0,-13.0,14.0,17.0,-27.0,-0.6899999999999977,-40.769999999999996,17.81,35.08,48.980000000000004,-31.77,-5.51,6.98,-5.85,38.34,25.29,0.870000000000001
2025-08-05T13:09:43.540294,-19.0,51.0,-12.0,-10.0,9.0,-48.0,-14.0,-2.0,-27.0,18.0,-33.0,-72.0,-51.69,60.230000000000004,-5.19,10.079999999999998,2.9800000000000004,-20.77,-23.509999999999998,20.98,-19.85,42.34,-24.71,-44.129999999999995
2025-08-05T13:09:43.548132,-6.0,31.0,102.0,-66.0,-55.0,-49.0,11.0,-66.0,-64.0,29.0,-57.0,-78.0,-38.69,40.230000000000004,108.81,-45.92,-61.019999999999996,-21.77,1.4900000000000002,-43.019999999999996,-56.85,53.34,-48.71,-50.129999999999995
2025-08-05T13:09:43.552527,83.0,-14.0,-68.0,-6.0,-17.0,-44.0,-13.0,-13.0,-20.0,-2.0,66.0,-89.0,50.31,-4.77,-61.19,14.079999999999998,-23.02,-16.77,-22.509999999999998,9.98,-12.85,22.34,74.28999999999999,-61.129999999999995
2025-08-05T13:09:43.560602,35.0,-23.0,-14.0,-15.0,43.0,-28.0,19.0,31.0,-28.0,50.0,25.0,-45.0,2.3100000000000023,-13.77,-7.19,5.079999999999998,36.980000000000004,-0.7699999999999996,9.49,53.980000000000004,-20.85,74.34,33.29,-17.13
2025-08-05T13:09:43.564812,28.0,27.0,-22.0,-41.0,-1.0,-60.0,48.0,10.0,-66.0,11.0,-20.0,-24.0,-4.689999999999998,36.230000000000004,-15.190000000000001,-20.92,-7.02,-32.769999999999996,38.49,32.980000000000004,-58.85,35.34,-11.71,3.870000000000001
2025-08-05T13:09:43.572680,97.0,-83.0,-25.0,21.0,60.0,-18.0,-13.0,-12.0,-64.0,46.0,-3.0,-81.0,64.31,-73.77,-18.19,41.08,53.980000000000004,9.23,-22.509999999999998,10.98,-56.85,70.34,5.289999999999999,-53.129999999999995
2025-08-05T13:09:43.577210,44.0,2.0,-4.0,-19.0,-21.0,-34.0,16.0,-108.0,57.0,28.0,-16.0,-38.0,11.310000000000002,11.23,2.8099999999999996,1.0799999999999983,-27.02,-6.77,6.49,-85.02,64.15,52.34,-7.710000000000001,-10.129999999999999
2025-08-05T13:09:43.581077,12.0,-14.0,15.0,-57.0,3.0,-12.0,-12.0,-60.0,-2.0,41.0,-61.0,-34.0,-20.689999999999998,-4.77,21.81,-36.92,-3.0199999999999996,15.23,-21.509999999999998,-37.019999999999996,5.15,65.34,-52.71,-6.129999999999999
2025-08-05T13:09:43.589210,30.0,36.0,16.0,31.0,30.0,-33.0,24.0,-37.0,-20.0,40.0,-96.0,-47.0,-2.6899999999999977,45.230000000000004,22.81,51.08,23.98,-5.77,14.49,-14.02,-12.85,64.34,-87.71000000000001,-19.13
2025-08-05T13:09:43.593395,-18.0,55.0,30.0,-21.0,49.0,-44.0,-25.0,-79.0,-11.0,28.0,61.0,-8.0,-50.69,64.23,36.81,-0.9200000000000017,42.980000000000004,-16.77,-34.51,-56.019999999999996,-3.8499999999999996,52.34,69.28999999999999,19.87
2025-08-05T13:09:43.601765,88.0,35.0,4.0,-91.0,3.0,-26.0,-36.0,-14.0,-42.0,-15.0,-7.0,-59.0,55.31,44.230000000000004,10.809999999999999,-70.92,-3.0199999999999996,1.2300000000000004,-45.51,8.98,-34.85,9.34,1.2899999999999991,-31.13
2025-08-05T13:09:43.605681,58.0,59.0,21.0,15.0,61.0,-66.0,-13.0,-35.0,-7.0,-9.0,43.0,-34.0,25.310000000000002,68.23,27.81,35.08,54.980000000000004,-38.769999999999996,-22.509999999999998,-12.02,0.15000000000000036,15.34,51.29,-6.129999999999999
2025-08-05T13:09:43.613994,153.0,56.0,-53.0,6.0,63.0,-44.0,-32.0,9.0,-29.0,-4.0,94.0,-89.0,120.31,65.23,-46.19,26.08,56.980000000000004,-16.77,-41.51,31.98,-21.85,20.34,102.28999999999999,-61.129999999999995
2025-08-05T13:09:43.617968,103.0,21.0,-74.0,-66.0,-13.0,-12.0,44.0,-65.0,26.0,-29.0,52.0,-11.0,70.31,30.23,-67.19,-45.92,-19.02,15.23,34.49,-42.019999999999996,33.15,-4.66,60.29,16.87
2025-08-05T13:09:43.626304,64.0,-94.0,-16.0,-76.0,-10.0,-24.0,2.0,6.0,15.0,-74.0,6.0,-29.0,31.310000000000002,-84.77,-9.190000000000001,-55.92,-16.02,3.2300000000000004,-7.51,28.98,22.15,-49.66,14.29,-1.129999999999999
2025-08-05T13:09:43.630242,76.0,-4.0,-47.0,-40.0,53.0,-3.0,-32.0,43.0,58.0,-29.0,0.0,-50.0,43.31,5.23,-40.19,-19.92,46.980000000000004,24.23,-41.51,65.98,65.15,-4.66,8.29,-22.13
2025-08-05T13:09:43.638393,77.0,11.0,-41.0,21.0,-30.0,-54.0,90.0,37.0,6.0,-57.0,-11.0,-35.0,44.31,20.23,-34.19,41.08,-36.019999999999996,-26.77,80.49,59.980000000000004,13.15,-32.66,-2.710000000000001,-7.129999999999999
2025-08-05T13:09:43.642696,57.0,-13.0,67.0,45.0,-3.0,-56.0,-5.0,-32.0,-39.0,-50.0,22.0,-18.0,24.310000000000002,-3.7699999999999996,73.81,65.08,-9.02,-28.77,-14.51,-9.02,-31.85,-25.66,30.29,9.870000000000001
2025-08-05T13:09:43.650786,51.0,-24.0,-13.0,-19.0,-56.0,-15.0,27.0,37.0,81.0,-42.0,-19.0,-16.0,18.310000000000002,-14.77,-6.19,1.0799999999999983,-62.019999999999996,12.23,17.490000000000002,59.980000000000004,88.15,-17.66,-10.71,11.870000000000001
2025-08-05T13:09:43.655017,-8.0,-70.0,18.0,4.0,-51.0,-4.0,-3.0,6.0,28.0,-43.0,-28.0,-97.0,-40.69,-60.769999999999996,24.81,24.08,-57.019999999999996,23.23,-12.51,28.98,35.15,-18.66,-19.71,-69.13
2025-08-05T13:09:43.662921,9.0,-45.0,36.0,30.0,18.0,-73.0,51.0,5.0,-39.0,-20.0,-6.0,-37.0,-23.689999999999998,-35.769999999999996,42.81,50.08,11.98,-45.769999999999996,41.49,27.98,-31.85,4.34,2.289999999999999,-9.129999999999999
2025-08-05T13:09:43.667349,-55.0,-19.0,-14.0,26.0,-16.0,40.0,-21.0,-34.0,-46.0,-49.0,-61.0,53.0,-87.69,-9.77,-7.19,46.08,-22.02,67.23,-30.509999999999998,-11.02,-38.85,-24.66,-52.71,80.87
2025-08-05T13:09:43.675164,-45.0,68.0,38.0,-28.0,11.0,-10.0,12.0,-8.0,-34.0,-46.0,-77.0,1.0,-77.69,77.23,44.81,-7.920000000000002,4.98,17.23,2.49,14.98,-26.85,-21.66,-68.71000000000001,28.87
2025-08-05T13:09:43.679589,41.0,23.0,-6.0,-46.0,1.0,-64.0,51.0,-15.0,-37.0,-54.0,-66.0,51.0,8.310000000000002,32.230000000000004,0.8099999999999996,-25.92,-5.02,-36.769999999999996,41.49,7.98,-29.85,-29.66,-57.71,78.87
2025-08-05T13:09:43.687469,43.0,46.0,-31.0,-93.0,23.0,1.0,89.0,27.0,-94.0,19.0,-53.0,16.0,10.310000000000002,55.230000000000004,-24.19,-72.92,16.98,28.23,79.49,49.980000000000004,-86.85,43.34,-44.71,43.870000000000005
2025-08-05T13:09:43.691820,33.0,81.0,-6.0,66.0,-62.0,7.0,9.0,16.0,10.0,-31.0,-63.0,-22.0,0.3100000000000023,90.23,0.8099999999999996,86.08,-68.02,34.230000000000004,-0.5099999999999998,38.980000000000004,17.15,-6.66,-54.71,5.870000000000001
2025-08-05T13:09:43.699903,54.0,-8.0,10.0,-27.0,5.0,-7.0,20.0,1.0,-3.0,-51.0,-92.0,26.0,21.310000000000002,1.2300000000000004,16.81,-6.920000000000002,-1.0199999999999996,20.23,10.49,23.98,4.15,-26.66,-83.71000000000001,53.870000000000005
2025-08-05T13:09:43.704034,46.0,62.0,-53.0,-1.0,-16.0,-38.0,56.0,-63.0,6.0,22.0,-55.0,41.0,13.310000000000002,71.23,-46.19,19.08,-22.02,-10.77,46.49,-40.019999999999996,13.15,46.34,-46.71,68.87
2025-08-05T13:09:43.712185,12.0,-14.0,-27.0,-60.0,19.0,-68.0,37.0,37.0,-74.0,30.0,-70.0,60.0,-20.689999999999998,-4.77,-20.19,-39.92,12.98,-40.769999999999996,27.490000000000002,59.980000000000004,-66.85,54.34,-61.71,87.87
2025-08-05T13:09:43.716399,101.0,-26.0,42.0,15.0,28.0,-7.0,-78.0,-20.0,1.0,-1.0,-115.0,63.0,68.31,-16.77,48.81,35.08,21.98,20.23,-87.51,2.9800000000000004,8.15,23.34,-106.71000000000001,90.87
2025-08-05T13:09:43.724413,31.0,50.0,-33.0,-13.0,61.0,51.0,-13.0,-20.0,-74.0,61.0,5.0,13.0,-1.6899999999999977,59.230000000000004,-26.19,7.079999999999998,54.980000000000004,78.23,-22.509999999999998,2.9800000000000004,-66.85,85.34,13.29,40.870000000000005
2025-08-05T13:09:43.728566,20.0,59.0,-34.0,-34.0,-22.0,-28.0,23.0,13.0,-31.0,103.0,-12.0,25.0,-12.689999999999998,68.23,-27.19,-13.920000000000002,-28.02,-0.7699999999999996,13.49,35.980000000000004,-23.85,127.34,-3.710000000000001,52.870000000000005
2025-08-05T13:09:43.736645,22.0,92.0,-24.0,-15.0,-55.0,-66.0,0.0,-56.0,-41.0,-9.0,-80.0,10.0,-10.689999999999998,101.23,-17.19,5.079999999999998,-61.019999999999996,-38.769999999999996,-9.51,-33.019999999999996,-33.85,15.34,-71.71000000000001,37.870000000000005
2025-08-05T13:09:43.740930,3.0,-15.0,-28.0,15.0,2.0,23.0,69.0,19.0,-40.0,-6.0,-71.0,70.0,-29.689999999999998,-5.77,-21.19,35.08,-4.02,50.230000000000004,59.49,41.980000000000004,-32.85,18.34,-62.71,97.87
2025-08-05T13:09:43.748883,17.0,77.0,-11.0,-15.0,11.0,-18.0,32.0,-74.0,-74.0,62.0,-77.0,48.0,-15.689999999999998,86.23,-4.19,5.079999999999998,4.98,9.23,22.490000000000002,-51.019999999999996,-66.85,86.34,-68.71000000000001,75.87
2025-08-05T13:09:43.753014,65.0,0.0,-41.0,-1.0,-91.0,-31.0,70.0,-29.0,2.0,33.0,-33.0,2.0,32.31,9.23,-34.19,19.08,-97.02,-3.7699999999999996,60.49,-6.02,9.15,57.34,-24.71,29.87
2025-08-05T13:09:43.757264,-6.0,-13.0,-46.0,57.0,-45.0,32.0,73.0,-68.0,-85.0,37.0,-59.0,66.0,-38.69,-3.7699999999999996,-39.19,77.08,-51.019999999999996,59.230000000000004,63.49,-45.019999999999996,-77.85,61.34,-50.71,93.87
2025-08-05T13:09:43.765403,79.0,-7.0,-41.0,-61.0,-62.0,-11.0,44.0,-65.0,0.0,64.0,-90.0,32.0,46.31,2.2300000000000004,-34.19,-40.92,-68.02,16.23,34.49,-42.019999999999996,7.15,88.34,-81.71000000000001,59.870000000000005
2025-08-05T13:09:43.769543,-22.0,-9.0,16.0,11.0,59.0,-95.0,60.0,-23.0,-42.0,30.0,-45.0,32.0,-54.69,0.23000000000000043,22.81,31.08,52.980000000000004,-67.77,50.49,-0.019999999999999574,-34.85,54.34,-36.71,59.870000000000005
2025-08-05T13:09:43.777640,45.0,-45.0,-5.0,-37.0,-4.0,-2.0,27.0,-71.0,-28.0,46.0,-41.0,4.0,12.310000000000002,-35.769999999999996,1.8099999999999996,-16.92,-10.02,25.23,17.490000000000002,-48.019999999999996,-20.85,70.34,-32.71,31.87
2025-08-05T13:09:43.781820,38.0,-126.0,34.0,52.0,16.0,-94.0,40.0,-68.0,31.0,53.0,-13.0,-36.0,5.310000000000002,-116.77,40.81,72.08,9.98,-66.77,30.490000000000002,-45.019999999999996,38.15,77.34,-4.710000000000001,-8.129999999999999
2025-08-05T13:09:43.789900,-37.0,-84.0,5.0,1.0,-12.0,-37.0,-19.0,-33.0,32.0,-25.0,-99.0,66.0,-69.69,-74.77,11.809999999999999,21.08,-18.02,-9.77,-28.509999999999998,-10.02,39.15,-0.6600000000000001,-90.71000000000001,93.87
2025-08-05T13:09:43.794074,-22.0,-99.0,5.0,67.0,47.0,-1.0,56.0,-42.0,62.0,105.0,-122.0,-4.0,-54.69,-89.77,11.809999999999999,87.08,40.980000000000004,26.23,46.49,-19.02,69.15,129.34,-113.71000000000001,23.87
2025-08-05T13:09:43.802201,-4.0,26.0,32.0,-53.0,14.0,-52.0,26.0,-21.0,8.0,32.0,-105.0,33.0,-36.69,35.230000000000004,38.81,-32.92,7.98,-24.77,16.490000000000002,1.9800000000000004,15.15,56.34,-96.71000000000001,60.870000000000005
2025-08-05T13:09:43.806352,52.0,54.0,-22.0,-32.0,18.0,-57.0,48.0,-32.0,-47.0,26.0,-59.0,-10.0,19.310000000000002,63.230000000000004,-15.190000000000001,-11.920000000000002,11.98,-29.77,38.49,-9.02,-39.85,50.34,-50.71,17.87
2025-08-05T13:09:43.814638,94.0,-24.0,18.0,-74.0,75.0,-19.0,-7.0,-6.0,26.0,47.0,-57.0,54.0,61.31,-14.77,24.81,-53.92,68.98,8.23,-16.509999999999998,16.98,33.15,71.34,-48.71,81.87
2025-08-05T13:09:43.818598,18.0,-47.0,42.0,1.0,19.0,1.0,69.0,-16.0,58.0,39.0,-44.0,-59.0,-14.689999999999998,-37.769999999999996,48.81,21.08,12.98,28.23,59.49,6.98,65.15,63.34,-35.71,-31.13
2025-08-05T13:09:43.826744,48.0,-66.0,55.0,-11.0,-27.0,-82.0,-42.0,43.0,33.0,57.0,33.0,10.0,15.310000000000002,-56.769999999999996,61.81,9.079999999999998,-33.019999999999996,-54.769999999999996,-51.51,65.98,40.15,81.34,41.29,37.870000000000005
2025-08-05T13:09:43.830911,-11.0,6.0,33.0,-54.0,51.0,-13.0,11.0,22.0,14.0,45.0,-124.0,12.0,-43.69,15.23,39.81,-33.92,44.980000000000004,14.23,1.4900000000000002,44.980000000000004,21.15,69.34,-115.71000000000001,39.870000000000005
2025-08-05T13:09:43.839069,-27.0,56.0,20.0,-23.0,28.0,7.0,7.0,-27.0,40.0,37.0,-19.0,27.0,-59.69,65.23,26.81,-2.9200000000000017,21.98,34.230000000000004,-2.51,-4.02,47.15,61.34,-10.71,54.870000000000005
2025-08-05T13:09:43.843241,44.0,67.0,-33.0,20.0,24.0,-9.0,-8.0,-18.0,-91.0,-22.0,-130.0,22.0,11.310000000000002,76.23,-26.19,40.08,17.98,18.23,-17.509999999999998,4.98,-83.85,2.34,-121.71000000000001,49.870000000000005
2025-08-05T13:09:43.851521,104.0,-5.0,-71.0,-72.0,68.0,-111.0,-23.0,5.0,-87.0,48.0,-89.0,2.0,71.31,4.23,-64.19,-51.92,61.980000000000004,-83.77,-32.51,27.98,-79.85,72.34,-80.71000000000001,29.87
2025-08-05T13:09:43.855839,79.0,-62.0,-24.0,-27.0,24.0,-92.0,-33.0,-42.0,-1.0,18.0,-77.0,42.0,46.31,-52.769999999999996,-17.19,-6.920000000000002,17.98,-64.77,-42.51,-19.02,6.15,42.34,-68.71000000000001,69.87
2025-08-05T13:09:43.863670,94.0,-42.0,12.0,-40.0,-22.0,-41.0,-38.0,-54.0,-24.0,58.0,-48.0,-7.0,61.31,-32.769999999999996,18.81,-19.92,-28.02,-13.77,-47.51,-31.02,-16.85,82.34,-39.71,20.87
2025-08-05T13:09:43.867935,34.0,1.0,40.0,-5.0,45.0,-29.0,7.0,6.0,-67.0,18.0,-67.0,16.0,1.3100000000000023,10.23,46.81,15.079999999999998,38.980000000000004,-1.7699999999999996,-2.51,28.98,-59.85,42.34,-58.71,43.870000000000005
2025-08-05T13:09:43.876107,16.0,-7.0,7.0,-42.0,14.0,44.0,-12.0,18.0,-15.0,43.0,-86.0,-66.0,-16.689999999999998,2.2300000000000004,13.809999999999999,-21.92,7.98,71.23,-21.509999999999998,40.980000000000004,-7.85,67.34,-77.71000000000001,-38.129999999999995
2025-08-05T13:09:43.880446,-26.0,-69.0,-6.0,24.0,30.0,-54.0,60.0,7.0,15.0,53.0,-52.0,-84.0,-58.69,-59.769999999999996,0.8099999999999996,44.08,23.98,-26.77,50.49,29.98,22.15,77.34,-43.71,-56.129999999999995
2025-08-05T13:09:43.888272,-12.0,-85.0,20.0,-44.0,4.0,2.0,62.0,-33.0,-56.0,30.0,-46.0,-7.0,-44.69,-75.77,26.81,-23.92,-2.0199999999999996,29.23,52.49,-10.02,-48.85,54.34,-37.71,20.87
2025-08-05T13:09:43.892517,-46.0,-45.0,16.0,-39.0,32.0,-57.0,-14.0,36.0,20.0,8.0,-43.0,-101.0,-78.69,-35.769999999999996,22.81,-18.92,25.98,-29.77,-23.509999999999998,58.980000000000004,27.15,32.34,-34.71,-73.13
2025-08-05T13:09:43.900621,-5.0,-36.0,6.0,18.0,78.0,-45.0,26.0,-53.0,-61.0,27.0,-34.0,0.0,-37.69,-26.77,12.809999999999999,38.08,71.98,-17.77,16.490000000000002,-30.02,-53.85,51.34,-25.71,27.87
2025-08-05T13:09:43.904888,63.0,39.0,-25.0,-49.0,-12.0,-27.0,33.0,-1.0,31.0,81.0,-18.0,-36.0,30.310000000000002,48.230000000000004,-18.19,-28.92,-18.02,0.23000000000000043,23.490000000000002,21.98,38.15,105.34,-9.71,-8.129999999999999
2025-08-05T13:09:43.912804,30.0,22.0,-74.0,16.0,-10.0,-66.0,65.0,-42.0,-16.0,-8.0,20.0,4.0,-2.6899999999999977,31.23,-67.19,36.08,-16.02,-38.769999999999996,55.49,-19.02,-8.85,16.34,28.29,31.87
2025-08-05T13:09:43.917061,36.0,47.0,-43.0,33.0,22.0,28.0,29.0,15.0,-38.0,18.0,82.0,-85.0,3.3100000000000023,56.230000000000004,-36.19,53.08,15.98,55.230000000000004,19.490000000000002,37.980000000000004,-30.85,42.34,90.28999999999999,-57.129999999999995
2025-08-05T13:09:43.925080,39.0,-10.0,-58.0,28.0,-14.0,-58.0,-30.0,-20.0,44.0,21.0,-94.0,-4.0,6.310000000000002,-0.7699999999999996,-51.19,48.08,-20.02,-30.77,-39.51,2.9800000000000004,51.15,45.34,-85.71000000000001,23.87
2025-08-05T13:09:43.929456,81.0,-33.0,63.0,-22.0,19.0,9.0,47.0,1.0,19.0,28.0,56.0,-20.0,48.31,-23.77,69.81,-1.9200000000000017,12.98,36.230000000000004,37.49,23.98,26.15,52.34,64.28999999999999,7.870000000000001
2025-08-05T13:09:43.937358,-13.0,-59.0,-17.0,-58.0,-31.0,-89.0,81.0,-57.0,16.0,-18.0,10.0,-13.0,-45.69,-49.769999999999996,-10.190000000000001,-37.92,-37.019999999999996,-61.769999999999996,71.49,-34.019999999999996,23.15,6.34,18.29,14.870000000000001
2025-08-05T13:09:43.941681,23.0,-26.0,29.0,-10.0,-7.0,33.0,31.0,-66.0,46.0,-42.0,45.0,5.0,-9.689999999999998,-16.77,35.81,10.079999999999998,-13.02,60.230000000000004,21.490000000000002,-43.019999999999996,53.15,-17.66,53.29,32.870000000000005
2025-08-05T13:09:43.949545,8.0,17.0,16.0,-61.0,-7.0,-53.0,37.0,-70.0,38.0,-118.0,8.0,-26.0,-24.689999999999998,26.23,22.81,-40.92,-13.02,-25.77,27.490000000000002,-47.019999999999996,45.15,-93.66,16.29,1.870000000000001
2025-08-05T13:09:43.953866,39.0,59.0,-16.0,10.0,-4.0,-111.0,5.0,-30.0,-10.0,-15.0,-62.0,-18.0,6.310000000000002,68.23,-9.190000000000001,30.08,-10.02,-83.77,-4.51,-7.02,-2.8499999999999996,9.34,-53.71,9.870000000000001
2025-08-05T13:09:43.961852,65.0,-14.0,-26.0,43.0,5.0,-27.0,57.0,-81.0,18.0,-35.0,18.0,-90.0,32.31,-4.77,-19.19,63.08,-1.0199999999999996,0.23000000000000043,47.49,-58.019999999999996,25.15,-10.66,26.29,-62.129999999999995
2025-08-05T13:09:43.966367,29.0,-101.0,-43.0,-19.0,-15.0,-71.0,-11.0,-65.0,11.0,-30.0,17.0,-8.0,-3.6899999999999977,-91.77,-36.19,1.0799999999999983,-21.02,-43.769999999999996,-20.509999999999998,-42.019999999999996,18.15,-5.66,25.29,19.87
2025-08-05T13:09:43.974415,93.0,-44.0,-23.0,32.0,18.0,-63.0,98.0,-52.0,-21.0,-17.0,-22.0,-42.0,60.31,-34.769999999999996,-16.19,52.08,11.98,-35.769999999999996,88.49,-29.02,-13.85,7.34,-13.71,-14.129999999999999
2025-08-05T13:09:43.978505,7.0,-54.0,56.0,9.0,36.0,-51.0,-3.0,-96.0,-32.0,-70.0,71.0,-73.0,-25.689999999999998,-44.769999999999996,62.81,29.08,29.98,-23.77,-12.51,-73.02,-24.85,-45.66,79.28999999999999,-45.129999999999995
2025-08-05T13:09:43.982486,-11.0,-96.0,66.0,16.0,7.0,-2.0,9.0,-33.0,6.0,-61.0,62.0,3.0,-43.69,-86.77,72.81,36.08,0.9800000000000004,25.23,-0.5099999999999998,-10.02,13.15,-36.66,70.28999999999999,30.87
2025-08-05T13:09:43.990662,6.0,-53.0,60.0,1.0,-22.0,-53.0,44.0,-53.0,-18.0,-25.0,35.0,33.0,-26.689999999999998,-43.769999999999996,66.81,21.08,-28.02,-25.77,34.49,-30.02,-10.85,-0.6600000000000001,43.29,60.870000000000005
2025-08-05T13:09:43.994772,-21.0,65.0,56.0,-21.0,-38.0,33.0,76.0,-63.0,35.0,-3.0,6.0,67.0,-53.69,74.23,62.81,-0.9200000000000017,-44.019999999999996,60.230000000000004,66.49,-40.019999999999996,42.15,21.34,14.29,94.87
2025-08-05T13:09:44.003093,40.0,-39.0,31.0,5.0,23.0,-82.0,-1.0,-35.0,89.0,-17.0,-79.0,75.0,7.310000000000002,-29.77,37.81,25.08,16.98,-54.769999999999996,-10.51,-12.02,96.15,7.34,-70.71000000000001,102.87
2025-08-05T13:09:44.007148,-81.0,3.0,93.0,-19.0,18.0,-19.0,-7.0,-95.0,56.0,29.0,-67.0,-28.0,-113.69,12.23,99.81,1.0799999999999983,11.98,8.23,-16.509999999999998,-72.02,63.15,53.34,-58.71,-0.129999999999999
2025-08-05T13:09:44.015299,-12.0,36.0,61.0,-10.0,11.0,-22.0,22.0,-86.0,-85.0,59.0,-52.0,-19.0,-44.69,45.230000000000004,67.81,10.079999999999998,4.98,5.23,12.49,-63.019999999999996,-77.85,83.34,-43.71,8.870000000000001
2025-08-05T13:09:44.019522,78.0,29.0,-10.0,-31.0,14.0,4.0,78.0,-21.0,32.0,1.0,-72.0,-12.0,45.31,38.230000000000004,-3.1900000000000004,-10.920000000000002,7.98,31.23,68.49,1.9800000000000004,39.15,25.34,-63.71,15.870000000000001
2025-08-05T13:09:44.027662,7.0,38.0,-14.0,-71.0,47.0,2.0,54.0,-7.0,-32.0,39.0,-84.0,29.0,-25.689999999999998,47.230000000000004,-7.19,-50.92,40.980000000000004,29.23,44.49,15.98,-24.85,63.34,-75.71000000000001,56.870000000000005
2025-08-05T13:09:44.031777,95.0,-4.0,-35.0,49.0,-36.0,-8.0,20.0,-35.0,-7.0,55.0,-68.0,50.0,62.31,5.23,-28.19,69.08,-42.019999999999996,19.23,10.49,-12.02,0.15000000000000036,79.34,-59.71,77.87
2025-08-05T13:09:44.039908,74.0,77.0,-73.0,-33.0,56.0,-17.0,72.0,-42.0,62.0,10.0,-48.0,20.0,41.31,86.23,-66.19,-12.920000000000002,49.980000000000004,10.23,62.49,-19.02,69.15,34.34,-39.71,47.870000000000005
2025-08-05T13:09:44.044133,110.0,-1.0,-90.0,-32.0,7.0,-43.0,38.0,-38.0,-5.0,56.0,-92.0,33.0,77.31,8.23,-83.19,-11.920000000000002,0.9800000000000004,-15.77,28.490000000000002,-15.02,2.1500000000000004,80.34,-83.71000000000001,60.870000000000005
2025-08-05T13:09:44.051999,80.0,-29.0,-37.0,-18.0,17.0,9.0,3.0,-59.0,74.0,-2.0,-70.0,17.0,47.31,-19.77,-30.19,2.0799999999999983,10.98,36.230000000000004,-6.51,-36.019999999999996,81.15,22.34,-61.71,44.870000000000005
2025-08-05T13:09:44.056400,62.0,-18.0,-5.0,-26.0,-15.0,-31.0,50.0,-92.0,-34.0,64.0,-53.0,34.0,29.310000000000002,-8.77,1.8099999999999996,-5.920000000000002,-21.02,-3.7699999999999996,40.49,-69.02,-26.85,88.34,-44.71,61.870000000000005
2025-08-05T13:09:44.064321,18.0,-76.0,64.0,-63.0,0.0,-17.0,-14.0,-48.0,21.0,81.0,-56.0,12.0,-14.689999999999998,-66.77,70.81,-42.92,-6.02,10.23,-23.509999999999998,-25.02,28.15,105.34,-47.71,39.870000000000005
2025-08-05T13:09:44.068632,20.0,30.0,-7.0,-53.0,17.0,27.0,38.0,-19.0,-27.0,33.0,-115.0,39.0,-12.689999999999998,39.230000000000004,-0.1900000000000004,-32.92,10.98,54.230000000000004,28.490000000000002,3.9800000000000004,-19.85,57.34,-106.71000000000001,66.87
2025-08-05T13:09:44.076700,33.0,36.0,26.0,-55.0,52.0,-79.0,-9.0,-21.0,10.0,-4.0,-19.0,-17.0,0.3100000000000023,45.230000000000004,32.81,-34.92,45.980000000000004,-51.769999999999996,-18.509999999999998,1.9800000000000004,17.15,20.34,-10.71,10.870000000000001
2025-08-05T13:09:44.080783,-7.0,35.0,12.0,26.0,-32.0,-63.0,3.0,-8.0,37.0,0.0,-81.0,33.0,-39.69,44.230000000000004,18.81,46.08,-38.019999999999996,-35.769999999999996,-6.51,14.98,44.15,24.34,-72.71000000000001,60.870000000000005
2025-08-05T13:09:44.088843,13.0,29.0,39.0,-69.0,30.0,-48.0,3.0,46.0,19.0,19.0,-7.0,3.0,-19.689999999999998,38.230000000000004,45.81,-48.92,23.98,-20.77,-6.51,68.98,26.15,43.34,1.2899999999999991,30.87
2025-08-05T13:09:44.093301,-38.0,0.0,14.0,-20.0,-8.0,-62.0,19.0,28.0,34.0,-9.0,-77.0,28.0,-70.69,9.23,20.81,0.0799999999999983,-14.02,-34.769999999999996,9.49,50.980000000000004,41.15,15.34,-68.71000000000001,55.870000000000005
2025-08-05T13:09:44.101226,-37.0,29.0,3.0,33.0,-5.0,-49.0,42.0,-9.0,-39.0,10.0,-32.0,45.0,-69.69,38.230000000000004,9.809999999999999,53.08,-11.02,-21.77,32.49,13.98,-31.85,34.34,-23.71,72.87
2025-08-05T13:09:44.105534,1.0,72.0,46.0,28.0,-12.0,21.0,26.0,-72.0,34.0,10.0,-36.0,55.0,-31.689999999999998,81.23,52.81,48.08,-18.02,48.230000000000004,16.490000000000002,-49.019999999999996,41.15,34.34,-27.71,82.87
2025-08-05T13:09:44.113480,25.0,-8.0,-26.0,-1.0,51.0,-31.0,31.0,-47.0,0.0,61.0,-24.0,13.0,-7.689999999999998,1.2300000000000004,-19.19,19.08,44.980000000000004,-3.7699999999999996,21.490000000000002,-24.02,7.15,85.34,-15.71,40.870000000000005
2025-08-05T13:09:44.117655,-11.0,-11.0,-68.0,1.0,-56.0,-46.0,2.0,-35.0,-17.0,37.0,-53.0,-7.0,-43.69,-1.7699999999999996,-61.19,21.08,-62.019999999999996,-18.77,-7.51,-12.02,-9.85,61.34,-44.71,20.87
2025-08-05T13:09:44.125811,16.0,-13.0,-29.0,-17.0,41.0,-25.0,19.0,35.0,-12.0,-13.0,-73.0,16.0,-16.689999999999998,-3.7699999999999996,-22.19,3.0799999999999983,34.980000000000004,2.2300000000000004,9.49,57.980000000000004,-4.85,11.34,-64.71000000000001,43.870000000000005
2025-08-05T13:09:44.130113,71.0,-3.0,-43.0,-56.0,35.0,-9.0,16.0,-26.0,10.0,3.0,-94.0,6.0,38.31,6.23,-36.19,-35.92,28.98,18.23,6.49,-3.0199999999999996,17.15,27.34,-85.71000000000001,33.870000000000005
2025-08-05T13:09:44.134021,45.0,48.0,-17.0,-49.0,22.0,-31.0,18.0,38.0,1.0,10.0,-75.0,21.0,12.310000000000002,57.230000000000004,-10.190000000000001,-28.92,15.98,-3.7699999999999996,8.49,60.980000000000004,8.15,34.34,-66.71000000000001,48.870000000000005
2025-08-05T13:09:44.142272,14.0,-34.0,-26.0,-3.0,-7.0,-87.0,28.0,8.0,23.0,73.0,-11.0,43.0,-18.689999999999998,-24.77,-19.19,17.08,-13.02,-59.769999999999996,18.490000000000002,30.98,30.15,97.34,-2.710000000000001,70.87
2025-08-05T13:09:44.146475,140.0,-27.0,-42.0,45.0,88.0,-75.0,36.0,18.0,40.0,47.0,-54.0,61.0,107.31,-17.77,-35.19,65.08,81.98,-47.769999999999996,26.490000000000002,40.980000000000004,47.15,71.34,-45.71,88.87
2025-08-05T13:09:44.155537,112.0,-58.0,29.0,43.0,-33.0,-26.0,33.0,6.0,-28.0,-5.0,-59.0,-19.0,79.31,-48.769999999999996,35.81,63.08,-39.019999999999996,1.2300000000000004,23.490000000000002,28.98,-20.85,19.34,-50.71,8.870000000000001
2025-08-05T13:09:44.158591,-18.0,-36.0,16.0,15.0,-4.0,-46.0,32.0,-77.0,5.0,70.0,-7.0,9.0,-50.69,-26.77,22.81,35.08,-10.02,-18.77,22.490000000000002,-54.019999999999996,12.15,94.34,1.2899999999999991,36.870000000000005
2025-08-05T13:09:44.166790,47.0,-37.0,1.0,7.0,-24.0,-16.0,67.0,-69.0,-11.0,11.0,-18.0,17.0,14.310000000000002,-27.77,7.81,27.08,-30.02,11.23,57.49,-46.019999999999996,-3.8499999999999996,35.34,-9.71,44.870000000000005
2025-08-05T13:09:44.170970,-11.0,41.0,6.0,-97.0,-8.0,50.0,-20.0,-47.0,30.0,20.0,-42.0,16.0,-43.69,50.230000000000004,12.809999999999999,-76.92,-14.02,77.23,-29.509999999999998,-24.02,37.15,44.34,-33.71,43.870000000000005
2025-08-05T13:09:44.178998,-8.0,17.0,-39.0,-2.0,18.0,0.0,-19.0,-22.0,-30.0,-14.0,-66.0,2.0,-40.69,26.23,-32.19,18.08,11.98,27.23,-28.509999999999998,0.9800000000000004,-22.85,10.34,-57.71,29.87
2025-08-05T13:09:44.183494,-29.0,19.0,-14.0,-4.0,42.0,44.0,-51.0,-62.0,-22.0,15.0,-58.0,27.0,-61.69,28.23,-7.19,16.08,35.980000000000004,71.23,-60.51,-39.019999999999996,-14.85,39.34,-49.71,54.870000000000005
2025-08-05T13:09:44.191326,34.0,37.0,-13.0,-42.0,46.0,-66.0,67.0,-92.0,66.0,40.0,-62.0,2.0,1.3100000000000023,46.230000000000004,-6.19,-21.92,39.980000000000004,-38.769999999999996,57.49,-69.02,73.15,64.34,-53.71,29.87
2025-08-05T13:09:44.195691,94.0,-27.0,-86.0,-62.0,6.0,-30.0,-25.0,-72.0,48.0,24.0,-81.0,-26.0,61.31,-17.77,-79.19,-41.92,-0.019999999999999574,-2.7699999999999996,-34.51,-49.019999999999996,55.15,48.34,-72.71000000000001,1.870000000000001
2025-08-05T13:09:44.203537,32.0,-119.0,21.0,-26.0,-5.0,-22.0,-39.0,-11.0,9.0,10.0,-9.0,45.0,-0.6899999999999977,-109.77,27.81,-5.920000000000002,-11.02,5.23,-48.51,11.98,16.15,34.34,-0.7100000000000009,72.87
2025-08-05T13:09:44.207867,-3.0,-58.0,-20.0,23.0,9.0,57.0,-15.0,0.0,44.0,11.0,-11.0,94.0,-35.69,-48.769999999999996,-13.190000000000001,43.08,2.9800000000000004,84.23,-24.509999999999998,22.98,51.15,35.34,-2.710000000000001,121.87
2025-08-05T13:09:44.215979,-2.0,-39.0,34.0,-19.0,0.0,-58.0,-15.0,-41.0,30.0,29.0,-21.0,43.0,-34.69,-29.77,40.81,1.0799999999999983,-6.02,-30.77,-24.509999999999998,-18.02,37.15,53.34,-12.71,70.87
2025-08-05T13:09:44.220342,57.0,36.0,9.0,-30.0,-70.0,-1.0,-10.0,-35.0,40.0,45.0,6.0,23.0,24.310000000000002,45.230000000000004,15.809999999999999,-9.920000000000002,-76.02,26.23,-19.509999999999998,-12.02,47.15,69.34,14.29,50.870000000000005
2025-08-05T13:09:44.228154,3.0,48.0,7.0,-90.0,99.0,-14.0,18.0,-31.0,29.0,41.0,-103.0,-26.0,-29.689999999999998,57.230000000000004,13.809999999999999,-69.92,92.98,13.23,8.49,-8.02,36.15,65.34,-94.71000000000001,1.870000000000001
2025-08-05T13:09:44.232606,87.0,56.0,-55.0,-76.0,-16.0,-48.0,29.0,-58.0,31.0,-6.0,-122.0,19.0,54.31,65.23,-48.19,-55.92,-22.02,-20.77,19.490000000000002,-35.019999999999996,38.15,18.34,-113.71000000000001,46.870000000000005
2025-08-05T13:09:44.240608,54.0,-1.0,-105.0,20.0,14.0,-58.0,-9.0,-22.0,38.0,28.0,-61.0,-11.0,21.310000000000002,8.23,-98.19,40.08,7.98,-30.77,-18.509999999999998,0.9800000000000004,45.15,52.34,-52.71,16.87
2025-08-05T13:09:44.244666,86.0,-8.0,-21.0,24.0,10.0,-65.0,-28.0,-62.0,-46.0,-45.0,-112.0,-26.0,53.31,1.2300000000000004,-14.190000000000001,44.08,3.9800000000000004,-37.769999999999996,-37.51,-39.019999999999996,-38.85,-20.66,-103.71000000000001,1.870000000000001
2025-08-05T13:09:44.252712,-25.0,22.0,20.0,31.0,-9.0,-17.0,54.0,-1.0,-5.0,8.0,-45.0,-30.0,-57.69,31.23,26.81,51.08,-15.02,10.23,44.49,21.98,2.1500000000000004,32.34,-36.71,-2.129999999999999
2025-08-05T13:09:44.256970,60.0,-77.0,8.0,-97.0,48.0,-62.0,-16.0,-23.0,-8.0,45.0,-41.0,10.0,27.310000000000002,-67.77,14.809999999999999,-76.92,41.980000000000004,-34.769999999999996,-25.509999999999998,-0.019999999999999574,-0.8499999999999996,69.34,-32.71,37.870000000000005
2025-08-05T13:09:44.265185,62.0,-28.0,24.0,-13.0,-29.0,-25.0,-41.0,37.0,-10.0,3.0,-49.0,-33.0,29.310000000000002,-18.77,30.81,7.079999999999998,-35.019999999999996,2.2300000000000004,-50.51,59.980000000000004,-2.8499999999999996,27.34,-40.71,-5.129999999999999
2025-08-05T13:09:44.269424,20.0,-108.0,39.0,-41.0,35.0,-37.0,-53.0,-50.0,-31.0,25.0,-77.0,-6.0,-12.689999999999998,-98.77,45.81,-20.92,28.98,-9.77,-62.51,-27.02,-23.85,49.34,-68.71000000000001,21.87
2025-08-05T13:09:44.277279,18.0,-72.0,47.0,-22.0,91.0,15.0,0.0,-83.0,13.0,32.0,-36.0,81.0,-14.689999999999998,-62.769999999999996,53.81,-1.9200000000000017,84.98,42.230000000000004,-9.51,-60.019999999999996,20.15,56.34,-27.71,108.87
2025-08-05T13:09:44.281733,-54.0,35.0,-27.0,-3.0,50.0,-68.0,5.0,-46.0,14.0,5.0,-63.0,-15.0,-86.69,44.230000000000004,-20.19,17.08,43.980000000000004,-40.769999999999996,-4.51,-23.02,21.15,29.34,-54.71,12.870000000000001
2025-08-05T13:09:44.289588,49.0,46.0,38.0,-1.0,-33.0,-100.0,33.0,-48.0,-76.0,-12.0,-108.0,4.0,16.310000000000002,55.230000000000004,44.81,19.08,-39.019999999999996,-72.77,23.490000000000002,-25.02,-68.85,12.34,-99.71000000000001,31.87
2025-08-05T13:09:44.293829,44.0,-11.0,8.0,32.0,46.0,-4.0,14.0,16.0,21.0,87.0,-7.0,10.0,11.310000000000002,-1.7699999999999996,14.809999999999999,52.08,39.980000000000004,23.23,4.49,38.980000000000004,28.15,111.34,1.2899999999999991,37.870000000000005
2025-08-05T13:09:44.301836,66.0,-29.0,-52.0,-52.0,36.0,-79.0,11.0,-42.0,-23.0,43.0,-105.0,69.0,33.31,-19.77,-45.19,-31.92,29.98,-51.769999999999996,1.4900000000000002,-19.02,-15.85,67.34,-96.71000000000001,96.87
2025-08-05T13:09:44.306089,25.0,26.0,-114.0,-18.0,82.0,-7.0,7.0,-29.0,-10.0,105.0,-80.0,43.0,-7.689999999999998,35.230000000000004,-107.19,2.0799999999999983,75.98,20.23,-2.51,-6.02,-2.8499999999999996,129.34,-71.71000000000001,70.87
2025-08-05T13:09:44.314179,76.0,-54.0,36.0,-12.0,57.0,-55.0,10.0,20.0,-13.0,56.0,-78.0,36.0,43.31,-44.769999999999996,42.81,8.079999999999998,50.980000000000004,-27.77,0.4900000000000002,42.980000000000004,-5.85,80.34,-69.71000000000001,63.870000000000005
2025-08-05T13:09:44.318492,35.0,-79.0,16.0,-33.0,27.0,-68.0,67.0,2.0,-48.0,51.0,-29.0,-5.0,2.3100000000000023,-69.77,22.81,-12.920000000000002,20.98,-40.769999999999996,57.49,24.98,-40.85,75.34,-20.71,22.87
2025-08-05T13:09:44.326510,6.0,-86.0,7.0,-3.0,-13.0,-56.0,26.0,-7.0,-10.0,60.0,-92.0,19.0,-26.689999999999998,-76.77,13.809999999999999,17.08,-19.02,-28.77,16.490000000000002,15.98,-2.8499999999999996,84.34,-83.71000000000001,46.870000000000005
2025-08-05T13:09:44.330593,16.0,13.0,36.0,-29.0,24.0,37.0,78.0,-27.0,38.0,66.0,-3.0,-6.0,-16.689999999999998,22.23,42.81,-8.920000000000002,17.98,64.23,68.49,-4.02,45.15,90.34,5.289999999999999,21.87
2025-08-05T13:09:44.334758,-13.0,42.0,7.0,30.0,-6.0,12.0,83.0,-82.0,-17.0,35.0,-91.0,-26.0,-45.69,51.230000000000004,13.809999999999999,50.08,-12.02,39.230000000000004,73.49,-59.019999999999996,-9.85,59.34,-82.71000000000001,1.870000000000001
2025-08-05T13:09:44.342952,-34.0,19.0,-67.0,23.0,4.0,46.0,7.0,-55.0,22.0,8.0,11.0,21.0,-66.69,28.23,-60.19,43.08,-2.0199999999999996,73.23,-2.51,-32.019999999999996,29.15,32.34,19.29,48.870000000000005
2025-08-05T13:09:44.347016,-32.0,20.0,-70.0,-55.0,17.0,3.0,-41.0,-12.0,-14.0,52.0,-90.0,36.0,-64.69,29.23,-63.19,-34.92,10.98,30.23,-50.51,10.98,-6.85,76.34,-81.71000000000001,63.870000000000005
2025-08-05T13:09:44.355366,-2.0,66.0,-81.0,-23.0,96.0,-32.0,-10.0,-12.0,-1.0,28.0,-59.0,29.0,-34.69,75.23,-74.19,-2.9200000000000017,89.98,-4.77,-19.509999999999998,10.98,6.15,52.34,-50.71,56.870000000000005
2025-08-05T13:09:44.359275,-19.0,24.0,-59.0,52.0,37.0,-5.0,-49.0,-44.0,68.0,56.0,-13.0,30.0,-51.69,33.230000000000004,-52.19,72.08,30.98,22.23,-58.51,-21.02,75.15,80.34,-4.710000000000001,57.870000000000005
2025-08-05T13:09:44.367572,47.0,-58.0,-77.0,50.0,8.0,-54.0,25.0,-59.0,-14.0,24.0,-27.0,9.0,14.310000000000002,-48.769999999999996,-70.19,70.08,1.9800000000000004,-26.77,15.49,-36.019999999999996,-6.85,48.34,-18.71,36.870000000000005
2025-08-05T13:09:44.371606,115.0,-9.0,-31.0,12.0,21.0,-30.0,19.0,-85.0,-12.0,14.0,-13.0,37.0,82.31,0.23000000000000043,-24.19,32.08,14.98,-2.7699999999999996,9.49,-62.019999999999996,-4.85,38.34,-4.710000000000001,64.87
2025-08-05T13:09:44.379784,88.0,-60.0,33.0,23.0,-44.0,-11.0,-62.0,17.0,3.0,-20.0,-8.0,19.0,55.31,-50.769999999999996,39.81,43.08,-50.019999999999996,16.23,-71.51,39.980000000000004,10.15,4.34,0.28999999999999915,46.870000000000005
2025-08-05T13:09:44.383845,36.0,-5.0,15.0,26.0,39.0,22.0,-19.0,2.0,44.0,71.0,-47.0,16.0,3.3100000000000023,4.23,21.81,46.08,32.980000000000004,49.230000000000004,-28.509999999999998,24.98,51.15,95.34,-38.71,43.870000000000005
2025-08-05T13:09:44.392177,-51.0,-26.0,11.0,-18.0,15.0,-79.0,-33.0,5.0,37.0,21.0,-75.0,19.0,-83.69,-16.77,17.81,2.0799999999999983,8.98,-51.769999999999996,-42.51,27.98,44.15,45.34,-66.71000000000001,46.870000000000005
2025-08-05T13:09:44.396438,-6.0,63.0,-112.0,-37.0,37.0,-38.0,31.0,-55.0,6.0,-5.0,-102.0,0.0,-38.69,72.23,-105.19,-16.92,30.98,-10.77,21.490000000000002,-32.019999999999996,13.15,19.34,-93.71000000000001,27.87
2025-08-05T13:09:44.404313,12.0,26.0,-14.0,-13.0,1.0,-28.0,-59.0,53.0,-10.0,42.0,-12.0,-41.0,-20.689999999999998,35.230000000000004,-7.19,7.079999999999998,-5.02,-0.7699999999999996,-68.51,75.98,-2.8499999999999996,66.34,-3.710000000000001,-13.129999999999999
2025-08-05T13:09:44.408715,79.0,12.0,-45.0,47.0,45.0,-31.0,-63.0,50.0,-26.0,70.0,-26.0,48.0,46.31,21.23,-38.19,67.08,38.980000000000004,-3.7699999999999996,-72.51,72.98,-18.85,94.34,-17.71,75.87
2025-08-05T13:09:44.416684,83.0,44.0,-68.0,-5.0,3.0,6.0,25.0,-24.0,-42.0,38.0,-34.0,21.0,50.31,53.230000000000004,-61.19,15.079999999999998,-3.0199999999999996,33.230000000000004,15.49,-1.0199999999999996,-34.85,62.34,-25.71,48.870000000000005
2025-08-05T13:09:44.420924,62.0,-7.0,-23.0,-49.0,-44.0,-3.0,32.0,-7.0,-29.0,-15.0,-37.0,27.0,29.310000000000002,2.2300000000000004,-16.19,-28.92,-50.019999999999996,24.23,22.490000000000002,15.98,-21.85,9.34,-28.71,54.870000000000005
2025-08-05T13:09:44.429076,69.0,-71.0,34.0,-89.0,54.0,-19.0,25.0,-26.0,-39.0,-16.0,-37.0,43.0,36.31,-61.769999999999996,40.81,-68.92,47.980000000000004,8.23,15.49,-3.0199999999999996,-31.85,8.34,-28.71,70.87
