timestamp,x1,y1,z1,x2,y2,z2,x3,y3,z3,x4,y4,z4,x1_calib,y1_calib,z1_calib,x2_calib,y2_calib,z2_calib,x3_calib,y3_calib,z3_calib,x4_calib,y4_calib,z4_calib
2025-08-04T19:07:17.274864,17.0,-29.0,-37.0,26.0,-39.0,-33.0,8.0,1.0,-29.0,-8.0,94.0,19.0,25.16,-14.78,-37.81,42.96,-42.35,-23.92,-2.6099999999999994,9.36,-29.35,-22.619999999999997,91.29,3.25
2025-08-04T19:07:17.279232,42.0,-99.0,15.0,-9.0,14.0,97.0,-2.0,-22.0,-41.0,15.0,44.0,38.0,50.16,-84.78,14.19,7.960000000000001,10.65,106.08,-12.61,-13.64,-41.35,0.3800000000000008,41.29,22.25
2025-08-04T19:07:17.287196,10.0,-29.0,-14.0,21.0,-38.0,25.0,61.0,-72.0,40.0,-70.0,90.0,-10.0,18.16,-14.78,-14.81,37.96,-41.35,34.08,50.39,-63.64,39.65,-84.62,87.29,-25.75
2025-08-04T19:07:17.291873,49.0,-96.0,12.0,-8.0,-20.0,-66.0,53.0,-25.0,22.0,-91.0,68.0,-12.0,57.16,-81.78,11.19,8.96,-23.35,-56.92,42.39,-16.64,21.65,-105.62,65.29,-27.75
2025-08-04T19:07:17.299412,22.0,-35.0,33.0,-23.0,-1.0,-15.0,14.0,-27.0,-21.0,21.0,-28.0,13.0,30.16,-20.78,32.19,-6.039999999999999,-4.35,-5.92,3.3900000000000006,-18.64,-21.35,6.380000000000001,-30.71,-2.75
2025-08-04T19:07:17.303695,-53.0,32.0,57.0,-54.0,30.0,6.0,47.0,-4.0,41.0,19.0,33.0,-36.0,-44.84,46.22,56.19,-37.04,26.65,15.08,36.39,4.359999999999999,40.65,4.380000000000001,30.29,-51.75
2025-08-04T19:07:17.311799,-18.0,106.0,-59.0,-68.0,-5.0,5.0,-47.0,-117.0,-17.0,-1.0,-16.0,-36.0,-9.84,120.22,-59.81,-51.04,-8.35,14.08,-57.61,-108.64,-17.35,-15.62,-18.71,-51.75
2025-08-04T19:07:17.316016,32.0,53.0,0.0,36.0,14.0,13.0,-31.0,20.0,76.0,23.0,42.0,16.0,40.16,67.22,-0.81,52.96,10.65,22.08,-41.61,28.36,75.65,8.38,39.29,0.25
2025-08-04T19:07:17.323950,66.0,13.0,-56.0,-21.0,57.0,-52.0,37.0,2.0,48.0,20.0,-26.0,-41.0,74.16,27.22,-56.81,-4.039999999999999,53.65,-42.92,26.39,10.36,47.65,5.380000000000001,-28.71,-56.75
2025-08-04T19:07:17.328466,63.0,-100.0,-37.0,-3.0,32.0,-67.0,-64.0,-2.0,57.0,11.0,75.0,2.0,71.16,-85.78,-37.81,13.96,28.65,-57.92,-74.61,6.359999999999999,56.65,-3.619999999999999,72.29,-13.75
2025-08-04T19:07:17.336418,28.0,-60.0,-2.0,-54.0,-18.0,-126.0,-36.0,42.0,-20.0,-41.0,74.0,-8.0,36.16,-45.78,-2.81,-37.04,-21.35,-116.92,-46.61,50.36,-20.35,-55.62,71.29,-23.75
2025-08-04T19:07:17.340989,40.0,-49.0,-36.0,-33.0,-39.0,28.0,33.0,29.0,-21.0,0.0,36.0,14.0,48.16,-34.78,-36.81,-16.04,-42.35,37.08,22.39,37.36,-21.35,-14.62,33.29,-1.75
2025-08-04T19:07:17.344783,-25.0,-7.0,70.0,-31.0,-57.0,4.0,23.0,-5.0,-34.0,-18.0,26.0,52.0,-16.84,7.220000000000001,69.19,-14.04,-60.35,13.08,12.39,3.3599999999999994,-34.35,-32.62,23.29,36.25
2025-08-04T19:07:17.353022,-30.0,-23.0,39.0,-76.0,26.0,56.0,-20.0,-34.0,30.0,-41.0,49.0,23.0,-21.84,-8.78,38.19,-59.04,22.65,65.08,-30.61,-25.64,29.65,-55.62,46.29,7.25
2025-08-04T19:07:17.357278,-50.0,19.0,63.0,-13.0,88.0,37.0,24.0,16.0,-51.0,-38.0,-5.0,-46.0,-41.84,33.22,62.19,3.960000000000001,84.65,46.08,13.39,24.36,-51.35,-52.62,-7.71,-61.75
2025-08-04T19:07:17.365327,-32.0,-3.0,-35.0,18.0,13.0,-20.0,36.0,-17.0,-55.0,-9.0,96.0,-18.0,-23.84,11.22,-35.81,34.96,9.65,-10.92,25.39,-8.64,-55.35,-23.619999999999997,93.29,-33.75
2025-08-04T19:07:17.369313,17.0,48.0,10.0,85.0,-2.0,-68.0,71.0,-8.0,-37.0,69.0,65.0,39.0,25.16,62.22,9.19,101.96000000000001,-5.35,-58.92,60.39,0.35999999999999943,-37.35,54.38,62.29,23.25
2025-08-04T19:07:17.377269,56.0,14.0,5.0,-7.0,59.0,-24.0,91.0,-29.0,-43.0,-44.0,36.0,-9.0,64.16,28.22,4.1899999999999995,9.96,55.65,-14.92,80.39,-20.64,-43.35,-58.62,33.29,-24.75
2025-08-04T19:07:17.381548,16.0,48.0,-47.0,77.0,7.0,-14.0,93.0,-27.0,20.0,0.0,-44.0,8.0,24.16,62.22,-47.81,93.96000000000001,3.65,-4.92,82.39,-18.64,19.65,-14.62,-46.71,-7.75
2025-08-04T19:07:17.389611,12.0,-50.0,3.0,-14.0,-47.0,95.0,38.0,-7.0,-19.0,9.0,52.0,-64.0,20.16,-35.78,2.19,2.960000000000001,-50.35,104.08,27.39,1.3599999999999994,-19.35,-5.619999999999999,49.29,-79.75
2025-08-04T19:07:17.394058,-25.0,-4.0,-2.0,-25.0,1.0,10.0,22.0,-23.0,20.0,-63.0,45.0,66.0,-16.84,10.22,-2.81,-8.04,-2.35,19.08,11.39,-14.64,19.65,-77.62,42.29,50.25
2025-08-04T19:07:17.402237,67.0,-23.0,-32.0,3.0,-27.0,2.0,-32.0,-23.0,31.0,-14.0,47.0,-25.0,75.16,-8.78,-32.81,19.96,-30.35,11.08,-42.61,-14.64,30.65,-28.619999999999997,44.29,-40.75
2025-08-04T19:07:17.407101,3.0,14.0,-24.0,-53.0,8.0,44.0,9.0,-45.0,-22.0,5.0,35.0,22.0,11.16,28.22,-24.81,-36.04,4.65,53.08,-1.6099999999999994,-36.64,-22.35,-9.62,32.29,6.25
2025-08-04T19:07:17.414411,76.0,-15.0,16.0,-7.0,-51.0,35.0,62.0,16.0,-13.0,-43.0,29.0,-34.0,84.16,-0.7799999999999994,15.19,9.96,-54.35,44.08,51.39,24.36,-13.35,-57.62,26.29,-49.75
2025-08-04T19:07:17.418452,49.0,-42.0,-4.0,-4.0,56.0,-17.0,34.0,-39.0,-36.0,5.0,62.0,20.0,57.16,-27.78,-4.8100000000000005,12.96,52.65,-7.92,23.39,-30.64,-36.35,-9.62,59.29,4.25
2025-08-04T19:07:17.426748,49.0,14.0,-24.0,19.0,-9.0,-38.0,-8.0,-20.0,-50.0,51.0,44.0,-13.0,57.16,28.22,-24.81,35.96,-12.35,-28.92,-18.61,-11.64,-50.35,36.38,41.29,-28.75
2025-08-04T19:07:17.430796,-39.0,-56.0,-12.0,-12.0,-3.0,-47.0,-2.0,-20.0,-64.0,-33.0,16.0,-41.0,-30.84,-41.78,-12.81,4.960000000000001,-6.35,-37.92,-12.61,-11.64,-64.35,-47.62,13.29,-56.75
2025-08-04T19:07:17.438666,-63.0,32.0,81.0,12.0,45.0,-54.0,99.0,-42.0,19.0,-48.0,39.0,-16.0,-54.84,46.22,80.19,28.96,41.65,-44.92,88.39,-33.64,18.65,-62.62,36.29,-31.75
2025-08-04T19:07:17.442906,-58.0,34.0,-33.0,-44.0,-4.0,33.0,10.0,-22.0,24.0,-1.0,56.0,-27.0,-49.84,48.22,-33.81,-27.04,-7.35,42.08,-0.6099999999999994,-13.64,23.65,-15.62,53.29,-42.75
2025-08-04T19:07:17.451008,-1.0,-20.0,-18.0,4.0,-89.0,-51.0,76.0,-28.0,-5.0,5.0,46.0,10.0,7.16,-5.779999999999999,-18.81,20.96,-92.35,-41.92,65.39,-19.64,-5.35,-9.62,43.29,-5.75
2025-08-04T19:07:17.455553,-12.0,14.0,4.0,-46.0,79.0,69.0,55.0,-21.0,-23.0,5.0,-17.0,37.0,-3.84,28.22,3.19,-29.04,75.65,78.08,44.39,-12.64,-23.35,-9.62,-19.71,21.25
2025-08-04T19:07:17.463222,-53.0,18.0,-20.0,-8.0,56.0,-18.0,-38.0,-97.0,-77.0,2.0,7.0,19.0,-44.84,32.22,-20.81,8.96,52.65,-8.92,-48.61,-88.64,-77.35,-12.62,4.29,3.25
2025-08-04T19:07:17.467542,61.0,52.0,-7.0,-7.0,58.0,-83.0,37.0,-76.0,-58.0,-34.0,46.0,-45.0,69.16,66.22,-7.8100000000000005,9.96,54.65,-73.92,26.39,-67.64,-58.35,-48.62,43.29,-60.75
2025-08-04T19:07:17.475548,38.0,7.0,-11.0,-38.0,97.0,-69.0,40.0,0.0,83.0,-11.0,-11.0,-55.0,46.16,21.22,-11.81,-21.04,93.65,-59.92,29.39,8.36,82.65,-25.619999999999997,-13.71,-70.75
2025-08-04T19:07:17.479780,13.0,58.0,-21.0,-46.0,-1.0,-18.0,12.0,-77.0,-77.0,-76.0,12.0,-98.0,21.16,72.22,-21.81,-29.04,-4.35,-8.92,1.3900000000000006,-68.64,-77.35,-90.62,9.29,-113.75
2025-08-04T19:07:17.488016,86.0,-28.0,-48.0,30.0,10.0,38.0,61.0,-32.0,-50.0,-14.0,-10.0,-1.0,94.16,-13.78,-48.81,46.96,6.65,47.08,50.39,-23.64,-50.35,-28.619999999999997,-12.71,-16.75
2025-08-04T19:07:17.492307,-27.0,-75.0,62.0,-37.0,45.0,-31.0,10.0,-18.0,14.0,25.0,-20.0,17.0,-18.84,-60.78,61.19,-20.04,41.65,-21.92,-0.6099999999999994,-9.64,13.65,10.38,-22.71,1.25
2025-08-04T19:07:17.496269,-43.0,6.0,57.0,-105.0,-6.0,20.0,-25.0,-38.0,1.0,-41.0,21.0,33.0,-34.84,20.22,56.19,-88.03999999999999,-9.35,29.08,-35.61,-29.64,0.65,-55.62,18.29,17.25
2025-08-04T19:07:17.504953,39.0,-11.0,8.0,-13.0,7.0,-63.0,-56.0,-33.0,24.0,-41.0,4.0,-70.0,47.16,3.2200000000000006,7.1899999999999995,3.960000000000001,3.65,-53.92,-66.61,-24.64,23.65,-55.62,1.29,-85.75
2025-08-04T19:07:17.508851,-78.0,25.0,51.0,24.0,-11.0,9.0,36.0,-38.0,21.0,-74.0,22.0,-32.0,-69.84,39.22,50.19,40.96,-14.35,18.08,25.39,-29.64,20.65,-88.62,19.29,-47.75
2025-08-04T19:07:17.517105,-108.0,13.0,36.0,-10.0,48.0,-56.0,23.0,-40.0,17.0,-58.0,16.0,0.0,-99.84,27.22,35.19,6.960000000000001,44.65,-46.92,12.39,-31.64,16.65,-72.62,13.29,-15.75
2025-08-04T19:07:17.521639,53.0,-12.0,-10.0,-20.0,50.0,-21.0,16.0,34.0,-2.0,-38.0,76.0,-32.0,61.16,2.2200000000000006,-10.81,-3.039999999999999,46.65,-11.92,5.390000000000001,42.36,-2.35,-52.62,73.29,-47.75
2025-08-04T19:07:17.529600,33.0,-20.0,-31.0,-6.0,11.0,34.0,-29.0,-9.0,-16.0,-5.0,61.0,48.0,41.16,-5.779999999999999,-31.81,10.96,7.65,43.08,-39.61,-0.6400000000000006,-16.35,-19.619999999999997,58.29,32.25
2025-08-04T19:07:17.533432,48.0,-112.0,20.0,-42.0,3.0,7.0,7.0,-34.0,-35.0,-4.0,101.0,-15.0,56.16,-97.78,19.19,-25.04,-0.3500000000000001,16.08,-3.6099999999999994,-25.64,-35.35,-18.619999999999997,98.29,-30.75
2025-08-04T19:07:17.541718,-55.0,-34.0,27.0,-62.0,93.0,29.0,12.0,80.0,28.0,39.0,16.0,-5.0,-46.84,-19.78,26.19,-45.04,89.65,38.08,1.3900000000000006,88.36,27.65,24.380000000000003,13.29,-20.75
2025-08-04T19:07:17.546278,-100.0,0.0,93.0,-78.0,100.0,-7.0,-19.0,-2.0,3.0,-28.0,60.0,-55.0,-91.84,14.22,92.19,-61.04,96.65,2.08,-29.61,6.359999999999999,2.65,-42.62,57.29,-70.75
2025-08-04T19:07:17.553913,-36.0,41.0,67.0,51.0,15.0,17.0,-25.0,49.0,-17.0,-64.0,93.0,-13.0,-27.84,55.22,66.19,67.96000000000001,11.65,26.08,-35.61,57.36,-17.35,-78.62,90.29,-28.75
2025-08-04T19:07:17.558478,-38.0,10.0,-21.0,-33.0,11.0,-39.0,0.0,-25.0,-11.0,-86.0,41.0,-44.0,-29.84,24.22,-21.81,-16.04,7.65,-29.92,-10.61,-16.64,-11.35,-100.62,38.29,-59.75
2025-08-04T19:07:17.565862,-6.0,-15.0,-102.0,13.0,24.0,-25.0,2.0,-14.0,-7.0,-21.0,23.0,26.0,2.16,-0.7799999999999994,-102.81,29.96,20.65,-15.92,-8.61,-5.640000000000001,-7.35,-35.62,20.29,10.25
2025-08-04T19:07:17.570216,8.0,-37.0,-32.0,67.0,11.0,24.0,29.0,64.0,-2.0,-54.0,-22.0,28.0,16.16,-22.78,-32.81,83.96000000000001,7.65,33.08,18.39,72.36,-2.35,-68.62,-24.71,12.25
2025-08-04T19:07:17.578054,28.0,-26.0,-71.0,61.0,-11.0,59.0,0.0,27.0,11.0,-7.0,108.0,12.0,36.16,-11.78,-71.81,77.96000000000001,-14.35,68.08,-10.61,35.36,10.65,-21.619999999999997,105.29,-3.75
2025-08-04T19:07:17.582394,-11.0,1.0,-19.0,-36.0,46.0,-9.0,21.0,-48.0,-6.0,-66.0,57.0,-4.0,-2.84,15.22,-19.81,-19.04,42.65,0.08000000000000007,10.39,-39.64,-6.35,-80.62,54.29,-19.75
2025-08-04T19:07:17.590293,41.0,41.0,19.0,-3.0,52.0,38.0,7.0,-6.0,3.0,-26.0,53.0,-62.0,49.16,55.22,18.19,13.96,48.65,47.08,-3.6099999999999994,2.3599999999999994,2.65,-40.62,50.29,-77.75
2025-08-04T19:07:17.594682,23.0,-11.0,16.0,-89.0,89.0,-30.0,47.0,37.0,-18.0,-13.0,65.0,-6.0,31.16,3.2200000000000006,15.19,-72.03999999999999,85.65,-20.92,36.39,45.36,-18.35,-27.619999999999997,62.29,-21.75
2025-08-04T19:07:17.602716,75.0,-88.0,16.0,-21.0,37.0,-22.0,-22.0,-7.0,-19.0,-17.0,79.0,8.0,83.16,-73.78,15.19,-4.039999999999999,33.65,-12.92,-32.61,1.3599999999999994,-19.35,-31.619999999999997,76.29,-7.75
2025-08-04T19:07:17.606821,-43.0,32.0,26.0,73.0,60.0,37.0,1.0,35.0,-74.0,-19.0,19.0,27.0,-34.84,46.22,25.19,89.96000000000001,56.65,46.08,-9.61,43.36,-74.35,-33.62,16.29,11.25
2025-08-04T19:07:17.614875,-61.0,-99.0,6.0,49.0,-61.0,-30.0,16.0,15.0,-61.0,15.0,1.0,55.0,-52.84,-84.78,5.1899999999999995,65.96000000000001,-64.35,-20.92,5.390000000000001,23.36,-61.35,0.3800000000000008,-1.71,39.25
2025-08-04T19:07:17.619522,-3.0,-54.0,-3.0,-15.0,-75.0,49.0,33.0,-26.0,25.0,-53.0,5.0,45.0,5.16,-39.78,-3.81,1.9600000000000009,-78.35,58.08,22.39,-17.64,24.65,-67.62,2.29,29.25
2025-08-04T19:07:17.627187,-63.0,-29.0,44.0,-19.0,-9.0,66.0,49.0,-18.0,-82.0,-20.0,32.0,87.0,-54.84,-14.78,43.19,-2.039999999999999,-12.35,75.08,38.39,-9.64,-82.35,-34.62,29.29,71.25
2025-08-04T19:07:17.631524,-104.0,-51.0,40.0,-63.0,30.0,0.0,38.0,47.0,-49.0,-44.0,-7.0,58.0,-95.84,-36.78,39.19,-46.04,26.65,9.08,27.39,55.36,-49.35,-58.62,-9.71,42.25
2025-08-04T19:07:17.639463,63.0,83.0,36.0,-65.0,-20.0,20.0,-30.0,24.0,-29.0,-45.0,110.0,34.0,71.16,97.22,35.19,-48.04,-23.35,29.08,-40.61,32.36,-29.35,-59.62,107.29,18.25
2025-08-04T19:07:17.644099,55.0,-107.0,-14.0,20.0,-4.0,-19.0,29.0,13.0,-68.0,-21.0,71.0,55.0,63.16,-92.78,-14.81,36.96,-7.35,-9.92,18.39,21.36,-68.35,-35.62,68.29,39.25
2025-08-04T19:07:17.651632,8.0,-104.0,73.0,41.0,9.0,-15.0,-5.0,29.0,-7.0,-30.0,23.0,21.0,16.16,-89.78,72.19,57.96,5.65,-5.92,-15.61,37.36,-7.35,-44.62,20.29,5.25
2025-08-04T19:07:17.657323,26.0,-50.0,8.0,-20.0,45.0,-17.0,73.0,7.0,-21.0,-36.0,-55.0,142.0,34.16,-35.78,7.1899999999999995,-3.039999999999999,41.65,-7.92,62.39,15.36,-21.35,-50.62,-57.71,126.25
2025-08-04T19:07:17.664000,-43.0,-73.0,24.0,98.0,52.0,6.0,-44.0,-60.0,-42.0,-22.0,-61.0,28.0,-34.84,-58.78,23.19,114.96000000000001,48.65,15.08,-54.61,-51.64,-42.35,-36.62,-63.71,12.25
2025-08-04T19:07:17.668504,-51.0,18.0,-12.0,3.0,-24.0,-29.0,4.0,-11.0,-55.0,-32.0,-27.0,95.0,-42.84,32.22,-12.81,19.96,-27.35,-19.92,-6.609999999999999,-2.6400000000000006,-55.35,-46.62,-29.71,79.25
2025-08-04T19:07:17.672781,-40.0,8.0,56.0,-30.0,21.0,-4.0,49.0,5.0,-39.0,23.0,-50.0,5.0,-31.84,22.22,55.19,-13.04,17.65,5.08,38.39,13.36,-39.35,8.38,-52.71,-10.75
2025-08-04T19:07:17.680580,9.0,-23.0,61.0,-3.0,-19.0,3.0,-63.0,-29.0,-4.0,64.0,1.0,30.0,17.16,-8.78,60.19,13.96,-22.35,12.08,-73.61,-20.64,-4.35,49.38,-1.71,14.25
2025-08-04T19:07:17.684775,-8.0,42.0,8.0,-54.0,57.0,19.0,28.0,25.0,58.0,3.0,-56.0,10.0,0.16000000000000014,56.22,7.1899999999999995,-37.04,53.65,28.08,17.39,33.36,57.65,-11.62,-58.71,-5.75
2025-08-04T19:07:17.692829,-82.0,-29.0,43.0,-35.0,-28.0,-46.0,67.0,5.0,-5.0,11.0,-6.0,-47.0,-73.84,-14.78,42.19,-18.04,-31.35,-36.92,56.39,13.36,-5.35,-3.619999999999999,-8.71,-62.75
2025-08-04T19:07:17.697532,-19.0,30.0,65.0,-1.0,24.0,-19.0,-22.0,14.0,8.0,130.0,-19.0,32.0,-10.84,44.22,64.19,15.96,20.65,-9.92,-32.61,22.36,7.65,115.38,-21.71,16.25
2025-08-04T19:07:17.705125,-38.0,0.0,-43.0,-35.0,15.0,19.0,80.0,-42.0,23.0,47.0,18.0,-58.0,-29.84,14.22,-43.81,-18.04,11.65,28.08,69.39,-33.64,22.65,32.38,15.29,-73.75
2025-08-04T19:07:17.710177,84.0,42.0,-23.0,-22.0,3.0,-51.0,81.0,78.0,-41.0,75.0,-28.0,32.0,92.16,56.22,-23.81,-5.039999999999999,-0.3500000000000001,-41.92,70.39,86.36,-41.35,60.38,-30.71,16.25
2025-08-04T19:07:17.717616,-11.0,-62.0,-2.0,8.0,-34.0,5.0,62.0,9.0,-76.0,61.0,-76.0,29.0,-2.84,-47.78,-2.81,24.96,-37.35,14.08,51.39,17.36,-76.35,46.38,-78.71,13.25
2025-08-04T19:07:17.721572,33.0,-62.0,-62.0,-47.0,18.0,53.0,49.0,-10.0,47.0,87.0,50.0,24.0,41.16,-47.78,-62.81,-30.04,14.65,62.08,38.39,-1.6400000000000006,46.65,72.38,47.29,8.25
2025-08-04T19:07:17.729833,3.0,-87.0,49.0,12.0,50.0,-30.0,-10.0,53.0,-73.0,44.0,8.0,-30.0,11.16,-72.78,48.19,28.96,46.65,-20.92,-20.61,61.36,-73.35,29.380000000000003,5.29,-45.75
2025-08-04T19:07:17.733893,-21.0,-103.0,43.0,-29.0,27.0,-65.0,99.0,-11.0,37.0,39.0,41.0,7.0,-12.84,-88.78,42.19,-12.04,23.65,-55.92,88.39,-2.6400000000000006,36.65,24.380000000000003,38.29,-8.75
2025-08-04T19:07:17.742036,4.0,-27.0,56.0,-58.0,-7.0,-10.0,14.0,53.0,-22.0,9.0,13.0,55.0,12.16,-12.78,55.19,-41.04,-10.35,-0.9199999999999999,3.3900000000000006,61.36,-22.35,-5.619999999999999,10.29,39.25
2025-08-04T19:07:17.746580,-52.0,-69.0,27.0,-29.0,0.0,-45.0,65.0,0.0,24.0,-29.0,37.0,6.0,-43.84,-54.78,26.19,-12.04,-3.35,-35.92,54.39,8.36,23.65,-43.62,34.29,-9.75
2025-08-04T19:07:17.754121,-62.0,-34.0,51.0,-36.0,1.0,-29.0,7.0,-1.0,-19.0,91.0,83.0,26.0,-53.84,-19.78,50.19,-19.04,-2.35,-19.92,-3.6099999999999994,7.359999999999999,-19.35,76.38,80.29,10.25
2025-08-04T19:07:17.758453,-51.0,50.0,82.0,-48.0,10.0,16.0,28.0,69.0,-17.0,37.0,34.0,18.0,-42.84,64.22,81.19,-31.04,6.65,25.08,17.39,77.36,-17.35,22.380000000000003,31.29,2.25
2025-08-04T19:07:17.766650,52.0,-18.0,-40.0,-62.0,-19.0,-20.0,8.0,-14.0,10.0,118.0,47.0,-61.0,60.16,-3.7799999999999994,-40.81,-45.04,-22.35,-10.92,-2.6099999999999994,-5.640000000000001,9.65,103.38,44.29,-76.75
2025-08-04T19:07:17.770825,9.0,-19.0,-4.0,-20.0,-13.0,20.0,78.0,-78.0,-6.0,-28.0,55.0,28.0,17.16,-4.779999999999999,-4.8100000000000005,-3.039999999999999,-16.35,29.08,67.39,-69.64,-6.35,-42.62,52.29,12.25
2025-08-04T19:07:17.778648,46.0,29.0,-26.0,-23.0,64.0,-17.0,-22.0,3.0,-58.0,1.0,-1.0,31.0,54.16,43.22,-26.81,-6.039999999999999,60.65,-7.92,-32.61,11.36,-58.35,-13.62,-3.71,15.25
2025-08-04T19:07:17.782883,-7.0,44.0,-10.0,-14.0,-40.0,-9.0,31.0,-33.0,-58.0,50.0,71.0,-5.0,1.1600000000000001,58.22,-10.81,2.960000000000001,-43.35,0.08000000000000007,20.39,-24.64,-58.35,35.38,68.29,-20.75
2025-08-04T19:07:17.790935,14.0,-86.0,-21.0,-33.0,-12.0,20.0,25.0,-32.0,-86.0,47.0,53.0,-15.0,22.16,-71.78,-21.81,-16.04,-15.35,29.08,14.39,-23.64,-86.35,32.38,50.29,-30.75
2025-08-04T19:07:17.795816,13.0,-44.0,62.0,31.0,-51.0,10.0,40.0,14.0,10.0,81.0,57.0,-42.0,21.16,-29.78,61.19,47.96,-54.35,19.08,29.39,22.36,9.65,66.38,54.29,-57.75
2025-08-04T19:07:17.803203,-64.0,-69.0,43.0,11.0,17.0,0.0,-9.0,-118.0,-42.0,-4.0,47.0,-23.0,-55.84,-54.78,42.19,27.96,13.65,9.08,-19.61,-109.64,-42.35,-18.619999999999997,44.29,-38.75
2025-08-04T19:07:17.808189,12.0,9.0,62.0,-97.0,-36.0,-40.0,-53.0,-46.0,5.0,137.0,30.0,-20.0,20.16,23.22,61.19,-80.03999999999999,-39.35,-30.92,-63.61,-37.64,4.65,122.38,27.29,-35.75
2025-08-04T19:07:17.815503,-63.0,35.0,-36.0,-5.0,61.0,-11.0,6.0,16.0,-22.0,48.0,15.0,24.0,-54.84,49.22,-36.81,11.96,57.65,-1.92,-4.609999999999999,24.36,-22.35,33.38,12.29,8.25
2025-08-04T19:07:17.820357,58.0,-16.0,-32.0,71.0,-23.0,-47.0,45.0,-44.0,-18.0,31.0,24.0,-38.0,66.16,-1.7799999999999994,-32.81,87.96000000000001,-26.35,-37.92,34.39,-35.64,-18.35,16.380000000000003,21.29,-53.75
2025-08-04T19:07:17.827755,45.0,22.0,1.0,21.0,-8.0,-18.0,77.0,-66.0,-41.0,114.0,35.0,35.0,53.16,36.22,0.18999999999999995,37.96,-11.35,-8.92,66.39,-57.64,-41.35,99.38,32.29,19.25
2025-08-04T19:07:17.832424,28.0,-48.0,50.0,34.0,16.0,-17.0,34.0,0.0,-55.0,26.0,47.0,-29.0,36.16,-33.78,49.19,50.96,12.65,-7.92,23.39,8.36,-55.35,11.38,44.29,-44.75
2025-08-04T19:07:17.840129,-27.0,-24.0,60.0,-11.0,49.0,-5.0,-5.0,-72.0,1.0,84.0,67.0,11.0,-18.84,-9.78,59.19,5.960000000000001,45.65,4.08,-15.61,-63.64,0.65,69.38,64.29,-4.75
2025-08-04T19:07:17.844505,-13.0,-80.0,32.0,9.0,-23.0,-10.0,40.0,-42.0,-20.0,40.0,68.0,1.0,-4.84,-65.78,31.19,25.96,-26.35,-0.9199999999999999,29.39,-33.64,-20.35,25.380000000000003,65.29,-14.75
2025-08-04T19:07:17.852449,-115.0,-30.0,32.0,-12.0,35.0,-46.0,19.0,4.0,-39.0,-3.0,-9.0,2.0,-106.84,-15.78,31.19,4.960000000000001,31.65,-36.92,8.39,12.36,-39.35,-17.619999999999997,-11.71,-13.75
2025-08-04T19:07:17.856796,21.0,19.0,-40.0,25.0,-26.0,12.0,-16.0,-25.0,39.0,46.0,98.0,-37.0,29.16,33.22,-40.81,41.96,-29.35,21.08,-26.61,-16.64,38.65,31.380000000000003,95.29,-52.75
2025-08-04T19:07:17.864743,87.0,15.0,-53.0,25.0,-6.0,58.0,17.0,-37.0,23.0,52.0,31.0,-18.0,95.16,29.22,-53.81,41.96,-9.35,67.08,6.390000000000001,-28.64,22.65,37.38,28.29,-33.75
2025-08-04T19:07:17.869703,-16.0,-74.0,-30.0,-54.0,3.0,24.0,20.0,23.0,-6.0,48.0,-5.0,-5.0,-7.84,-59.78,-30.81,-37.04,-0.3500000000000001,33.08,9.39,31.36,-6.35,33.38,-7.71,-20.75
2025-08-04T19:07:17.876914,-3.0,-47.0,-24.0,-88.0,114.0,-7.0,21.0,-58.0,15.0,-33.0,64.0,4.0,5.16,-32.78,-24.81,-71.03999999999999,110.65,2.08,10.39,-49.64,14.65,-47.62,61.29,-11.75
2025-08-04T19:07:17.881624,31.0,-59.0,51.0,-60.0,42.0,-9.0,5.0,15.0,-52.0,-43.0,11.0,33.0,39.16,-44.78,50.19,-43.04,38.65,0.08000000000000007,-5.609999999999999,23.36,-52.35,-57.62,8.29,17.25
2025-08-04T19:07:17.889199,-30.0,-12.0,58.0,-35.0,103.0,-18.0,70.0,31.0,2.0,15.0,-13.0,12.0,-21.84,2.2200000000000006,57.19,-18.04,99.65,-8.92,59.39,39.36,1.65,0.3800000000000008,-15.71,-3.75
2025-08-04T19:07:17.893526,-30.0,59.0,0.0,37.0,-65.0,-23.0,-9.0,-45.0,-3.0,-21.0,24.0,-4.0,-21.84,73.22,-0.81,53.96,-68.35,-13.92,-19.61,-36.64,-3.35,-35.62,21.29,-19.75
2025-08-04T19:07:17.898540,-73.0,7.0,86.0,19.0,-41.0,-68.0,2.0,-19.0,45.0,-34.0,47.0,-5.0,-64.84,21.22,85.19,35.96,-44.35,-58.92,-8.61,-10.64,44.65,-48.62,44.29,-20.75
2025-08-04T19:07:17.905802,-55.0,45.0,-35.0,10.0,-46.0,78.0,52.0,15.0,45.0,17.0,32.0,-42.0,-46.84,59.22,-35.81,26.96,-49.35,87.08,41.39,23.36,44.65,2.380000000000001,29.29,-57.75
2025-08-04T19:07:17.913802,67.0,-43.0,-106.0,-47.0,-32.0,26.0,-28.0,-13.0,-50.0,-35.0,18.0,-43.0,75.16,-28.78,-106.81,-30.04,-35.35,35.08,-38.61,-4.640000000000001,-50.35,-49.62,15.29,-58.75
2025-08-04T19:07:17.918092,16.0,-16.0,20.0,-42.0,4.0,33.0,-12.0,-1.0,10.0,-10.0,48.0,-46.0,24.16,-1.7799999999999994,19.19,-25.04,0.6499999999999999,42.08,-22.61,7.359999999999999,9.65,-24.619999999999997,45.29,-61.75
2025-08-04T19:07:17.922990,28.0,-62.0,-35.0,-59.0,61.0,-45.0,-48.0,44.0,26.0,-15.0,27.0,-3.0,36.16,-47.78,-35.81,-42.04,57.65,-35.92,-58.61,52.36,25.65,-29.619999999999997,24.29,-18.75
2025-08-04T19:07:17.930417,57.0,-34.0,-1.0,-54.0,14.0,-16.0,-17.0,-10.0,22.0,-23.0,53.0,-21.0,65.16,-19.78,-1.81,-37.04,10.65,-6.92,-27.61,-1.6400000000000006,21.65,-37.62,50.29,-36.75
2025-08-04T19:07:17.935400,3.0,21.0,14.0,-9.0,-28.0,-22.0,11.0,-32.0,28.0,6.0,88.0,-6.0,11.16,35.22,13.19,7.960000000000001,-31.35,-12.92,0.39000000000000057,-23.64,27.65,-8.62,85.29,-21.75
2025-08-04T19:07:17.942591,-62.0,-61.0,112.0,-57.0,-14.0,42.0,-35.0,-50.0,-24.0,1.0,-26.0,-16.0,-53.84,-46.78,111.19,-40.04,-17.35,51.08,-45.61,-41.64,-24.35,-13.62,-28.71,-31.75
2025-08-04T19:07:17.947693,43.0,-35.0,-12.0,-20.0,-18.0,3.0,67.0,-50.0,-53.0,2.0,48.0,-25.0,51.16,-20.78,-12.81,-3.039999999999999,-21.35,12.08,56.39,-41.64,-53.35,-12.62,45.29,-40.75
2025-08-04T19:07:17.954818,5.0,-45.0,-26.0,-28.0,10.0,-25.0,65.0,-13.0,6.0,-53.0,23.0,-9.0,13.16,-30.78,-26.81,-11.04,6.65,-15.92,54.39,-4.640000000000001,5.65,-67.62,20.29,-24.75
2025-08-04T19:07:17.960002,-26.0,53.0,-31.0,27.0,33.0,2.0,14.0,6.0,-33.0,27.0,-1.0,-38.0,-17.84,67.22,-31.81,43.96,29.65,11.08,3.3900000000000006,14.36,-33.35,12.38,-3.71,-53.75
2025-08-04T19:07:17.967073,11.0,10.0,4.0,-110.0,55.0,15.0,-62.0,-19.0,27.0,-57.0,1.0,-28.0,19.16,24.22,3.19,-93.03999999999999,51.65,24.08,-72.61,-10.64,26.65,-71.62,-1.71,-43.75
2025-08-04T19:07:17.971823,-10.0,55.0,-6.0,85.0,-11.0,-28.0,-13.0,50.0,-57.0,-91.0,-11.0,-53.0,-1.8399999999999999,69.22,-6.8100000000000005,101.96000000000001,-14.35,-18.92,-23.61,58.36,-57.35,-105.62,-13.71,-68.75
2025-08-04T19:07:17.979627,57.0,-69.0,-71.0,26.0,17.0,4.0,-12.0,39.0,-34.0,-61.0,13.0,-6.0,65.16,-54.78,-71.81,42.96,13.65,13.08,-22.61,47.36,-34.35,-75.62,10.29,-21.75
2025-08-04T19:07:17.984131,20.0,-66.0,-137.0,83.0,-2.0,7.0,77.0,-55.0,-34.0,-9.0,34.0,-70.0,28.16,-51.78,-137.81,99.96000000000001,-5.35,16.08,66.39,-46.64,-34.35,-23.619999999999997,31.29,-85.75
2025-08-04T19:07:17.991768,-5.0,-30.0,0.0,-57.0,50.0,22.0,12.0,-55.0,5.0,-38.0,135.0,-20.0,3.16,-15.78,-0.81,-40.04,46.65,31.08,1.3900000000000006,-46.64,4.65,-52.62,132.29,-35.75
2025-08-04T19:07:17.995854,44.0,0.0,40.0,24.0,5.0,33.0,20.0,-59.0,-44.0,8.0,54.0,29.0,52.16,14.22,39.19,40.96,1.65,42.08,9.39,-50.64,-44.35,-6.619999999999999,51.29,13.25
2025-08-04T19:07:18.003941,-83.0,-26.0,39.0,-42.0,-15.0,-7.0,-25.0,-39.0,51.0,2.0,5.0,-12.0,-74.84,-11.78,38.19,-25.04,-18.35,2.08,-35.61,-30.64,50.65,-12.62,2.29,-27.75
2025-08-04T19:07:18.009459,77.0,4.0,33.0,86.0,44.0,-31.0,52.0,-4.0,-10.0,-13.0,56.0,-1.0,85.16,18.22,32.19,102.96000000000001,40.65,-21.92,41.39,4.359999999999999,-10.35,-27.619999999999997,53.29,-16.75
2025-08-04T19:07:18.016143,25.0,10.0,40.0,7.0,1.0,-68.0,16.0,-66.0,10.0,-26.0,29.0,0.0,33.16,24.22,39.19,23.96,-2.35,-58.92,5.390000000000001,-57.64,9.65,-40.62,26.29,-15.75
2025-08-04T19:07:18.020797,10.0,-62.0,47.0,49.0,-34.0,-80.0,39.0,-14.0,-12.0,-16.0,48.0,12.0,18.16,-47.78,46.19,65.96000000000001,-37.35,-70.92,28.39,-5.640000000000001,-12.35,-30.619999999999997,45.29,-3.75
2025-08-04T19:07:18.028560,-17.0,-65.0,-9.0,-54.0,-43.0,-27.0,-16.0,-53.0,-26.0,12.0,23.0,-43.0,-8.84,-50.78,-9.81,-37.04,-46.35,-17.92,-26.61,-44.64,-26.35,-2.619999999999999,20.29,-58.75
2025-08-04T19:07:18.033104,-3.0,20.0,11.0,-14.0,10.0,-25.0,18.0,41.0,27.0,30.0,75.0,-15.0,5.16,34.22,10.19,2.960000000000001,6.65,-15.92,7.390000000000001,49.36,26.65,15.38,72.29,-30.75
2025-08-04T19:07:18.040902,20.0,90.0,-16.0,-56.0,7.0,58.0,36.0,74.0,-21.0,8.0,26.0,39.0,28.16,104.22,-16.81,-39.04,3.65,67.08,25.39,82.36,-21.35,-6.619999999999999,23.29,23.25
2025-08-04T19:07:18.046847,34.0,50.0,-18.0,-64.0,56.0,2.0,77.0,30.0,14.0,-25.0,53.0,-34.0,42.16,64.22,-18.81,-47.04,52.65,11.08,66.39,38.36,13.65,-39.62,50.29,-49.75
2025-08-04T19:07:18.053187,37.0,-63.0,-71.0,-45.0,43.0,-74.0,-6.0,-72.0,-41.0,-38.0,75.0,-18.0,45.16,-48.78,-71.81,-28.04,39.65,-64.92,-16.61,-63.64,-41.35,-52.62,72.29,-33.75
2025-08-04T19:07:18.057498,-19.0,9.0,59.0,73.0,23.0,4.0,-44.0,-69.0,21.0,-3.0,34.0,52.0,-10.84,23.22,58.19,89.96000000000001,19.65,13.08,-54.61,-60.64,20.65,-17.619999999999997,31.29,36.25
2025-08-04T19:07:18.065444,-4.0,-141.0,-17.0,77.0,-19.0,-31.0,62.0,19.0,-48.0,1.0,35.0,35.0,4.16,-126.78,-17.81,93.96000000000001,-22.35,-21.92,51.39,27.36,-48.35,-13.62,32.29,19.25
2025-08-04T19:07:18.069610,-48.0,-75.0,19.0,-56.0,-17.0,-5.0,68.0,-35.0,1.0,6.0,77.0,-10.0,-39.84,-60.78,18.19,-39.04,-20.35,4.08,57.39,-26.64,0.65,-8.62,74.29,-25.75
2025-08-04T19:07:18.077667,-58.0,-47.0,121.0,-61.0,-17.0,34.0,-4.0,-28.0,20.0,-29.0,-45.0,-45.0,-49.84,-32.78,120.19,-44.04,-20.35,43.08,-14.61,-19.64,19.65,-43.62,-47.71,-60.75
2025-08-04T19:07:18.082091,3.0,1.0,82.0,-57.0,-1.0,-41.0,13.0,-68.0,10.0,30.0,65.0,-42.0,11.16,15.22,81.19,-40.04,-4.35,-31.92,2.3900000000000006,-59.64,9.65,15.38,62.29,-57.75
2025-08-04T19:07:18.089948,29.0,56.0,1.0,-45.0,71.0,-60.0,54.0,-19.0,48.0,-66.0,-37.0,-10.0,37.16,70.22,0.18999999999999995,-28.04,67.65,-50.92,43.39,-10.64,47.65,-80.62,-39.71,-25.75
2025-08-04T19:07:18.094160,-10.0,-23.0,34.0,-57.0,-58.0,56.0,-54.0,15.0,29.0,-24.0,-14.0,-2.0,-1.8399999999999999,-8.78,33.19,-40.04,-61.35,65.08,-64.61,23.36,28.65,-38.62,-16.71,-17.75
2025-08-04T19:07:18.102258,7.0,25.0,-2.0,-9.0,-39.0,-15.0,-24.0,22.0,28.0,-21.0,24.0,32.0,15.16,39.22,-2.81,7.960000000000001,-42.35,-5.92,-34.61,30.36,27.65,-35.62,21.29,16.25
2025-08-04T19:07:18.106914,16.0,-9.0,-22.0,-30.0,-19.0,-56.0,-92.0,-28.0,51.0,-57.0,40.0,-41.0,24.16,5.220000000000001,-22.81,-13.04,-22.35,-46.92,-102.61,-19.64,50.65,-71.62,37.29,-56.75
2025-08-04T19:07:18.114439,-1.0,-19.0,0.0,24.0,-39.0,34.0,60.0,-50.0,-17.0,-26.0,54.0,0.0,7.16,-4.779999999999999,-0.81,40.96,-42.35,43.08,49.39,-41.64,-17.35,-40.62,51.29,-15.75
2025-08-04T19:07:18.118786,23.0,-110.0,-16.0,-47.0,108.0,33.0,57.0,-7.0,-79.0,15.0,20.0,-38.0,31.16,-95.78,-16.81,-30.04,104.65,42.08,46.39,1.3599999999999994,-79.35,0.3800000000000008,17.29,-53.75
2025-08-04T19:07:18.126809,18.0,-29.0,-21.0,-16.0,-62.0,-4.0,29.0,8.0,28.0,-14.0,37.0,53.0,26.16,-14.78,-21.81,0.9600000000000009,-65.35,5.08,18.39,16.36,27.65,-28.619999999999997,34.29,37.25
2025-08-04T19:07:18.131097,9.0,25.0,59.0,-19.0,-8.0,-14.0,-26.0,-52.0,8.0,-9.0,103.0,-25.0,17.16,39.22,58.19,-2.039999999999999,-11.35,-4.92,-36.61,-43.64,7.65,-23.619999999999997,100.29,-40.75
2025-08-04T19:07:18.139046,-32.0,-77.0,37.0,81.0,-26.0,-53.0,0.0,-15.0,-18.0,15.0,18.0,-12.0,-23.84,-62.78,36.19,97.96000000000001,-29.35,-43.92,-10.61,-6.640000000000001,-18.35,0.3800000000000008,15.29,-27.75
2025-08-04T19:07:18.143675,-26.0,-23.0,-21.0,-34.0,-11.0,22.0,-10.0,-34.0,-25.0,28.0,101.0,-43.0,-17.84,-8.78,-21.81,-17.04,-14.35,31.08,-20.61,-25.64,-25.35,13.38,98.29,-58.75
2025-08-04T19:07:18.151308,-33.0,-74.0,13.0,39.0,3.0,14.0,-31.0,-92.0,-19.0,-85.0,26.0,-23.0,-24.84,-59.78,12.19,55.96,-0.3500000000000001,23.08,-41.61,-83.64,-19.35,-99.62,23.29,-38.75
2025-08-04T19:07:18.155733,54.0,-8.0,-29.0,-82.0,1.0,13.0,-14.0,-71.0,-30.0,6.0,42.0,-66.0,62.16,6.220000000000001,-29.81,-65.03999999999999,-2.35,22.08,-24.61,-62.64,-30.35,-8.62,39.29,-81.75
2025-08-04T19:07:18.160701,16.0,52.0,-44.0,-54.0,8.0,33.0,13.0,-36.0,-4.0,6.0,122.0,-5.0,24.16,66.22,-44.81,-37.04,4.65,42.08,2.3900000000000006,-27.64,-4.35,-8.62,119.29,-20.75
2025-08-04T19:07:18.167886,67.0,-27.0,-123.0,-48.0,73.0,-94.0,52.0,-32.0,72.0,-73.0,51.0,2.0,75.16,-12.78,-123.81,-31.04,69.65,-84.92,41.39,-23.64,71.65,-87.62,48.29,-13.75
2025-08-04T19:07:18.172944,-22.0,-29.0,-18.0,28.0,-4.0,-38.0,36.0,39.0,8.0,-18.0,-41.0,-62.0,-13.84,-14.78,-18.81,44.96,-7.35,-28.92,25.39,47.36,7.65,-32.62,-43.71,-77.75
2025-08-04T19:07:18.180307,-25.0,-3.0,-41.0,46.0,1.0,-21.0,13.0,-84.0,73.0,-62.0,24.0,-5.0,-16.84,11.22,-41.81,62.96,-2.35,-11.92,2.3900000000000006,-75.64,72.65,-76.62,21.29,-20.75
2025-08-04T19:07:18.184613,36.0,-57.0,-8.0,-31.0,-1.0,30.0,66.0,-3.0,-84.0,-37.0,57.0,-8.0,44.16,-42.78,-8.81,-14.04,-4.35,39.08,55.39,5.359999999999999,-84.35,-51.62,54.29,-23.75
2025-08-04T19:07:18.192379,27.0,-65.0,-11.0,-14.0,-7.0,13.0,-19.0,-30.0,-22.0,27.0,3.0,4.0,35.16,-50.78,-11.81,2.960000000000001,-10.35,22.08,-29.61,-21.64,-22.35,12.38,0.29000000000000004,-11.75
2025-08-04T19:07:18.197026,52.0,-70.0,4.0,9.0,-9.0,8.0,-9.0,-90.0,-18.0,-57.0,46.0,-7.0,60.16,-55.78,3.19,25.96,-12.35,17.08,-19.61,-81.64,-18.35,-71.62,43.29,-22.75
2025-08-04T19:07:18.204692,48.0,-66.0,100.0,-12.0,-10.0,-46.0,8.0,-123.0,-28.0,-55.0,25.0,24.0,56.16,-51.78,99.19,4.960000000000001,-13.35,-36.92,-2.6099999999999994,-114.64,-28.35,-69.62,22.29,8.25
2025-08-04T19:07:18.209380,-75.0,-21.0,57.0,-49.0,15.0,-18.0,-13.0,8.0,17.0,-20.0,30.0,84.0,-66.84,-6.779999999999999,56.19,-32.04,11.65,-8.92,-23.61,16.36,16.65,-34.62,27.29,68.25
2025-08-04T19:07:18.217078,-42.0,96.0,76.0,-77.0,68.0,-16.0,31.0,5.0,16.0,-49.0,65.0,69.0,-33.84,110.22,75.19,-60.04,64.65,-6.92,20.39,13.36,15.65,-63.62,62.29,53.25
2025-08-04T19:07:18.221171,-85.0,-11.0,-56.0,19.0,76.0,5.0,8.0,6.0,-52.0,-28.0,59.0,49.0,-76.84,3.2200000000000006,-56.81,35.96,72.65,14.08,-2.6099999999999994,14.36,-52.35,-42.62,56.29,33.25
2025-08-04T19:07:18.229337,-18.0,92.0,-21.0,-17.0,-28.0,8.0,-10.0,9.0,40.0,-36.0,78.0,36.0,-9.84,106.22,-21.81,-0.03999999999999915,-31.35,17.08,-20.61,17.36,39.65,-50.62,75.29,20.25
2025-08-04T19:07:18.233507,-11.0,-47.0,9.0,14.0,-67.0,38.0,57.0,-9.0,21.0,1.0,-25.0,37.0,-2.84,-32.78,8.19,30.96,-70.35,47.08,46.39,-0.6400000000000006,20.65,-13.62,-27.71,21.25
2025-08-04T19:07:18.241592,24.0,-44.0,-29.0,-96.0,-12.0,-26.0,-63.0,41.0,-16.0,-22.0,-9.0,73.0,32.16,-29.78,-29.81,-79.03999999999999,-15.35,-16.92,-73.61,49.36,-16.35,-36.62,-11.71,57.25
2025-08-04T19:07:18.246070,62.0,11.0,40.0,18.0,59.0,-28.0,-8.0,-11.0,-1.0,-61.0,-10.0,64.0,70.16,25.22,39.19,34.96,55.65,-18.92,-18.61,-2.6400000000000006,-1.35,-75.62,-12.71,48.25
2025-08-04T19:07:18.253795,-9.0,-77.0,-9.0,-59.0,33.0,15.0,-18.0,-23.0,15.0,-40.0,-21.0,22.0,-0.8399999999999999,-62.78,-9.81,-42.04,29.65,24.08,-28.61,-14.64,14.65,-54.62,-23.71,6.25
2025-08-04T19:07:18.258013,-6.0,53.0,58.0,-72.0,-18.0,2.0,23.0,33.0,38.0,-39.0,49.0,-4.0,2.16,67.22,57.19,-55.04,-21.35,11.08,12.39,41.36,37.65,-53.62,46.29,-19.75
2025-08-04T19:07:18.265983,-5.0,-23.0,58.0,14.0,19.0,-53.0,52.0,13.0,89.0,-45.0,-45.0,-16.0,3.16,-8.78,57.19,30.96,15.65,-43.92,41.39,21.36,88.65,-59.62,-47.71,-31.75
2025-08-04T19:07:18.270241,-69.0,-42.0,-3.0,22.0,-27.0,-6.0,3.0,-1.0,2.0,-2.0,-32.0,-16.0,-60.84,-27.78,-3.81,38.96,-30.35,3.08,-7.609999999999999,7.359999999999999,1.65,-16.619999999999997,-34.71,-31.75
2025-08-04T19:07:18.278348,-78.0,-79.0,62.0,74.0,-17.0,45.0,23.0,-38.0,-13.0,39.0,-40.0,54.0,-69.84,-64.78,61.19,90.96000000000001,-20.35,54.08,12.39,-29.64,-13.35,24.380000000000003,-42.71,38.25
2025-08-04T19:07:18.283214,-31.0,-37.0,25.0,2.0,-28.0,-8.0,-10.0,-3.0,-5.0,5.0,-56.0,36.0,-22.84,-22.78,24.19,18.96,-31.35,1.08,-20.61,5.359999999999999,-5.35,-9.62,-58.71,20.25
2025-08-04T19:07:18.287657,-19.0,-48.0,0.0,-31.0,53.0,20.0,4.0,-21.0,-6.0,25.0,6.0,-4.0,-10.84,-33.78,-0.81,-14.04,49.65,29.08,-6.609999999999999,-12.64,-6.35,10.38,3.29,-19.75
2025-08-04T19:07:18.295368,-44.0,62.0,14.0,-37.0,-14.0,18.0,-92.0,22.0,27.0,-6.0,-25.0,17.0,-35.84,76.22,13.19,-20.04,-17.35,27.08,-102.61,30.36,26.65,-20.619999999999997,-27.71,1.25
2025-08-04T19:07:18.300081,-84.0,-13.0,-69.0,-105.0,22.0,26.0,24.0,52.0,-3.0,6.0,-56.0,72.0,-75.84,1.2200000000000006,-69.81,-88.03999999999999,18.65,35.08,13.39,60.36,-3.35,-8.62,-58.71,56.25
2025-08-04T19:07:18.307039,22.0,33.0,-64.0,-50.0,46.0,-36.0,-7.0,-8.0,-8.0,8.0,-13.0,79.0,30.16,47.22,-64.81,-33.04,42.65,-26.92,-17.61,0.35999999999999943,-8.35,-6.619999999999999,-15.71,63.25
2025-08-04T19:07:18.312825,18.0,96.0,-4.0,-59.0,-4.0,-12.0,3.0,-58.0,-19.0,30.0,-77.0,-53.0,26.16,110.22,-4.8100000000000005,-42.04,-7.35,-2.92,-7.609999999999999,-49.64,-19.35,15.38,-79.71,-68.75
2025-08-04T19:07:18.319423,69.0,-112.0,-27.0,-49.0,46.0,-87.0,-47.0,-2.0,36.0,58.0,33.0,-62.0,77.16,-97.78,-27.81,-32.04,42.65,-77.92,-57.61,6.359999999999999,35.65,43.38,30.29,-77.75
2025-08-04T19:07:18.323950,-28.0,9.0,48.0,18.0,-30.0,2.0,22.0,13.0,-41.0,46.0,-35.0,-7.0,-19.84,23.22,47.19,34.96,-33.35,11.08,11.39,21.36,-41.35,31.380000000000003,-37.71,-22.75
2025-08-04T19:07:18.331591,52.0,-74.0,34.0,-2.0,4.0,18.0,-28.0,36.0,-105.0,30.0,27.0,10.0,60.16,-59.78,33.19,14.96,0.6499999999999999,27.08,-38.61,44.36,-105.35,15.38,24.29,-5.75
2025-08-04T19:07:18.336263,-24.0,-52.0,45.0,-53.0,-9.0,2.0,9.0,32.0,-9.0,54.0,-33.0,-42.0,-15.84,-37.78,44.19,-36.04,-12.35,11.08,-1.6099999999999994,40.36,-9.35,39.38,-35.71,-57.75
2025-08-04T19:07:18.344074,-12.0,-98.0,23.0,-33.0,56.0,7.0,-23.0,73.0,-21.0,29.0,67.0,-39.0,-3.84,-83.78,22.19,-16.04,52.65,16.08,-33.61,81.36,-21.35,14.38,64.29,-54.75
2025-08-04T19:07:18.348567,-27.0,-130.0,17.0,-36.0,45.0,1.0,-37.0,-3.0,-44.0,2.0,32.0,12.0,-18.84,-115.78,16.19,-19.04,41.65,10.08,-47.61,5.359999999999999,-44.35,-12.62,29.29,-3.75
2025-08-04T19:07:18.356209,-46.0,2.0,23.0,-7.0,28.0,-26.0,32.0,-18.0,-65.0,18.0,49.0,-43.0,-37.84,16.22,22.19,9.96,24.65,-16.92,21.39,-9.64,-65.35,3.380000000000001,46.29,-58.75
2025-08-04T19:07:18.360997,9.0,-22.0,21.0,-14.0,-24.0,-49.0,-2.0,39.0,-83.0,-52.0,-5.0,23.0,17.16,-7.779999999999999,20.19,2.960000000000001,-27.35,-39.92,-12.61,47.36,-83.35,-66.62,-7.71,7.25
2025-08-04T19:07:18.368570,-69.0,-7.0,-2.0,10.0,54.0,-41.0,15.0,14.0,-43.0,-65.0,56.0,41.0,-60.84,7.220000000000001,-2.81,26.96,50.65,-31.92,4.390000000000001,22.36,-43.35,-79.62,53.29,25.25
2025-08-04T19:07:18.373470,-46.0,32.0,-81.0,70.0,-21.0,62.0,11.0,32.0,-33.0,-30.0,76.0,-37.0,-37.84,46.22,-81.81,86.96000000000001,-24.35,71.08,0.39000000000000057,40.36,-33.35,-44.62,73.29,-52.75
2025-08-04T19:07:18.380887,22.0,-39.0,-72.0,-28.0,-54.0,1.0,33.0,18.0,12.0,-1.0,19.0,-16.0,30.16,-24.78,-72.81,-11.04,-57.35,10.08,22.39,26.36,11.65,-15.62,16.29,-31.75
2025-08-04T19:07:18.385580,31.0,19.0,-47.0,-15.0,41.0,-12.0,84.0,3.0,-20.0,-17.0,62.0,-18.0,39.16,33.22,-47.81,1.9600000000000009,37.65,-2.92,73.39,11.36,-20.35,-31.619999999999997,59.29,-33.75
2025-08-04T19:07:18.393201,51.0,-31.0,25.0,-3.0,55.0,5.0,76.0,-56.0,-30.0,70.0,58.0,-35.0,59.16,-16.78,24.19,13.96,51.65,14.08,65.39,-47.64,-30.35,55.38,55.29,-50.75
2025-08-04T19:07:18.397560,-34.0,-71.0,63.0,7.0,27.0,21.0,80.0,19.0,-5.0,-93.0,73.0,28.0,-25.84,-56.78,62.19,23.96,23.65,30.08,69.39,27.36,-5.35,-107.62,70.29,12.25
2025-08-04T19:07:18.405295,53.0,-7.0,85.0,18.0,6.0,40.0,-1.0,-55.0,-14.0,-18.0,64.0,31.0,61.16,7.220000000000001,84.19,34.96,2.65,49.08,-11.61,-46.64,-14.35,-32.62,61.29,15.25
2025-08-04T19:07:18.409664,72.0,-126.0,51.0,-29.0,40.0,-36.0,-25.0,-78.0,7.0,-42.0,20.0,2.0,80.16,-111.78,50.19,-12.04,36.65,-26.92,-35.61,-69.64,6.65,-56.62,17.29,-13.75
2025-08-04T19:07:18.417679,-30.0,-68.0,38.0,18.0,-16.0,-50.0,41.0,-70.0,-19.0,-13.0,32.0,-67.0,-21.84,-53.78,37.19,34.96,-19.35,-40.92,30.39,-61.64,-19.35,-27.619999999999997,29.29,-82.75
2025-08-04T19:07:18.422105,-36.0,-17.0,24.0,-41.0,59.0,15.0,28.0,45.0,-28.0,-42.0,113.0,-57.0,-27.84,-2.7799999999999994,23.19,-24.04,55.65,24.08,17.39,53.36,-28.35,-56.62,110.29,-72.75
2025-08-04T19:07:18.430193,-80.0,43.0,41.0,-19.0,-8.0,-50.0,42.0,-30.0,-8.0,-64.0,63.0,-30.0,-71.84,57.22,40.19,-2.039999999999999,-11.35,-40.92,31.39,-21.64,-8.35,-78.62,60.29,-45.75
2025-08-04T19:07:18.434104,12.0,38.0,8.0,-39.0,37.0,-20.0,4.0,-17.0,-63.0,-44.0,20.0,-22.0,20.16,52.22,7.1899999999999995,-22.04,33.65,-10.92,-6.609999999999999,-8.64,-63.35,-58.62,17.29,-37.75
2025-08-04T19:07:18.442171,66.0,1.0,-1.0,-32.0,28.0,-29.0,-32.0,-51.0,-30.0,-26.0,9.0,-4.0,74.16,15.22,-1.81,-15.04,24.65,-19.92,-42.61,-42.64,-30.35,-40.62,6.29,-19.75
2025-08-04T19:07:18.446401,31.0,14.0,8.0,-42.0,40.0,-22.0,-51.0,18.0,6.0,-64.0,62.0,-86.0,39.16,28.22,7.1899999999999995,-25.04,36.65,-12.92,-61.61,26.36,5.65,-78.62,59.29,-101.75
2025-08-04T19:07:18.454473,35.0,-19.0,-20.0,-9.0,-14.0,-49.0,50.0,-21.0,-18.0,-20.0,-5.0,1.0,43.16,-4.779999999999999,-20.81,7.960000000000001,-17.35,-39.92,39.39,-12.64,-18.35,-34.62,-7.71,-14.75
2025-08-04T19:07:18.458733,-77.0,-49.0,-19.0,-6.0,-13.0,1.0,-5.0,-36.0,-28.0,24.0,103.0,-62.0,-68.84,-34.78,-19.81,10.96,-16.35,10.08,-15.61,-27.64,-28.35,9.38,100.29,-77.75
2025-08-04T19:07:18.463444,34.0,4.0,-23.0,-44.0,11.0,50.0,-17.0,-10.0,-5.0,15.0,3.0,45.0,42.16,18.22,-23.81,-27.04,7.65,59.08,-27.61,-1.6400000000000006,-5.35,0.3800000000000008,0.29000000000000004,29.25
2025-08-04T19:07:18.471018,-7.0,-77.0,-17.0,-19.0,44.0,37.0,-19.0,-73.0,21.0,-2.0,41.0,-51.0,1.1600000000000001,-62.78,-17.81,-2.039999999999999,40.65,46.08,-29.61,-64.64,20.65,-16.619999999999997,38.29,-66.75
2025-08-04T19:07:18.475659,19.0,-15.0,-17.0,10.0,16.0,-25.0,-2.0,36.0,28.0,-41.0,42.0,11.0,27.16,-0.7799999999999994,-17.81,26.96,12.65,-15.92,-12.61,44.36,27.65,-55.62,39.29,-4.75
2025-08-04T19:07:18.483266,-77.0,-56.0,28.0,23.0,17.0,-53.0,41.0,-44.0,27.0,-58.0,77.0,-43.0,-68.84,-41.78,27.19,39.96,13.65,-43.92,30.39,-35.64,26.65,-72.62,74.29,-58.75
2025-08-04T19:07:18.487733,-87.0,65.0,-8.0,-31.0,6.0,48.0,48.0,-41.0,1.0,-33.0,84.0,-29.0,-78.84,79.22,-8.81,-14.04,2.65,57.08,37.39,-32.64,0.65,-47.62,81.29,-44.75
2025-08-04T19:07:18.495413,2.0,49.0,5.0,55.0,6.0,7.0,-13.0,-23.0,10.0,-4.0,26.0,-33.0,10.16,63.22,4.1899999999999995,71.96000000000001,2.65,16.08,-23.61,-14.64,9.65,-18.619999999999997,23.29,-48.75
2025-08-04T19:07:18.500037,-10.0,71.0,78.0,-55.0,-32.0,-34.0,-45.0,-21.0,10.0,5.0,-25.0,-9.0,-1.8399999999999999,85.22,77.19,-38.04,-35.35,-24.92,-55.61,-12.64,9.65,-9.62,-27.71,-24.75
2025-08-04T19:07:18.507759,-70.0,29.0,24.0,-8.0,27.0,-16.0,-25.0,-21.0,21.0,26.0,99.0,27.0,-61.84,43.22,23.19,8.96,23.65,-6.92,-35.61,-12.64,20.65,11.38,96.29,11.25
2025-08-04T19:07:18.512626,-9.0,54.0,-2.0,27.0,-3.0,-30.0,-37.0,-94.0,6.0,-2.0,106.0,-91.0,-0.8399999999999999,68.22,-2.81,43.96,-6.35,-20.92,-47.61,-85.64,5.65,-16.619999999999997,103.29,-106.75
2025-08-04T19:07:18.520035,-27.0,-15.0,-52.0,-36.0,52.0,20.0,16.0,36.0,-9.0,12.0,-39.0,-20.0,-18.84,-0.7799999999999994,-52.81,-19.04,48.65,29.08,5.390000000000001,44.36,-9.35,-2.619999999999999,-41.71,-35.75
2025-08-04T19:07:18.524396,42.0,-19.0,-52.0,11.0,20.0,2.0,15.0,10.0,3.0,18.0,66.0,-11.0,50.16,-4.779999999999999,-52.81,27.96,16.65,11.08,4.390000000000001,18.36,2.65,3.380000000000001,63.29,-26.75
2025-08-04T19:07:18.532428,91.0,-14.0,-69.0,-14.0,12.0,-38.0,-4.0,16.0,-37.0,-15.0,-114.0,-46.0,99.16,0.22000000000000064,-69.81,2.960000000000001,8.65,-28.92,-14.61,24.36,-37.35,-29.619999999999997,-116.71,-61.75
2025-08-04T19:07:18.536590,-17.0,-59.0,52.0,24.0,-10.0,1.0,6.0,42.0,28.0,16.0,32.0,-20.0,-8.84,-44.78,51.19,40.96,-13.35,10.08,-4.609999999999999,50.36,27.65,1.3800000000000008,29.29,-35.75
2025-08-04T19:07:18.544680,-5.0,9.0,37.0,-30.0,-58.0,60.0,-31.0,14.0,-105.0,29.0,84.0,-71.0,3.16,23.22,36.19,-13.04,-61.35,69.08,-41.61,22.36,-105.35,14.38,81.29,-86.75
2025-08-04T19:07:18.548835,0.0,-29.0,75.0,-25.0,-35.0,-1.0,-4.0,36.0,12.0,13.0,-27.0,-17.0,8.16,-14.78,74.19,-8.04,-38.35,8.08,-14.61,44.36,11.65,-1.6199999999999992,-29.71,-32.75
2025-08-04T19:07:18.556923,-49.0,1.0,14.0,-38.0,65.0,28.0,30.0,2.0,38.0,12.0,-8.0,-21.0,-40.84,15.22,13.19,-21.04,61.65,37.08,19.39,10.36,37.65,-2.619999999999999,-10.71,-36.75
2025-08-04T19:07:18.561381,-47.0,-20.0,36.0,0.0,90.0,-5.0,-32.0,-49.0,0.0,30.0,42.0,-22.0,-38.84,-5.779999999999999,35.19,16.96,86.65,4.08,-42.61,-40.64,-0.35,15.38,39.29,-37.75
2025-08-04T19:07:18.569331,-52.0,-7.0,27.0,15.0,25.0,-39.0,19.0,46.0,-17.0,-7.0,17.0,-57.0,-43.84,7.220000000000001,26.19,31.96,21.65,-29.92,8.39,54.36,-17.35,-21.619999999999997,14.29,-72.75
2025-08-04T19:07:18.573792,-46.0,-49.0,-20.0,23.0,-22.0,-60.0,8.0,-11.0,17.0,-40.0,85.0,-34.0,-37.84,-34.78,-20.81,39.96,-25.35,-50.92,-2.6099999999999994,-2.6400000000000006,16.65,-54.62,82.29,-49.75
2025-08-04T19:07:18.581562,1.0,-22.0,-23.0,30.0,-22.0,6.0,-8.0,31.0,-11.0,-83.0,83.0,-6.0,9.16,-7.779999999999999,-23.81,46.96,-25.35,15.08,-18.61,39.36,-11.35,-97.62,80.29,-21.75
2025-08-04T19:07:18.585807,-42.0,-15.0,-48.0,-92.0,53.0,42.0,2.0,67.0,-2.0,-50.0,28.0,-32.0,-33.84,-0.7799999999999994,-48.81,-75.03999999999999,49.65,51.08,-8.61,75.36,-2.35,-64.62,25.29,-47.75
2025-08-04T19:07:18.593905,58.0,-29.0,-12.0,-17.0,25.0,-27.0,-11.0,3.0,-69.0,-12.0,37.0,-80.0,66.16,-14.78,-12.81,-0.03999999999999915,21.65,-17.92,-21.61,11.36,-69.35,-26.619999999999997,34.29,-95.75
2025-08-04T19:07:18.598223,-44.0,-43.0,48.0,-17.0,0.0,10.0,48.0,-6.0,-67.0,-3.0,50.0,-56.0,-35.84,-28.78,47.19,-0.03999999999999915,-3.35,19.08,37.39,2.3599999999999994,-67.35,-17.619999999999997,47.29,-71.75
2025-08-04T19:07:18.606034,49.0,-88.0,13.0,-66.0,96.0,-2.0,64.0,-5.0,-44.0,-85.0,45.0,-52.0,57.16,-73.78,12.19,-49.04,92.65,7.08,53.39,3.3599999999999994,-44.35,-99.62,42.29,-67.75
2025-08-04T19:07:18.610596,-53.0,25.0,15.0,1.0,11.0,-76.0,48.0,7.0,-20.0,1.0,80.0,-97.0,-44.84,39.22,14.19,17.96,7.65,-66.92,37.39,15.36,-20.35,-13.62,77.29,-112.75
2025-08-04T19:07:18.618332,21.0,-80.0,-22.0,-82.0,47.0,-10.0,52.0,-26.0,-10.0,-19.0,-7.0,-75.0,29.16,-65.78,-22.81,-65.03999999999999,43.65,-0.9199999999999999,41.39,-17.64,-10.35,-33.62,-9.71,-90.75
2025-08-04T19:07:18.622906,6.0,-8.0,-34.0,35.0,39.0,7.0,-65.0,35.0,13.0,-12.0,46.0,-26.0,14.16,6.220000000000001,-34.81,51.96,35.65,16.08,-75.61,43.36,12.65,-26.619999999999997,43.29,-41.75
2025-08-04T19:07:18.626854,8.0,-20.0,46.0,-31.0,-15.0,-103.0,8.0,75.0,-37.0,-25.0,32.0,33.0,16.16,-5.779999999999999,45.19,-14.04,-18.35,-93.92,-2.6099999999999994,83.36,-37.35,-39.62,29.29,17.25
2025-08-04T19:07:18.634732,-4.0,-17.0,-9.0,44.0,19.0,-36.0,40.0,42.0,-53.0,-3.0,43.0,11.0,4.16,-2.7799999999999994,-9.81,60.96,15.65,-26.92,29.39,50.36,-53.35,-17.619999999999997,40.29,-4.75
2025-08-04T19:07:18.639154,-10.0,-1.0,-4.0,-49.0,-15.0,11.0,4.0,-57.0,-33.0,-38.0,63.0,-69.0,-1.8399999999999999,13.22,-4.8100000000000005,-32.04,-18.35,20.08,-6.609999999999999,-48.64,-33.35,-52.62,60.29,-84.75
2025-08-04T19:07:18.647236,29.0,20.0,0.0,-46.0,29.0,72.0,43.0,-21.0,-13.0,-2.0,-25.0,-18.0,37.16,34.22,-0.81,-29.04,25.65,81.08,32.39,-12.64,-13.35,-16.619999999999997,-27.71,-33.75
2025-08-04T19:07:18.651549,57.0,40.0,-9.0,-47.0,-87.0,27.0,-39.0,-35.0,-21.0,40.0,66.0,-52.0,65.16,54.22,-9.81,-30.04,-90.35,36.08,-49.61,-26.64,-21.35,25.380000000000003,63.29,-67.75
2025-08-04T19:07:18.659362,28.0,1.0,-7.0,-28.0,8.0,-53.0,63.0,-43.0,-27.0,-72.0,52.0,-60.0,36.16,15.22,-7.8100000000000005,-11.04,4.65,-43.92,52.39,-34.64,-27.35,-86.62,49.29,-75.75
2025-08-04T19:07:18.664334,9.0,24.0,27.0,5.0,35.0,-20.0,31.0,38.0,-69.0,-54.0,20.0,20.0,17.16,38.22,26.19,21.96,31.65,-10.92,20.39,46.36,-69.35,-68.62,17.29,4.25
2025-08-04T19:07:18.671984,30.0,-49.0,21.0,-36.0,29.0,-49.0,-43.0,-7.0,-4.0,-14.0,17.0,-13.0,38.16,-34.78,20.19,-19.04,25.65,-39.92,-53.61,1.3599999999999994,-4.35,-28.619999999999997,14.29,-28.75
2025-08-04T19:07:18.675906,-67.0,-72.0,19.0,-26.0,52.0,-30.0,-19.0,0.0,-53.0,-69.0,66.0,-28.0,-58.84,-57.78,18.19,-9.04,48.65,-20.92,-29.61,8.36,-53.35,-83.62,63.29,-43.75
2025-08-04T19:07:18.683928,-122.0,36.0,64.0,-66.0,58.0,-18.0,49.0,21.0,-17.0,-4.0,37.0,-74.0,-113.84,50.22,63.19,-49.04,54.65,-8.92,38.39,29.36,-17.35,-18.619999999999997,34.29,-89.75
2025-08-04T19:07:18.688192,-17.0,56.0,-41.0,-49.0,-16.0,80.0,29.0,29.0,-35.0,-26.0,39.0,-16.0,-8.84,70.22,-41.81,-32.04,-19.35,89.08,18.39,37.36,-35.35,-40.62,36.29,-31.75
2025-08-04T19:07:18.696247,61.0,34.0,-22.0,31.0,57.0,-57.0,38.0,-39.0,-39.0,-38.0,27.0,-84.0,69.16,48.22,-22.81,47.96,53.65,-47.92,27.39,-30.64,-39.35,-52.62,24.29,-99.75
2025-08-04T19:07:18.700430,16.0,-71.0,-35.0,-37.0,45.0,-32.0,21.0,55.0,-65.0,46.0,50.0,-113.0,24.16,-56.78,-35.81,-20.04,41.65,-22.92,10.39,63.36,-65.35,31.380000000000003,47.29,-128.75
2025-08-04T19:07:18.708673,-7.0,-91.0,86.0,58.0,-49.0,-56.0,52.0,-32.0,-50.0,21.0,29.0,-55.0,1.1600000000000001,-76.78,85.19,74.96000000000001,-52.35,-46.92,41.39,-23.64,-50.35,6.380000000000001,26.29,-70.75
2025-08-04T19:07:18.712851,-27.0,-27.0,34.0,57.0,-46.0,-35.0,56.0,-38.0,-51.0,-43.0,49.0,-34.0,-18.84,-12.78,33.19,73.96000000000001,-49.35,-25.92,45.39,-29.64,-51.35,-57.62,46.29,-49.75
2025-08-04T19:07:18.721152,20.0,74.0,39.0,-8.0,-30.0,-40.0,10.0,1.0,6.0,-20.0,80.0,-56.0,28.16,88.22,38.19,8.96,-33.35,-30.92,-0.6099999999999994,9.36,5.65,-34.62,77.29,-71.75
2025-08-04T19:07:18.725072,-73.0,28.0,41.0,-22.0,37.0,-3.0,103.0,-66.0,80.0,36.0,16.0,-40.0,-64.84,42.22,40.19,-5.039999999999999,33.65,6.08,92.39,-57.64,79.65,21.380000000000003,13.29,-55.75
2025-08-04T19:07:18.733295,20.0,-18.0,-26.0,11.0,62.0,-12.0,16.0,-22.0,-8.0,4.0,30.0,5.0,28.16,-3.7799999999999994,-26.81,27.96,58.65,-2.92,5.390000000000001,-13.64,-8.35,-10.62,27.29,-10.75
2025-08-04T19:07:18.737205,-43.0,26.0,-23.0,-16.0,4.0,-49.0,13.0,-74.0,13.0,-16.0,20.0,-99.0,-34.84,40.22,-23.81,0.9600000000000009,0.6499999999999999,-39.92,2.3900000000000006,-65.64,12.65,-30.619999999999997,17.29,-114.75
2025-08-04T19:07:18.745334,27.0,24.0,-110.0,-8.0,-22.0,-52.0,18.0,-35.0,-32.0,-12.0,69.0,-102.0,35.16,38.22,-110.81,8.96,-25.35,-42.92,7.390000000000001,-26.64,-32.35,-26.619999999999997,66.29,-117.75
2025-08-04T19:07:18.749731,46.0,-23.0,-39.0,0.0,-42.0,-11.0,-38.0,-28.0,-35.0,-35.0,-3.0,-48.0,54.16,-8.78,-39.81,16.96,-45.35,-1.92,-48.61,-19.64,-35.35,-49.62,-5.71,-63.75
2025-08-04T19:07:18.757624,159.0,-38.0,75.0,7.0,20.0,-14.0,49.0,44.0,-91.0,-54.0,40.0,-107.0,167.16,-23.78,74.19,23.96,16.65,-4.92,38.39,52.36,-91.35,-68.62,37.29,-122.75
2025-08-04T19:07:18.761882,-9.0,-27.0,40.0,-20.0,-12.0,17.0,6.0,-2.0,-41.0,-22.0,74.0,-46.0,-0.8399999999999999,-12.78,39.19,-3.039999999999999,-15.35,26.08,-4.609999999999999,6.359999999999999,-41.35,-36.62,71.29,-61.75
2025-08-04T19:07:18.769940,-37.0,27.0,48.0,-95.0,62.0,16.0,14.0,-31.0,-63.0,12.0,72.0,-16.0,-28.84,41.22,47.19,-78.03999999999999,58.65,25.08,3.3900000000000006,-22.64,-63.35,-2.619999999999999,69.29,-31.75
2025-08-04T19:07:18.775078,9.0,-10.0,10.0,-40.0,53.0,-40.0,2.0,-13.0,-72.0,27.0,7.0,13.0,17.16,4.220000000000001,9.19,-23.04,49.65,-30.92,-8.61,-4.640000000000001,-72.35,12.38,4.29,-2.75
2025-08-04T19:07:18.782445,-44.0,19.0,-106.0,-34.0,44.0,-36.0,-30.0,-13.0,-54.0,-63.0,81.0,-86.0,-35.84,33.22,-106.81,-17.04,40.65,-26.92,-40.61,-4.640000000000001,-54.35,-77.62,78.29,-101.75
2025-08-04T19:07:18.787243,57.0,31.0,-88.0,30.0,47.0,-82.0,65.0,-20.0,-39.0,18.0,52.0,27.0,65.16,45.22,-88.81,46.96,43.65,-72.92,54.39,-11.64,-39.35,3.380000000000001,49.29,11.25
2025-08-04T19:07:18.794563,-33.0,-47.0,-73.0,18.0,-55.0,-49.0,2.0,-47.0,-76.0,-32.0,40.0,-49.0,-24.84,-32.78,-73.81,34.96,-58.35,-39.92,-8.61,-38.64,-76.35,-46.62,37.29,-64.75
2025-08-04T19:07:18.799426,21.0,-7.0,49.0,-1.0,-49.0,-46.0,3.0,38.0,-46.0,-23.0,33.0,14.0,29.16,7.220000000000001,48.19,15.96,-52.35,-36.92,-7.609999999999999,46.36,-46.35,-37.62,30.29,-1.75
2025-08-04T19:07:18.807024,6.0,-1.0,55.0,-45.0,-81.0,2.0,18.0,-27.0,26.0,-48.0,48.0,-52.0,14.16,13.22,54.19,-28.04,-84.35,11.08,7.390000000000001,-18.64,25.65,-62.62,45.29,-67.75
2025-08-04T19:07:18.810924,41.0,-105.0,-20.0,-15.0,-12.0,-26.0,51.0,7.0,-57.0,-83.0,38.0,-42.0,49.16,-90.78,-20.81,1.9600000000000009,-15.35,-16.92,40.39,15.36,-57.35,-97.62,35.29,-57.75
2025-08-04T19:07:18.818950,-8.0,-31.0,12.0,-6.0,68.0,-62.0,27.0,34.0,-79.0,-25.0,88.0,-73.0,0.16000000000000014,-16.78,11.19,10.96,64.65,-52.92,16.39,42.36,-79.35,-39.62,85.29,-88.75
2025-08-04T19:07:18.823228,-81.0,-37.0,15.0,22.0,-42.0,-79.0,-72.0,-42.0,31.0,-26.0,-8.0,-31.0,-72.84,-22.78,14.19,38.96,-45.35,-69.92,-82.61,-33.64,30.65,-40.62,-10.71,-46.75
2025-08-04T19:07:18.831312,-26.0,51.0,32.0,-1.0,-16.0,-81.0,-1.0,-30.0,-12.0,-35.0,66.0,4.0,-17.84,65.22,31.19,15.96,-19.35,-71.92,-11.61,-21.64,-12.35,-49.62,63.29,-11.75
2025-08-04T19:07:18.835948,13.0,-50.0,-1.0,-13.0,-56.0,29.0,22.0,-23.0,-28.0,-12.0,62.0,-27.0,21.16,-35.78,-1.81,3.960000000000001,-59.35,38.08,11.39,-14.64,-28.35,-26.619999999999997,59.29,-42.75
2025-08-04T19:07:18.843625,-34.0,1.0,-94.0,26.0,26.0,-35.0,6.0,-55.0,44.0,-18.0,38.0,-17.0,-25.84,15.22,-94.81,42.96,22.65,-25.92,-4.609999999999999,-46.64,43.65,-32.62,35.29,-32.75
2025-08-04T19:07:18.848266,28.0,-3.0,-12.0,45.0,72.0,17.0,24.0,-24.0,-14.0,-60.0,28.0,-23.0,36.16,11.22,-12.81,61.96,68.65,26.08,13.39,-15.64,-14.35,-74.62,25.29,-38.75
2025-08-04T19:07:18.856070,21.0,20.0,-22.0,-56.0,-27.0,-26.0,27.0,12.0,-71.0,-52.0,14.0,-54.0,29.16,34.22,-22.81,-39.04,-30.35,-16.92,16.39,20.36,-71.35,-66.62,11.29,-69.75
2025-08-04T19:07:18.860823,-1.0,-91.0,-45.0,-65.0,91.0,-79.0,9.0,2.0,4.0,15.0,24.0,-77.0,7.16,-76.78,-45.81,-48.04,87.65,-69.92,-1.6099999999999994,10.36,3.65,0.3800000000000008,21.29,-92.75
2025-08-04T19:07:18.864456,-7.0,2.0,-44.0,4.0,20.0,24.0,28.0,-33.0,-6.0,-8.0,93.0,-6.0,1.1600000000000001,16.22,-44.81,20.96,16.65,33.08,17.39,-24.64,-6.35,-22.619999999999997,90.29,-21.75
2025-08-04T19:07:18.872509,-10.0,42.0,-18.0,-64.0,28.0,0.0,47.0,-44.0,-41.0,-44.0,62.0,16.0,-1.8399999999999999,56.22,-18.81,-47.04,24.65,9.08,36.39,-35.64,-41.35,-58.62,59.29,0.25
2025-08-04T19:07:18.876674,46.0,-86.0,-7.0,27.0,-23.0,12.0,2.0,-23.0,-1.0,-11.0,-4.0,-50.0,54.16,-71.78,-7.8100000000000005,43.96,-26.35,21.08,-8.61,-14.64,-1.35,-25.619999999999997,-6.71,-65.75
2025-08-04T19:07:18.884930,36.0,-74.0,18.0,-76.0,104.0,-56.0,-46.0,26.0,43.0,-39.0,59.0,5.0,44.16,-59.78,17.19,-59.04,100.65,-46.92,-56.61,34.36,42.65,-53.62,56.29,-10.75
2025-08-04T19:07:18.889226,3.0,-22.0,39.0,-28.0,23.0,-86.0,-24.0,17.0,-20.0,54.0,-27.0,-5.0,11.16,-7.779999999999999,38.19,-11.04,19.65,-76.92,-34.61,25.36,-20.35,39.38,-29.71,-20.75
2025-08-04T19:07:18.896947,-40.0,-39.0,62.0,-6.0,39.0,-27.0,17.0,-18.0,-9.0,-36.0,-28.0,1.0,-31.84,-24.78,61.19,10.96,35.65,-17.92,6.390000000000001,-9.64,-9.35,-50.62,-30.71,-14.75
2025-08-04T19:07:18.901289,-2.0,-58.0,42.0,-25.0,-25.0,-52.0,-21.0,-78.0,-15.0,79.0,22.0,27.0,6.16,-43.78,41.19,-8.04,-28.35,-42.92,-31.61,-69.64,-15.35,64.38,19.29,11.25
2025-08-04T19:07:18.909229,16.0,-2.0,69.0,11.0,-6.0,-45.0,-26.0,8.0,25.0,60.0,0.0,-17.0,24.16,12.22,68.19,27.96,-9.35,-35.92,-36.61,16.36,24.65,45.38,-2.71,-32.75
2025-08-04T19:07:18.913417,26.0,55.0,40.0,-32.0,-36.0,-22.0,-28.0,-51.0,-24.0,24.0,-1.0,-44.0,34.16,69.22,39.19,-15.04,-39.35,-12.92,-38.61,-42.64,-24.35,9.38,-3.71,-59.75
2025-08-04T19:07:18.921430,10.0,27.0,-60.0,-7.0,22.0,-24.0,-24.0,-46.0,27.0,61.0,-39.0,-5.0,18.16,41.22,-60.81,9.96,18.65,-14.92,-34.61,-37.64,26.65,46.38,-41.71,-20.75
2025-08-04T19:07:18.925737,62.0,33.0,-2.0,57.0,-3.0,-31.0,-3.0,18.0,-14.0,11.0,44.0,-71.0,70.16,47.22,-2.81,73.96000000000001,-6.35,-21.92,-13.61,26.36,-14.35,-3.619999999999999,41.29,-86.75
2025-08-04T19:07:18.934001,1.0,4.0,-23.0,-74.0,78.0,-30.0,-95.0,5.0,-82.0,54.0,-11.0,19.0,9.16,18.22,-23.81,-57.04,74.65,-20.92,-105.61,13.36,-82.35,39.38,-13.71,3.25
2025-08-04T19:07:18.937905,70.0,62.0,-87.0,-17.0,32.0,-24.0,2.0,-7.0,-70.0,-66.0,20.0,-56.0,78.16,76.22,-87.81,-0.03999999999999915,28.65,-14.92,-8.61,1.3599999999999994,-70.35,-80.62,17.29,-71.75
2025-08-04T19:07:18.946213,27.0,-80.0,-29.0,-52.0,13.0,-46.0,41.0,-8.0,-40.0,-36.0,-10.0,-21.0,35.16,-65.78,-29.81,-35.04,9.65,-36.92,30.39,0.35999999999999943,-40.35,-50.62,-12.71,-36.75
2025-08-04T19:07:18.950218,75.0,4.0,-86.0,-73.0,1.0,-46.0,-39.0,2.0,-19.0,0.0,55.0,31.0,83.16,18.22,-86.81,-56.04,-2.35,-36.92,-49.61,10.36,-19.35,-14.62,52.29,15.25
2025-08-04T19:07:18.958271,119.0,-57.0,0.0,14.0,-15.0,-47.0,-12.0,57.0,-47.0,-5.0,43.0,45.0,127.16,-42.78,-0.81,30.96,-18.35,-37.92,-22.61,65.36,-47.35,-19.619999999999997,40.29,29.25
2025-08-04T19:07:18.962945,-31.0,-37.0,5.0,-8.0,17.0,-40.0,52.0,-20.0,-58.0,6.0,24.0,-4.0,-22.84,-22.78,4.1899999999999995,8.96,13.65,-30.92,41.39,-11.64,-58.35,-8.62,21.29,-19.75
2025-08-04T19:07:18.970526,28.0,56.0,3.0,-22.0,7.0,-56.0,-5.0,-26.0,-95.0,-5.0,6.0,12.0,36.16,70.22,2.19,-5.039999999999999,3.65,-46.92,-15.61,-17.64,-95.35,-19.619999999999997,3.29,-3.75
2025-08-04T19:07:18.974939,44.0,-31.0,-27.0,-3.0,-28.0,-74.0,-4.0,-34.0,-41.0,0.0,34.0,5.0,52.16,-16.78,-27.81,13.96,-31.35,-64.92,-14.61,-25.64,-41.35,-14.62,31.29,-10.75
2025-08-04T19:07:18.982883,32.0,-36.0,76.0,36.0,27.0,-60.0,-7.0,-92.0,-40.0,46.0,-43.0,27.0,40.16,-21.78,75.19,52.96,23.65,-50.92,-17.61,-83.64,-40.35,31.380000000000003,-45.71,11.25
2025-08-04T19:07:18.987115,20.0,1.0,-22.0,-32.0,-41.0,10.0,17.0,-24.0,-84.0,34.0,19.0,22.0,28.16,15.22,-22.81,-15.04,-44.35,19.08,6.390000000000001,-15.64,-84.35,19.380000000000003,16.29,6.25
2025-08-04T19:07:18.995159,-72.0,-67.0,-23.0,-38.0,17.0,41.0,61.0,-46.0,-34.0,-13.0,-73.0,77.0,-63.84,-52.78,-23.81,-21.04,13.65,50.08,50.39,-37.64,-34.35,-27.619999999999997,-75.71,61.25
2025-08-04T19:07:18.999824,-6.0,23.0,43.0,-67.0,59.0,26.0,8.0,8.0,-40.0,-34.0,-46.0,54.0,2.16,37.22,42.19,-50.04,55.65,35.08,-2.6099999999999994,16.36,-40.35,-48.62,-48.71,38.25
2025-08-04T19:07:19.004502,39.0,11.0,7.0,-11.0,40.0,-47.0,-28.0,-103.0,-44.0,49.0,21.0,-10.0,47.16,25.22,6.1899999999999995,5.960000000000001,36.65,-37.92,-38.61,-94.64,-44.35,34.38,18.29,-25.75
2025-08-04T19:07:19.011554,35.0,0.0,-62.0,-24.0,-2.0,-27.0,-21.0,-46.0,-3.0,8.0,54.0,40.0,43.16,14.22,-62.81,-7.039999999999999,-5.35,-17.92,-31.61,-37.64,-3.35,-6.619999999999999,51.29,24.25
2025-08-04T19:07:19.016747,-53.0,-18.0,-4.0,-7.0,52.0,-85.0,21.0,-60.0,4.0,-3.0,32.0,16.0,-44.84,-3.7799999999999994,-4.8100000000000005,9.96,48.65,-75.92,10.39,-51.64,3.65,-17.619999999999997,29.29,0.25
2025-08-04T19:07:19.023871,-90.0,20.0,-77.0,31.0,-20.0,-54.0,3.0,28.0,15.0,70.0,-13.0,32.0,-81.84,34.22,-77.81,47.96,-23.35,-44.92,-7.609999999999999,36.36,14.65,55.38,-15.71,16.25
2025-08-04T19:07:19.029019,17.0,-4.0,-5.0,-12.0,-69.0,-68.0,4.0,-12.0,-3.0,87.0,-40.0,-38.0,25.16,10.22,-5.8100000000000005,4.960000000000001,-72.35,-58.92,-6.609999999999999,-3.6400000000000006,-3.35,72.38,-42.71,-53.75
2025-08-04T19:07:19.036410,70.0,36.0,-55.0,13.0,-73.0,-62.0,26.0,-28.0,-23.0,111.0,-26.0,-17.0,78.16,50.22,-55.81,29.96,-76.35,-52.92,15.39,-19.64,-23.35,96.38,-28.71,-32.75
2025-08-04T19:07:19.040545,-39.0,-7.0,-55.0,-31.0,-1.0,47.0,4.0,-64.0,18.0,84.0,50.0,1.0,-30.84,7.220000000000001,-55.81,-14.04,-4.35,56.08,-6.609999999999999,-55.64,17.65,69.38,47.29,-14.75
2025-08-04T19:07:19.048855,86.0,-75.0,-44.0,19.0,-27.0,21.0,26.0,-14.0,-13.0,22.0,-13.0,-62.0,94.16,-60.78,-44.81,35.96,-30.35,30.08,15.39,-5.640000000000001,-13.35,7.380000000000001,-15.71,-77.75
2025-08-04T19:07:19.052691,40.0,-26.0,-10.0,50.0,-3.0,-21.0,-28.0,2.0,-9.0,47.0,-58.0,4.0,48.16,-11.78,-10.81,66.96000000000001,-6.35,-11.92,-38.61,10.36,-9.35,32.38,-60.71,-11.75
2025-08-04T19:07:19.060765,4.0,-55.0,-6.0,-64.0,15.0,-45.0,-35.0,29.0,-48.0,11.0,-4.0,-2.0,12.16,-40.78,-6.8100000000000005,-47.04,11.65,-35.92,-45.61,37.36,-48.35,-3.619999999999999,-6.71,-17.75
2025-08-04T19:07:19.065195,26.0,-60.0,55.0,-36.0,15.0,-21.0,-23.0,23.0,13.0,42.0,-3.0,27.0,34.16,-45.78,54.19,-19.04,11.65,-11.92,-33.61,31.36,12.65,27.380000000000003,-5.71,11.25
2025-08-04T19:07:19.072927,27.0,-73.0,12.0,-82.0,57.0,-33.0,13.0,16.0,12.0,0.0,-19.0,13.0,35.16,-58.78,11.19,-65.03999999999999,53.65,-23.92,2.3900000000000006,24.36,11.65,-14.62,-21.71,-2.75
2025-08-04T19:07:19.077219,-6.0,6.0,18.0,10.0,3.0,-76.0,-18.0,-4.0,-1.0,14.0,-13.0,36.0,2.16,20.22,17.19,26.96,-0.3500000000000001,-66.92,-28.61,4.359999999999999,-1.35,-0.6199999999999992,-15.71,20.25
2025-08-04T19:07:19.085296,-21.0,64.0,76.0,-83.0,3.0,-65.0,59.0,-63.0,-19.0,92.0,-2.0,1.0,-12.84,78.22,75.19,-66.03999999999999,-0.3500000000000001,-55.92,48.39,-54.64,-19.35,77.38,-4.71,-14.75
2025-08-04T19:07:19.089646,30.0,-78.0,28.0,20.0,7.0,-69.0,70.0,0.0,-3.0,32.0,53.0,41.0,38.16,-63.78,27.19,36.96,3.65,-59.92,59.39,8.36,-3.35,17.380000000000003,50.29,25.25
2025-08-04T19:07:19.097472,6.0,-5.0,5.0,13.0,-1.0,-81.0,-21.0,-9.0,-20.0,-57.0,23.0,-29.0,14.16,9.22,4.1899999999999995,29.96,-4.35,-71.92,-31.61,-0.6400000000000006,-20.35,-71.62,20.29,-44.75
2025-08-04T19:07:19.101703,32.0,35.0,18.0,34.0,80.0,-18.0,44.0,22.0,3.0,-49.0,37.0,-15.0,40.16,49.22,17.19,50.96,76.65,-8.92,33.39,30.36,2.65,-63.62,34.29,-30.75
2025-08-04T19:07:19.109770,-3.0,-60.0,-14.0,-21.0,28.0,-48.0,49.0,-109.0,-31.0,-59.0,-19.0,5.0,5.16,-45.78,-14.81,-4.039999999999999,24.65,-38.92,38.39,-100.64,-31.35,-73.62,-21.71,-10.75
2025-08-04T19:07:19.114079,23.0,-1.0,-53.0,61.0,-47.0,-42.0,24.0,-25.0,26.0,-4.0,32.0,-14.0,31.16,13.22,-53.81,77.96000000000001,-50.35,-32.92,13.39,-16.64,25.65,-18.619999999999997,29.29,-29.75
2025-08-04T19:07:19.122056,17.0,-62.0,-52.0,-15.0,28.0,-11.0,-53.0,-58.0,-52.0,-28.0,101.0,69.0,25.16,-47.78,-52.81,1.9600000000000009,24.65,-1.92,-63.61,-49.64,-52.35,-42.62,98.29,53.25
2025-08-04T19:07:19.126440,57.0,-67.0,27.0,4.0,42.0,-8.0,-40.0,30.0,39.0,-13.0,35.0,-6.0,65.16,-52.78,26.19,20.96,38.65,1.08,-50.61,38.36,38.65,-27.619999999999997,32.29,-21.75
2025-08-04T19:07:19.130692,1.0,-17.0,29.0,-33.0,33.0,-46.0,-55.0,73.0,-44.0,48.0,61.0,-31.0,9.16,-2.7799999999999994,28.19,-16.04,29.65,-36.92,-65.61,81.36,-44.35,33.38,58.29,-46.75
2025-08-04T19:07:19.138915,-41.0,-48.0,-10.0,-59.0,-27.0,-86.0,-22.0,12.0,-32.0,-27.0,54.0,102.0,-32.84,-33.78,-10.81,-42.04,-30.35,-76.92,-32.61,20.36,-32.35,-41.62,51.29,86.25
2025-08-04T19:07:19.143307,-7.0,-41.0,38.0,24.0,15.0,-25.0,-44.0,-4.0,-43.0,-48.0,13.0,1.0,1.1600000000000001,-26.78,37.19,40.96,11.65,-15.92,-54.61,4.359999999999999,-43.35,-62.62,10.29,-14.75
2025-08-04T19:07:19.150933,-19.0,58.0,-81.0,3.0,-62.0,-3.0,19.0,-28.0,-46.0,-59.0,64.0,5.0,-10.84,72.22,-81.81,19.96,-65.35,6.08,8.39,-19.64,-46.35,-73.62,61.29,-10.75
2025-08-04T19:07:19.155369,-44.0,-28.0,-74.0,27.0,3.0,-19.0,-23.0,10.0,-85.0,20.0,-36.0,50.0,-35.84,-13.78,-74.81,43.96,-0.3500000000000001,-9.92,-33.61,18.36,-85.35,5.380000000000001,-38.71,34.25
2025-08-04T19:07:19.163402,16.0,12.0,-34.0,0.0,1.0,-39.0,15.0,-9.0,-51.0,8.0,-63.0,-49.0,24.16,26.22,-34.81,16.96,-2.35,-29.92,4.390000000000001,-0.6400000000000006,-51.35,-6.619999999999999,-65.71,-64.75
2025-08-04T19:07:19.167582,13.0,-10.0,-67.0,-48.0,-11.0,-38.0,-13.0,-63.0,-41.0,22.0,-41.0,-29.0,21.16,4.220000000000001,-67.81,-31.04,-14.35,-28.92,-23.61,-54.64,-41.35,7.380000000000001,-43.71,-44.75
2025-08-04T19:07:19.175427,5.0,-137.0,-28.0,-40.0,15.0,-19.0,5.0,96.0,-26.0,27.0,21.0,31.0,13.16,-122.78,-28.81,-23.04,11.65,-9.92,-5.609999999999999,104.36,-26.35,12.38,18.29,15.25
2025-08-04T19:07:19.180064,23.0,-60.0,1.0,-22.0,6.0,-8.0,40.0,-8.0,-88.0,41.0,37.0,60.0,31.16,-45.78,0.18999999999999995,-5.039999999999999,2.65,1.08,29.39,0.35999999999999943,-88.35,26.380000000000003,34.29,44.25
2025-08-04T19:07:19.187688,31.0,-71.0,8.0,-32.0,-64.0,-28.0,41.0,58.0,-30.0,17.0,-18.0,-66.0,39.16,-56.78,7.1899999999999995,-15.04,-67.35,-18.92,30.39,66.36,-30.35,2.380000000000001,-20.71,-81.75
2025-08-04T19:07:19.192135,25.0,-95.0,-31.0,-7.0,26.0,-42.0,15.0,8.0,-53.0,-45.0,72.0,-75.0,33.16,-80.78,-31.81,9.96,22.65,-32.92,4.390000000000001,16.36,-53.35,-59.62,69.29,-90.75
2025-08-04T19:07:19.200244,-37.0,-61.0,23.0,35.0,-40.0,-20.0,58.0,-19.0,-65.0,13.0,-4.0,-52.0,-28.84,-46.78,22.19,51.96,-43.35,-10.92,47.39,-10.64,-65.35,-1.6199999999999992,-6.71,-67.75
2025-08-04T19:07:19.204853,-48.0,95.0,19.0,3.0,-51.0,-23.0,-11.0,-37.0,-25.0,46.0,-30.0,-94.0,-39.84,109.22,18.19,19.96,-54.35,-13.92,-21.61,-28.64,-25.35,31.380000000000003,-32.71,-109.75
2025-08-04T19:07:19.212618,-70.0,21.0,2.0,-14.0,-5.0,16.0,28.0,-8.0,-43.0,29.0,-1.0,-57.0,-61.84,35.22,1.19,2.960000000000001,-8.35,25.08,17.39,0.35999999999999943,-43.35,14.38,-3.71,-72.75
2025-08-04T19:07:19.216511,-23.0,65.0,-50.0,-27.0,20.0,-3.0,23.0,-84.0,-73.0,23.0,98.0,-17.0,-14.84,79.22,-50.81,-10.04,16.65,6.08,12.39,-75.64,-73.35,8.38,95.29,-32.75
2025-08-04T19:07:19.224586,62.0,-9.0,-8.0,-61.0,22.0,-86.0,92.0,45.0,-24.0,37.0,80.0,-91.0,70.16,5.220000000000001,-8.81,-44.04,18.65,-76.92,81.39,53.36,-24.35,22.380000000000003,77.29,-106.75
2025-08-04T19:07:19.228678,-13.0,9.0,-47.0,83.0,57.0,-57.0,24.0,33.0,-17.0,60.0,57.0,2.0,-4.84,23.22,-47.81,99.96000000000001,53.65,-47.92,13.39,41.36,-17.35,45.38,54.29,-13.75
2025-08-04T19:07:19.236832,56.0,-34.0,-90.0,-15.0,15.0,-69.0,61.0,26.0,-95.0,58.0,90.0,-53.0,64.16,-19.78,-90.81,1.9600000000000009,11.65,-59.92,50.39,34.36,-95.35,43.38,87.29,-68.75
2025-08-04T19:07:19.241124,84.0,-63.0,8.0,31.0,16.0,67.0,44.0,8.0,-85.0,38.0,79.0,-26.0,92.16,-48.78,7.1899999999999995,47.96,12.65,76.08,33.39,16.36,-85.35,23.380000000000003,76.29,-41.75
2025-08-04T19:07:19.249207,55.0,-26.0,49.0,-18.0,-2.0,-10.0,-3.0,-32.0,-28.0,-20.0,29.0,-40.0,63.16,-11.78,48.19,-1.0399999999999991,-5.35,-0.9199999999999999,-13.61,-23.64,-28.35,-34.62,26.29,-55.75
2025-08-04T19:07:19.253664,-22.0,-38.0,67.0,42.0,12.0,14.0,15.0,-64.0,-79.0,8.0,33.0,-55.0,-13.84,-23.78,66.19,58.96,8.65,23.08,4.390000000000001,-55.64,-79.35,-6.619999999999999,30.29,-70.75
2025-08-04T19:07:19.261388,-29.0,-10.0,-43.0,-9.0,-31.0,-54.0,44.0,-32.0,11.0,-69.0,107.0,-94.0,-20.84,4.220000000000001,-43.81,7.960000000000001,-34.35,-44.92,33.39,-23.64,10.65,-83.62,104.29,-109.75
2025-08-04T19:07:19.266065,-77.0,38.0,-31.0,-40.0,59.0,-89.0,38.0,-32.0,-31.0,-71.0,51.0,-17.0,-68.84,52.22,-31.81,-23.04,55.65,-79.92,27.39,-23.64,-31.35,-85.62,48.29,-32.75
2025-08-04T19:07:19.273662,-25.0,14.0,-28.0,-14.0,11.0,-21.0,3.0,-32.0,-10.0,-34.0,-5.0,-82.0,-16.84,28.22,-28.81,2.960000000000001,7.65,-11.92,-7.609999999999999,-23.64,-10.35,-48.62,-7.71,-97.75
2025-08-04T19:07:19.278101,-43.0,37.0,-99.0,18.0,11.0,-17.0,-48.0,22.0,-20.0,-3.0,39.0,32.0,-34.84,51.22,-99.81,34.96,7.65,-7.92,-58.61,30.36,-20.35,-17.619999999999997,36.29,16.25
2025-08-04T19:07:19.286024,127.0,65.0,-3.0,9.0,-59.0,-12.0,88.0,-22.0,-74.0,-28.0,118.0,-32.0,135.16,79.22,-3.81,25.96,-62.35,-2.92,77.39,-13.64,-74.35,-42.62,115.29,-47.75
2025-08-04T19:07:19.290134,29.0,-80.0,-16.0,14.0,-28.0,-6.0,-17.0,-51.0,-43.0,-36.0,30.0,-11.0,37.16,-65.78,-16.81,30.96,-31.35,3.08,-27.61,-42.64,-43.35,-50.62,27.29,-26.75
2025-08-04T19:07:19.298337,-12.0,-68.0,-23.0,-12.0,-31.0,12.0,21.0,-41.0,-31.0,24.0,41.0,-42.0,-3.84,-53.78,-23.81,4.960000000000001,-34.35,21.08,10.39,-32.64,-31.35,9.38,38.29,-57.75
2025-08-04T19:07:19.302518,2.0,-15.0,6.0,-88.0,14.0,-73.0,-49.0,-55.0,11.0,-59.0,10.0,6.0,10.16,-0.7799999999999994,5.1899999999999995,-71.03999999999999,10.65,-63.92,-59.61,-46.64,10.65,-73.62,7.29,-9.75
2025-08-04T19:07:19.310713,-52.0,-110.0,21.0,-12.0,28.0,-10.0,-5.0,-34.0,-50.0,-35.0,39.0,-35.0,-43.84,-95.78,20.19,4.960000000000001,24.65,-0.9199999999999999,-15.61,-25.64,-50.35,-49.62,36.29,-50.75
2025-08-04T19:07:19.314773,-8.0,-6.0,-11.0,-1.0,9.0,-31.0,-13.0,105.0,-21.0,-27.0,36.0,-26.0,0.16000000000000014,8.22,-11.81,15.96,5.65,-21.92,-23.61,113.36,-21.35,-41.62,33.29,-41.75
2025-08-04T19:07:19.322739,-47.0,23.0,36.0,16.0,34.0,-57.0,-52.0,20.0,3.0,-6.0,39.0,-69.0,-38.84,37.22,35.19,32.96,30.65,-47.92,-62.61,28.36,2.65,-20.619999999999997,36.29,-84.75
2025-08-04T19:07:19.326990,-29.0,17.0,46.0,-17.0,26.0,3.0,-22.0,-28.0,-20.0,15.0,5.0,-50.0,-20.84,31.22,45.19,-0.03999999999999915,22.65,12.08,-32.61,-19.64,-20.35,0.3800000000000008,2.29,-65.75
2025-08-04T19:07:19.334982,-91.0,21.0,-24.0,35.0,1.0,-42.0,22.0,22.0,-20.0,-19.0,10.0,-83.0,-82.84,35.22,-24.81,51.96,-2.35,-32.92,11.39,30.36,-20.35,-33.62,7.29,-98.75
2025-08-04T19:07:19.339539,40.0,35.0,-33.0,-33.0,25.0,-46.0,-81.0,-22.0,-19.0,-8.0,42.0,-79.0,48.16,49.22,-33.81,-16.04,21.65,-36.92,-91.61,-13.64,-19.35,-22.619999999999997,39.29,-94.75
2025-08-04T19:07:19.347314,81.0,-18.0,-46.0,-11.0,14.0,24.0,-30.0,-32.0,18.0,-59.0,6.0,-131.0,89.16,-3.7799999999999994,-46.81,5.960000000000001,10.65,33.08,-40.61,-23.64,17.65,-73.62,3.29,-146.75
2025-08-04T19:07:19.351818,6.0,0.0,-4.0,7.0,52.0,-54.0,-112.0,16.0,-25.0,-53.0,-19.0,-53.0,14.16,14.22,-4.8100000000000005,23.96,48.65,-44.92,-122.61,24.36,-25.35,-67.62,-21.71,-68.75
2025-08-04T19:07:19.355976,65.0,-48.0,15.0,27.0,-63.0,-61.0,-3.0,30.0,-42.0,-34.0,-8.0,-6.0,73.16,-33.78,14.19,43.96,-66.35,-51.92,-13.61,38.36,-42.35,-48.62,-10.71,-21.75
2025-08-04T19:07:19.364019,25.0,-57.0,15.0,26.0,25.0,-32.0,14.0,4.0,16.0,-3.0,51.0,-105.0,33.16,-42.78,14.19,42.96,21.65,-22.92,3.3900000000000006,12.36,15.65,-17.619999999999997,48.29,-120.75
2025-08-04T19:07:19.368264,-7.0,-37.0,34.0,14.0,-26.0,5.0,24.0,-28.0,-86.0,-2.0,49.0,-51.0,1.1600000000000001,-22.78,33.19,30.96,-29.35,14.08,13.39,-19.64,-86.35,-16.619999999999997,46.29,-66.75
2025-08-04T19:07:19.376439,-21.0,-80.0,42.0,-53.0,-71.0,-72.0,50.0,34.0,-6.0,-35.0,113.0,-96.0,-12.84,-65.78,41.19,-36.04,-74.35,-62.92,39.39,42.36,-6.35,-49.62,110.29,-111.75
2025-08-04T19:07:19.380516,-58.0,44.0,-16.0,-39.0,-3.0,-56.0,6.0,-23.0,-17.0,5.0,30.0,-101.0,-49.84,58.22,-16.81,-22.04,-6.35,-46.92,-4.609999999999999,-14.64,-17.35,-9.62,27.29,-116.75
2025-08-04T19:07:19.389009,-1.0,37.0,28.0,-53.0,-27.0,-19.0,-29.0,15.0,-46.0,-49.0,62.0,-52.0,7.16,51.22,27.19,-36.04,-30.35,-9.92,-39.61,23.36,-46.35,-63.62,59.29,-67.75
2025-08-04T19:07:19.392861,-2.0,26.0,-64.0,-56.0,49.0,-25.0,-56.0,9.0,-88.0,-27.0,49.0,-47.0,6.16,40.22,-64.81,-39.04,45.65,-15.92,-66.61,17.36,-88.35,-41.62,46.29,-62.75
2025-08-04T19:07:19.400694,0.0,58.0,-44.0,-75.0,38.0,-45.0,-50.0,25.0,-10.0,-35.0,-22.0,-8.0,8.16,72.22,-44.81,-58.04,34.65,-35.92,-60.61,33.36,-10.35,-49.62,-24.71,-23.75
2025-08-04T19:07:19.405399,10.0,33.0,-82.0,5.0,101.0,-55.0,-50.0,6.0,-32.0,1.0,44.0,16.0,18.16,47.22,-82.81,21.96,97.65,-45.92,-60.61,14.36,-32.35,-13.62,41.29,0.25
2025-08-04T19:07:19.412957,33.0,11.0,-54.0,102.0,21.0,75.0,-20.0,37.0,1.0,22.0,51.0,-57.0,41.16,25.22,-54.81,118.96000000000001,17.65,84.08,-30.61,45.36,0.65,7.380000000000001,48.29,-72.75
2025-08-04T19:07:19.417633,63.0,-48.0,-24.0,11.0,1.0,5.0,28.0,43.0,31.0,40.0,81.0,2.0,71.16,-33.78,-24.81,27.96,-2.35,14.08,17.39,51.36,30.65,25.380000000000003,78.29,-13.75
2025-08-04T19:07:19.425130,77.0,-8.0,-1.0,-64.0,56.0,44.0,-14.0,14.0,-4.0,-21.0,1.0,1.0,85.16,6.220000000000001,-1.81,-47.04,52.65,53.08,-24.61,22.36,-4.35,-35.62,-1.71,-14.75
2025-08-04T19:07:19.429417,43.0,-12.0,-26.0,2.0,14.0,19.0,-50.0,-28.0,-25.0,-9.0,58.0,12.0,51.16,2.2200000000000006,-26.81,18.96,10.65,28.08,-60.61,-19.64,-25.35,-23.619999999999997,55.29,-3.75
2025-08-04T19:07:19.437578,124.0,-98.0,68.0,-18.0,-10.0,9.0,-3.0,-3.0,13.0,-59.0,33.0,18.0,132.16,-83.78,67.19,-1.0399999999999991,-13.35,18.08,-13.61,5.359999999999999,12.65,-73.62,30.29,2.25
2025-08-04T19:07:19.441756,25.0,-92.0,29.0,-54.0,70.0,-70.0,-47.0,49.0,27.0,-28.0,64.0,2.0,33.16,-77.78,28.19,-37.04,66.65,-60.92,-57.61,57.36,26.65,-42.62,61.29,-13.75
2025-08-04T19:07:19.449778,45.0,-29.0,52.0,8.0,-30.0,-40.0,-21.0,75.0,13.0,8.0,89.0,55.0,53.16,-14.78,51.19,24.96,-33.35,-30.92,-31.61,83.36,12.65,-6.619999999999999,86.29,39.25
2025-08-04T19:07:19.454342,46.0,-79.0,57.0,30.0,-32.0,-38.0,-12.0,-49.0,-37.0,26.0,79.0,49.0,54.16,-64.78,56.19,46.96,-35.35,-28.92,-22.61,-40.64,-37.35,11.38,76.29,33.25
2025-08-04T19:07:19.462001,-8.0,33.0,30.0,-65.0,14.0,92.0,40.0,29.0,-44.0,35.0,69.0,6.0,0.16000000000000014,47.22,29.19,-48.04,10.65,101.08,29.39,37.36,-44.35,20.380000000000003,66.29,-9.75
2025-08-04T19:07:19.466612,24.0,23.0,20.0,31.0,-9.0,49.0,26.0,51.0,-29.0,-23.0,58.0,37.0,32.16,37.22,19.19,47.96,-12.35,58.08,15.39,59.36,-29.35,-37.62,55.29,21.25
2025-08-04T19:07:19.474449,54.0,96.0,-34.0,-6.0,64.0,-25.0,11.0,-15.0,-35.0,20.0,129.0,64.0,62.16,110.22,-34.81,10.96,60.65,-15.92,0.39000000000000057,-6.640000000000001,-35.35,5.380000000000001,126.29,48.25
2025-08-04T19:07:19.478658,11.0,91.0,-19.0,-79.0,97.0,-31.0,0.0,89.0,-62.0,-45.0,120.0,-34.0,19.16,105.22,-19.81,-62.04,93.65,-21.92,-10.61,97.36,-62.35,-59.62,117.29,-49.75
2025-08-04T19:07:19.486509,73.0,-44.0,6.0,60.0,64.0,-32.0,5.0,3.0,-21.0,67.0,74.0,-88.0,81.16,-29.78,5.1899999999999995,76.96000000000001,60.65,-22.92,-5.609999999999999,11.36,-21.35,52.38,71.29,-103.75
2025-08-04T19:07:19.491365,158.0,94.0,50.0,74.0,68.0,-66.0,54.0,69.0,-70.0,-44.0,109.0,-16.0,166.16,108.22,49.19,90.96000000000001,64.65,-56.92,43.39,77.36,-70.35,-58.62,106.29,-31.75
2025-08-04T19:07:19.498785,83.0,83.0,40.0,72.0,54.0,5.0,56.0,-1.0,-110.0,41.0,112.0,46.0,91.16,97.22,39.19,88.96000000000001,50.65,14.08,45.39,7.359999999999999,-110.35,26.380000000000003,109.29,30.25
2025-08-04T19:07:19.503262,55.0,24.0,97.0,100.0,61.0,-19.0,51.0,50.0,-117.0,79.0,195.0,2.0,63.16,38.22,96.19,116.96000000000001,57.65,-9.92,40.39,58.36,-117.35,64.38,192.29,-13.75
2025-08-04T19:07:19.511138,48.0,162.0,121.0,29.0,60.0,-20.0,56.0,24.0,-32.0,-12.0,227.0,-26.0,56.16,176.22,120.19,45.96,56.65,-10.92,45.39,32.36,-32.35,-26.619999999999997,224.29,-41.75
2025-08-04T19:07:19.515359,41.0,132.0,1.0,97.0,75.0,-19.0,0.0,64.0,-88.0,75.0,214.0,18.0,49.16,146.22,0.18999999999999995,113.96000000000001,71.65,-9.92,-10.61,72.36,-88.35,60.38,211.29,2.25
2025-08-04T19:07:19.523624,84.0,209.0,5.0,72.0,22.0,-52.0,-6.0,62.0,-38.0,50.0,248.0,-33.0,92.16,223.22,4.1899999999999995,88.96000000000001,18.65,-42.92,-16.61,70.36,-38.35,35.38,245.29,-48.75
2025-08-04T19:07:19.527824,115.0,47.0,72.0,119.0,126.0,-13.0,60.0,120.0,-107.0,105.0,245.0,2.0,123.16,61.22,71.19,135.96,122.65,-3.92,49.39,128.36,-107.35,90.38,242.29,-13.75
2025-08-04T19:07:19.535869,165.0,149.0,148.0,168.0,66.0,-26.0,63.0,102.0,-189.0,137.0,217.0,-9.0,173.16,163.22,147.19,184.96,62.65,-16.92,52.39,110.36,-189.35,122.38,214.29,-24.75
2025-08-04T19:07:19.540085,51.0,178.0,147.0,113.0,148.0,1.0,5.0,74.0,-180.0,127.0,197.0,-21.0,59.16,192.22,146.19,129.96,144.65,10.08,-5.609999999999999,82.36,-180.35,112.38,194.29,-36.75
2025-08-04T19:07:19.548380,155.0,223.0,128.0,115.0,140.0,-133.0,137.0,129.0,-189.0,133.0,215.0,81.0,163.16,237.22,127.19,131.96,136.65,-123.92,126.39,137.36,-189.35,118.38,212.29,65.25
2025-08-04T19:07:19.552526,213.0,174.0,111.0,158.0,64.0,-64.0,17.0,54.0,-157.0,159.0,344.0,12.0,221.16,188.22,110.19,174.96,60.65,-54.92,6.390000000000001,62.36,-157.35,144.38,341.29,-3.75
2025-08-04T19:07:19.560496,75.0,250.0,106.0,202.0,172.0,-125.0,17.0,133.0,-188.0,33.0,286.0,4.0,83.16,264.22,105.19,218.96,168.65,-115.92,6.390000000000001,141.36,-188.35,18.380000000000003,283.29,-11.75
2025-08-04T19:07:19.568459,235.0,320.0,39.0,269.0,263.0,-116.0,35.0,122.0,-191.0,158.0,376.0,10.0,243.16,334.22,38.19,285.96,259.65,-106.92,24.39,130.36,-191.35,143.38,373.29,-5.75
2025-08-04T19:07:19.572954,231.0,253.0,80.0,262.0,122.0,-59.0,47.0,88.0,-172.0,134.0,341.0,-46.0,239.16,267.22,79.19,278.96,118.65,-49.92,36.39,96.36,-172.35,119.38,338.29,-61.75
2025-08-04T19:07:19.581294,153.0,246.0,126.0,243.0,203.0,-116.0,-33.0,95.0,-273.0,157.0,276.0,18.0,161.16,260.22,125.19,259.96,199.65,-106.92,-43.61,103.36,-273.35,142.38,273.29,2.25
2025-08-04T19:07:19.585651,235.0,230.0,16.0,292.0,202.0,-147.0,102.0,132.0,-182.0,88.0,378.0,98.0,243.16,244.22,15.19,308.96,198.65,-137.92,91.39,140.36,-182.35,73.38,375.29,82.25
2025-08-04T19:07:19.593493,220.0,197.0,78.0,276.0,139.0,-83.0,26.0,145.0,-191.0,113.0,373.0,2.0,228.16,211.22,77.19,292.96,135.65,-73.92,15.39,153.36,-191.35,98.38,370.29,-13.75
2025-08-04T19:07:19.601441,149.0,322.0,63.0,285.0,103.0,-138.0,46.0,199.0,-213.0,104.0,383.0,-12.0,157.16,336.22,62.19,301.96,99.65,-128.92,35.39,207.36,-213.35,89.38,380.29,-27.75
2025-08-04T19:07:19.605848,218.0,275.0,64.0,350.0,228.0,-126.0,86.0,110.0,-266.0,116.0,380.0,-3.0,226.16,289.22,63.19,366.96,224.65,-116.92,75.39,118.36,-266.35,101.38,377.29,-18.75
2025-08-04T19:07:19.613573,204.0,236.0,214.0,246.0,92.0,-59.0,85.0,77.0,-250.0,164.0,366.0,-18.0,212.16,250.22,213.19,262.96,88.65,-49.92,74.39,85.36,-250.35,149.38,363.29,-33.75
2025-08-04T19:07:19.617928,198.0,218.0,108.0,238.0,201.0,-166.0,42.0,84.0,-216.0,178.0,309.0,69.0,206.16,232.22,107.19,254.96,197.65,-156.92,31.39,92.36,-216.35,163.38,306.29,53.25
2025-08-04T19:07:19.626009,229.0,248.0,38.0,246.0,155.0,-177.0,83.0,128.0,-268.0,148.0,329.0,31.0,237.16,262.22,37.19,262.96,151.65,-167.92,72.39,136.36,-268.35,133.38,326.29,15.25
2025-08-04T19:07:19.633958,155.0,250.0,96.0,256.0,181.0,-84.0,44.0,36.0,-247.0,120.0,379.0,18.0,163.16,264.22,95.19,272.96,177.65,-74.92,33.39,44.36,-247.35,105.38,376.29,2.25
2025-08-04T19:07:19.638996,212.0,281.0,108.0,256.0,160.0,-100.0,-10.0,166.0,-181.0,114.0,355.0,-32.0,220.16,295.22,107.19,272.96,156.65,-90.92,-20.61,174.36,-181.35,99.38,352.29,-47.75
2025-08-04T19:07:19.646352,181.0,348.0,130.0,239.0,241.0,-257.0,68.0,174.0,-306.0,146.0,323.0,46.0,189.16,362.22,129.19,255.96,237.65,-247.92,57.39,182.36,-306.35,131.38,320.29,30.25
2025-08-04T19:07:19.650951,221.0,205.0,23.0,299.0,118.0,-122.0,91.0,84.0,-265.0,123.0,318.0,61.0,229.16,219.22,22.19,315.96,114.65,-112.92,80.39,92.36,-265.35,108.38,315.29,45.25
2025-08-04T19:07:19.658650,133.0,328.0,109.0,246.0,182.0,-113.0,19.0,151.0,-275.0,139.0,304.0,98.0,141.16,342.22,108.19,262.96,178.65,-103.92,8.39,159.36,-275.35,124.38,301.29,82.25
2025-08-04T19:07:19.666778,282.0,317.0,87.0,286.0,176.0,-156.0,96.0,85.0,-358.0,113.0,331.0,0.0,290.16,331.22,86.19,302.96,172.65,-146.92,85.39,93.36,-358.35,98.38,328.29,-15.75
2025-08-04T19:07:19.671343,214.0,250.0,118.0,264.0,75.0,-128.0,101.0,64.0,-264.0,141.0,415.0,-35.0,222.16,264.22,117.19,280.96,71.65,-118.92,90.39,72.36,-264.35,126.38,412.29,-50.75
2025-08-04T19:07:19.679157,125.0,342.0,134.0,253.0,220.0,-130.0,4.0,125.0,-211.0,169.0,399.0,-20.0,133.16,356.22,133.19,269.96,216.65,-120.92,-6.609999999999999,133.36,-211.35,154.38,396.29,-35.75
2025-08-04T19:07:19.683756,242.0,231.0,128.0,253.0,161.0,-158.0,104.0,201.0,-290.0,167.0,313.0,84.0,250.16,245.22,127.19,269.96,157.65,-148.92,93.39,209.36,-290.35,152.38,310.29,68.25
2025-08-04T19:07:19.691814,220.0,213.0,122.0,206.0,111.0,-110.0,21.0,78.0,-273.0,69.0,317.0,47.0,228.16,227.22,121.19,222.96,107.65,-100.92,10.39,86.36,-273.35,54.38,314.29,31.25
2025-08-04T19:07:19.699578,133.0,266.0,157.0,227.0,188.0,-238.0,16.0,116.0,-229.0,91.0,479.0,-43.0,141.16,280.22,156.19,243.96,184.65,-228.92,5.390000000000001,124.36,-229.35,76.38,476.29,-58.75
2025-08-04T19:07:19.704100,174.0,220.0,78.0,285.0,104.0,-61.0,19.0,126.0,-293.0,195.0,329.0,-49.0,182.16,234.22,77.19,301.96,100.65,-51.92,8.39,134.36,-293.35,180.38,326.29,-64.75
2025-08-04T19:07:19.712333,195.0,202.0,116.0,253.0,152.0,-81.0,2.0,80.0,-208.0,130.0,294.0,-16.0,203.16,216.22,115.19,269.96,148.65,-71.92,-8.61,88.36,-208.35,115.38,291.29,-31.75
2025-08-04T19:07:19.716228,164.0,235.0,75.0,244.0,93.0,-101.0,-6.0,99.0,-291.0,108.0,343.0,18.0,172.16,249.22,74.19,260.96,89.65,-91.92,-16.61,107.36,-291.35,93.38,340.29,2.25
2025-08-04T19:07:19.724594,143.0,285.0,41.0,237.0,144.0,-123.0,24.0,78.0,-314.0,99.0,311.0,5.0,151.16,299.22,40.19,253.96,140.65,-113.92,13.39,86.36,-314.35,84.38,308.29,-10.75
2025-08-04T19:07:19.728679,224.0,264.0,13.0,229.0,206.0,-136.0,32.0,129.0,-199.0,75.0,345.0,33.0,232.16,278.22,12.19,245.96,202.65,-126.92,21.39,137.36,-199.35,60.38,342.29,17.25
2025-08-04T19:07:19.736588,168.0,173.0,123.0,336.0,194.0,-195.0,59.0,53.0,-260.0,126.0,391.0,-41.0,176.16,187.22,122.19,352.96,190.65,-185.92,48.39,61.36,-260.35,111.38,388.29,-56.75
2025-08-04T19:07:19.744522,183.0,295.0,74.0,339.0,121.0,-70.0,59.0,137.0,-198.0,162.0,400.0,-10.0,191.16,309.22,73.19,355.96,117.65,-60.92,48.39,145.36,-198.35,147.38,397.29,-25.75
2025-08-04T19:07:19.748914,237.0,210.0,60.0,227.0,148.0,-58.0,32.0,174.0,-217.0,133.0,313.0,-74.0,245.16,224.22,59.19,243.96,144.65,-48.92,21.39,182.36,-217.35,118.38,310.29,-89.75
2025-08-04T19:07:19.757127,140.0,193.0,82.0,262.0,84.0,-169.0,28.0,197.0,-375.0,131.0,361.0,35.0,148.16,207.22,81.19,278.96,80.65,-159.92,17.39,205.36,-375.35,116.38,358.29,19.25
2025-08-04T19:07:19.761575,158.0,213.0,35.0,235.0,67.0,-188.0,42.0,147.0,-241.0,138.0,328.0,5.0,166.16,227.22,34.19,251.96,63.65,-178.92,31.39,155.36,-241.35,123.38,325.29,-10.75
2025-08-04T19:07:19.769423,219.0,236.0,61.0,247.0,197.0,-64.0,88.0,113.0,-243.0,87.0,397.0,15.0,227.16,250.22,60.19,263.96,193.65,-54.92,77.39,121.36,-243.35,72.38,394.29,-0.75
2025-08-04T19:07:19.774268,135.0,138.0,102.0,236.0,171.0,-195.0,64.0,129.0,-235.0,143.0,412.0,-50.0,143.16,152.22,101.19,252.96,167.65,-185.92,53.39,137.36,-235.35,128.38,409.29,-65.75
2025-08-04T19:07:19.781837,186.0,259.0,42.0,206.0,127.0,-144.0,107.0,117.0,-275.0,178.0,359.0,-14.0,194.16,273.22,41.19,222.96,123.65,-134.92,96.39,125.36,-275.35,163.38,356.29,-29.75
2025-08-04T19:07:19.789706,264.0,261.0,179.0,230.0,223.0,-147.0,25.0,88.0,-233.0,196.0,314.0,83.0,272.16,275.22,178.19,246.96,219.65,-137.92,14.39,96.36,-233.35,181.38,311.29,67.25
2025-08-04T19:07:19.793921,145.0,332.0,113.0,259.0,167.0,-87.0,53.0,119.0,-339.0,77.0,333.0,74.0,153.16,346.22,112.19,275.96,163.65,-77.92,42.39,127.36,-339.35,62.38,330.29,58.25
2025-08-04T19:07:19.802018,208.0,235.0,43.0,290.0,174.0,-145.0,41.0,73.0,-330.0,50.0,420.0,64.0,216.16,249.22,42.19,306.96,170.65,-135.92,30.39,81.36,-330.35,35.38,417.29,48.25
2025-08-04T19:07:19.806674,250.0,246.0,116.0,256.0,139.0,-159.0,103.0,76.0,-272.0,78.0,365.0,12.0,258.16,260.22,115.19,272.96,135.65,-149.92,92.39,84.36,-272.35,63.38,362.29,-3.75
2025-08-04T19:07:19.814386,128.0,287.0,119.0,252.0,168.0,-127.0,33.0,128.0,-246.0,194.0,369.0,-30.0,136.16,301.22,118.19,268.96,164.65,-117.92,22.39,136.36,-246.35,179.38,366.29,-45.75
2025-08-04T19:07:19.822444,279.0,252.0,48.0,254.0,132.0,-139.0,50.0,108.0,-292.0,158.0,352.0,-1.0,287.16,266.22,47.19,270.96,128.65,-129.92,39.39,116.36,-292.35,143.38,349.29,-16.75
2025-08-04T19:07:19.826740,232.0,238.0,83.0,260.0,202.0,-167.0,24.0,125.0,-267.0,90.0,312.0,35.0,240.16,252.22,82.19,276.96,198.65,-157.92,13.39,133.36,-267.35,75.38,309.29,19.25
2025-08-04T19:07:19.834998,101.0,294.0,129.0,225.0,134.0,-160.0,8.0,112.0,-257.0,106.0,349.0,18.0,109.16,308.22,128.19,241.96,130.65,-150.92,-2.6099999999999994,120.36,-257.35,91.38,346.29,2.25
2025-08-04T19:07:19.839302,178.0,223.0,105.0,250.0,171.0,-134.0,22.0,202.0,-275.0,92.0,380.0,-22.0,186.16,237.22,104.19,266.96,167.65,-124.92,11.39,210.36,-275.35,77.38,377.29,-37.75
2025-08-04T19:07:19.847086,267.0,170.0,85.0,323.0,98.0,-153.0,97.0,38.0,-289.0,188.0,374.0,-78.0,275.16,184.22,84.19,339.96,94.65,-143.92,86.39,46.36,-289.35,173.38,371.29,-93.75
2025-08-04T19:07:19.855206,123.0,297.0,116.0,259.0,181.0,-119.0,7.0,106.0,-241.0,75.0,382.0,-31.0,131.16,311.22,115.19,275.96,177.65,-109.92,-3.6099999999999994,114.36,-241.35,60.38,379.29,-46.75
2025-08-04T19:07:19.859510,224.0,329.0,104.0,289.0,140.0,-157.0,95.0,151.0,-305.0,134.0,324.0,51.0,232.16,343.22,103.19,305.96,136.65,-147.92,84.39,159.36,-305.35,119.38,321.29,35.25
2025-08-04T19:07:19.867641,301.0,274.0,119.0,334.0,110.0,-120.0,63.0,96.0,-244.0,59.0,356.0,44.0,309.16,288.22,118.19,350.96,106.65,-110.92,52.39,104.36,-244.35,44.38,353.29,28.25
2025-08-04T19:07:19.872184,120.0,271.0,61.0,225.0,180.0,-114.0,34.0,89.0,-321.0,98.0,382.0,-97.0,128.16,285.22,60.19,241.96,176.65,-104.92,23.39,97.36,-321.35,83.38,379.29,-112.75
2025-08-04T19:07:19.880074,221.0,287.0,58.0,307.0,189.0,-132.0,49.0,132.0,-201.0,200.0,386.0,-35.0,229.16,301.22,57.19,323.96,185.65,-122.92,38.39,140.36,-201.35,185.38,383.29,-50.75
2025-08-04T19:07:19.884367,240.0,225.0,97.0,215.0,144.0,-96.0,72.0,185.0,-287.0,121.0,309.0,-32.0,248.16,239.22,96.19,231.96,140.65,-86.92,61.39,193.36,-287.35,106.38,306.29,-47.75
2025-08-04T19:07:19.892301,99.0,248.0,86.0,298.0,101.0,-131.0,71.0,119.0,-266.0,158.0,332.0,32.0,107.16,262.22,85.19,314.96,97.65,-121.92,60.39,127.36,-266.35,143.38,329.29,16.25
2025-08-04T19:07:19.900338,173.0,238.0,23.0,252.0,119.0,-159.0,18.0,128.0,-262.0,90.0,309.0,45.0,181.16,252.22,22.19,268.96,115.65,-149.92,7.390000000000001,136.36,-262.35,75.38,306.29,29.25
2025-08-04T19:07:19.904959,214.0,186.0,75.0,265.0,139.0,-70.0,37.0,100.0,-330.0,112.0,333.0,5.0,222.16,200.22,74.19,281.96,135.65,-60.92,26.39,108.36,-330.35,97.38,330.29,-10.75
2025-08-04T19:07:19.912519,171.0,282.0,160.0,160.0,155.0,-74.0,50.0,65.0,-273.0,82.0,382.0,4.0,179.16,296.22,159.19,176.96,151.65,-64.92,39.39,73.36,-273.35,67.38,379.29,-11.75
2025-08-04T19:07:19.916961,155.0,304.0,21.0,215.0,140.0,-158.0,5.0,85.0,-295.0,114.0,363.0,-46.0,163.16,318.22,20.19,231.96,136.65,-148.92,-5.609999999999999,93.36,-295.35,99.38,360.29,-61.75
2025-08-04T19:07:19.925046,235.0,189.0,98.0,308.0,151.0,-133.0,69.0,173.0,-232.0,136.0,339.0,19.0,243.16,203.22,97.19,324.96,147.65,-123.92,58.39,181.36,-232.35,121.38,336.29,3.25
2025-08-04T19:07:19.933077,159.0,221.0,141.0,238.0,203.0,-101.0,84.0,154.0,-297.0,115.0,271.0,38.0,167.16,235.22,140.19,254.96,199.65,-91.92,73.39,162.36,-297.35,100.38,268.29,22.25
2025-08-04T19:07:19.937403,177.0,332.0,62.0,243.0,158.0,-156.0,106.0,91.0,-285.0,120.0,383.0,52.0,185.16,346.22,61.19,259.96,154.65,-146.92,95.39,99.36,-285.35,105.38,380.29,36.25
2025-08-04T19:07:19.945651,236.0,248.0,80.0,239.0,153.0,-140.0,80.0,177.0,-292.0,96.0,338.0,17.0,244.16,262.22,79.19,255.96,149.65,-130.92,69.39,185.36,-292.35,81.38,335.29,1.25
2025-08-04T19:07:19.949752,176.0,227.0,109.0,292.0,179.0,-205.0,25.0,186.0,-286.0,207.0,360.0,29.0,184.16,241.22,108.19,308.96,175.65,-195.92,14.39,194.36,-286.35,192.38,357.29,13.25
2025-08-04T19:07:19.957669,182.0,277.0,-2.0,256.0,108.0,-107.0,5.0,53.0,-286.0,171.0,338.0,16.0,190.16,291.22,-2.81,272.96,104.65,-97.92,-5.609999999999999,61.36,-286.35,156.38,335.29,0.25
2025-08-04T19:07:19.962834,287.0,255.0,17.0,200.0,151.0,-189.0,70.0,87.0,-242.0,48.0,311.0,22.0,295.16,269.22,16.19,216.96,147.65,-179.92,59.39,95.36,-242.35,33.38,308.29,6.25
2025-08-04T19:07:19.970075,215.0,157.0,77.0,316.0,187.0,-130.0,34.0,129.0,-265.0,65.0,375.0,20.0,223.16,171.22,76.19,332.96,183.65,-120.92,23.39,137.36,-265.35,50.38,372.29,4.25
2025-08-04T19:07:19.978203,135.0,255.0,90.0,274.0,128.0,-116.0,1.0,134.0,-248.0,74.0,439.0,25.0,143.16,269.22,89.19,290.96,124.65,-106.92,-9.61,142.36,-248.35,59.38,436.29,9.25
2025-08-04T19:07:19.982663,161.0,188.0,46.0,180.0,198.0,-151.0,74.0,133.0,-310.0,166.0,381.0,-23.0,169.16,202.22,45.19,196.96,194.65,-141.92,63.39,141.36,-310.35,151.38,378.29,-38.75
2025-08-04T19:07:19.990701,123.0,188.0,128.0,274.0,95.0,-59.0,26.0,105.0,-309.0,174.0,351.0,-11.0,131.16,202.22,127.19,290.96,91.65,-49.92,15.39,113.36,-309.35,159.38,348.29,-26.75
2025-08-04T19:07:19.994735,160.0,260.0,33.0,215.0,195.0,-140.0,19.0,82.0,-263.0,147.0,345.0,38.0,168.16,274.22,32.19,231.96,191.65,-130.92,8.39,90.36,-263.35,132.38,342.29,22.25
2025-08-04T19:07:20.002839,258.0,180.0,83.0,203.0,209.0,-188.0,27.0,129.0,-253.0,63.0,344.0,62.0,266.16,194.22,82.19,219.96,205.65,-178.92,16.39,137.36,-253.35,48.38,341.29,46.25
2025-08-04T19:07:20.010801,203.0,247.0,123.0,312.0,182.0,-98.0,39.0,50.0,-274.0,118.0,417.0,30.0,211.16,261.22,122.19,328.96,178.65,-88.92,28.39,58.36,-274.35,103.38,414.29,14.25
2025-08-04T19:07:20.015223,189.0,301.0,10.0,234.0,164.0,-101.0,15.0,114.0,-277.0,47.0,375.0,-43.0,197.16,315.22,9.19,250.96,160.65,-91.92,4.390000000000001,122.36,-277.35,32.38,372.29,-58.75
2025-08-04T19:07:20.023323,198.0,247.0,70.0,266.0,172.0,-115.0,3.0,138.0,-229.0,161.0,361.0,-69.0,206.16,261.22,69.19,282.96,168.65,-105.92,-7.609999999999999,146.36,-229.35,146.38,358.29,-84.75
2025-08-04T19:07:20.027442,144.0,227.0,69.0,344.0,155.0,-77.0,53.0,118.0,-251.0,191.0,255.0,-75.0,152.16,241.22,68.19,360.96,151.65,-67.92,42.39,126.36,-251.35,176.38,252.29,-90.75
2025-08-04T19:07:20.035513,142.0,284.0,46.0,217.0,207.0,-102.0,83.0,46.0,-280.0,185.0,279.0,67.0,150.16,298.22,45.19,233.96,203.65,-92.92,72.39,54.36,-280.35,170.38,276.29,51.25
2025-08-04T19:07:20.040485,207.0,235.0,16.0,263.0,88.0,-96.0,-22.0,87.0,-262.0,84.0,337.0,86.0,215.16,249.22,15.19,279.96,84.65,-86.92,-32.61,95.36,-262.35,69.38,334.29,70.25
2025-08-04T19:07:20.048064,239.0,247.0,161.0,283.0,161.0,-136.0,91.0,121.0,-303.0,71.0,424.0,46.0,247.16,261.22,160.19,299.96,157.65,-126.92,80.39,129.36,-303.35,56.38,421.29,30.25
2025-08-04T19:07:20.055889,228.0,299.0,75.0,248.0,175.0,-132.0,113.0,96.0,-257.0,101.0,356.0,2.0,236.16,313.22,74.19,264.96,171.65,-122.92,102.39,104.36,-257.35,86.38,353.29,-13.75
2025-08-04T19:07:20.060191,228.0,281.0,54.0,305.0,184.0,-165.0,54.0,142.0,-257.0,94.0,441.0,-28.0,236.16,295.22,53.19,321.96,180.65,-155.92,43.39,150.36,-257.35,79.38,438.29,-43.75
2025-08-04T19:07:20.068384,178.0,174.0,141.0,276.0,130.0,-141.0,-11.0,200.0,-293.0,120.0,346.0,-80.0,186.16,188.22,140.19,292.96,126.65,-131.92,-21.61,208.36,-293.35,105.38,343.29,-95.75
2025-08-04T19:07:20.073278,230.0,227.0,56.0,327.0,124.0,-175.0,18.0,148.0,-257.0,146.0,306.0,57.0,238.16,241.22,55.19,343.96,120.65,-165.92,7.390000000000001,156.36,-257.35,131.38,303.29,41.25
2025-08-04T19:07:20.080887,228.0,167.0,19.0,274.0,74.0,-81.0,-12.0,69.0,-349.0,124.0,292.0,41.0,236.16,181.22,18.19,290.96,70.65,-71.92,-22.61,77.36,-349.35,109.38,289.29,25.25
2025-08-04T19:07:20.088637,153.0,292.0,82.0,256.0,166.0,-105.0,3.0,121.0,-274.0,92.0,318.0,-8.0,161.16,306.22,81.19,272.96,162.65,-95.92,-7.609999999999999,129.36,-274.35,77.38,315.29,-23.75
2025-08-04T19:07:20.092978,167.0,205.0,102.0,295.0,163.0,-171.0,-45.0,94.0,-270.0,117.0,340.0,-17.0,175.16,219.22,101.19,311.96,159.65,-161.92,-55.61,102.36,-270.35,102.38,337.29,-32.75
2025-08-04T19:07:20.101047,241.0,241.0,18.0,261.0,173.0,-91.0,64.0,101.0,-253.0,156.0,383.0,-65.0,249.16,255.22,17.19,277.96,169.65,-81.92,53.39,109.36,-253.35,141.38,380.29,-80.75
2025-08-04T19:07:20.105791,138.0,167.0,127.0,196.0,173.0,-119.0,63.0,85.0,-310.0,165.0,334.0,-4.0,146.16,181.22,126.19,212.96,169.65,-109.92,52.39,93.36,-310.35,150.38,331.29,-19.75
2025-08-04T19:07:20.113415,124.0,245.0,122.0,201.0,170.0,-155.0,62.0,75.0,-300.0,159.0,320.0,16.0,132.16,259.22,121.19,217.96,166.65,-145.92,51.39,83.36,-300.35,144.38,317.29,0.25
2025-08-04T19:07:20.117802,191.0,225.0,57.0,347.0,145.0,-109.0,73.0,92.0,-333.0,93.0,347.0,44.0,199.16,239.22,56.19,363.96,141.65,-99.92,62.39,100.36,-333.35,78.38,344.29,28.25
2025-08-04T19:07:20.125616,212.0,225.0,109.0,299.0,152.0,-100.0,22.0,116.0,-255.0,97.0,397.0,47.0,220.16,239.22,108.19,315.96,148.65,-90.92,11.39,124.36,-255.35,82.38,394.29,31.25
2025-08-04T19:07:20.133775,157.0,188.0,52.0,339.0,163.0,-133.0,78.0,122.0,-284.0,99.0,367.0,25.0,165.16,202.22,51.19,355.96,159.65,-123.92,67.39,130.36,-284.35,84.38,364.29,9.25
2025-08-04T19:07:20.138394,287.0,260.0,57.0,311.0,153.0,-111.0,37.0,137.0,-269.0,123.0,328.0,-51.0,295.16,274.22,56.19,327.96,149.65,-101.92,26.39,145.36,-269.35,108.38,325.29,-66.75
2025-08-04T19:07:20.146275,275.0,166.0,95.0,158.0,147.0,-174.0,29.0,85.0,-314.0,187.0,281.0,-16.0,283.16,180.22,94.19,174.96,143.65,-164.92,18.39,93.36,-314.35,172.38,278.29,-31.75
2025-08-04T19:07:20.150404,188.0,301.0,124.0,229.0,101.0,-98.0,83.0,75.0,-299.0,132.0,306.0,-25.0,196.16,315.22,123.19,245.96,97.65,-88.92,72.39,83.36,-299.35,117.38,303.29,-40.75
2025-08-04T19:07:20.158415,222.0,308.0,98.0,279.0,162.0,-111.0,41.0,160.0,-239.0,121.0,252.0,-7.0,230.16,322.22,97.19,295.96,158.65,-101.92,30.39,168.36,-239.35,106.38,249.29,-22.75
2025-08-04T19:07:20.166449,186.0,160.0,38.0,198.0,179.0,-165.0,73.0,199.0,-266.0,92.0,340.0,22.0,194.16,174.22,37.19,214.96,175.65,-155.92,62.39,207.36,-266.35,77.38,337.29,6.25
2025-08-04T19:07:20.170700,154.0,207.0,82.0,237.0,108.0,-90.0,78.0,108.0,-285.0,167.0,372.0,-24.0,162.16,221.22,81.19,253.96,104.65,-80.92,67.39,116.36,-285.35,152.38,369.29,-39.75
2025-08-04T19:07:20.179396,219.0,235.0,10.0,266.0,180.0,-126.0,67.0,117.0,-281.0,135.0,335.0,-13.0,227.16,249.22,9.19,282.96,176.65,-116.92,56.39,125.36,-281.35,120.38,332.29,-28.75
2025-08-04T19:07:20.183419,265.0,183.0,137.0,217.0,110.0,-132.0,-5.0,52.0,-277.0,169.0,330.0,-54.0,273.16,197.22,136.19,233.96,106.65,-122.92,-15.61,60.36,-277.35,154.38,327.29,-69.75
2025-08-04T19:07:20.191460,144.0,263.0,93.0,279.0,151.0,-114.0,71.0,78.0,-270.0,118.0,353.0,-15.0,152.16,277.22,92.19,295.96,147.65,-104.92,60.39,86.36,-270.35,103.38,350.29,-30.75
2025-08-04T19:07:20.195499,265.0,220.0,39.0,239.0,95.0,-93.0,26.0,61.0,-287.0,88.0,334.0,24.0,273.16,234.22,38.19,255.96,91.65,-83.92,15.39,69.36,-287.35,73.38,331.29,8.25
2025-08-04T19:07:20.203561,166.0,223.0,69.0,250.0,217.0,-144.0,28.0,93.0,-245.0,132.0,403.0,19.0,174.16,237.22,68.19,266.96,213.65,-134.92,17.39,101.36,-245.35,117.38,400.29,3.25
2025-08-04T19:07:20.211608,147.0,188.0,80.0,223.0,130.0,-97.0,-15.0,143.0,-274.0,142.0,394.0,-29.0,155.16,202.22,79.19,239.96,126.65,-87.92,-25.61,151.36,-274.35,127.38,391.29,-44.75
2025-08-04T19:07:20.216078,186.0,243.0,99.0,132.0,164.0,-69.0,69.0,164.0,-228.0,127.0,376.0,-32.0,194.16,257.22,98.19,148.96,160.65,-59.92,58.39,172.36,-228.35,112.38,373.29,-47.75
2025-08-04T19:07:20.224799,196.0,230.0,82.0,227.0,152.0,-129.0,64.0,63.0,-267.0,132.0,290.0,-42.0,204.16,244.22,81.19,243.96,148.65,-119.92,53.39,71.36,-267.35,117.38,287.29,-57.75
2025-08-04T19:07:20.228215,182.0,201.0,96.0,278.0,160.0,-168.0,29.0,138.0,-265.0,145.0,300.0,56.0,190.16,215.22,95.19,294.96,156.65,-158.92,18.39,146.36,-265.35,130.38,297.29,40.25
2025-08-04T19:07:20.236346,215.0,280.0,-6.0,161.0,120.0,-52.0,70.0,67.0,-285.0,100.0,310.0,18.0,223.16,294.22,-6.8100000000000005,177.96,116.65,-42.92,59.39,75.36,-285.35,85.38,307.29,2.25
2025-08-04T19:07:20.244340,229.0,206.0,116.0,297.0,166.0,-160.0,57.0,35.0,-272.0,91.0,419.0,31.0,237.16,220.22,115.19,313.96,162.65,-150.92,46.39,43.36,-272.35,76.38,416.29,15.25
2025-08-04T19:07:20.249325,124.0,232.0,109.0,272.0,77.0,-144.0,91.0,133.0,-300.0,42.0,297.0,2.0,132.16,246.22,108.19,288.96,73.65,-134.92,80.39,141.36,-300.35,27.380000000000003,294.29,-13.75
2025-08-04T19:07:20.256640,186.0,291.0,45.0,293.0,74.0,-122.0,-4.0,107.0,-224.0,120.0,337.0,6.0,194.16,305.22,44.19,309.96,70.65,-112.92,-14.61,115.36,-224.35,105.38,334.29,-9.75
2025-08-04T19:07:20.260903,205.0,185.0,88.0,276.0,99.0,-137.0,34.0,108.0,-336.0,140.0,317.0,1.0,213.16,199.22,87.19,292.96,95.65,-127.92,23.39,116.36,-336.35,125.38,314.29,-14.75
2025-08-04T19:07:20.268878,223.0,233.0,125.0,227.0,109.0,-70.0,10.0,99.0,-178.0,57.0,313.0,6.0,231.16,247.22,124.19,243.96,105.65,-60.92,-0.6099999999999994,107.36,-178.35,42.38,310.29,-9.75
2025-08-04T19:07:20.273188,107.0,257.0,77.0,180.0,137.0,-135.0,91.0,92.0,-227.0,88.0,322.0,34.0,115.16,271.22,76.19,196.96,133.65,-125.92,80.39,100.36,-227.35,73.38,319.29,18.25
2025-08-04T19:07:20.281493,211.0,174.0,-10.0,159.0,145.0,-136.0,36.0,152.0,-279.0,83.0,305.0,7.0,219.16,188.22,-10.81,175.96,141.65,-126.92,25.39,160.36,-279.35,68.38,302.29,-8.75
2025-08-04T19:07:20.285857,120.0,93.0,69.0,189.0,50.0,-98.0,59.0,69.0,-206.0,77.0,300.0,-79.0,128.16,107.22,68.19,205.96,46.65,-88.92,48.39,77.36,-206.35,62.38,297.29,-94.75
2025-08-04T19:07:20.293719,90.0,199.0,33.0,197.0,139.0,-27.0,26.0,43.0,-171.0,20.0,223.0,-32.0,98.16,213.22,32.19,213.96,135.65,-17.92,15.39,51.36,-171.35,5.380000000000001,220.29,-47.75
2025-08-04T19:07:20.301638,87.0,192.0,43.0,122.0,162.0,-57.0,79.0,58.0,-181.0,145.0,280.0,-48.0,95.16,206.22,42.19,138.96,158.65,-47.92,68.39,66.36,-181.35,130.38,277.29,-63.75
2025-08-04T19:07:20.305996,137.0,173.0,31.0,153.0,114.0,-74.0,-44.0,31.0,-121.0,131.0,177.0,-72.0,145.16,187.22,30.19,169.96,110.65,-64.92,-54.61,39.36,-121.35,116.38,174.29,-87.75
2025-08-04T19:07:20.314201,23.0,134.0,84.0,156.0,89.0,-60.0,-56.0,101.0,-143.0,145.0,214.0,1.0,31.16,148.22,83.19,172.96,85.65,-50.92,-66.61,109.36,-143.35,130.38,211.29,-14.75
2025-08-04T19:07:20.318977,70.0,209.0,27.0,87.0,147.0,-46.0,19.0,65.0,-187.0,12.0,166.0,6.0,78.16,223.22,26.19,103.96000000000001,143.65,-36.92,8.39,73.36,-187.35,-2.619999999999999,163.29,-9.75
2025-08-04T19:07:20.326293,97.0,121.0,-2.0,58.0,45.0,-101.0,63.0,35.0,-177.0,54.0,208.0,64.0,105.16,135.22,-2.81,74.96000000000001,41.65,-91.92,52.39,43.36,-177.35,39.38,205.29,48.25
2025-08-04T19:07:20.330523,96.0,5.0,-26.0,89.0,154.0,-37.0,31.0,18.0,-98.0,13.0,134.0,12.0,104.16,19.22,-26.81,105.96000000000001,150.65,-27.92,20.39,26.36,-98.35,-1.6199999999999992,131.29,-3.75
2025-08-04T19:07:20.338557,168.0,75.0,34.0,87.0,-22.0,-77.0,108.0,18.0,-99.0,57.0,60.0,36.0,176.16,89.22,33.19,103.96000000000001,-25.35,-67.92,97.39,26.36,-99.35,42.38,57.29,20.25
2025-08-04T19:07:20.342869,33.0,23.0,31.0,76.0,75.0,-24.0,0.0,7.0,-120.0,-16.0,87.0,32.0,41.16,37.22,30.19,92.96000000000001,71.65,-14.92,-10.61,15.36,-120.35,-30.619999999999997,84.29,16.25
2025-08-04T19:07:20.351078,25.0,30.0,69.0,72.0,29.0,-93.0,19.0,-3.0,-96.0,-10.0,65.0,-12.0,33.16,44.22,68.19,88.96000000000001,25.65,-83.92,8.39,5.359999999999999,-96.35,-24.619999999999997,62.29,-27.75
2025-08-04T19:07:20.355073,32.0,108.0,39.0,42.0,57.0,-21.0,41.0,10.0,-79.0,-18.0,53.0,-48.0,40.16,122.22,38.19,58.96,53.65,-11.92,30.39,18.36,-79.35,-32.62,50.29,-63.75
2025-08-04T19:07:20.363071,-4.0,96.0,-22.0,90.0,40.0,-23.0,26.0,-36.0,-59.0,-16.0,-20.0,4.0,4.16,110.22,-22.81,106.96000000000001,36.65,-13.92,15.39,-27.64,-59.35,-30.619999999999997,-22.71,-11.75
2025-08-04T19:07:20.367567,54.0,14.0,-46.0,5.0,76.0,-116.0,-43.0,61.0,-111.0,32.0,-22.0,-16.0,62.16,28.22,-46.81,21.96,72.65,-106.92,-53.61,69.36,-111.35,17.380000000000003,-24.71,-31.75
2025-08-04T19:07:20.375723,132.0,-12.0,-12.0,5.0,16.0,-85.0,2.0,56.0,-28.0,-47.0,52.0,1.0,140.16,2.2200000000000006,-12.81,21.96,12.65,-75.92,-8.61,64.36,-28.35,-61.62,49.29,-14.75
2025-08-04T19:07:20.379750,1.0,-47.0,16.0,40.0,-16.0,-82.0,13.0,46.0,-52.0,110.0,-86.0,-15.0,9.16,-32.78,15.19,56.96,-19.35,-72.92,2.3900000000000006,54.36,-52.35,95.38,-88.71,-30.75
2025-08-04T19:07:20.387639,72.0,24.0,18.0,53.0,5.0,-7.0,44.0,8.0,-95.0,91.0,56.0,-14.0,80.16,38.22,17.19,69.96000000000001,1.65,2.08,33.39,16.36,-95.35,76.38,53.29,-29.75
2025-08-04T19:07:20.392286,44.0,-56.0,69.0,55.0,-53.0,13.0,-48.0,-12.0,-13.0,67.0,-9.0,-3.0,52.16,-41.78,68.19,71.96000000000001,-56.35,22.08,-58.61,-3.6400000000000006,-13.35,52.38,-11.71,-18.75
2025-08-04T19:07:20.400017,49.0,-63.0,-14.0,50.0,-1.0,-64.0,-6.0,49.0,-20.0,66.0,34.0,34.0,57.16,-48.78,-14.81,66.96000000000001,-4.35,-54.92,-16.61,57.36,-20.35,51.38,31.29,18.25
2025-08-04T19:07:20.404931,40.0,-19.0,21.0,-63.0,11.0,-59.0,45.0,-23.0,-37.0,57.0,-23.0,16.0,48.16,-4.779999999999999,20.19,-46.04,7.65,-49.92,34.39,-14.64,-37.35,42.38,-25.71,0.25
2025-08-04T19:07:20.408446,20.0,4.0,3.0,16.0,24.0,25.0,71.0,22.0,5.0,45.0,42.0,-20.0,28.16,18.22,2.19,32.96,20.65,34.08,60.39,30.36,4.65,30.380000000000003,39.29,-35.75
2025-08-04T19:07:20.417046,-22.0,9.0,56.0,24.0,48.0,22.0,66.0,-17.0,6.0,55.0,45.0,48.0,-13.84,23.22,55.19,40.96,44.65,31.08,55.39,-8.64,5.65,40.38,42.29,32.25
2025-08-04T19:07:20.421421,-24.0,67.0,56.0,0.0,26.0,-87.0,-16.0,48.0,-66.0,-9.0,32.0,8.0,-15.84,81.22,55.19,16.96,22.65,-77.92,-26.61,56.36,-66.35,-23.619999999999997,29.29,-7.75
2025-08-04T19:07:20.429008,-45.0,35.0,17.0,-77.0,14.0,-51.0,-64.0,42.0,-24.0,26.0,-21.0,-17.0,-36.84,49.22,16.19,-60.04,10.65,-41.92,-74.61,50.36,-24.35,11.38,-23.71,-32.75
2025-08-04T19:07:20.433360,-4.0,54.0,-69.0,-1.0,23.0,-57.0,96.0,16.0,-84.0,44.0,85.0,34.0,4.16,68.22,-69.81,15.96,19.65,-47.92,85.39,24.36,-84.35,29.380000000000003,82.29,18.25
2025-08-04T19:07:20.441913,4.0,81.0,-23.0,20.0,64.0,-76.0,-1.0,-32.0,-38.0,109.0,-11.0,8.0,12.16,95.22,-23.81,36.96,60.65,-66.92,-11.61,-23.64,-38.35,94.38,-13.71,-7.75
2025-08-04T19:07:20.446061,59.0,-6.0,-80.0,-25.0,9.0,-66.0,47.0,15.0,-64.0,20.0,44.0,-7.0,67.16,8.22,-80.81,-8.04,5.65,-56.92,36.39,23.36,-64.35,5.380000000000001,41.29,-22.75
2025-08-04T19:07:20.453429,5.0,17.0,-73.0,31.0,-42.0,-1.0,20.0,-52.0,-23.0,45.0,-11.0,11.0,13.16,31.22,-73.81,47.96,-45.35,8.08,9.39,-43.64,-23.35,30.380000000000003,-13.71,-4.75
2025-08-04T19:07:20.457693,38.0,5.0,-24.0,16.0,34.0,-55.0,-14.0,2.0,-64.0,7.0,-52.0,25.0,46.16,19.22,-24.81,32.96,30.65,-45.92,-24.61,10.36,-64.35,-7.619999999999999,-54.71,9.25
2025-08-04T19:07:20.465525,-50.0,55.0,-19.0,-25.0,-20.0,-68.0,15.0,62.0,-13.0,106.0,17.0,18.0,-41.84,69.22,-19.81,-8.04,-23.35,-58.92,4.390000000000001,70.36,-13.35,91.38,14.29,2.25
2025-08-04T19:07:20.470607,37.0,60.0,-56.0,-64.0,-4.0,-5.0,40.0,-25.0,-106.0,27.0,-14.0,-6.0,45.16,74.22,-56.81,-47.04,-7.35,4.08,29.39,-16.64,-106.35,12.38,-16.71,-21.75
2025-08-04T19:07:20.478186,33.0,40.0,10.0,4.0,38.0,-17.0,14.0,-35.0,-35.0,47.0,8.0,-14.0,41.16,54.22,9.19,20.96,34.65,-7.92,3.3900000000000006,-26.64,-35.35,32.38,5.29,-29.75
2025-08-04T19:07:20.482118,18.0,77.0,-6.0,0.0,9.0,-83.0,-1.0,-34.0,-31.0,65.0,8.0,-11.0,26.16,91.22,-6.8100000000000005,16.96,5.65,-73.92,-11.61,-25.64,-31.35,50.38,5.29,-26.75
2025-08-04T19:07:20.490133,44.0,11.0,-80.0,-52.0,-4.0,-34.0,71.0,31.0,-66.0,51.0,36.0,-8.0,52.16,25.22,-80.81,-35.04,-7.35,-24.92,60.39,39.36,-66.35,36.38,33.29,-23.75
2025-08-04T19:07:20.494459,133.0,-49.0,-26.0,-8.0,27.0,-75.0,-31.0,31.0,-25.0,46.0,-10.0,-52.0,141.16,-34.78,-26.81,8.96,23.65,-65.92,-41.61,39.36,-25.35,31.380000000000003,-12.71,-67.75
2025-08-04T19:07:20.502551,66.0,-8.0,54.0,46.0,-30.0,-92.0,64.0,-77.0,-26.0,90.0,17.0,-27.0,74.16,6.220000000000001,53.19,62.96,-33.35,-82.92,53.39,-68.64,-26.35,75.38,14.29,-42.75
2025-08-04T19:07:20.506665,-29.0,-12.0,-46.0,18.0,-41.0,10.0,74.0,-49.0,16.0,58.0,-69.0,-72.0,-20.84,2.2200000000000006,-46.81,34.96,-44.35,19.08,63.39,-40.64,15.65,43.38,-71.71,-87.75
2025-08-04T19:07:20.514747,26.0,-87.0,-8.0,-7.0,53.0,-55.0,37.0,-32.0,-49.0,31.0,-67.0,-52.0,34.16,-72.78,-8.81,9.96,49.65,-45.92,26.39,-23.64,-49.35,16.380000000000003,-69.71,-67.75
2025-08-04T19:07:20.519023,-64.0,48.0,-62.0,30.0,89.0,-26.0,58.0,-63.0,-58.0,78.0,-36.0,-46.0,-55.84,62.22,-62.81,46.96,85.65,-16.92,47.39,-54.64,-58.35,63.38,-38.71,-61.75
2025-08-04T19:07:20.526989,24.0,15.0,-4.0,-37.0,18.0,-25.0,19.0,8.0,-10.0,15.0,12.0,9.0,32.16,29.22,-4.8100000000000005,-20.04,14.65,-15.92,8.39,16.36,-10.35,0.3800000000000008,9.29,-6.75
2025-08-04T19:07:20.531376,36.0,17.0,-24.0,25.0,-24.0,-44.0,50.0,37.0,-83.0,110.0,-23.0,-36.0,44.16,31.22,-24.81,41.96,-27.35,-34.92,39.39,45.36,-83.35,95.38,-25.71,-51.75
2025-08-04T19:07:20.539246,117.0,-55.0,-3.0,43.0,-9.0,-101.0,0.0,-20.0,-42.0,33.0,-27.0,-94.0,125.16,-40.78,-3.81,59.96,-12.35,-91.92,-10.61,-11.64,-42.35,18.380000000000003,-29.71,-109.75
2025-08-04T19:07:20.543553,50.0,-14.0,16.0,-21.0,-1.0,0.0,-24.0,-46.0,-22.0,24.0,-18.0,-46.0,58.16,0.22000000000000064,15.19,-4.039999999999999,-4.35,9.08,-34.61,-37.64,-22.35,9.38,-20.71,-61.75
2025-08-04T19:07:20.551483,-63.0,-3.0,28.0,44.0,11.0,-31.0,75.0,-36.0,-19.0,44.0,29.0,-37.0,-54.84,11.22,27.19,60.96,7.65,-21.92,64.39,-27.64,-19.35,29.380000000000003,26.29,-52.75
2025-08-04T19:07:20.555737,-27.0,67.0,-10.0,19.0,68.0,0.0,19.0,-18.0,-44.0,28.0,-64.0,-7.0,-18.84,81.22,-10.81,35.96,64.65,9.08,8.39,-9.64,-44.35,13.38,-66.71,-22.75
2025-08-04T19:07:20.563815,-1.0,40.0,-18.0,62.0,-22.0,-65.0,42.0,-3.0,-39.0,58.0,-8.0,-83.0,7.16,54.22,-18.81,78.96000000000001,-25.35,-55.92,31.39,5.359999999999999,-39.35,43.38,-10.71,-98.75
2025-08-04T19:07:20.568767,-54.0,2.0,-43.0,-54.0,-8.0,-36.0,3.0,-54.0,-55.0,85.0,95.0,5.0,-45.84,16.22,-43.81,-37.04,-11.35,-26.92,-7.609999999999999,-45.64,-55.35,70.38,92.29,-10.75
2025-08-04T19:07:20.576124,-2.0,34.0,-56.0,-20.0,-14.0,-84.0,49.0,-18.0,-44.0,-36.0,28.0,-1.0,6.16,48.22,-56.81,-3.039999999999999,-17.35,-74.92,38.39,-9.64,-44.35,-50.62,25.29,-16.75
2025-08-04T19:07:20.580358,-21.0,48.0,9.0,59.0,39.0,-78.0,34.0,11.0,-44.0,-36.0,9.0,-52.0,-12.84,62.22,8.19,75.96000000000001,35.65,-68.92,23.39,19.36,-44.35,-50.62,6.29,-67.75
2025-08-04T19:07:20.588255,5.0,39.0,18.0,37.0,-4.0,-46.0,-11.0,-69.0,-5.0,32.0,79.0,-111.0,13.16,53.22,17.19,53.96,-7.35,-36.92,-21.61,-60.64,-5.35,17.380000000000003,76.29,-126.75
2025-08-04T19:07:20.592981,7.0,36.0,-47.0,-18.0,-25.0,-27.0,1.0,-10.0,3.0,-68.0,27.0,-33.0,15.16,50.22,-47.81,-1.0399999999999991,-28.35,-17.92,-9.61,-1.6400000000000006,2.65,-82.62,24.29,-48.75
2025-08-04T19:07:20.596981,-28.0,-12.0,-15.0,60.0,63.0,29.0,50.0,-67.0,-50.0,10.0,19.0,-29.0,-19.84,2.2200000000000006,-15.81,76.96000000000001,59.65,38.08,39.39,-58.64,-50.35,-4.619999999999999,16.29,-44.75
2025-08-04T19:07:20.604893,124.0,-2.0,-60.0,-15.0,25.0,-3.0,49.0,-85.0,-8.0,-2.0,45.0,-5.0,132.16,12.22,-60.81,1.9600000000000009,21.65,6.08,38.39,-76.64,-8.35,-16.619999999999997,42.29,-20.75
2025-08-04T19:07:20.609543,88.0,-2.0,6.0,-39.0,45.0,-96.0,34.0,-82.0,4.0,-46.0,70.0,-29.0,96.16,12.22,5.1899999999999995,-22.04,41.65,-86.92,23.39,-73.64,3.65,-60.62,67.29,-44.75
2025-08-04T19:07:20.617412,42.0,31.0,-36.0,-12.0,60.0,-33.0,1.0,2.0,-59.0,-19.0,7.0,-8.0,50.16,45.22,-36.81,4.960000000000001,56.65,-23.92,-9.61,10.36,-59.35,-33.62,4.29,-23.75
2025-08-04T19:07:20.621567,49.0,45.0,15.0,-42.0,11.0,-26.0,-60.0,-23.0,-2.0,-72.0,109.0,-47.0,57.16,59.22,14.19,-25.04,7.65,-16.92,-70.61,-14.64,-2.35,-86.62,106.29,-62.75
2025-08-04T19:07:20.629519,92.0,-111.0,6.0,39.0,25.0,-41.0,5.0,-3.0,13.0,-39.0,47.0,-70.0,100.16,-96.78,5.1899999999999995,55.96,21.65,-31.92,-5.609999999999999,5.359999999999999,12.65,-53.62,44.29,-85.75
2025-08-04T19:07:20.634005,-18.0,-56.0,-86.0,16.0,21.0,-41.0,6.0,40.0,-56.0,-31.0,92.0,22.0,-9.84,-41.78,-86.81,32.96,17.65,-31.92,-4.609999999999999,48.36,-56.35,-45.62,89.29,6.25
2025-08-04T19:07:20.642130,76.0,-56.0,37.0,-17.0,-12.0,-12.0,-9.0,48.0,-25.0,-5.0,51.0,-56.0,84.16,-41.78,36.19,-0.03999999999999915,-15.35,-2.92,-19.61,56.36,-25.35,-19.619999999999997,48.29,-71.75
2025-08-04T19:07:20.646114,-2.0,-12.0,65.0,11.0,-31.0,-71.0,-8.0,61.0,-20.0,23.0,62.0,-83.0,6.16,2.2200000000000006,64.19,27.96,-34.35,-61.92,-18.61,69.36,-20.35,8.38,59.29,-98.75
2025-08-04T19:07:20.654218,-1.0,-22.0,53.0,-26.0,23.0,-35.0,-33.0,-24.0,-16.0,-88.0,57.0,-43.0,7.16,-7.779999999999999,52.19,-9.04,19.65,-25.92,-43.61,-15.64,-16.35,-102.62,54.29,-58.75
2025-08-04T19:07:20.658721,35.0,-7.0,40.0,-16.0,74.0,27.0,-43.0,-12.0,-32.0,-66.0,66.0,-73.0,43.16,7.220000000000001,39.19,0.9600000000000009,70.65,36.08,-53.61,-3.6400000000000006,-32.35,-80.62,63.29,-88.75
2025-08-04T19:07:20.666249,-9.0,-29.0,0.0,-58.0,60.0,-86.0,34.0,-17.0,-96.0,34.0,55.0,11.0,-0.8399999999999999,-14.78,-0.81,-41.04,56.65,-76.92,23.39,-8.64,-96.35,19.380000000000003,52.29,-4.75
2025-08-04T19:07:20.670541,-18.0,24.0,-23.0,6.0,55.0,-4.0,-5.0,45.0,-42.0,-32.0,43.0,33.0,-9.84,38.22,-23.81,22.96,51.65,5.08,-15.61,53.36,-42.35,-46.62,40.29,17.25
2025-08-04T19:07:20.678665,-7.0,40.0,6.0,65.0,12.0,-47.0,6.0,-11.0,-87.0,-10.0,27.0,3.0,1.1600000000000001,54.22,5.1899999999999995,81.96000000000001,8.65,-37.92,-4.609999999999999,-2.6400000000000006,-87.35,-24.619999999999997,24.29,-12.75
2025-08-04T19:07:20.682834,-2.0,34.0,-101.0,42.0,-44.0,-56.0,34.0,-72.0,-88.0,8.0,148.0,-57.0,6.16,48.22,-101.81,58.96,-47.35,-46.92,23.39,-63.64,-88.35,-6.619999999999999,145.29,-72.75
2025-08-04T19:07:20.691036,33.0,-14.0,-84.0,22.0,30.0,8.0,18.0,2.0,-66.0,-3.0,44.0,-36.0,41.16,0.22000000000000064,-84.81,38.96,26.65,17.08,7.390000000000001,10.36,-66.35,-17.619999999999997,41.29,-51.75
2025-08-04T19:07:20.695122,16.0,39.0,-71.0,69.0,-4.0,-43.0,-10.0,-20.0,-31.0,-91.0,67.0,-54.0,24.16,53.22,-71.81,85.96000000000001,-7.35,-33.92,-20.61,-11.64,-31.35,-105.62,64.29,-69.75
2025-08-04T19:07:20.703153,93.0,-81.0,-112.0,-24.0,26.0,11.0,44.0,21.0,-87.0,-35.0,111.0,-1.0,101.16,-66.78,-112.81,-7.039999999999999,22.65,20.08,33.39,29.36,-87.35,-49.62,108.29,-16.75
2025-08-04T19:07:20.707378,53.0,-84.0,20.0,-54.0,37.0,21.0,16.0,-8.0,-96.0,-34.0,80.0,-98.0,61.16,-69.78,19.19,-37.04,33.65,30.08,5.390000000000001,0.35999999999999943,-96.35,-48.62,77.29,-113.75
2025-08-04T19:07:20.715332,-69.0,-28.0,-27.0,-33.0,-21.0,-38.0,7.0,99.0,-94.0,-18.0,55.0,-41.0,-60.84,-13.78,-27.81,-16.04,-24.35,-28.92,-3.6099999999999994,107.36,-94.35,-32.62,52.29,-56.75
2025-08-04T19:07:20.719943,-72.0,-5.0,37.0,67.0,2.0,-60.0,-5.0,15.0,-38.0,-51.0,-23.0,-31.0,-63.84,9.22,36.19,83.96000000000001,-1.35,-50.92,-15.61,23.36,-38.35,-65.62,-25.71,-46.75
2025-08-04T19:07:20.727659,-27.0,8.0,-20.0,30.0,30.0,-18.0,-3.0,59.0,-65.0,-6.0,-9.0,-19.0,-18.84,22.22,-20.81,46.96,26.65,-8.92,-13.61,67.36,-65.35,-20.619999999999997,-11.71,-34.75
2025-08-04T19:07:20.731979,-26.0,27.0,-58.0,-30.0,-33.0,-50.0,78.0,15.0,-61.0,6.0,-15.0,-52.0,-17.84,41.22,-58.81,-13.04,-36.35,-40.92,67.39,23.36,-61.35,-8.62,-17.71,-67.75
2025-08-04T19:07:20.739898,67.0,72.0,-37.0,12.0,4.0,-4.0,9.0,-31.0,-43.0,-34.0,96.0,-6.0,75.16,86.22,-37.81,28.96,0.6499999999999999,5.08,-1.6099999999999994,-22.64,-43.35,-48.62,93.29,-21.75
2025-08-04T19:07:20.744479,46.0,-41.0,-50.0,-22.0,24.0,-43.0,2.0,-14.0,6.0,-44.0,57.0,-40.0,54.16,-26.78,-50.81,-5.039999999999999,20.65,-33.92,-8.61,-5.640000000000001,5.65,-58.62,54.29,-55.75
2025-08-04T19:07:20.748360,-8.0,50.0,23.0,-5.0,-22.0,-12.0,35.0,24.0,-25.0,4.0,46.0,-88.0,0.16000000000000014,64.22,22.19,11.96,-25.35,-2.92,24.39,32.36,-25.35,-10.62,43.29,-103.75
2025-08-04T19:07:20.756491,29.0,-67.0,-95.0,-39.0,11.0,17.0,45.0,8.0,-44.0,17.0,75.0,3.0,37.16,-52.78,-95.81,-22.04,7.65,26.08,34.39,16.36,-44.35,2.380000000000001,72.29,-12.75
2025-08-04T19:07:20.764432,40.0,-57.0,-65.0,-41.0,60.0,-28.0,73.0,-36.0,-57.0,-22.0,65.0,-31.0,48.16,-42.78,-65.81,-24.04,56.65,-18.92,62.39,-27.64,-57.35,-36.62,62.29,-46.75
2025-08-04T19:07:20.769015,72.0,-31.0,37.0,-19.0,3.0,-84.0,3.0,31.0,-42.0,47.0,64.0,-58.0,80.16,-16.78,36.19,-2.039999999999999,-0.3500000000000001,-74.92,-7.609999999999999,39.36,-42.35,32.38,61.29,-73.75
2025-08-04T19:07:20.773624,48.0,-9.0,24.0,-11.0,19.0,42.0,67.0,15.0,-22.0,12.0,9.0,-18.0,56.16,5.220000000000001,23.19,5.960000000000001,15.65,51.08,56.39,23.36,-22.35,-2.619999999999999,6.29,-33.75
2025-08-04T19:07:20.781258,-33.0,-73.0,-6.0,-37.0,-67.0,-65.0,31.0,-25.0,-80.0,28.0,87.0,-29.0,-24.84,-58.78,-6.8100000000000005,-20.04,-70.35,-55.92,20.39,-16.64,-80.35,13.38,84.29,-44.75
2025-08-04T19:07:20.786067,-64.0,-7.0,28.0,32.0,-4.0,7.0,2.0,-49.0,1.0,15.0,78.0,-40.0,-55.84,7.220000000000001,27.19,48.96,-7.35,16.08,-8.61,-40.64,0.65,0.3800000000000008,75.29,-55.75
2025-08-04T19:07:20.793343,-52.0,18.0,-17.0,50.0,-29.0,-17.0,53.0,-60.0,-41.0,13.0,22.0,-40.0,-43.84,32.22,-17.81,66.96000000000001,-32.35,-7.92,42.39,-51.64,-41.35,-1.6199999999999992,19.29,-55.75
2025-08-04T19:07:20.797677,37.0,81.0,-60.0,-31.0,34.0,21.0,5.0,9.0,-61.0,-26.0,-7.0,1.0,45.16,95.22,-60.81,-14.04,30.65,30.08,-5.609999999999999,17.36,-61.35,-40.62,-9.71,-14.75
2025-08-04T19:07:20.805982,21.0,19.0,-29.0,-92.0,-70.0,-12.0,73.0,-26.0,-116.0,-66.0,58.0,36.0,29.16,33.22,-29.81,-75.03999999999999,-73.35,-2.92,62.39,-17.64,-116.35,-80.62,55.29,20.25
2025-08-04T19:07:20.809931,35.0,57.0,-27.0,-52.0,11.0,5.0,39.0,9.0,31.0,5.0,30.0,-3.0,43.16,71.22,-27.81,-35.04,7.65,14.08,28.39,17.36,30.65,-9.62,27.29,-18.75
2025-08-04T19:07:20.817952,63.0,36.0,-71.0,-73.0,14.0,34.0,35.0,-98.0,-4.0,-41.0,13.0,-3.0,71.16,50.22,-71.81,-56.04,10.65,43.08,24.39,-89.64,-4.35,-55.62,10.29,-18.75
2025-08-04T19:07:20.822069,-3.0,22.0,-84.0,-106.0,3.0,-51.0,51.0,-79.0,-1.0,-15.0,-30.0,56.0,5.16,36.22,-84.81,-89.03999999999999,-0.3500000000000001,-41.92,40.39,-70.64,-1.35,-29.619999999999997,-32.71,40.25
2025-08-04T19:07:20.830089,20.0,-9.0,-30.0,29.0,-42.0,-2.0,48.0,-56.0,-5.0,24.0,16.0,-7.0,28.16,5.220000000000001,-30.81,45.96,-45.35,7.08,37.39,-47.64,-5.35,9.38,13.29,-22.75
2025-08-04T19:07:20.834417,88.0,-13.0,-16.0,49.0,5.0,-85.0,49.0,2.0,41.0,13.0,-6.0,5.0,96.16,1.2200000000000006,-16.81,65.96000000000001,1.65,-75.92,38.39,10.36,40.65,-1.6199999999999992,-8.71,-10.75
2025-08-04T19:07:20.842550,25.0,82.0,-6.0,-1.0,76.0,-100.0,-19.0,-10.0,-45.0,55.0,-7.0,-35.0,33.16,96.22,-6.8100000000000005,15.96,72.65,-90.92,-29.61,-1.6400000000000006,-45.35,40.38,-9.71,-50.75
2025-08-04T19:07:20.846562,43.0,43.0,-69.0,5.0,-17.0,-7.0,-32.0,-36.0,-60.0,71.0,6.0,-57.0,51.16,57.22,-69.81,21.96,-20.35,2.08,-42.61,-27.64,-60.35,56.38,3.29,-72.75
2025-08-04T19:07:20.854531,39.0,19.0,-17.0,58.0,3.0,-96.0,13.0,-60.0,-45.0,93.0,41.0,-14.0,47.16,33.22,-17.81,74.96000000000001,-0.3500000000000001,-86.92,2.3900000000000006,-51.64,-45.35,78.38,38.29,-29.75
2025-08-04T19:07:20.859470,22.0,1.0,-81.0,-2.0,35.0,12.0,12.0,-71.0,1.0,-6.0,90.0,-23.0,30.16,15.22,-81.81,14.96,31.65,21.08,1.3900000000000006,-62.64,0.65,-20.619999999999997,87.29,-38.75
2025-08-04T19:07:20.866857,93.0,-21.0,-49.0,-9.0,42.0,-15.0,60.0,-10.0,-59.0,5.0,56.0,-20.0,101.16,-6.779999999999999,-49.81,7.960000000000001,38.65,-5.92,49.39,-1.6400000000000006,-59.35,-9.62,53.29,-35.75
2025-08-04T19:07:20.871044,1.0,-65.0,-23.0,-16.0,54.0,42.0,85.0,35.0,-80.0,-23.0,53.0,-31.0,9.16,-50.78,-23.81,0.9600000000000009,50.65,51.08,74.39,43.36,-80.35,-37.62,50.29,-46.75
2025-08-04T19:07:20.875766,43.0,-76.0,-5.0,-27.0,41.0,1.0,66.0,-27.0,-44.0,-10.0,19.0,15.0,51.16,-61.78,-5.8100000000000005,-10.04,37.65,10.08,55.39,-18.64,-44.35,-24.619999999999997,16.29,-0.75
2025-08-04T19:07:20.883598,-50.0,94.0,-28.0,-62.0,51.0,-24.0,2.0,28.0,-28.0,32.0,34.0,-49.0,-41.84,108.22,-28.81,-45.04,47.65,-14.92,-8.61,36.36,-28.35,17.380000000000003,31.29,-64.75
2025-08-04T19:07:20.887728,23.0,40.0,-46.0,77.0,70.0,-21.0,25.0,-73.0,0.0,-41.0,3.0,-38.0,31.16,54.22,-46.81,93.96000000000001,66.65,-11.92,14.39,-64.64,-0.35,-55.62,0.29000000000000004,-53.75
2025-08-04T19:07:20.895671,59.0,19.0,-76.0,8.0,-18.0,-79.0,-24.0,22.0,-12.0,-59.0,70.0,-2.0,67.16,33.22,-76.81,24.96,-21.35,-69.92,-34.61,30.36,-12.35,-73.62,67.29,-17.75
2025-08-04T19:07:20.899946,-39.0,-19.0,-46.0,-50.0,3.0,-100.0,-42.0,-27.0,5.0,2.0,23.0,5.0,-30.84,-4.779999999999999,-46.81,-33.04,-0.3500000000000001,-90.92,-52.61,-18.64,4.65,-12.62,20.29,-10.75
2025-08-04T19:07:20.907879,92.0,41.0,-2.0,37.0,95.0,-52.0,18.0,-5.0,33.0,-16.0,-21.0,-83.0,100.16,55.22,-2.81,53.96,91.65,-42.92,7.390000000000001,3.3599999999999994,32.65,-30.619999999999997,-23.71,-98.75
2025-08-04T19:07:20.913008,-39.0,44.0,2.0,22.0,46.0,37.0,-11.0,-23.0,-2.0,-36.0,20.0,-34.0,-30.84,58.22,1.19,38.96,42.65,46.08,-21.61,-14.64,-2.35,-50.62,17.29,-49.75
2025-08-04T19:07:20.920678,67.0,9.0,-18.0,-30.0,35.0,1.0,-79.0,-36.0,-7.0,-40.0,97.0,-30.0,75.16,23.22,-18.81,-13.04,31.65,10.08,-89.61,-27.64,-7.35,-54.62,94.29,-45.75
2025-08-04T19:07:20.924990,72.0,-64.0,10.0,-4.0,42.0,-31.0,-25.0,-13.0,-11.0,1.0,13.0,-64.0,80.16,-49.78,9.19,12.96,38.65,-21.92,-35.61,-4.640000000000001,-11.35,-13.62,10.29,-79.75
2025-08-04T19:07:20.932759,-14.0,-35.0,19.0,-4.0,33.0,-108.0,48.0,-14.0,-31.0,-40.0,84.0,-106.0,-5.84,-20.78,18.19,12.96,29.65,-98.92,37.39,-5.640000000000001,-31.35,-54.62,81.29,-121.75
2025-08-04T19:07:20.937182,-57.0,-58.0,30.0,-35.0,-26.0,0.0,-19.0,6.0,19.0,-76.0,9.0,-18.0,-48.84,-43.78,29.19,-18.04,-29.35,9.08,-29.61,14.36,18.65,-90.62,6.29,-33.75
2025-08-04T19:07:20.945186,-48.0,-47.0,-36.0,18.0,-28.0,-77.0,12.0,39.0,-44.0,-43.0,16.0,-41.0,-39.84,-32.78,-36.81,34.96,-31.35,-67.92,1.3900000000000006,47.36,-44.35,-57.62,13.29,-56.75
2025-08-04T19:07:20.949085,-17.0,6.0,34.0,13.0,-53.0,-39.0,-48.0,20.0,-56.0,-54.0,35.0,-116.0,-8.84,20.22,33.19,29.96,-56.35,-29.92,-58.61,28.36,-56.35,-68.62,32.29,-131.75
2025-08-04T19:07:20.957109,-1.0,28.0,-29.0,7.0,29.0,-22.0,-83.0,2.0,-11.0,-52.0,32.0,-46.0,7.16,42.22,-29.81,23.96,25.65,-12.92,-93.61,10.36,-11.35,-66.62,29.29,-61.75
2025-08-04T19:07:20.961525,-68.0,-2.0,-30.0,-68.0,10.0,-7.0,22.0,6.0,-22.0,-16.0,62.0,-81.0,-59.84,12.22,-30.81,-51.04,6.65,2.08,11.39,14.36,-22.35,-30.619999999999997,59.29,-96.75
2025-08-04T19:07:20.969730,-25.0,-15.0,-28.0,-44.0,72.0,-17.0,8.0,-17.0,-21.0,-49.0,66.0,-49.0,-16.84,-0.7799999999999994,-28.81,-27.04,68.65,-7.92,-2.6099999999999994,-8.64,-21.35,-63.62,63.29,-64.75
2025-08-04T19:07:20.973521,20.0,-22.0,-70.0,-18.0,30.0,-85.0,-50.0,66.0,-60.0,-44.0,86.0,-18.0,28.16,-7.779999999999999,-70.81,-1.0399999999999991,26.65,-75.92,-60.61,74.36,-60.35,-58.62,83.29,-33.75
2025-08-04T19:07:20.981724,49.0,-40.0,-86.0,5.0,-26.0,-49.0,15.0,60.0,-77.0,1.0,13.0,-67.0,57.16,-25.78,-86.81,21.96,-29.35,-39.92,4.390000000000001,68.36,-77.35,-13.62,10.29,-82.75
2025-08-04T19:07:20.985869,72.0,-7.0,9.0,-52.0,7.0,-52.0,-14.0,-77.0,-47.0,-34.0,39.0,-20.0,80.16,7.220000000000001,8.19,-35.04,3.65,-42.92,-24.61,-68.64,-47.35,-48.62,36.29,-35.75
2025-08-04T19:07:20.994009,71.0,-57.0,65.0,-7.0,-22.0,-72.0,-12.0,2.0,-38.0,18.0,16.0,0.0,79.16,-42.78,64.19,9.96,-25.35,-62.92,-22.61,10.36,-38.35,3.380000000000001,13.29,-15.75
2025-08-04T19:07:20.998085,36.0,12.0,-43.0,42.0,-1.0,-92.0,-40.0,22.0,-26.0,57.0,110.0,-12.0,44.16,26.22,-43.81,58.96,-4.35,-82.92,-50.61,30.36,-26.35,42.38,107.29,-27.75
2025-08-04T19:07:21.006183,-36.0,-26.0,13.0,58.0,4.0,-18.0,8.0,-15.0,-40.0,11.0,11.0,-36.0,-27.84,-11.78,12.19,74.96000000000001,0.6499999999999999,-8.92,-2.6099999999999994,-6.640000000000001,-40.35,-3.619999999999999,8.29,-51.75
2025-08-04T19:07:21.010346,42.0,45.0,3.0,-31.0,38.0,-9.0,-27.0,33.0,-34.0,-25.0,3.0,-77.0,50.16,59.22,2.19,-14.04,34.65,0.08000000000000007,-37.61,41.36,-34.35,-39.62,0.29000000000000004,-92.75
2025-08-04T19:07:21.018412,62.0,47.0,40.0,-19.0,29.0,-47.0,64.0,-30.0,-88.0,24.0,36.0,27.0,70.16,61.22,39.19,-2.039999999999999,25.65,-37.92,53.39,-21.64,-88.35,9.38,33.29,11.25
2025-08-04T19:07:21.022675,-10.0,40.0,-115.0,-17.0,1.0,-39.0,-38.0,-8.0,-32.0,-14.0,45.0,-67.0,-1.8399999999999999,54.22,-115.81,-0.03999999999999915,-2.35,-29.92,-48.61,0.35999999999999943,-32.35,-28.619999999999997,42.29,-82.75
2025-08-04T19:07:21.030720,43.0,-3.0,-98.0,-5.0,33.0,-72.0,-6.0,-3.0,-41.0,-36.0,19.0,-15.0,51.16,11.22,-98.81,11.96,29.65,-62.92,-16.61,5.359999999999999,-41.35,-50.62,16.29,-30.75
2025-08-04T19:07:21.035595,69.0,9.0,-77.0,-65.0,-1.0,-59.0,-31.0,3.0,-77.0,-78.0,61.0,-39.0,77.16,23.22,-77.81,-48.04,-4.35,-49.92,-41.61,11.36,-77.35,-92.62,58.29,-54.75
2025-08-04T19:07:21.039710,41.0,75.0,-38.0,-72.0,55.0,-64.0,-20.0,55.0,-5.0,-38.0,90.0,-35.0,49.16,89.22,-38.81,-55.04,51.65,-54.92,-30.61,63.36,-5.35,-52.62,87.29,-50.75
2025-08-04T19:07:21.047177,3.0,18.0,-79.0,-22.0,45.0,-24.0,31.0,12.0,-70.0,-20.0,70.0,-51.0,11.16,32.22,-79.81,-5.039999999999999,41.65,-14.92,20.39,20.36,-70.35,-34.62,67.29,-66.75
2025-08-04T19:07:21.051815,-18.0,-41.0,-26.0,12.0,-59.0,-57.0,-1.0,-24.0,-63.0,23.0,29.0,-63.0,-9.84,-26.78,-26.81,28.96,-62.35,-47.92,-11.61,-15.64,-63.35,8.38,26.29,-78.75
2025-08-04T19:07:21.059688,34.0,-16.0,44.0,70.0,-7.0,-21.0,18.0,-15.0,-42.0,8.0,32.0,-75.0,42.16,-1.7799999999999994,43.19,86.96000000000001,-10.35,-11.92,7.390000000000001,-6.640000000000001,-42.35,-6.619999999999999,29.29,-90.75
2025-08-04T19:07:21.064003,59.0,-28.0,22.0,-40.0,7.0,-48.0,-29.0,3.0,-70.0,28.0,86.0,-106.0,67.16,-13.78,21.19,-23.04,3.65,-38.92,-39.61,11.36,-70.35,13.38,83.29,-121.75
2025-08-04T19:07:21.071874,3.0,-44.0,38.0,-23.0,-18.0,-9.0,-6.0,-46.0,-79.0,-11.0,57.0,37.0,11.16,-29.78,37.19,-6.039999999999999,-21.35,0.08000000000000007,-16.61,-37.64,-79.35,-25.619999999999997,54.29,21.25
2025-08-04T19:07:21.076101,-18.0,-43.0,-40.0,-50.0,-21.0,-13.0,12.0,19.0,-71.0,-12.0,58.0,-46.0,-9.84,-28.78,-40.81,-33.04,-24.35,-3.92,1.3900000000000006,27.36,-71.35,-26.619999999999997,55.29,-61.75
2025-08-04T19:07:21.084044,-23.0,71.0,-6.0,-63.0,59.0,-89.0,25.0,-23.0,-63.0,-7.0,33.0,11.0,-14.84,85.22,-6.8100000000000005,-46.04,55.65,-79.92,14.39,-14.64,-63.35,-21.619999999999997,30.29,-4.75
2025-08-04T19:07:21.088196,-5.0,14.0,47.0,46.0,30.0,-23.0,32.0,22.0,-20.0,-48.0,38.0,-83.0,3.16,28.22,46.19,62.96,26.65,-13.92,21.39,30.36,-20.35,-62.62,35.29,-98.75
2025-08-04T19:07:21.096728,-60.0,-33.0,-99.0,-26.0,-42.0,12.0,-18.0,72.0,-75.0,-19.0,22.0,-16.0,-51.84,-18.78,-99.81,-9.04,-45.35,21.08,-28.61,80.36,-75.35,-33.62,19.29,-31.75
2025-08-04T19:07:21.101401,64.0,21.0,5.0,-27.0,-44.0,-25.0,-30.0,-78.0,33.0,22.0,60.0,-61.0,72.16,35.22,4.1899999999999995,-10.04,-47.35,-15.92,-40.61,-69.64,32.65,7.380000000000001,57.29,-76.75
2025-08-04T19:07:21.108728,65.0,35.0,-41.0,-51.0,37.0,18.0,0.0,46.0,13.0,24.0,5.0,-65.0,73.16,49.22,-41.81,-34.04,33.65,27.08,-10.61,54.36,12.65,9.38,2.29,-80.75
2025-08-04T19:07:21.113756,10.0,-30.0,-24.0,-52.0,20.0,-27.0,-24.0,14.0,-26.0,-29.0,73.0,-113.0,18.16,-15.78,-24.81,-35.04,16.65,-17.92,-34.61,22.36,-26.35,-43.62,70.29,-128.75
2025-08-04T19:07:21.120844,87.0,-65.0,-43.0,-40.0,97.0,-48.0,4.0,-51.0,-84.0,0.0,91.0,-99.0,95.16,-50.78,-43.81,-23.04,93.65,-38.92,-6.609999999999999,-42.64,-84.35,-14.62,88.29,-114.75
2025-08-04T19:07:21.125544,31.0,-69.0,-23.0,-30.0,24.0,-55.0,67.0,-59.0,-15.0,20.0,41.0,-75.0,39.16,-54.78,-23.81,-13.04,20.65,-45.92,56.39,-50.64,-15.35,5.380000000000001,38.29,-90.75
2025-08-04T19:07:21.133118,-48.0,-58.0,20.0,-6.0,34.0,21.0,-40.0,-66.0,-62.0,-37.0,102.0,-64.0,-39.84,-43.78,19.19,10.96,30.65,30.08,-50.61,-57.64,-62.35,-51.62,99.29,-79.75
2025-08-04T19:07:21.137770,-32.0,19.0,-10.0,-17.0,66.0,-69.0,31.0,-90.0,-82.0,-22.0,79.0,-12.0,-23.84,33.22,-10.81,-0.03999999999999915,62.65,-59.92,20.39,-81.64,-82.35,-36.62,76.29,-27.75
2025-08-04T19:07:21.145550,1.0,21.0,-44.0,-29.0,28.0,-16.0,-11.0,-17.0,-53.0,-54.0,102.0,4.0,9.16,35.22,-44.81,-12.04,24.65,-6.92,-21.61,-8.64,-53.35,-68.62,99.29,-11.75
2025-08-04T19:07:21.149752,15.0,32.0,-86.0,39.0,24.0,-55.0,12.0,-23.0,-5.0,-61.0,-10.0,-20.0,23.16,46.22,-86.81,55.96,20.65,-45.92,1.3900000000000006,-14.64,-5.35,-75.62,-12.71,-35.75
2025-08-04T19:07:21.157990,75.0,-5.0,-66.0,-33.0,5.0,6.0,43.0,-16.0,15.0,0.0,52.0,-1.0,83.16,9.22,-66.81,-16.04,1.65,15.08,32.39,-7.640000000000001,14.65,-14.62,49.29,-16.75
2025-08-04T19:07:21.161903,12.0,-34.0,19.0,-89.0,29.0,-65.0,7.0,-11.0,-41.0,-13.0,77.0,55.0,20.16,-19.78,18.19,-72.03999999999999,25.65,-55.92,-3.6099999999999994,-2.6400000000000006,-41.35,-27.619999999999997,74.29,39.25
2025-08-04T19:07:21.170129,19.0,-49.0,-29.0,5.0,-3.0,-89.0,65.0,46.0,-40.0,-6.0,42.0,55.0,27.16,-34.78,-29.81,21.96,-6.35,-79.92,54.39,54.36,-40.35,-20.619999999999997,39.29,39.25
2025-08-04T19:07:21.174553,92.0,-91.0,8.0,-22.0,100.0,-81.0,13.0,-34.0,27.0,0.0,-6.0,3.0,100.16,-76.78,7.1899999999999995,-5.039999999999999,96.65,-71.92,2.3900000000000006,-25.64,26.65,-14.62,-8.71,-12.75
2025-08-04T19:07:21.182180,24.0,-18.0,45.0,4.0,81.0,-57.0,52.0,28.0,-28.0,1.0,-20.0,19.0,32.16,-3.7799999999999994,44.19,20.96,77.65,-47.92,41.39,36.36,-28.35,-13.62,-22.71,3.25
2025-08-04T19:07:21.186885,-65.0,-70.0,2.0,-6.0,98.0,-21.0,11.0,-40.0,-47.0,40.0,-29.0,42.0,-56.84,-55.78,1.19,10.96,94.65,-11.92,0.39000000000000057,-31.64,-47.35,25.380000000000003,-31.71,26.25
2025-08-04T19:07:21.190614,-44.0,65.0,-22.0,46.0,32.0,-78.0,-5.0,-5.0,-30.0,29.0,-5.0,22.0,-35.84,79.22,-22.81,62.96,28.65,-68.92,-15.61,3.3599999999999994,-30.35,14.38,-7.71,6.25
2025-08-04T19:07:21.199081,9.0,-19.0,26.0,32.0,62.0,-21.0,2.0,-27.0,11.0,96.0,-56.0,39.0,17.16,-4.779999999999999,25.19,48.96,58.65,-11.92,-8.61,-18.64,10.65,81.38,-58.71,23.25
2025-08-04T19:07:21.203796,-12.0,-23.0,-42.0,61.0,-9.0,2.0,52.0,39.0,-23.0,76.0,9.0,32.0,-3.84,-8.78,-42.81,77.96000000000001,-12.35,11.08,41.39,47.36,-23.35,61.38,6.29,16.25
2025-08-04T19:07:21.211046,-41.0,57.0,-63.0,-14.0,47.0,-20.0,20.0,-21.0,7.0,55.0,-30.0,-19.0,-32.84,71.22,-63.81,2.960000000000001,43.65,-10.92,9.39,-12.64,6.65,40.38,-32.71,-34.75
2025-08-04T19:07:21.216054,-2.0,-8.0,-142.0,-4.0,50.0,-5.0,45.0,-70.0,-3.0,101.0,14.0,41.0,6.16,6.220000000000001,-142.81,12.96,46.65,4.08,34.39,-61.64,-3.35,86.38,11.29,25.25
2025-08-04T19:07:21.223663,37.0,-17.0,-55.0,-19.0,-14.0,-22.0,46.0,2.0,-1.0,75.0,-57.0,35.0,45.16,-2.7799999999999994,-55.81,-2.039999999999999,-17.35,-12.92,35.39,10.36,-1.35,60.38,-59.71,19.25
2025-08-04T19:07:21.228330,-4.0,-83.0,-20.0,-14.0,58.0,-57.0,-10.0,-75.0,-19.0,91.0,37.0,36.0,4.16,-68.78,-20.81,2.960000000000001,54.65,-47.92,-20.61,-66.64,-19.35,76.38,34.29,20.25
2025-08-04T19:07:21.235854,4.0,-31.0,72.0,80.0,-7.0,-36.0,50.0,-60.0,-26.0,106.0,-12.0,-19.0,12.16,-16.78,71.19,96.96000000000001,-10.35,-26.92,39.39,-51.64,-26.35,91.38,-14.71,-34.75
2025-08-04T19:07:21.240644,26.0,-68.0,14.0,40.0,-21.0,-33.0,-5.0,-10.0,-24.0,-4.0,-51.0,66.0,34.16,-53.78,13.19,56.96,-24.35,-23.92,-15.61,-1.6400000000000006,-24.35,-18.619999999999997,-53.71,50.25
2025-08-04T19:07:21.247933,-9.0,12.0,-51.0,1.0,14.0,-27.0,0.0,-36.0,-31.0,74.0,-27.0,14.0,-0.8399999999999999,26.22,-51.81,17.96,10.65,-17.92,-10.61,-27.64,-31.35,59.38,-29.71,-1.75
2025-08-04T19:07:21.252031,-42.0,111.0,-37.0,-27.0,9.0,30.0,-65.0,-62.0,15.0,-1.0,43.0,20.0,-33.84,125.22,-37.81,-10.04,5.65,39.08,-75.61,-53.64,14.65,-15.62,40.29,4.25
2025-08-04T19:07:21.260097,-58.0,0.0,-33.0,71.0,53.0,0.0,55.0,-14.0,22.0,49.0,28.0,20.0,-49.84,14.22,-33.81,87.96000000000001,49.65,9.08,44.39,-5.640000000000001,21.65,34.38,25.29,4.25
2025-08-04T19:07:21.264325,45.0,45.0,-1.0,-4.0,45.0,-14.0,-22.0,-77.0,70.0,23.0,-4.0,10.0,53.16,59.22,-1.81,12.96,41.65,-4.92,-32.61,-68.64,69.65,8.38,-6.71,-5.75
2025-08-04T19:07:21.272503,43.0,32.0,-45.0,-88.0,73.0,-62.0,16.0,-29.0,-28.0,59.0,-66.0,13.0,51.16,46.22,-45.81,-71.03999999999999,69.65,-52.92,5.390000000000001,-20.64,-28.35,44.38,-68.71,-2.75
2025-08-04T19:07:21.276747,34.0,-51.0,-59.0,15.0,31.0,-30.0,22.0,-105.0,-65.0,35.0,-44.0,-26.0,42.16,-36.78,-59.81,31.96,27.65,-20.92,11.39,-96.64,-65.35,20.380000000000003,-46.71,-41.75
2025-08-04T19:07:21.284598,61.0,-87.0,15.0,-3.0,-8.0,-45.0,-16.0,-10.0,6.0,52.0,17.0,39.0,69.16,-72.78,14.19,13.96,-11.35,-35.92,-26.61,-1.6400000000000006,5.65,37.38,14.29,23.25
2025-08-04T19:07:21.288868,47.0,22.0,36.0,9.0,24.0,34.0,-37.0,11.0,-29.0,-21.0,-6.0,39.0,55.16,36.22,35.19,25.96,20.65,43.08,-47.61,19.36,-29.35,-35.62,-8.71,23.25
2025-08-04T19:07:21.297048,5.0,9.0,87.0,-18.0,-38.0,-8.0,-49.0,4.0,26.0,27.0,-17.0,26.0,13.16,23.22,86.19,-1.0399999999999991,-41.35,1.08,-59.61,12.36,25.65,12.38,-19.71,10.25
2025-08-04T19:07:21.301332,7.0,3.0,21.0,-61.0,-21.0,26.0,6.0,24.0,31.0,43.0,-16.0,-39.0,15.16,17.22,20.19,-44.04,-24.35,35.08,-4.609999999999999,32.36,30.65,28.380000000000003,-18.71,-54.75
2025-08-04T19:07:21.309499,64.0,-77.0,40.0,2.0,2.0,-5.0,1.0,15.0,-28.0,7.0,5.0,-48.0,72.16,-62.78,39.19,18.96,-1.35,4.08,-9.61,23.36,-28.35,-7.619999999999999,2.29,-63.75
2025-08-04T19:07:21.313769,4.0,-88.0,19.0,32.0,22.0,3.0,-46.0,38.0,8.0,22.0,42.0,-11.0,12.16,-73.78,18.19,48.96,18.65,12.08,-56.61,46.36,7.65,7.380000000000001,39.29,-26.75
2025-08-04T19:07:21.321635,-3.0,-58.0,5.0,10.0,83.0,20.0,-3.0,-31.0,-15.0,13.0,3.0,-15.0,5.16,-43.78,4.1899999999999995,26.96,79.65,29.08,-13.61,-22.64,-15.35,-1.6199999999999992,0.29000000000000004,-30.75
2025-08-04T19:07:21.326043,8.0,-68.0,-27.0,-13.0,25.0,21.0,-60.0,-26.0,30.0,-50.0,27.0,-38.0,16.16,-53.78,-27.81,3.960000000000001,21.65,30.08,-70.61,-17.64,29.65,-64.62,24.29,-53.75
2025-08-04T19:07:21.333893,-40.0,43.0,-23.0,28.0,20.0,-27.0,-7.0,12.0,-48.0,-66.0,46.0,-26.0,-31.84,57.22,-23.81,44.96,16.65,-17.92,-17.61,20.36,-48.35,-80.62,43.29,-41.75
2025-08-04T19:07:21.338137,4.0,-69.0,-46.0,54.0,59.0,-27.0,4.0,-17.0,-27.0,-30.0,15.0,18.0,12.16,-54.78,-46.81,70.96000000000001,55.65,-17.92,-6.609999999999999,-8.64,-27.35,-44.62,12.29,2.25
2025-08-04T19:07:21.346101,82.0,21.0,-16.0,-20.0,-24.0,16.0,36.0,-20.0,-33.0,18.0,22.0,-10.0,90.16,35.22,-16.81,-3.039999999999999,-27.35,25.08,25.39,-11.64,-33.35,3.380000000000001,19.29,-25.75
2025-08-04T19:07:21.350418,30.0,-31.0,16.0,-68.0,-53.0,-13.0,-17.0,-81.0,-39.0,-37.0,55.0,19.0,38.16,-16.78,15.19,-51.04,-56.35,-3.92,-27.61,-72.64,-39.35,-51.62,52.29,3.25
2025-08-04T19:07:21.358365,23.0,-42.0,-9.0,-132.0,-35.0,16.0,9.0,-3.0,-38.0,-31.0,30.0,-31.0,31.16,-27.78,-9.81,-115.03999999999999,-38.35,25.08,-1.6099999999999994,5.359999999999999,-38.35,-45.62,27.29,-46.75
2025-08-04T19:07:21.362649,-20.0,-51.0,-6.0,-51.0,18.0,-49.0,-18.0,6.0,19.0,20.0,66.0,-16.0,-11.84,-36.78,-6.8100000000000005,-34.04,14.65,-39.92,-28.61,14.36,18.65,5.380000000000001,63.29,-31.75
2025-08-04T19:07:21.370578,2.0,-44.0,14.0,-28.0,50.0,-82.0,66.0,-45.0,-21.0,1.0,9.0,-41.0,10.16,-29.78,13.19,-11.04,46.65,-72.92,55.39,-36.64,-21.35,-13.62,6.29,-56.75
2025-08-04T19:07:21.375071,-24.0,11.0,8.0,-98.0,-20.0,-11.0,-25.0,-46.0,8.0,7.0,37.0,23.0,-15.84,25.22,7.1899999999999995,-81.03999999999999,-23.35,-1.92,-35.61,-37.64,7.65,-7.619999999999999,34.29,7.25
2025-08-04T19:07:21.382915,-46.0,-62.0,27.0,15.0,14.0,-38.0,23.0,-17.0,-14.0,32.0,42.0,12.0,-37.84,-47.78,26.19,31.96,10.65,-28.92,12.39,-8.64,-14.35,17.380000000000003,39.29,-3.75
2025-08-04T19:07:21.387186,-39.0,17.0,-50.0,40.0,35.0,27.0,18.0,-15.0,53.0,52.0,7.0,-13.0,-30.84,31.22,-50.81,56.96,31.65,36.08,7.390000000000001,-6.640000000000001,52.65,37.38,4.29,-28.75
2025-08-04T19:07:21.395263,12.0,-19.0,-16.0,-40.0,44.0,14.0,-35.0,-19.0,-2.0,-38.0,15.0,34.0,20.16,-4.779999999999999,-16.81,-23.04,40.65,23.08,-45.61,-10.64,-2.35,-52.62,12.29,18.25
2025-08-04T19:07:21.399540,34.0,-53.0,-17.0,-56.0,-17.0,-34.0,12.0,-30.0,40.0,5.0,20.0,-24.0,42.16,-38.78,-17.81,-39.04,-20.35,-24.92,1.3900000000000006,-21.64,39.65,-9.62,17.29,-39.75
2025-08-04T19:07:21.404112,-1.0,26.0,43.0,-67.0,3.0,-19.0,4.0,-30.0,-5.0,-1.0,77.0,13.0,7.16,40.22,42.19,-50.04,-0.3500000000000001,-9.92,-6.609999999999999,-21.64,-5.35,-15.62,74.29,-2.75
2025-08-04T19:07:21.412221,-8.0,-77.0,42.0,-47.0,68.0,-37.0,-19.0,5.0,4.0,-61.0,-12.0,-35.0,0.16000000000000014,-62.78,41.19,-30.04,64.65,-27.92,-29.61,13.36,3.65,-75.62,-14.71,-50.75
2025-08-04T19:07:21.416458,-87.0,60.0,91.0,-36.0,45.0,-36.0,-73.0,30.0,15.0,2.0,24.0,-4.0,-78.84,74.22,90.19,-19.04,41.65,-26.92,-83.61,38.36,14.65,-12.62,21.29,-19.75
2025-08-04T19:07:21.423932,-40.0,-35.0,43.0,-11.0,21.0,-12.0,-43.0,1.0,0.0,18.0,66.0,-20.0,-31.84,-20.78,42.19,5.960000000000001,17.65,-2.92,-53.61,9.36,-0.35,3.380000000000001,63.29,-35.75
2025-08-04T19:07:21.428325,-16.0,36.0,55.0,-16.0,15.0,20.0,21.0,21.0,15.0,-56.0,58.0,-31.0,-7.84,50.22,54.19,0.9600000000000009,11.65,29.08,10.39,29.36,14.65,-70.62,55.29,-46.75
2025-08-04T19:07:21.436178,-69.0,10.0,-13.0,-45.0,-23.0,33.0,15.0,-3.0,-34.0,-63.0,39.0,1.0,-60.84,24.22,-13.81,-28.04,-26.35,42.08,4.390000000000001,5.359999999999999,-34.35,-77.62,36.29,-14.75
2025-08-04T19:07:21.440651,23.0,-2.0,-70.0,31.0,52.0,-7.0,-49.0,50.0,-52.0,-12.0,38.0,-43.0,31.16,12.22,-70.81,47.96,48.65,2.08,-59.61,58.36,-52.35,-26.619999999999997,35.29,-58.75
2025-08-04T19:07:21.448465,18.0,31.0,-35.0,-11.0,50.0,-62.0,44.0,30.0,-38.0,-38.0,68.0,-49.0,26.16,45.22,-35.81,5.960000000000001,46.65,-52.92,33.39,38.36,-38.35,-52.62,65.29,-64.75
2025-08-04T19:07:21.452802,-40.0,-51.0,-31.0,59.0,70.0,-10.0,-42.0,-13.0,-60.0,-48.0,22.0,-55.0,-31.84,-36.78,-31.81,75.96000000000001,66.65,-0.9199999999999999,-52.61,-4.640000000000001,-60.35,-62.62,19.29,-70.75
2025-08-04T19:07:21.460985,7.0,-102.0,34.0,3.0,-11.0,-35.0,17.0,76.0,7.0,-16.0,55.0,-39.0,15.16,-87.78,33.19,19.96,-14.35,-25.92,6.390000000000001,84.36,6.65,-30.619999999999997,52.29,-54.75
2025-08-04T19:07:21.465560,-57.0,-67.0,74.0,38.0,-25.0,-57.0,72.0,-20.0,-1.0,19.0,32.0,-22.0,-48.84,-52.78,73.19,54.96,-28.35,-47.92,61.39,-11.64,-1.35,4.380000000000001,29.29,-37.75
2025-08-04T19:07:21.473104,-41.0,-17.0,43.0,-2.0,11.0,-25.0,73.0,11.0,65.0,-2.0,76.0,-42.0,-32.84,-2.7799999999999994,42.19,14.96,7.65,-15.92,62.39,19.36,64.65,-16.619999999999997,73.29,-57.75
2025-08-04T19:07:21.477322,-39.0,33.0,72.0,-30.0,-2.0,13.0,76.0,-9.0,-19.0,-26.0,9.0,23.0,-30.84,47.22,71.19,-13.04,-5.35,22.08,65.39,-0.6400000000000006,-19.35,-40.62,6.29,7.25
2025-08-04T19:07:21.485418,64.0,-10.0,58.0,5.0,81.0,-10.0,15.0,-32.0,-66.0,-22.0,-24.0,25.0,72.16,4.220000000000001,57.19,21.96,77.65,-0.9199999999999999,4.390000000000001,-23.64,-66.35,-36.62,-26.71,9.25
2025-08-04T19:07:21.489811,-58.0,-35.0,-3.0,-25.0,13.0,-44.0,39.0,12.0,-29.0,-20.0,75.0,-76.0,-49.84,-20.78,-3.81,-8.04,9.65,-34.92,28.39,20.36,-29.35,-34.62,72.29,-91.75
2025-08-04T19:07:21.497699,122.0,9.0,-61.0,-28.0,-5.0,-36.0,89.0,0.0,-22.0,-72.0,6.0,-52.0,130.16,23.22,-61.81,-11.04,-8.35,-26.92,78.39,8.36,-22.35,-86.62,3.29,-67.75
2025-08-04T19:07:21.502059,19.0,64.0,-35.0,11.0,25.0,-32.0,-5.0,26.0,63.0,-44.0,39.0,-12.0,27.16,78.22,-35.81,27.96,21.65,-22.92,-15.61,34.36,62.65,-58.62,36.29,-27.75
2025-08-04T19:07:21.510019,42.0,-84.0,-18.0,-29.0,72.0,-55.0,27.0,-9.0,-34.0,-41.0,64.0,-22.0,50.16,-69.78,-18.81,-12.04,68.65,-45.92,16.39,-0.6400000000000006,-34.35,-55.62,61.29,-37.75
2025-08-04T19:07:21.514131,-10.0,-58.0,13.0,41.0,37.0,1.0,56.0,-23.0,22.0,-43.0,42.0,-63.0,-1.8399999999999999,-43.78,12.19,57.96,33.65,10.08,45.39,-14.64,21.65,-57.62,39.29,-78.75
2025-08-04T19:07:21.522325,69.0,-50.0,27.0,-30.0,55.0,31.0,39.0,7.0,23.0,25.0,25.0,7.0,77.16,-35.78,26.19,-13.04,51.65,40.08,28.39,15.36,22.65,10.38,22.29,-8.75
2025-08-04T19:07:21.526392,-53.0,-18.0,2.0,-27.0,37.0,0.0,4.0,-42.0,-26.0,-4.0,1.0,-20.0,-44.84,-3.7799999999999994,1.19,-10.04,33.65,9.08,-6.609999999999999,-33.64,-26.35,-18.619999999999997,-1.71,-35.75
2025-08-04T19:07:21.534726,-32.0,-10.0,20.0,-42.0,0.0,-33.0,21.0,-20.0,-35.0,7.0,-31.0,51.0,-23.84,4.220000000000001,19.19,-25.04,-3.35,-23.92,10.39,-11.64,-35.35,-7.619999999999999,-33.71,35.25
2025-08-04T19:07:21.538690,-53.0,-45.0,11.0,-81.0,-5.0,22.0,97.0,50.0,-41.0,21.0,-6.0,45.0,-44.84,-30.78,10.19,-64.03999999999999,-8.35,31.08,86.39,58.36,-41.35,6.380000000000001,-8.71,29.25
2025-08-04T19:07:21.546725,-19.0,39.0,36.0,-11.0,107.0,-75.0,6.0,-31.0,24.0,1.0,-9.0,22.0,-10.84,53.22,35.19,5.960000000000001,103.65,-65.92,-4.609999999999999,-22.64,23.65,-13.62,-11.71,6.25
2025-08-04T19:07:21.551041,-34.0,-25.0,-56.0,41.0,6.0,-16.0,6.0,-57.0,-3.0,55.0,18.0,18.0,-25.84,-10.78,-56.81,57.96,2.65,-6.92,-4.609999999999999,-48.64,-3.35,40.38,15.29,2.25
2025-08-04T19:07:21.559035,19.0,-45.0,-20.0,-37.0,31.0,67.0,35.0,5.0,-30.0,-74.0,5.0,-19.0,27.16,-30.78,-20.81,-20.04,27.65,76.08,24.39,13.36,-30.35,-88.62,2.29,-34.75
2025-08-04T19:07:21.563280,53.0,-28.0,-56.0,12.0,33.0,-9.0,107.0,-7.0,-64.0,-68.0,-43.0,94.0,61.16,-13.78,-56.81,28.96,29.65,0.08000000000000007,96.39,1.3599999999999994,-64.35,-82.62,-45.71,78.25
2025-08-04T19:07:21.571320,45.0,-28.0,-34.0,-45.0,-7.0,59.0,-33.0,-8.0,-65.0,-89.0,-4.0,56.0,53.16,-13.78,-34.81,-28.04,-10.35,68.08,-43.61,0.35999999999999943,-65.35,-103.62,-6.71,40.25
2025-08-04T19:07:21.575496,-4.0,-21.0,-16.0,-35.0,107.0,32.0,38.0,-27.0,-80.0,-42.0,2.0,2.0,4.16,-6.779999999999999,-16.81,-18.04,103.65,41.08,27.39,-18.64,-80.35,-56.62,-0.71,-13.75
2025-08-04T19:07:21.583760,21.0,-58.0,-49.0,-34.0,112.0,-80.0,-12.0,-104.0,-13.0,-43.0,-25.0,11.0,29.16,-43.78,-49.81,-17.04,108.65,-70.92,-22.61,-95.64,-13.35,-57.62,-27.71,-4.75
2025-08-04T19:07:21.588467,2.0,-18.0,33.0,-1.0,-5.0,-17.0,-12.0,-51.0,-10.0,41.0,-20.0,7.0,10.16,-3.7799999999999994,32.19,15.96,-8.35,-7.92,-22.61,-42.64,-10.35,26.380000000000003,-22.71,-8.75
2025-08-04T19:07:21.592784,34.0,-42.0,57.0,25.0,24.0,-25.0,28.0,-40.0,37.0,-46.0,-54.0,19.0,42.16,-27.78,56.19,41.96,20.65,-15.92,17.39,-31.64,36.65,-60.62,-56.71,3.25
2025-08-04T19:07:21.600064,-48.0,-104.0,38.0,59.0,-15.0,44.0,67.0,-65.0,7.0,-65.0,-5.0,68.0,-39.84,-89.78,37.19,75.96000000000001,-18.35,53.08,56.39,-56.64,6.65,-79.62,-7.71,52.25
2025-08-04T19:07:21.605142,14.0,-6.0,78.0,-46.0,17.0,59.0,-5.0,0.0,17.0,-23.0,-57.0,-14.0,22.16,8.22,77.19,-29.04,13.65,68.08,-15.61,8.36,16.65,-37.62,-59.71,-29.75
2025-08-04T19:07:21.612882,-68.0,5.0,116.0,-49.0,-31.0,51.0,17.0,-13.0,-8.0,94.0,-66.0,-11.0,-59.84,19.22,115.19,-32.04,-34.35,60.08,6.390000000000001,-4.640000000000001,-8.35,79.38,-68.71,-26.75
2025-08-04T19:07:21.617500,7.0,50.0,-10.0,-66.0,15.0,43.0,69.0,-30.0,-17.0,28.0,19.0,39.0,15.16,64.22,-10.81,-49.04,11.65,52.08,58.39,-21.64,-17.35,13.38,16.29,23.25
2025-08-04T19:07:21.624741,6.0,32.0,-21.0,-6.0,96.0,-28.0,-11.0,-48.0,-53.0,59.0,24.0,-13.0,14.16,46.22,-21.81,10.96,92.65,-18.92,-21.61,-39.64,-53.35,44.38,21.29,-28.75
2025-08-04T19:07:21.629602,-39.0,-57.0,61.0,-38.0,7.0,36.0,-36.0,-42.0,-40.0,33.0,-30.0,34.0,-30.84,-42.78,60.19,-21.04,3.65,45.08,-46.61,-33.64,-40.35,18.380000000000003,-32.71,18.25
2025-08-04T19:07:21.636884,54.0,-57.0,14.0,5.0,-73.0,-59.0,15.0,-38.0,30.0,41.0,-54.0,86.0,62.16,-42.78,13.19,21.96,-76.35,-49.92,4.390000000000001,-29.64,29.65,26.380000000000003,-56.71,70.25
2025-08-04T19:07:21.641432,34.0,-51.0,21.0,-10.0,-27.0,-16.0,-22.0,-16.0,12.0,75.0,30.0,63.0,42.16,-36.78,20.19,6.960000000000001,-30.35,-6.92,-32.61,-7.640000000000001,11.65,60.38,27.29,47.25
2025-08-04T19:07:21.649182,-61.0,-6.0,24.0,-57.0,-45.0,-14.0,-11.0,4.0,-3.0,0.0,1.0,133.0,-52.84,8.22,23.19,-40.04,-48.35,-4.92,-21.61,12.36,-3.35,-14.62,-1.71,117.25
2025-08-04T19:07:21.653433,-29.0,22.0,17.0,-51.0,-3.0,13.0,-22.0,-69.0,89.0,93.0,8.0,20.0,-20.84,36.22,16.19,-34.04,-6.35,22.08,-32.61,-60.64,88.65,78.38,5.29,4.25
2025-08-04T19:07:21.661550,-67.0,-5.0,40.0,-20.0,-20.0,12.0,-18.0,-32.0,1.0,98.0,-63.0,26.0,-58.84,9.22,39.19,-3.039999999999999,-23.35,21.08,-28.61,-23.64,0.65,83.38,-65.71,10.25
2025-08-04T19:07:21.665794,-17.0,38.0,-11.0,-82.0,90.0,39.0,48.0,-16.0,17.0,26.0,7.0,-42.0,-8.84,52.22,-11.81,-65.03999999999999,86.65,48.08,37.39,-7.640000000000001,16.65,11.38,4.29,-57.75
2025-08-04T19:07:21.673759,71.0,10.0,-22.0,-52.0,33.0,-18.0,-57.0,32.0,28.0,80.0,-13.0,19.0,79.16,24.22,-22.81,-35.04,29.65,-8.92,-67.61,40.36,27.65,65.38,-15.71,3.25
2025-08-04T19:07:21.678199,61.0,-81.0,-12.0,23.0,-22.0,12.0,9.0,52.0,-63.0,35.0,-51.0,-43.0,69.16,-66.78,-12.81,39.96,-25.35,21.08,-1.6099999999999994,60.36,-63.35,20.380000000000003,-53.71,-58.75
2025-08-04T19:07:21.686360,43.0,-75.0,15.0,-15.0,-23.0,-22.0,6.0,-40.0,-51.0,37.0,-53.0,-28.0,51.16,-60.78,14.19,1.9600000000000009,-26.35,-12.92,-4.609999999999999,-31.64,-51.35,22.380000000000003,-55.71,-43.75
2025-08-04T19:07:21.690353,-58.0,-32.0,62.0,31.0,-49.0,-9.0,69.0,-1.0,-5.0,37.0,30.0,33.0,-49.84,-17.78,61.19,47.96,-52.35,0.08000000000000007,58.39,7.359999999999999,-5.35,22.380000000000003,27.29,17.25
2025-08-04T19:07:21.698668,25.0,-48.0,31.0,-84.0,-26.0,-2.0,-13.0,63.0,-7.0,13.0,-29.0,-32.0,33.16,-33.78,30.19,-67.03999999999999,-29.35,7.08,-23.61,71.36,-7.35,-1.6199999999999992,-31.71,-47.75
2025-08-04T19:07:21.702638,-29.0,75.0,-20.0,-52.0,40.0,-18.0,22.0,-18.0,-12.0,81.0,4.0,-31.0,-20.84,89.22,-20.81,-35.04,36.65,-8.92,11.39,-9.64,-12.35,66.38,1.29,-46.75
2025-08-04T19:07:21.710888,-36.0,28.0,-70.0,-49.0,-13.0,-76.0,57.0,9.0,-2.0,35.0,40.0,-33.0,-27.84,42.22,-70.81,-32.04,-16.35,-66.92,46.39,17.36,-2.35,20.380000000000003,37.29,-48.75
2025-08-04T19:07:21.714873,-12.0,66.0,-37.0,-12.0,33.0,-55.0,-19.0,-44.0,-26.0,98.0,36.0,-51.0,-3.84,80.22,-37.81,4.960000000000001,29.65,-45.92,-29.61,-35.64,-26.35,83.38,33.29,-66.75
2025-08-04T19:07:21.723085,34.0,-43.0,-38.0,-2.0,70.0,-18.0,32.0,9.0,-16.0,47.0,39.0,-14.0,42.16,-28.78,-38.81,14.96,66.65,-8.92,21.39,17.36,-16.35,32.38,36.29,-29.75
2025-08-04T19:07:21.727235,28.0,1.0,3.0,39.0,-47.0,-40.0,-2.0,-15.0,23.0,1.0,65.0,19.0,36.16,15.22,2.19,55.96,-50.35,-30.92,-12.61,-6.640000000000001,22.65,-13.62,62.29,3.25
2025-08-04T19:07:21.735179,75.0,16.0,8.0,50.0,-43.0,-55.0,44.0,-50.0,-10.0,1.0,51.0,-17.0,83.16,30.22,7.1899999999999995,66.96000000000001,-46.35,-45.92,33.39,-41.64,-10.35,-13.62,48.29,-32.75
2025-08-04T19:07:21.739504,45.0,-93.0,45.0,-56.0,37.0,-26.0,36.0,26.0,-10.0,-30.0,9.0,35.0,53.16,-78.78,44.19,-39.04,33.65,-16.92,25.39,34.36,-10.35,-44.62,6.29,19.25
2025-08-04T19:07:21.747583,-16.0,-60.0,-17.0,-104.0,-8.0,4.0,61.0,-57.0,-12.0,-23.0,72.0,-16.0,-7.84,-45.78,-17.81,-87.03999999999999,-11.35,13.08,50.39,-48.64,-12.35,-37.62,69.29,-31.75
2025-08-04T19:07:21.751681,-38.0,88.0,-15.0,-39.0,84.0,15.0,-33.0,29.0,65.0,-32.0,21.0,-64.0,-29.84,102.22,-15.81,-22.04,80.65,24.08,-43.61,37.36,64.65,-46.62,18.29,-79.75
2025-08-04T19:07:21.759995,10.0,-93.0,-66.0,-4.0,33.0,-46.0,-31.0,-70.0,-7.0,51.0,49.0,16.0,18.16,-78.78,-66.81,12.96,29.65,-36.92,-41.61,-61.64,-7.35,36.38,46.29,0.25
2025-08-04T19:07:21.764040,-73.0,0.0,5.0,31.0,86.0,-86.0,-1.0,-29.0,1.0,23.0,44.0,12.0,-64.84,14.22,4.1899999999999995,47.96,82.65,-76.92,-11.61,-20.64,0.65,8.38,41.29,-3.75
2025-08-04T19:07:21.772012,6.0,41.0,-12.0,32.0,92.0,20.0,-11.0,-27.0,-9.0,-6.0,59.0,19.0,14.16,55.22,-12.81,48.96,88.65,29.08,-21.61,-18.64,-9.35,-20.619999999999997,56.29,3.25
2025-08-04T19:07:21.776326,-27.0,38.0,-55.0,-94.0,-39.0,-9.0,-55.0,23.0,23.0,-35.0,50.0,40.0,-18.84,52.22,-55.81,-77.03999999999999,-42.35,0.08000000000000007,-65.61,31.36,22.65,-49.62,47.29,24.25
2025-08-04T19:07:21.784321,21.0,11.0,-16.0,19.0,-25.0,-17.0,-37.0,4.0,-3.0,-59.0,21.0,16.0,29.16,25.22,-16.81,35.96,-28.35,-7.92,-47.61,12.36,-3.35,-73.62,18.29,0.25
2025-08-04T19:07:21.788549,25.0,-13.0,-27.0,-44.0,27.0,4.0,-135.0,-4.0,26.0,-73.0,28.0,64.0,33.16,1.2200000000000006,-27.81,-27.04,23.65,13.08,-145.61,4.359999999999999,25.65,-87.62,25.29,48.25
2025-08-04T19:07:21.792808,98.0,-50.0,35.0,-7.0,29.0,-6.0,-36.0,43.0,15.0,-39.0,28.0,37.0,106.16,-35.78,34.19,9.96,25.65,3.08,-46.61,51.36,14.65,-53.62,25.29,21.25
2025-08-04T19:07:21.800883,-6.0,-72.0,19.0,17.0,-23.0,-15.0,1.0,-51.0,-3.0,-7.0,13.0,20.0,2.16,-57.78,18.19,33.96,-26.35,-5.92,-9.61,-42.64,-3.35,-21.619999999999997,10.29,4.25
2025-08-04T19:07:21.805800,-109.0,-32.0,75.0,22.0,20.0,-15.0,-2.0,-31.0,36.0,39.0,30.0,79.0,-100.84,-17.78,74.19,38.96,16.65,-5.92,-12.61,-22.64,35.65,24.380000000000003,27.29,63.25
2025-08-04T19:07:21.813070,-37.0,-5.0,49.0,-66.0,-7.0,62.0,11.0,-19.0,51.0,-21.0,-55.0,42.0,-28.84,9.22,48.19,-49.04,-10.35,71.08,0.39000000000000057,-10.64,50.65,-35.62,-57.71,26.25
2025-08-04T19:07:21.817748,-27.0,23.0,94.0,-17.0,49.0,34.0,-20.0,-22.0,-58.0,-11.0,-31.0,66.0,-18.84,37.22,93.19,-0.03999999999999915,45.65,43.08,-30.61,-13.64,-58.35,-25.619999999999997,-33.71,50.25
2025-08-04T19:07:21.825460,-47.0,55.0,-19.0,-10.0,-49.0,46.0,-51.0,-14.0,33.0,27.0,-51.0,31.0,-38.84,69.22,-19.81,6.960000000000001,-52.35,55.08,-61.61,-5.640000000000001,32.65,12.38,-53.71,15.25
2025-08-04T19:07:21.830393,29.0,7.0,-52.0,-61.0,29.0,22.0,-44.0,-70.0,-7.0,0.0,-54.0,60.0,37.16,21.22,-52.81,-44.04,25.65,31.08,-54.61,-61.64,-7.35,-14.62,-56.71,44.25
2025-08-04T19:07:21.837842,1.0,4.0,-19.0,-35.0,9.0,-1.0,-25.0,-8.0,9.0,-62.0,-57.0,55.0,9.16,18.22,-19.81,-18.04,5.65,8.08,-35.61,0.35999999999999943,8.65,-76.62,-59.71,39.25
2025-08-04T19:07:21.842672,36.0,-6.0,-21.0,1.0,8.0,-18.0,-43.0,-4.0,9.0,32.0,-14.0,65.0,44.16,8.22,-21.81,17.96,4.65,-8.92,-53.61,4.359999999999999,8.65,17.380000000000003,-16.71,49.25
2025-08-04T19:07:21.849877,51.0,7.0,8.0,-82.0,72.0,-21.0,14.0,-5.0,2.0,104.0,26.0,0.0,59.16,21.22,7.1899999999999995,-65.03999999999999,68.65,-11.92,3.3900000000000006,3.3599999999999994,1.65,89.38,23.29,-15.75
2025-08-04T19:07:21.854207,29.0,58.0,-34.0,-85.0,13.0,-68.0,9.0,21.0,-10.0,-16.0,-38.0,-18.0,37.16,72.22,-34.81,-68.03999999999999,9.65,-58.92,-1.6099999999999994,29.36,-10.35,-30.619999999999997,-40.71,-33.75
2025-08-04T19:07:21.862304,-10.0,-52.0,-30.0,0.0,-46.0,-55.0,-2.0,-21.0,2.0,56.0,54.0,-32.0,-1.8399999999999999,-37.78,-30.81,16.96,-49.35,-45.92,-12.61,-12.64,1.65,41.38,51.29,-47.75
2025-08-04T19:07:21.866524,21.0,-54.0,31.0,-10.0,-35.0,18.0,-9.0,25.0,-26.0,42.0,47.0,-28.0,29.16,-39.78,30.19,6.960000000000001,-38.35,27.08,-19.61,33.36,-26.35,27.380000000000003,44.29,-43.75
2025-08-04T19:07:21.874559,-61.0,-81.0,51.0,-36.0,-12.0,-11.0,-10.0,26.0,-34.0,57.0,53.0,16.0,-52.84,-66.78,50.19,-19.04,-15.35,-1.92,-20.61,34.36,-34.35,42.38,50.29,0.25
2025-08-04T19:07:21.878890,-60.0,-30.0,10.0,-123.0,-101.0,-10.0,18.0,38.0,-3.0,52.0,-13.0,-17.0,-51.84,-15.78,9.19,-106.03999999999999,-104.35,-0.9199999999999999,7.390000000000001,46.36,-3.35,37.38,-15.71,-32.75
2025-08-04T19:07:21.886941,-53.0,9.0,-74.0,-32.0,-25.0,57.0,34.0,-82.0,-11.0,57.0,34.0,56.0,-44.84,23.22,-74.81,-15.04,-28.35,66.08,23.39,-73.64,-11.35,42.38,31.29,40.25
2025-08-04T19:07:21.890948,30.0,4.0,-53.0,33.0,82.0,-25.0,-12.0,-50.0,-15.0,41.0,58.0,-11.0,38.16,18.22,-53.81,49.96,78.65,-15.92,-22.61,-41.64,-15.35,26.380000000000003,55.29,-26.75
2025-08-04T19:07:21.899214,37.0,-74.0,4.0,-8.0,-5.0,1.0,0.0,-33.0,-32.0,69.0,-18.0,-10.0,45.16,-59.78,3.19,8.96,-8.35,10.08,-10.61,-24.64,-32.35,54.38,-20.71,-25.75
2025-08-04T19:07:21.903516,14.0,-35.0,-10.0,51.0,-3.0,-1.0,10.0,3.0,42.0,-20.0,45.0,-38.0,22.16,-20.78,-10.81,67.96000000000001,-6.35,8.08,-0.6099999999999994,11.36,41.65,-34.62,42.29,-53.75
2025-08-04T19:07:21.911271,-21.0,-8.0,-43.0,-18.0,34.0,-10.0,41.0,-39.0,28.0,2.0,-9.0,-1.0,-12.84,6.220000000000001,-43.81,-1.0399999999999991,30.65,-0.9199999999999999,30.39,-30.64,27.65,-12.62,-11.71,-16.75
2025-08-04T19:07:21.915584,-1.0,-118.0,-77.0,-44.0,-33.0,-29.0,52.0,8.0,28.0,-44.0,5.0,-30.0,7.16,-103.78,-77.81,-27.04,-36.35,-19.92,41.39,16.36,27.65,-58.62,2.29,-45.75
2025-08-04T19:07:21.923607,26.0,-53.0,-20.0,-52.0,-4.0,-17.0,63.0,-32.0,-9.0,10.0,-34.0,-5.0,34.16,-38.78,-20.81,-35.04,-7.35,-7.92,52.39,-23.64,-9.35,-4.619999999999999,-36.71,-20.75
2025-08-04T19:07:21.928027,23.0,-32.0,-26.0,-60.0,-24.0,-15.0,-14.0,-54.0,-19.0,-18.0,6.0,-36.0,31.16,-17.78,-26.81,-43.04,-27.35,-5.92,-24.61,-45.64,-19.35,-32.62,3.29,-51.75
2025-08-04T19:07:21.935935,-29.0,-21.0,52.0,8.0,26.0,62.0,-23.0,-77.0,31.0,-44.0,16.0,74.0,-20.84,-6.779999999999999,51.19,24.96,22.65,71.08,-33.61,-68.64,30.65,-58.62,13.29,58.25
2025-08-04T19:07:21.940552,55.0,-86.0,73.0,-82.0,-16.0,-28.0,-11.0,-40.0,-38.0,54.0,12.0,-23.0,63.16,-71.78,72.19,-65.03999999999999,-19.35,-18.92,-21.61,-31.64,-38.35,39.38,9.29,-38.75
2025-08-04T19:07:21.945070,-37.0,23.0,21.0,11.0,36.0,2.0,7.0,-63.0,8.0,3.0,-15.0,-8.0,-28.84,37.22,20.19,27.96,32.65,11.08,-3.6099999999999994,-54.64,7.65,-11.62,-17.71,-23.75
2025-08-04T19:07:21.952422,-116.0,22.0,4.0,-19.0,28.0,-52.0,2.0,-6.0,-4.0,-35.0,-1.0,-51.0,-107.84,36.22,3.19,-2.039999999999999,24.65,-42.92,-8.61,2.3599999999999994,-4.35,-49.62,-3.71,-66.75
2025-08-04T19:07:21.956657,-77.0,37.0,48.0,-37.0,20.0,-55.0,-30.0,0.0,69.0,1.0,46.0,-50.0,-68.84,51.22,47.19,-20.04,16.65,-45.92,-40.61,8.36,68.65,-13.62,43.29,-65.75
2025-08-04T19:07:21.965164,-68.0,8.0,58.0,23.0,44.0,-32.0,8.0,-43.0,19.0,8.0,39.0,-46.0,-59.84,22.22,57.19,39.96,40.65,-22.92,-2.6099999999999994,-34.64,18.65,-6.619999999999999,36.29,-61.75
2025-08-04T19:07:21.969601,-40.0,50.0,-6.0,2.0,-42.0,81.0,-10.0,25.0,-15.0,-37.0,40.0,-42.0,-31.84,64.22,-6.8100000000000005,18.96,-45.35,90.08,-20.61,33.36,-15.35,-51.62,37.29,-57.75
2025-08-04T19:07:21.976909,-85.0,83.0,67.0,-14.0,-104.0,-28.0,8.0,24.0,-28.0,-26.0,8.0,12.0,-76.84,97.22,66.19,2.960000000000001,-107.35,-18.92,-2.6099999999999994,32.36,-28.35,-40.62,5.29,-3.75
2025-08-04T19:07:21.981851,-11.0,-35.0,29.0,-36.0,54.0,10.0,-7.0,-15.0,19.0,-30.0,15.0,-9.0,-2.84,-20.78,28.19,-19.04,50.65,19.08,-17.61,-6.640000000000001,18.65,-44.62,12.29,-24.75
2025-08-04T19:07:21.989152,3.0,38.0,8.0,-23.0,13.0,-3.0,17.0,-36.0,1.0,43.0,10.0,6.0,11.16,52.22,7.1899999999999995,-6.039999999999999,9.65,6.08,6.390000000000001,-27.64,0.65,28.380000000000003,7.29,-9.75
2025-08-04T19:07:21.994220,29.0,9.0,6.0,-54.0,15.0,-49.0,73.0,-13.0,30.0,-3.0,56.0,11.0,37.16,23.22,5.1899999999999995,-37.04,11.65,-39.92,62.39,-4.640000000000001,29.65,-17.619999999999997,53.29,-4.75
2025-08-04T19:07:22.001604,37.0,-24.0,-58.0,0.0,18.0,-21.0,-1.0,-40.0,60.0,-13.0,49.0,12.0,45.16,-9.78,-58.81,16.96,14.65,-11.92,-11.61,-31.64,59.65,-27.619999999999997,46.29,-3.75
2025-08-04T19:07:22.005693,-22.0,-39.0,-84.0,25.0,3.0,-26.0,-21.0,-41.0,-1.0,8.0,-6.0,10.0,-13.84,-24.78,-84.81,41.96,-0.3500000000000001,-16.92,-31.61,-32.64,-1.35,-6.619999999999999,-8.71,-5.75
2025-08-04T19:07:22.013888,56.0,-66.0,-59.0,-11.0,-13.0,-23.0,-22.0,45.0,23.0,-7.0,-59.0,18.0,64.16,-51.78,-59.81,5.960000000000001,-16.35,-13.92,-32.61,53.36,22.65,-21.619999999999997,-61.71,2.25
2025-08-04T19:07:22.018040,45.0,-24.0,46.0,54.0,47.0,16.0,-64.0,19.0,2.0,-14.0,-74.0,68.0,53.16,-9.78,45.19,70.96000000000001,43.65,25.08,-74.61,27.36,1.65,-28.619999999999997,-76.71,52.25
2025-08-04T19:07:22.026315,-47.0,-52.0,99.0,-9.0,-92.0,-43.0,-40.0,-33.0,17.0,21.0,-35.0,49.0,-38.84,-37.78,98.19,7.960000000000001,-95.35,-33.92,-50.61,-24.64,16.65,6.380000000000001,-37.71,33.25
2025-08-04T19:07:22.030546,-69.0,-57.0,1.0,-71.0,31.0,36.0,-46.0,-18.0,33.0,-24.0,-7.0,20.0,-60.84,-42.78,0.18999999999999995,-54.04,27.65,45.08,-56.61,-9.64,32.65,-38.62,-9.71,4.25
2025-08-04T19:07:22.038361,-46.0,-19.0,27.0,-39.0,4.0,-26.0,4.0,27.0,-7.0,8.0,-58.0,87.0,-37.84,-4.779999999999999,26.19,-22.04,0.6499999999999999,-16.92,-6.609999999999999,35.36,-7.35,-6.619999999999999,-60.71,71.25
2025-08-04T19:07:22.042632,-18.0,24.0,-75.0,-30.0,33.0,-18.0,-56.0,-20.0,23.0,40.0,-63.0,62.0,-9.84,38.22,-75.81,-13.04,29.65,-8.92,-66.61,-11.64,22.65,25.380000000000003,-65.71,46.25
2025-08-04T19:07:22.050647,60.0,20.0,-12.0,-2.0,118.0,-78.0,32.0,-22.0,-9.0,-57.0,-76.0,68.0,68.16,34.22,-12.81,14.96,114.65,-68.92,21.39,-13.64,-9.35,-71.62,-78.71,52.25
2025-08-04T19:07:22.054890,32.0,-55.0,36.0,-30.0,36.0,-56.0,60.0,-18.0,37.0,36.0,-76.0,-20.0,40.16,-40.78,35.19,-13.04,32.65,-46.92,49.39,-9.64,36.65,21.380000000000003,-78.71,-35.75
2025-08-04T19:07:22.063165,42.0,-17.0,26.0,-35.0,8.0,-6.0,-33.0,-42.0,-68.0,47.0,-51.0,19.0,50.16,-2.7799999999999994,25.19,-18.04,4.65,3.08,-43.61,-33.64,-68.35,32.38,-53.71,3.25
2025-08-04T19:07:22.067422,-2.0,-92.0,-9.0,-70.0,32.0,8.0,-23.0,-20.0,14.0,64.0,-18.0,64.0,6.16,-77.78,-9.81,-53.04,28.65,17.08,-33.61,-11.64,13.65,49.38,-20.71,48.25
2025-08-04T19:07:22.075175,50.0,-44.0,46.0,-33.0,23.0,92.0,-5.0,-20.0,21.0,42.0,-53.0,64.0,58.16,-29.78,45.19,-16.04,19.65,101.08,-15.61,-11.64,20.65,27.380000000000003,-55.71,48.25
2025-08-04T19:07:22.079394,14.0,-86.0,15.0,-34.0,57.0,42.0,-70.0,-16.0,53.0,13.0,-6.0,30.0,22.16,-71.78,14.19,-17.04,53.65,51.08,-80.61,-7.640000000000001,52.65,-1.6199999999999992,-8.71,14.25
2025-08-04T19:07:22.087447,-67.0,-17.0,-14.0,-32.0,55.0,-29.0,25.0,26.0,-50.0,45.0,-6.0,19.0,-58.84,-2.7799999999999994,-14.81,-15.04,51.65,-19.92,14.39,34.36,-50.35,30.380000000000003,-8.71,3.25
2025-08-04T19:07:22.091702,-33.0,18.0,-18.0,10.0,-23.0,13.0,-13.0,-5.0,-61.0,22.0,-39.0,-16.0,-24.84,32.22,-18.81,26.96,-26.35,22.08,-23.61,3.3599999999999994,-61.35,7.380000000000001,-41.71,-31.75
2025-08-04T19:07:22.099759,-60.0,42.0,-43.0,-47.0,-19.0,-13.0,-26.0,-60.0,-42.0,57.0,-72.0,22.0,-51.84,56.22,-43.81,-30.04,-22.35,-3.92,-36.61,-51.64,-42.35,42.38,-74.71,6.25
2025-08-04T19:07:22.104047,46.0,86.0,-31.0,-60.0,15.0,-21.0,39.0,-9.0,-7.0,58.0,-55.0,30.0,54.16,100.22,-31.81,-43.04,11.65,-11.92,28.39,-0.6400000000000006,-7.35,43.38,-57.71,14.25
2025-08-04T19:07:22.112436,-15.0,-17.0,-50.0,-86.0,-7.0,27.0,53.0,-34.0,-4.0,61.0,-26.0,86.0,-6.84,-2.7799999999999994,-50.81,-69.03999999999999,-10.35,36.08,42.39,-25.64,-4.35,46.38,-28.71,70.25
2025-08-04T19:07:22.116266,37.0,21.0,-93.0,1.0,17.0,35.0,-2.0,30.0,-5.0,-30.0,-33.0,44.0,45.16,35.22,-93.81,17.96,13.65,44.08,-12.61,38.36,-5.35,-44.62,-35.71,28.25
2025-08-04T19:07:22.124177,36.0,-21.0,11.0,-44.0,60.0,-18.0,33.0,36.0,-30.0,39.0,22.0,45.0,44.16,-6.779999999999999,10.19,-27.04,56.65,-8.92,22.39,44.36,-30.35,24.380000000000003,19.29,29.25
2025-08-04T19:07:22.128548,39.0,-80.0,59.0,-42.0,16.0,-31.0,-10.0,-15.0,-12.0,9.0,-61.0,47.0,47.16,-65.78,58.19,-25.04,12.65,-21.92,-20.61,-6.640000000000001,-12.35,-5.619999999999999,-63.71,31.25
2025-08-04T19:07:22.132858,-2.0,-57.0,31.0,-4.0,57.0,-31.0,3.0,-46.0,23.0,19.0,-23.0,42.0,6.16,-42.78,30.19,12.96,53.65,-21.92,-7.609999999999999,-37.64,22.65,4.380000000000001,-25.71,26.25
2025-08-04T19:07:22.140832,-17.0,-50.0,55.0,22.0,-31.0,-46.0,62.0,-63.0,-2.0,9.0,-46.0,80.0,-8.84,-35.78,54.19,38.96,-34.35,-36.92,51.39,-54.64,-2.35,-5.619999999999999,-48.71,64.25
2025-08-04T19:07:22.145424,-34.0,-6.0,14.0,22.0,52.0,52.0,13.0,-137.0,18.0,84.0,-61.0,56.0,-25.84,8.22,13.19,38.96,48.65,61.08,2.3900000000000006,-128.64,17.65,69.38,-63.71,40.25
2025-08-04T19:07:22.153055,-78.0,12.0,-18.0,-51.0,4.0,-9.0,49.0,-2.0,-46.0,40.0,17.0,44.0,-69.84,26.22,-18.81,-34.04,0.6499999999999999,0.08000000000000007,38.39,6.359999999999999,-46.35,25.380000000000003,14.29,28.25
2025-08-04T19:07:22.157915,-29.0,-8.0,25.0,4.0,98.0,-51.0,13.0,26.0,22.0,29.0,-48.0,5.0,-20.84,6.220000000000001,24.19,20.96,94.65,-41.92,2.3900000000000006,34.36,21.65,14.38,-50.71,-10.75
2025-08-04T19:07:22.165394,-116.0,-40.0,61.0,-38.0,13.0,-12.0,12.0,-6.0,-5.0,53.0,-13.0,41.0,-107.84,-25.78,60.19,-21.04,9.65,-2.92,1.3900000000000006,2.3599999999999994,-5.35,38.38,-15.71,25.25
2025-08-04T19:07:22.170292,-84.0,10.0,2.0,-5.0,34.0,12.0,6.0,0.0,-7.0,10.0,-4.0,52.0,-75.84,24.22,1.19,11.96,30.65,21.08,-4.609999999999999,8.36,-7.35,-4.619999999999999,-6.71,36.25
2025-08-04T19:07:22.177573,-35.0,-36.0,-47.0,-31.0,4.0,-68.0,25.0,-63.0,41.0,38.0,-6.0,-55.0,-26.84,-21.78,-47.81,-14.04,0.6499999999999999,-58.92,14.39,-54.64,40.65,23.380000000000003,-8.71,-70.75
2025-08-04T19:07:22.181851,-48.0,24.0,1.0,38.0,-2.0,-40.0,-3.0,-22.0,45.0,45.0,6.0,-5.0,-39.84,38.22,0.18999999999999995,54.96,-5.35,-30.92,-13.61,-13.64,44.65,30.380000000000003,3.29,-20.75
2025-08-04T19:07:22.189788,-24.0,50.0,-45.0,6.0,18.0,-30.0,78.0,-37.0,14.0,98.0,61.0,-18.0,-15.84,64.22,-45.81,22.96,14.65,-20.92,67.39,-28.64,13.65,83.38,58.29,-33.75
2025-08-04T19:07:22.194272,43.0,61.0,43.0,-43.0,-68.0,-17.0,32.0,-38.0,4.0,59.0,60.0,-41.0,51.16,75.22,42.19,-26.04,-71.35,-7.92,21.39,-29.64,3.65,44.38,57.29,-56.75
2025-08-04T19:07:22.202100,19.0,-39.0,-23.0,-3.0,18.0,37.0,-2.0,1.0,19.0,42.0,8.0,-20.0,27.16,-24.78,-23.81,13.96,14.65,46.08,-12.61,9.36,18.65,27.380000000000003,5.29,-35.75
2025-08-04T19:07:22.206508,36.0,-56.0,-65.0,46.0,-57.0,-51.0,38.0,-16.0,3.0,-55.0,60.0,-35.0,44.16,-41.78,-65.81,62.96,-60.35,-41.92,27.39,-7.640000000000001,2.65,-69.62,57.29,-50.75
2025-08-04T19:07:22.214439,40.0,14.0,8.0,-35.0,-26.0,-22.0,-29.0,-5.0,52.0,0.0,63.0,-35.0,48.16,28.22,7.1899999999999995,-18.04,-29.35,-12.92,-39.61,3.3599999999999994,51.65,-14.62,60.29,-50.75
2025-08-04T19:07:22.218668,-30.0,-103.0,35.0,-15.0,32.0,-3.0,24.0,-101.0,61.0,-53.0,17.0,22.0,-21.84,-88.78,34.19,1.9600000000000009,28.65,6.08,13.39,-92.64,60.65,-67.62,14.29,6.25
2025-08-04T19:07:22.226916,8.0,-9.0,53.0,-38.0,41.0,-47.0,32.0,-74.0,-51.0,22.0,58.0,-6.0,16.16,5.220000000000001,52.19,-21.04,37.65,-37.92,21.39,-65.64,-51.35,7.380000000000001,55.29,-21.75
2025-08-04T19:07:22.230885,-15.0,85.0,55.0,14.0,-1.0,-37.0,13.0,-19.0,12.0,-19.0,17.0,-6.0,-6.84,99.22,54.19,30.96,-4.35,-27.92,2.3900000000000006,-10.64,11.65,-33.62,14.29,-21.75
2025-08-04T19:07:22.239239,-58.0,25.0,-66.0,23.0,-12.0,-85.0,92.0,-2.0,35.0,-24.0,6.0,-17.0,-49.84,39.22,-66.81,39.96,-15.35,-75.92,81.39,6.359999999999999,34.65,-38.62,3.29,-32.75
2025-08-04T19:07:22.243215,-59.0,-14.0,-45.0,-20.0,-50.0,-7.0,19.0,-20.0,5.0,-37.0,-21.0,-18.0,-50.84,0.22000000000000064,-45.81,-3.039999999999999,-53.35,2.08,8.39,-11.64,4.65,-51.62,-23.71,-33.75
2025-08-04T19:07:22.251467,58.0,-23.0,13.0,-52.0,-7.0,57.0,-24.0,4.0,13.0,-28.0,11.0,-49.0,66.16,-8.78,12.19,-35.04,-10.35,66.08,-34.61,12.36,12.65,-42.62,8.29,-64.75
2025-08-04T19:07:22.255542,35.0,-24.0,25.0,-53.0,-3.0,14.0,24.0,-28.0,32.0,-2.0,57.0,18.0,43.16,-9.78,24.19,-36.04,-6.35,23.08,13.39,-19.64,31.65,-16.619999999999997,54.29,2.25
2025-08-04T19:07:22.263685,32.0,-53.0,34.0,-31.0,1.0,-10.0,51.0,-20.0,-5.0,-15.0,29.0,19.0,40.16,-38.78,33.19,-14.04,-2.35,-0.9199999999999999,40.39,-11.64,-5.35,-29.619999999999997,26.29,3.25
2025-08-04T19:07:22.267879,-25.0,-58.0,75.0,7.0,-39.0,-43.0,27.0,-20.0,24.0,-18.0,69.0,58.0,-16.84,-43.78,74.19,23.96,-42.35,-33.92,16.39,-11.64,23.65,-32.62,66.29,42.25
2025-08-04T19:07:22.276058,-103.0,-1.0,44.0,-32.0,-77.0,-48.0,-6.0,6.0,36.0,-13.0,47.0,-33.0,-94.84,13.22,43.19,-15.04,-80.35,-38.92,-16.61,14.36,35.65,-27.619999999999997,44.29,-48.75
2025-08-04T19:07:22.280284,-50.0,-79.0,-62.0,-16.0,8.0,17.0,13.0,-17.0,17.0,74.0,48.0,-43.0,-41.84,-64.78,-62.81,0.9600000000000009,4.65,26.08,2.3900000000000006,-8.64,16.65,59.38,45.29,-58.75
2025-08-04T19:07:22.288245,-49.0,43.0,-8.0,-96.0,-12.0,-45.0,2.0,-38.0,12.0,-39.0,68.0,-39.0,-40.84,57.22,-8.81,-79.03999999999999,-15.35,-35.92,-8.61,-29.64,11.65,-53.62,65.29,-54.75
2025-08-04T19:07:22.292398,19.0,-69.0,4.0,-33.0,23.0,5.0,-25.0,-9.0,-25.0,-31.0,18.0,38.0,27.16,-54.78,3.19,-16.04,19.65,14.08,-35.61,-0.6400000000000006,-25.35,-45.62,15.29,22.25
2025-08-04T19:07:22.300366,-16.0,8.0,-35.0,-24.0,20.0,15.0,58.0,-58.0,22.0,-33.0,-9.0,-4.0,-7.84,22.22,-35.81,-7.039999999999999,16.65,24.08,47.39,-49.64,21.65,-47.62,-11.71,-19.75
2025-08-04T19:07:22.304644,-12.0,25.0,-31.0,-21.0,16.0,-77.0,91.0,-34.0,53.0,-40.0,-15.0,10.0,-3.84,39.22,-31.81,-4.039999999999999,12.65,-67.92,80.39,-25.64,52.65,-54.62,-17.71,-5.75
2025-08-04T19:07:22.312632,-2.0,-71.0,49.0,14.0,52.0,-14.0,23.0,-16.0,-48.0,-55.0,35.0,-34.0,6.16,-56.78,48.19,30.96,48.65,-4.92,12.39,-7.640000000000001,-48.35,-69.62,32.29,-49.75
2025-08-04T19:07:22.316936,17.0,-34.0,31.0,12.0,-16.0,57.0,13.0,20.0,4.0,-29.0,-8.0,-10.0,25.16,-19.78,30.19,28.96,-19.35,66.08,2.3900000000000006,28.36,3.65,-43.62,-10.71,-25.75
2025-08-04T19:07:22.321851,-74.0,42.0,40.0,-52.0,1.0,33.0,9.0,19.0,29.0,-16.0,25.0,7.0,-65.84,56.22,39.19,-35.04,-2.35,42.08,-1.6099999999999994,27.36,28.65,-30.619999999999997,22.29,-8.75
2025-08-04T19:07:22.329587,-33.0,-13.0,99.0,-98.0,10.0,-36.0,49.0,-37.0,13.0,-63.0,61.0,-19.0,-24.84,1.2200000000000006,98.19,-81.03999999999999,6.65,-26.92,38.39,-28.64,12.65,-77.62,58.29,-34.75
2025-08-04T19:07:22.337208,-87.0,14.0,-26.0,4.0,51.0,-24.0,-29.0,-63.0,-5.0,-52.0,50.0,-52.0,-78.84,28.22,-26.81,20.96,47.65,-14.92,-39.61,-54.64,-5.35,-66.62,47.29,-67.75
2025-08-04T19:07:22.341447,39.0,6.0,-16.0,16.0,65.0,-58.0,38.0,36.0,-16.0,-50.0,69.0,-16.0,47.16,20.22,-16.81,32.96,61.65,-48.92,27.39,44.36,-16.35,-64.62,66.29,-31.75
2025-08-04T19:07:22.346510,30.0,-6.0,-91.0,-42.0,2.0,-27.0,34.0,45.0,33.0,-12.0,38.0,-39.0,38.16,8.22,-91.81,-25.04,-1.35,-17.92,23.39,53.36,32.65,-26.619999999999997,35.29,-54.75
2025-08-04T19:07:22.353724,14.0,4.0,-41.0,22.0,-87.0,-13.0,6.0,7.0,17.0,4.0,51.0,20.0,22.16,18.22,-41.81,38.96,-90.35,-3.92,-4.609999999999999,15.36,16.65,-10.62,48.29,4.25
2025-08-04T19:07:22.358616,33.0,-42.0,9.0,35.0,6.0,10.0,36.0,-4.0,-44.0,32.0,-21.0,-47.0,41.16,-27.78,8.19,51.96,2.65,19.08,25.39,4.359999999999999,-44.35,17.380000000000003,-23.71,-62.75
2025-08-04T19:07:22.366065,37.0,-50.0,-10.0,12.0,1.0,-31.0,-47.0,64.0,57.0,-28.0,52.0,-13.0,45.16,-35.78,-10.81,28.96,-2.35,-21.92,-57.61,72.36,56.65,-42.62,49.29,-28.75
2025-08-04T19:07:22.371001,101.0,-117.0,31.0,8.0,-8.0,5.0,71.0,-27.0,2.0,-30.0,48.0,-57.0,109.16,-102.78,30.19,24.96,-11.35,14.08,60.39,-18.64,1.65,-44.62,45.29,-72.75
2025-08-04T19:07:22.378325,-49.0,-33.0,48.0,-40.0,-4.0,-29.0,24.0,33.0,54.0,-18.0,35.0,42.0,-40.84,-18.78,47.19,-23.04,-7.35,-19.92,13.39,41.36,53.65,-32.62,32.29,26.25
2025-08-04T19:07:22.382749,-31.0,2.0,39.0,3.0,70.0,-14.0,41.0,-12.0,-19.0,-31.0,38.0,-55.0,-22.84,16.22,38.19,19.96,66.65,-4.92,30.39,-3.6400000000000006,-19.35,-45.62,35.29,-70.75
2025-08-04T19:07:22.390960,-40.0,28.0,1.0,24.0,16.0,27.0,54.0,-41.0,-38.0,2.0,77.0,-35.0,-31.84,42.22,0.18999999999999995,40.96,12.65,36.08,43.39,-32.64,-38.35,-12.62,74.29,-50.75
2025-08-04T19:07:22.394917,-56.0,38.0,2.0,0.0,-65.0,-63.0,16.0,-23.0,-29.0,-6.0,22.0,31.0,-47.84,52.22,1.19,16.96,-68.35,-53.92,5.390000000000001,-14.64,-29.35,-20.619999999999997,19.29,15.25
2025-08-04T19:07:22.403297,-41.0,-2.0,-39.0,-36.0,-66.0,-13.0,-26.0,-15.0,-22.0,-27.0,11.0,-48.0,-32.84,12.22,-39.81,-19.04,-69.35,-3.92,-36.61,-6.640000000000001,-22.35,-41.62,8.29,-63.75
2025-08-04T19:07:22.407196,9.0,37.0,-32.0,20.0,-59.0,37.0,64.0,4.0,-13.0,14.0,42.0,-67.0,17.16,51.22,-32.81,36.96,-62.35,46.08,53.39,12.36,-13.35,-0.6199999999999992,39.29,-82.75
2025-08-04T19:07:22.415122,-4.0,-65.0,-13.0,-13.0,37.0,30.0,8.0,-63.0,-30.0,-33.0,19.0,-14.0,4.16,-50.78,-13.81,3.960000000000001,33.65,39.08,-2.6099999999999994,-54.64,-30.35,-47.62,16.29,-29.75
2025-08-04T19:07:22.419549,22.0,-53.0,51.0,-17.0,18.0,39.0,26.0,-11.0,-32.0,-33.0,-6.0,-1.0,30.16,-38.78,50.19,-0.03999999999999915,14.65,48.08,15.39,-2.6400000000000006,-32.35,-47.62,-8.71,-16.75
2025-08-04T19:07:22.427630,-7.0,-40.0,41.0,-72.0,56.0,13.0,10.0,28.0,-21.0,-68.0,-4.0,4.0,1.1600000000000001,-25.78,40.19,-55.04,52.65,22.08,-0.6099999999999994,36.36,-21.35,-82.62,-6.71,-11.75
2025-08-04T19:07:22.431735,18.0,55.0,-6.0,-45.0,-17.0,13.0,94.0,-20.0,-47.0,-67.0,0.0,-46.0,26.16,69.22,-6.8100000000000005,-28.04,-20.35,22.08,83.39,-11.64,-47.35,-81.62,-2.71,-61.75
2025-08-04T19:07:22.439708,-28.0,15.0,-13.0,-38.0,10.0,-20.0,-26.0,-6.0,37.0,-20.0,27.0,40.0,-19.84,29.22,-13.81,-21.04,6.65,-10.92,-36.61,2.3599999999999994,36.65,-34.62,24.29,24.25
2025-08-04T19:07:22.444171,-13.0,52.0,-14.0,19.0,-7.0,27.0,19.0,-111.0,-45.0,-66.0,33.0,50.0,-4.84,66.22,-14.81,35.96,-10.35,36.08,8.39,-102.64,-45.35,-80.62,30.29,34.25
2025-08-04T19:07:22.452034,-51.0,-113.0,-33.0,-85.0,-56.0,-2.0,27.0,-33.0,15.0,17.0,38.0,34.0,-42.84,-98.78,-33.81,-68.03999999999999,-59.35,7.08,16.39,-24.64,14.65,2.380000000000001,35.29,18.25
2025-08-04T19:07:22.456209,-35.0,-79.0,-29.0,-41.0,49.0,66.0,-8.0,-2.0,4.0,-14.0,-68.0,9.0,-26.84,-64.78,-29.81,-24.04,45.65,75.08,-18.61,6.359999999999999,3.65,-28.619999999999997,-70.71,-6.75
2025-08-04T19:07:22.464565,2.0,-26.0,-10.0,-72.0,69.0,-10.0,-50.0,-38.0,11.0,3.0,9.0,-39.0,10.16,-11.78,-10.81,-55.04,65.65,-0.9199999999999999,-60.61,-29.64,10.65,-11.62,6.29,-54.75
2025-08-04T19:07:22.468552,-63.0,-36.0,80.0,12.0,54.0,-11.0,-26.0,28.0,12.0,-36.0,35.0,-9.0,-54.84,-21.78,79.19,28.96,50.65,-1.92,-36.61,36.36,11.65,-50.62,32.29,-24.75
2025-08-04T19:07:22.476691,-20.0,4.0,85.0,40.0,19.0,-14.0,-13.0,-7.0,-8.0,-28.0,15.0,-25.0,-11.84,18.22,84.19,56.96,15.65,-4.92,-23.61,1.3599999999999994,-8.35,-42.62,12.29,-40.75
2025-08-04T19:07:22.480760,-13.0,-8.0,9.0,-70.0,53.0,-5.0,9.0,-71.0,9.0,-25.0,1.0,-15.0,-4.84,6.220000000000001,8.19,-53.04,49.65,4.08,-1.6099999999999994,-62.64,8.65,-39.62,-1.71,-30.75
2025-08-04T19:07:22.488794,-30.0,35.0,19.0,24.0,20.0,37.0,-92.0,-36.0,19.0,-39.0,2.0,22.0,-21.84,49.22,18.19,40.96,16.65,46.08,-102.61,-27.64,18.65,-53.62,-0.71,6.25
2025-08-04T19:07:22.493110,-106.0,-20.0,-70.0,54.0,-16.0,-11.0,0.0,-17.0,40.0,-25.0,92.0,73.0,-97.84,-5.779999999999999,-70.81,70.96000000000001,-19.35,-1.92,-10.61,-8.64,39.65,-39.62,89.29,57.25
2025-08-04T19:07:22.501031,47.0,-34.0,21.0,11.0,-12.0,38.0,19.0,-24.0,28.0,-38.0,43.0,9.0,55.16,-19.78,20.19,27.96,-15.35,47.08,8.39,-15.64,27.65,-52.62,40.29,-6.75
2025-08-04T19:07:22.505431,19.0,-92.0,-43.0,-22.0,-49.0,-17.0,-34.0,9.0,-21.0,50.0,52.0,16.0,27.16,-77.78,-43.81,-5.039999999999999,-52.35,-7.92,-44.61,17.36,-21.35,35.38,49.29,0.25
2025-08-04T19:07:22.513394,64.0,-94.0,52.0,-117.0,-6.0,-13.0,89.0,-53.0,-18.0,-83.0,19.0,59.0,72.16,-79.78,51.19,-100.03999999999999,-9.35,-3.92,78.39,-44.64,-18.35,-97.62,16.29,43.25
2025-08-04T19:07:22.517677,-67.0,51.0,50.0,-23.0,-19.0,-28.0,19.0,21.0,-16.0,-67.0,18.0,-28.0,-58.84,65.22,49.19,-6.039999999999999,-22.35,-18.92,8.39,29.36,-16.35,-81.62,15.29,-43.75
2025-08-04T19:07:22.525757,-22.0,-1.0,16.0,-33.0,-8.0,-7.0,38.0,24.0,-32.0,-68.0,25.0,-3.0,-13.84,13.22,15.19,-16.04,-11.35,2.08,27.39,32.36,-32.35,-82.62,22.29,-18.75
2025-08-04T19:07:22.529936,-14.0,21.0,56.0,46.0,1.0,-51.0,-45.0,23.0,-33.0,-64.0,-73.0,28.0,-5.84,35.22,55.19,62.96,-2.35,-41.92,-55.61,31.36,-33.35,-78.62,-75.71,12.25
2025-08-04T19:07:22.538031,-66.0,20.0,-38.0,-28.0,13.0,-42.0,-29.0,-12.0,8.0,-38.0,-55.0,57.0,-57.84,34.22,-38.81,-11.04,9.65,-32.92,-39.61,-3.6400000000000006,7.65,-52.62,-57.71,41.25
2025-08-04T19:07:22.542241,38.0,-15.0,-36.0,-33.0,46.0,61.0,12.0,-8.0,10.0,-49.0,-81.0,36.0,46.16,-0.7799999999999994,-36.81,-16.04,42.65,70.08,1.3900000000000006,0.35999999999999943,9.65,-63.62,-83.71,20.25
2025-08-04T19:07:22.550396,-8.0,-30.0,-14.0,-110.0,-36.0,-38.0,65.0,11.0,35.0,-46.0,-43.0,58.0,0.16000000000000014,-15.78,-14.81,-93.03999999999999,-39.35,-28.92,54.39,19.36,34.65,-60.62,-45.71,42.25
2025-08-04T19:07:22.554475,-8.0,-48.0,84.0,-66.0,-27.0,-10.0,11.0,74.0,4.0,14.0,-15.0,38.0,0.16000000000000014,-33.78,83.19,-49.04,-30.35,-0.9199999999999999,0.39000000000000057,82.36,3.65,-0.6199999999999992,-17.71,22.25
2025-08-04T19:07:22.562505,44.0,-46.0,37.0,-99.0,-24.0,-9.0,11.0,-33.0,10.0,-9.0,13.0,60.0,52.16,-31.78,36.19,-82.03999999999999,-27.35,0.08000000000000007,0.39000000000000057,-24.64,9.65,-23.619999999999997,10.29,44.25
2025-08-04T19:07:22.566716,-34.0,-51.0,50.0,36.0,32.0,-68.0,109.0,-12.0,14.0,47.0,-32.0,94.0,-25.84,-36.78,49.19,52.96,28.65,-58.92,98.39,-3.6400000000000006,13.65,32.38,-34.71,78.25
2025-08-04T19:07:22.570975,-16.0,38.0,60.0,9.0,-16.0,35.0,16.0,-30.0,57.0,9.0,-61.0,40.0,-7.84,52.22,59.19,25.96,-19.35,44.08,5.390000000000001,-21.64,56.65,-5.619999999999999,-63.71,24.25
2025-08-04T19:07:22.579122,-73.0,-13.0,-31.0,-29.0,-30.0,26.0,23.0,-46.0,15.0,20.0,4.0,32.0,-64.84,1.2200000000000006,-31.81,-12.04,-33.35,35.08,12.39,-37.64,14.65,5.380000000000001,1.29,16.25
2025-08-04T19:07:22.587061,44.0,61.0,15.0,-33.0,28.0,-5.0,22.0,-44.0,46.0,37.0,-39.0,26.0,52.16,75.22,14.19,-16.04,24.65,4.08,11.39,-35.64,45.65,22.380000000000003,-41.71,10.25
2025-08-04T19:07:22.591274,-5.0,-69.0,-66.0,-65.0,13.0,33.0,12.0,-33.0,23.0,76.0,-13.0,66.0,3.16,-54.78,-66.81,-48.04,9.65,42.08,1.3900000000000006,-24.64,22.65,61.38,-15.71,50.25
2025-08-04T19:07:22.599381,-25.0,-75.0,17.0,-64.0,40.0,-16.0,-21.0,-26.0,-39.0,74.0,-14.0,59.0,-16.84,-60.78,16.19,-47.04,36.65,-6.92,-31.61,-17.64,-39.35,59.38,-16.71,43.25
2025-08-04T19:07:22.603760,-36.0,8.0,75.0,-38.0,-23.0,56.0,10.0,-35.0,21.0,58.0,-26.0,41.0,-27.84,22.22,74.19,-21.04,-26.35,65.08,-0.6099999999999994,-26.64,20.65,43.38,-28.71,25.25
2025-08-04T19:07:22.608173,-38.0,-49.0,35.0,12.0,-47.0,-6.0,-19.0,17.0,1.0,41.0,22.0,46.0,-29.84,-34.78,34.19,28.96,-50.35,3.08,-29.61,25.36,0.65,26.380000000000003,19.29,30.25
2025-08-04T19:07:22.615916,-13.0,37.0,83.0,30.0,-58.0,14.0,38.0,-7.0,41.0,73.0,19.0,15.0,-4.84,51.22,82.19,46.96,-61.35,23.08,27.39,1.3599999999999994,40.65,58.38,16.29,-0.75
2025-08-04T19:07:22.620259,-29.0,30.0,21.0,-2.0,73.0,58.0,-9.0,10.0,11.0,16.0,-2.0,0.0,-20.84,44.22,20.19,14.96,69.65,67.08,-19.61,18.36,10.65,1.3800000000000008,-4.71,-15.75
2025-08-04T19:07:22.628158,1.0,-38.0,28.0,-57.0,-20.0,-30.0,24.0,31.0,64.0,35.0,-42.0,67.0,9.16,-23.78,27.19,-40.04,-23.35,-20.92,13.39,39.36,63.65,20.380000000000003,-44.71,51.25
2025-08-04T19:07:22.632527,-32.0,-40.0,-42.0,-57.0,-2.0,15.0,-10.0,-24.0,-37.0,23.0,-66.0,48.0,-23.84,-25.78,-42.81,-40.04,-5.35,24.08,-20.61,-15.64,-37.35,8.38,-68.71,32.25
2025-08-04T19:07:22.640489,27.0,20.0,25.0,-32.0,29.0,-33.0,-49.0,-1.0,-17.0,14.0,15.0,79.0,35.16,34.22,24.19,-15.04,25.65,-23.92,-59.61,7.359999999999999,-17.35,-0.6199999999999992,12.29,63.25
2025-08-04T19:07:22.644749,-9.0,-109.0,26.0,57.0,5.0,-10.0,15.0,25.0,-17.0,29.0,-12.0,18.0,-0.8399999999999999,-94.78,25.19,73.96000000000001,1.65,-0.9199999999999999,4.390000000000001,33.36,-17.35,14.38,-14.71,2.25
2025-08-04T19:07:22.652918,23.0,-20.0,44.0,-31.0,-44.0,-7.0,51.0,28.0,22.0,63.0,-19.0,26.0,31.16,-5.779999999999999,43.19,-14.04,-47.35,2.08,40.39,36.36,21.65,48.38,-21.71,10.25
2025-08-04T19:07:22.657126,-41.0,-105.0,26.0,4.0,-46.0,70.0,1.0,39.0,28.0,-49.0,-90.0,69.0,-32.84,-90.78,25.19,20.96,-49.35,79.08,-9.61,47.36,27.65,-63.62,-92.71,53.25
2025-08-04T19:07:22.665222,-29.0,67.0,96.0,-94.0,12.0,-30.0,17.0,-8.0,-8.0,45.0,-80.0,62.0,-20.84,81.22,95.19,-77.03999999999999,8.65,-20.92,6.390000000000001,0.35999999999999943,-8.35,30.380000000000003,-82.71,46.25
2025-08-04T19:07:22.669324,-72.0,-28.0,56.0,4.0,-13.0,13.0,62.0,20.0,54.0,32.0,7.0,-23.0,-63.84,-13.78,55.19,20.96,-16.35,22.08,51.39,28.36,53.65,17.380000000000003,4.29,-38.75
2025-08-04T19:07:22.677455,18.0,-25.0,8.0,23.0,32.0,41.0,-47.0,30.0,-15.0,50.0,-28.0,108.0,26.16,-10.78,7.1899999999999995,39.96,28.65,50.08,-57.61,38.36,-15.35,35.38,-30.71,92.25
2025-08-04T19:07:22.681948,0.0,51.0,-24.0,-60.0,-14.0,6.0,28.0,15.0,26.0,91.0,-8.0,54.0,8.16,65.22,-24.81,-43.04,-17.35,15.08,17.39,23.36,25.65,76.38,-10.71,38.25
2025-08-04T19:07:22.689681,-54.0,46.0,-38.0,-9.0,-27.0,26.0,6.0,-8.0,-32.0,10.0,-19.0,149.0,-45.84,60.22,-38.81,7.960000000000001,-30.35,35.08,-4.609999999999999,0.35999999999999943,-32.35,-4.619999999999999,-21.71,133.25
