timestamp,x1,y1,z1,x2,y2,z2,x3,y3,z3,x4,y4,z4,x1_calib,y1_calib,z1_calib,x2_calib,y2_calib,z2_calib,x3_calib,y3_calib,z3_calib,x4_calib,y4_calib,z4_calib
2025-08-13T14:24:24.939429,47.0,-1.0,-57.0,-21.0,86.0,-44.0,9.0,25.0,-40.0,-50.0,55.0,-12.0,71.62,-50.26,-32.71,-37.519999999999996,52.62,-35.74,25.78,14.13,-38.66,-44.54,29.41,12.649999999999999
2025-08-13T14:24:24.943671,35.0,36.0,-48.0,44.0,52.0,-12.0,-32.0,0.0,27.0,3.0,26.0,23.0,59.620000000000005,-13.259999999999998,-23.71,27.48,18.619999999999997,-3.74,-15.219999999999999,-10.87,28.34,8.46,0.41000000000000014,47.65
2025-08-13T14:24:24.951578,-11.0,-40.0,-44.0,30.0,51.0,54.0,29.0,21.0,-35.0,-36.0,18.0,29.0,13.620000000000001,-89.25999999999999,-19.71,13.48,17.619999999999997,62.26,45.78,10.13,-33.66,-30.54,-7.59,53.65
2025-08-13T14:24:24.955819,2.0,48.0,-34.0,45.0,56.0,-53.0,-48.0,25.0,22.0,-31.0,15.0,20.0,26.62,-1.259999999999998,-9.71,28.48,22.619999999999997,-44.74,-31.22,14.13,23.34,-25.54,-10.59,44.65
2025-08-13T14:24:24.963774,-61.0,15.0,2.0,-31.0,13.0,18.0,-6.0,-74.0,-48.0,6.0,-43.0,6.0,-36.379999999999995,-34.26,26.29,-47.519999999999996,-20.380000000000003,26.259999999999998,10.780000000000001,-84.87,-46.66,11.46,-68.59,30.65
2025-08-13T14:24:24.968175,-34.0,1.0,18.0,40.0,46.0,-20.0,-42.0,27.0,-36.0,8.0,-1.0,-11.0,-9.379999999999999,-48.26,42.29,23.48,12.619999999999997,-11.74,-25.22,16.130000000000003,-34.66,13.46,-26.59,13.649999999999999
2025-08-13T14:24:24.976130,28.0,18.0,-58.0,12.0,23.0,-22.0,-28.0,34.0,6.0,-30.0,6.0,-10.0,52.620000000000005,-31.259999999999998,-33.71,-4.52,-10.380000000000003,-13.74,-11.219999999999999,23.130000000000003,7.34,-24.54,-19.59,14.649999999999999
2025-08-13T14:24:24.980526,-19.0,14.0,-35.0,61.0,11.0,24.0,9.0,-76.0,-5.0,-85.0,-19.0,-68.0,5.620000000000001,-35.26,-10.71,44.480000000000004,-22.380000000000003,32.26,25.78,-86.87,-3.66,-79.54,-44.59,-43.35
2025-08-13T14:24:24.988534,-23.0,31.0,-34.0,-2.0,22.0,-11.0,-45.0,-8.0,-14.0,6.0,2.0,26.0,1.620000000000001,-18.259999999999998,-9.71,-18.52,-11.380000000000003,-2.74,-28.22,-18.869999999999997,-12.66,11.46,-23.59,50.65
2025-08-13T14:24:24.992731,-61.0,12.0,-5.0,-11.0,32.0,18.0,30.0,-77.0,37.0,52.0,-20.0,-25.0,-36.379999999999995,-37.26,19.29,-27.52,-1.3800000000000026,26.259999999999998,46.78,-87.87,38.34,57.46,-45.59,-0.3500000000000014
2025-08-13T14:24:24.996802,-42.0,67.0,-51.0,29.0,69.0,-7.0,26.0,29.0,12.0,7.0,9.0,-18.0,-17.38,17.740000000000002,-26.71,12.48,35.62,1.2599999999999998,42.78,18.130000000000003,13.34,12.46,-16.59,6.649999999999999
2025-08-13T14:24:25.005064,-44.0,76.0,18.0,-6.0,-24.0,-5.0,-58.0,42.0,43.0,-10.0,19.0,31.0,-19.38,26.740000000000002,42.29,-22.52,-57.38,3.26,-41.22,31.130000000000003,44.34,-4.54,-6.59,55.65
2025-08-13T14:24:25.009166,-55.0,27.0,-63.0,44.0,53.0,-57.0,-69.0,36.0,11.0,13.0,46.0,15.0,-30.38,-22.259999999999998,-38.71,27.48,19.619999999999997,-48.74,-52.22,25.130000000000003,12.34,18.46,20.41,39.65
2025-08-13T14:24:25.017222,46.0,63.0,-64.0,71.0,53.0,20.0,-80.0,58.0,-55.0,-27.0,-29.0,-38.0,70.62,13.740000000000002,-39.71,54.480000000000004,19.619999999999997,28.259999999999998,-63.22,47.13,-53.66,-21.54,-54.59,-13.350000000000001
2025-08-13T14:24:25.021329,-33.0,19.0,-38.0,28.0,49.0,40.0,21.0,4.0,13.0,-36.0,-4.0,-71.0,-8.379999999999999,-30.259999999999998,-13.71,11.48,15.619999999999997,48.26,37.78,-6.869999999999999,14.34,-30.54,-29.59,-46.35
2025-08-13T14:24:25.029542,6.0,96.0,-70.0,46.0,40.0,-20.0,5.0,31.0,12.0,6.0,45.0,-76.0,30.62,46.74,-45.71,29.48,6.619999999999997,-11.74,21.78,20.130000000000003,13.34,11.46,19.41,-51.35
2025-08-13T14:24:25.033754,-83.0,87.0,-84.0,92.0,51.0,-3.0,16.0,77.0,19.0,15.0,40.0,-7.0,-58.379999999999995,37.74,-59.71,75.48,17.619999999999997,5.26,32.78,66.13,20.34,20.46,14.41,17.65
2025-08-13T14:24:25.041809,5.0,98.0,-42.0,10.0,66.0,-4.0,2.0,-18.0,-73.0,-12.0,65.0,-17.0,29.62,48.74,-17.71,-6.52,32.62,4.26,18.78,-28.869999999999997,-71.66,-6.54,39.41,7.649999999999999
2025-08-13T14:24:25.046167,-66.0,76.0,-87.0,13.0,60.0,-23.0,11.0,-16.0,17.0,-3.0,51.0,-54.0,-41.379999999999995,26.740000000000002,-62.71,-3.5199999999999996,26.619999999999997,-14.74,27.78,-26.869999999999997,18.34,2.46,25.41,-29.35
2025-08-13T14:24:25.054234,-50.0,81.0,-91.0,13.0,62.0,-13.0,41.0,-30.0,-35.0,-7.0,-17.0,-30.0,-25.38,31.740000000000002,-66.71000000000001,-3.5199999999999996,28.619999999999997,-4.74,57.78,-40.87,-33.66,-1.54,-42.59,-5.350000000000001
2025-08-13T14:24:25.058631,-81.0,94.0,-37.0,16.0,14.0,39.0,-23.0,-10.0,14.0,-24.0,19.0,33.0,-56.379999999999995,44.74,-12.71,-0.5199999999999996,-19.380000000000003,47.26,-6.219999999999999,-20.869999999999997,15.34,-18.54,-6.59,57.65
2025-08-13T14:24:25.066533,-5.0,57.0,-73.0,-7.0,-2.0,11.0,31.0,14.0,-18.0,3.0,-5.0,-84.0,19.62,7.740000000000002,-48.71,-23.52,-35.38,19.259999999999998,47.78,3.130000000000001,-16.66,8.46,-30.59,-59.35
2025-08-13T14:24:25.071030,12.0,138.0,-30.0,18.0,13.0,14.0,-15.0,-6.0,-23.0,-88.0,52.0,-3.0,36.620000000000005,88.74000000000001,-5.710000000000001,1.4800000000000004,-20.380000000000003,22.259999999999998,1.7800000000000011,-16.869999999999997,-21.66,-82.54,26.41,21.65
2025-08-13T14:24:25.078849,-58.0,59.0,-107.0,27.0,38.0,-59.0,-13.0,15.0,13.0,44.0,40.0,-77.0,-33.379999999999995,9.740000000000002,-82.71000000000001,10.48,4.619999999999997,-50.74,3.780000000000001,4.130000000000001,14.34,49.46,14.41,-52.35
2025-08-13T14:24:25.083579,-23.0,76.0,5.0,57.0,41.0,21.0,-13.0,12.0,-55.0,-5.0,37.0,-24.0,1.620000000000001,26.740000000000002,29.29,40.480000000000004,7.619999999999997,29.259999999999998,3.780000000000001,1.1300000000000008,-53.66,0.45999999999999996,11.41,0.6499999999999986
2025-08-13T14:24:25.090850,14.0,64.0,6.0,33.0,8.0,32.0,54.0,9.0,-18.0,72.0,19.0,-17.0,38.620000000000005,14.740000000000002,30.29,16.48,-25.380000000000003,40.26,70.78,-1.8699999999999992,-16.66,77.46,-6.59,7.649999999999999
2025-08-13T14:24:25.095636,17.0,23.0,-1.0,35.0,65.0,-26.0,-81.0,67.0,-44.0,-20.0,54.0,-7.0,41.620000000000005,-26.259999999999998,23.29,18.48,31.619999999999997,-17.740000000000002,-64.22,56.13,-42.66,-14.54,28.41,17.65
2025-08-13T14:24:25.103346,67.0,89.0,-14.0,-56.0,-16.0,15.0,-6.0,-1.0,-10.0,-4.0,46.0,16.0,91.62,39.74,10.29,-72.52,-49.38,23.259999999999998,10.780000000000001,-11.87,-8.66,1.46,20.41,40.65
2025-08-13T14:24:25.108139,-12.0,86.0,20.0,-9.0,2.0,-10.0,13.0,16.0,-10.0,-23.0,47.0,-11.0,12.620000000000001,36.74,44.29,-25.52,-31.380000000000003,-1.7400000000000002,29.78,5.130000000000001,-8.66,-17.54,21.41,13.649999999999999
2025-08-13T14:24:25.115704,36.0,19.0,-4.0,33.0,39.0,-33.0,22.0,-2.0,19.0,4.0,-21.0,11.0,60.620000000000005,-30.259999999999998,20.29,16.48,5.619999999999997,-24.740000000000002,38.78,-12.87,20.34,9.46,-46.59,35.65
2025-08-13T14:24:25.120116,-21.0,5.0,22.0,9.0,61.0,50.0,4.0,81.0,-31.0,-29.0,39.0,-7.0,3.620000000000001,-44.26,46.29,-7.52,27.619999999999997,58.26,20.78,70.13,-29.66,-23.54,13.41,17.65
2025-08-13T14:24:25.129228,23.0,-39.0,-8.0,42.0,5.0,-12.0,-38.0,54.0,36.0,-36.0,20.0,-52.0,47.620000000000005,-88.25999999999999,16.29,25.48,-28.380000000000003,-3.74,-21.22,43.13,37.34,-30.54,-5.59,-27.35
2025-08-13T14:24:25.135883,9.0,17.0,-3.0,51.0,80.0,-2.0,-38.0,17.0,-21.0,-104.0,51.0,-25.0,33.620000000000005,-32.26,21.29,34.480000000000004,46.62,6.26,-21.22,6.130000000000001,-19.66,-98.54,25.41,-0.3500000000000014
2025-08-13T14:24:25.142106,44.0,11.0,52.0,64.0,59.0,-16.0,18.0,43.0,75.0,0.0,35.0,-27.0,68.62,-38.26,76.28999999999999,47.480000000000004,25.619999999999997,-7.74,34.78,32.13,76.34,5.46,9.41,-2.3500000000000014
2025-08-13T14:24:25.148160,-10.0,-21.0,-5.0,34.0,74.0,-2.0,-43.0,53.0,25.0,-61.0,6.0,-24.0,14.620000000000001,-70.25999999999999,19.29,17.48,40.62,6.26,-26.22,42.13,26.34,-55.54,-19.59,0.6499999999999986
2025-08-13T14:24:25.152646,-32.0,32.0,-33.0,17.0,-68.0,-45.0,-97.0,48.0,14.0,78.0,33.0,-13.0,-7.379999999999999,-17.259999999999998,-8.71,0.4800000000000004,-101.38,-36.74,-80.22,37.13,15.34,83.46,7.41,11.649999999999999
2025-08-13T14:24:25.156580,-55.0,42.0,-34.0,-2.0,73.0,-31.0,-56.0,61.0,-97.0,-43.0,-8.0,-48.0,-30.38,-7.259999999999998,-9.71,-18.52,39.62,-22.740000000000002,-39.22,50.13,-95.66,-37.54,-33.59,-23.35
2025-08-13T14:24:25.164709,-43.0,73.0,17.0,-32.0,59.0,68.0,-73.0,21.0,-49.0,-60.0,42.0,37.0,-18.38,23.740000000000002,41.29,-48.519999999999996,25.619999999999997,76.26,-56.22,10.13,-47.66,-54.54,16.41,61.65
2025-08-13T14:24:25.168901,-66.0,48.0,4.0,82.0,11.0,-36.0,14.0,5.0,-49.0,23.0,-14.0,-55.0,-41.379999999999995,-1.259999999999998,28.29,65.48,-22.380000000000003,-27.740000000000002,30.78,-5.869999999999999,-47.66,28.46,-39.59,-30.35
2025-08-13T14:24:25.172844,-55.0,7.0,-14.0,4.0,24.0,2.0,15.0,-1.0,-55.0,-26.0,33.0,-18.0,-30.38,-42.26,10.29,-12.52,-9.380000000000003,10.26,31.78,-11.87,-53.66,-20.54,7.41,6.649999999999999
2025-08-13T14:24:25.181203,-18.0,33.0,-42.0,-20.0,0.0,-12.0,29.0,-4.0,50.0,-22.0,4.0,-32.0,6.620000000000001,-16.259999999999998,-17.71,-36.519999999999996,-33.38,-3.74,45.78,-14.87,51.34,-16.54,-21.59,-7.350000000000001
2025-08-13T14:24:25.189052,28.0,11.0,-90.0,-58.0,45.0,-3.0,-77.0,-24.0,-52.0,-23.0,-9.0,-34.0,52.620000000000005,-38.26,-65.71000000000001,-74.52,11.619999999999997,5.26,-60.22,-34.87,-50.66,-17.54,-34.59,-9.350000000000001
2025-08-13T14:24:25.193545,12.0,-11.0,20.0,9.0,8.0,-18.0,30.0,18.0,-63.0,-29.0,-25.0,19.0,36.620000000000005,-60.26,44.29,-7.52,-25.380000000000003,-9.74,46.78,7.130000000000001,-61.66,-23.54,-50.59,43.65
2025-08-13T14:24:25.197527,-66.0,17.0,14.0,31.0,27.0,-69.0,-34.0,35.0,-48.0,-17.0,18.0,-51.0,-41.379999999999995,-32.26,38.29,14.48,-6.380000000000003,-60.74,-17.22,24.130000000000003,-46.66,-11.54,-7.59,-26.35
2025-08-13T14:24:25.205752,-20.0,43.0,16.0,-17.0,51.0,-2.0,-99.0,-83.0,10.0,-21.0,22.0,-38.0,4.620000000000001,-6.259999999999998,40.29,-33.519999999999996,17.619999999999997,6.26,-82.22,-93.87,11.34,-15.54,-3.59,-13.350000000000001
2025-08-13T14:24:25.209775,-5.0,77.0,-25.0,15.0,15.0,36.0,-15.0,-14.0,-6.0,19.0,-28.0,-48.0,19.62,27.740000000000002,-0.7100000000000009,-1.5199999999999996,-18.380000000000003,44.26,1.7800000000000011,-24.869999999999997,-4.66,24.46,-53.59,-23.35
2025-08-13T14:24:25.218058,-66.0,64.0,-21.0,-30.0,-37.0,11.0,-14.0,8.0,-20.0,87.0,20.0,-29.0,-41.379999999999995,14.740000000000002,3.289999999999999,-46.519999999999996,-70.38,19.259999999999998,2.780000000000001,-2.869999999999999,-18.66,92.46,-5.59,-4.350000000000001
2025-08-13T14:24:25.222094,60.0,70.0,35.0,-8.0,63.0,44.0,-84.0,65.0,12.0,-7.0,-8.0,11.0,84.62,20.740000000000002,59.29,-24.52,29.619999999999997,52.26,-67.22,54.13,13.34,-1.54,-33.59,35.65
2025-08-13T14:24:25.230158,14.0,70.0,-36.0,4.0,73.0,8.0,-45.0,18.0,-51.0,18.0,-9.0,15.0,38.620000000000005,20.740000000000002,-11.71,-12.52,39.62,16.259999999999998,-28.22,7.130000000000001,-49.66,23.46,-34.59,39.65
2025-08-13T14:24:25.234414,-25.0,84.0,-86.0,-13.0,94.0,16.0,-21.0,20.0,-35.0,1.0,14.0,-56.0,-0.379999999999999,34.74,-61.71,-29.52,60.62,24.259999999999998,-4.219999999999999,9.13,-33.66,6.46,-11.59,-31.35
2025-08-13T14:24:25.242574,-33.0,39.0,-47.0,26.0,121.0,-58.0,-56.0,49.0,-37.0,14.0,48.0,-91.0,-8.379999999999999,-10.259999999999998,-22.71,9.48,87.62,-49.74,-39.22,38.13,-35.66,19.46,22.41,-66.35
2025-08-13T14:24:25.246655,-33.0,41.0,-34.0,-1.0,31.0,-4.0,-23.0,24.0,-32.0,-9.0,23.0,2.0,-8.379999999999999,-8.259999999999998,-9.71,-17.52,-2.3800000000000026,4.26,-6.219999999999999,13.13,-30.66,-3.54,-2.59,26.65
2025-08-13T14:24:25.254731,32.0,68.0,-75.0,38.0,61.0,57.0,8.0,38.0,-59.0,10.0,67.0,-76.0,56.620000000000005,18.740000000000002,-50.71,21.48,27.619999999999997,65.26,24.78,27.130000000000003,-57.66,15.46,41.41,-51.35
2025-08-13T14:24:25.258926,14.0,11.0,25.0,87.0,92.0,10.0,-72.0,57.0,-26.0,-23.0,23.0,-13.0,38.620000000000005,-38.26,49.29,70.48,58.62,18.259999999999998,-55.22,46.13,-24.66,-17.54,-2.59,11.649999999999999
2025-08-13T14:24:25.267174,20.0,18.0,14.0,-4.0,34.0,-30.0,-18.0,87.0,-7.0,-18.0,-2.0,-29.0,44.620000000000005,-31.259999999999998,38.29,-20.52,0.6199999999999974,-21.740000000000002,-1.2199999999999989,76.13,-5.66,-12.54,-27.59,-4.350000000000001
2025-08-13T14:24:25.271327,6.0,29.0,-12.0,51.0,16.0,-6.0,-34.0,38.0,27.0,-85.0,14.0,17.0,30.62,-20.259999999999998,12.29,34.480000000000004,-17.380000000000003,2.26,-17.22,27.130000000000003,28.34,-79.54,-11.59,41.65
2025-08-13T14:24:25.279459,60.0,64.0,-66.0,19.0,75.0,17.0,-5.0,15.0,38.0,-95.0,-39.0,-24.0,84.62,14.740000000000002,-41.71,2.4800000000000004,41.62,25.259999999999998,11.780000000000001,4.130000000000001,39.34,-89.54,-64.59,0.6499999999999986
2025-08-13T14:24:25.283873,62.0,2.0,-55.0,19.0,27.0,10.0,-77.0,-16.0,-72.0,4.0,48.0,-13.0,86.62,-47.26,-30.71,2.4800000000000004,-6.380000000000003,18.259999999999998,-60.22,-26.869999999999997,-70.66,9.46,22.41,11.649999999999999
2025-08-13T14:24:25.291832,-30.0,47.0,-47.0,63.0,40.0,-10.0,22.0,3.0,-72.0,5.0,-21.0,34.0,-5.379999999999999,-2.259999999999998,-22.71,46.480000000000004,6.619999999999997,-1.7400000000000002,38.78,-7.869999999999999,-70.66,10.46,-46.59,58.65
2025-08-13T14:24:25.296091,-45.0,44.0,-67.0,29.0,67.0,14.0,-12.0,-13.0,-15.0,-4.0,-21.0,-23.0,-20.38,-5.259999999999998,-42.71,12.48,33.62,22.259999999999998,4.780000000000001,-23.869999999999997,-13.66,1.46,-46.59,1.6499999999999986
2025-08-13T14:24:25.304181,-75.0,11.0,-20.0,62.0,41.0,56.0,-40.0,43.0,15.0,-5.0,70.0,7.0,-50.379999999999995,-38.26,4.289999999999999,45.480000000000004,7.619999999999997,64.26,-23.22,32.13,16.34,0.45999999999999996,44.41,31.65
2025-08-13T14:24:25.309035,11.0,17.0,-18.0,13.0,44.0,-35.0,-73.0,-40.0,-19.0,-71.0,74.0,-14.0,35.620000000000005,-32.26,6.289999999999999,-3.5199999999999996,10.619999999999997,-26.740000000000002,-56.22,-50.87,-17.66,-65.54,48.41,10.649999999999999
2025-08-13T14:24:25.316588,-17.0,57.0,-24.0,7.0,60.0,-62.0,-52.0,13.0,-49.0,-70.0,-13.0,-12.0,7.620000000000001,7.740000000000002,0.28999999999999915,-9.52,26.619999999999997,-53.74,-35.22,2.130000000000001,-47.66,-64.54,-38.59,12.649999999999999
2025-08-13T14:24:25.321346,-18.0,-25.0,-58.0,-48.0,52.0,5.0,-28.0,23.0,-23.0,-45.0,73.0,-56.0,6.620000000000001,-74.25999999999999,-33.71,-64.52,18.619999999999997,13.26,-11.219999999999999,12.13,-21.66,-39.54,47.41,-31.35
2025-08-13T14:24:25.328909,-54.0,-17.0,-66.0,-22.0,15.0,-2.0,-30.0,35.0,-73.0,20.0,60.0,-33.0,-29.38,-66.25999999999999,-41.71,-38.519999999999996,-18.380000000000003,6.26,-13.219999999999999,24.130000000000003,-71.66,25.46,34.41,-8.350000000000001
2025-08-13T14:24:25.333397,-3.0,65.0,-53.0,-28.0,-6.0,45.0,-2.0,-19.0,-60.0,-16.0,8.0,-42.0,21.62,15.740000000000002,-28.71,-44.519999999999996,-39.38,53.26,14.780000000000001,-29.869999999999997,-58.66,-10.54,-17.59,-17.35
2025-08-13T14:24:25.341091,-27.0,60.0,-20.0,-32.0,12.0,10.0,2.0,-10.0,-31.0,18.0,41.0,-17.0,-2.379999999999999,10.740000000000002,4.289999999999999,-48.519999999999996,-21.380000000000003,18.259999999999998,18.78,-20.869999999999997,-29.66,23.46,15.41,7.649999999999999
2025-08-13T14:24:25.345728,-7.0,69.0,18.0,52.0,43.0,-43.0,-31.0,9.0,-47.0,-29.0,24.0,-61.0,17.62,19.740000000000002,42.29,35.480000000000004,9.619999999999997,-34.74,-14.219999999999999,-1.8699999999999992,-45.66,-23.54,-1.5899999999999999,-36.35
2025-08-13T14:24:25.353341,0.0,82.0,-90.0,4.0,-11.0,-43.0,-6.0,20.0,13.0,15.0,34.0,-63.0,24.62,32.74,-65.71000000000001,-12.52,-44.38,-34.74,10.780000000000001,9.13,14.34,20.46,8.41,-38.35
2025-08-13T14:24:25.358021,-4.0,72.0,7.0,9.0,55.0,-78.0,30.0,35.0,-1.0,47.0,5.0,23.0,20.62,22.740000000000002,31.29,-7.52,21.619999999999997,-69.74,46.78,24.130000000000003,0.3400000000000001,52.46,-20.59,47.65
2025-08-13T14:24:25.366884,-14.0,52.0,26.0,-3.0,12.0,-83.0,22.0,-55.0,17.0,-24.0,34.0,0.0,10.620000000000001,2.740000000000002,50.29,-19.52,-21.380000000000003,-74.74,38.78,-65.87,18.34,-18.54,8.41,24.65
2025-08-13T14:24:25.372815,-40.0,81.0,-48.0,-1.0,87.0,38.0,-10.0,-24.0,-14.0,39.0,90.0,-32.0,-15.379999999999999,31.740000000000002,-23.71,-17.52,53.62,46.26,6.780000000000001,-34.87,-12.66,44.46,64.41,-7.350000000000001
2025-08-13T14:24:25.377594,49.0,29.0,-37.0,-35.0,-21.0,-3.0,62.0,16.0,-18.0,-19.0,-3.0,1.0,73.62,-20.259999999999998,-12.71,-51.519999999999996,-54.38,5.26,78.78,5.130000000000001,-16.66,-13.54,-28.59,25.65
2025-08-13T14:24:25.381833,49.0,19.0,-61.0,26.0,34.0,25.0,-43.0,-15.0,22.0,22.0,-9.0,-31.0,73.62,-30.259999999999998,-36.71,9.48,0.6199999999999974,33.26,-26.22,-25.869999999999997,23.34,27.46,-34.59,-6.350000000000001
2025-08-13T14:24:25.387196,18.0,2.0,-100.0,23.0,57.0,7.0,3.0,6.0,-20.0,21.0,33.0,-23.0,42.620000000000005,-47.26,-75.71000000000001,6.48,23.619999999999997,15.26,19.78,-4.869999999999999,-18.66,26.46,7.41,1.6499999999999986
2025-08-13T14:24:25.394025,31.0,152.0,-29.0,15.0,43.0,-72.0,10.0,-3.0,-10.0,-46.0,-23.0,-2.0,55.620000000000005,102.74000000000001,-4.710000000000001,-1.5199999999999996,9.619999999999997,-63.74,26.78,-13.87,-8.66,-40.54,-48.59,22.65
2025-08-13T14:24:25.398119,-84.0,85.0,-32.0,15.0,-7.0,14.0,-64.0,33.0,67.0,12.0,-20.0,25.0,-59.379999999999995,35.74,-7.710000000000001,-1.5199999999999996,-40.38,22.259999999999998,-47.22,22.130000000000003,68.34,17.46,-45.59,49.65
2025-08-13T14:24:25.406355,29.0,20.0,-68.0,28.0,27.0,-25.0,-60.0,-32.0,-19.0,30.0,11.0,-58.0,53.620000000000005,-29.259999999999998,-43.71,11.48,-6.380000000000003,-16.740000000000002,-43.22,-42.87,-17.66,35.46,-14.59,-33.35
2025-08-13T14:24:25.410404,23.0,-14.0,-89.0,21.0,-16.0,-90.0,-6.0,-23.0,-15.0,12.0,65.0,-59.0,47.620000000000005,-63.26,-64.71000000000001,4.48,-49.38,-81.74,10.780000000000001,-33.87,-13.66,17.46,39.41,-34.35
2025-08-13T14:24:25.418619,-39.0,28.0,-40.0,47.0,51.0,18.0,-26.0,51.0,-33.0,-42.0,-18.0,-18.0,-14.379999999999999,-21.259999999999998,-15.71,30.48,17.619999999999997,26.259999999999998,-9.219999999999999,40.13,-31.66,-36.54,-43.59,6.649999999999999
2025-08-13T14:24:25.422718,-6.0,41.0,32.0,88.0,30.0,-19.0,-21.0,7.0,-72.0,-4.0,-22.0,-36.0,18.62,-8.259999999999998,56.29,71.48,-3.3800000000000026,-10.74,-4.219999999999999,-3.869999999999999,-70.66,1.46,-47.59,-11.350000000000001
2025-08-13T14:24:25.430931,-8.0,19.0,-16.0,-73.0,65.0,-67.0,-55.0,13.0,-89.0,-12.0,29.0,-41.0,16.62,-30.259999999999998,8.29,-89.52,31.619999999999997,-58.74,-38.22,2.130000000000001,-87.66,-6.54,3.41,-16.35
2025-08-13T14:24:25.434966,6.0,51.0,-32.0,35.0,72.0,-26.0,-3.0,6.0,-28.0,68.0,73.0,-30.0,30.62,1.740000000000002,-7.710000000000001,18.48,38.62,-17.740000000000002,13.780000000000001,-4.869999999999999,-26.66,73.46,47.41,-5.350000000000001
2025-08-13T14:24:25.443197,-1.0,34.0,-1.0,91.0,63.0,-1.0,-39.0,-38.0,-40.0,-89.0,64.0,-28.0,23.62,-15.259999999999998,23.29,74.48,29.619999999999997,7.26,-22.22,-48.87,-38.66,-83.54,38.41,-3.3500000000000014
2025-08-13T14:24:25.447271,7.0,28.0,26.0,14.0,-15.0,-3.0,-7.0,-11.0,29.0,-74.0,-22.0,-7.0,31.62,-21.259999999999998,50.29,-2.5199999999999996,-48.38,5.26,9.780000000000001,-21.869999999999997,30.34,-68.54,-47.59,17.65
2025-08-13T14:24:25.455489,-57.0,-34.0,-24.0,14.0,53.0,24.0,-19.0,17.0,-20.0,-65.0,20.0,-7.0,-32.379999999999995,-83.25999999999999,0.28999999999999915,-2.5199999999999996,19.619999999999997,32.26,-2.219999999999999,6.130000000000001,-18.66,-59.54,-5.59,17.65
2025-08-13T14:24:25.459668,-38.0,18.0,-57.0,7.0,8.0,12.0,-15.0,-11.0,14.0,45.0,41.0,-23.0,-13.379999999999999,-31.259999999999998,-32.71,-9.52,-25.380000000000003,20.259999999999998,1.7800000000000011,-21.869999999999997,15.34,50.46,15.41,1.6499999999999986
2025-08-13T14:24:25.467795,-58.0,53.0,-18.0,-11.0,10.0,-20.0,30.0,-6.0,-36.0,-59.0,49.0,16.0,-33.379999999999995,3.740000000000002,6.289999999999999,-27.52,-23.380000000000003,-11.74,46.78,-16.869999999999997,-34.66,-53.54,23.41,40.65
2025-08-13T14:24:25.472050,-51.0,48.0,7.0,21.0,-3.0,32.0,-52.0,54.0,14.0,-8.0,34.0,-65.0,-26.38,-1.259999999999998,31.29,4.48,-36.38,40.26,-35.22,43.13,15.34,-2.54,8.41,-40.35
2025-08-13T14:24:25.479989,-3.0,21.0,-61.0,2.0,11.0,17.0,-52.0,-52.0,24.0,29.0,10.0,-57.0,21.62,-28.259999999999998,-36.71,-14.52,-22.380000000000003,25.259999999999998,-35.22,-62.87,25.34,34.46,-15.59,-32.35
2025-08-13T14:24:25.484425,2.0,72.0,7.0,10.0,48.0,-5.0,-8.0,35.0,-69.0,37.0,-14.0,3.0,26.62,22.740000000000002,31.29,-6.52,14.619999999999997,3.26,8.780000000000001,24.130000000000003,-67.66,42.46,-39.59,27.65
2025-08-13T14:24:25.492361,-118.0,67.0,-32.0,29.0,154.0,-35.0,-64.0,39.0,-18.0,38.0,55.0,9.0,-93.38,17.740000000000002,-7.710000000000001,12.48,120.62,-26.740000000000002,-47.22,28.130000000000003,-16.66,43.46,29.41,33.65
2025-08-13T14:24:25.496744,-69.0,101.0,-10.0,-32.0,69.0,8.0,-9.0,27.0,37.0,7.0,21.0,-54.0,-44.379999999999995,51.74,14.29,-48.519999999999996,35.62,16.259999999999998,7.780000000000001,16.130000000000003,38.34,12.46,-4.59,-29.35
2025-08-13T14:24:25.504674,-32.0,75.0,-22.0,34.0,91.0,-15.0,59.0,123.0,-67.0,40.0,-11.0,-10.0,-7.379999999999999,25.740000000000002,2.289999999999999,17.48,57.62,-6.74,75.78,112.13,-65.66,45.46,-36.59,14.649999999999999
2025-08-13T14:24:25.509208,5.0,60.0,-34.0,-46.0,36.0,-66.0,3.0,-6.0,11.0,-38.0,31.0,-51.0,29.62,10.740000000000002,-9.71,-62.519999999999996,2.6199999999999974,-57.74,19.78,-16.869999999999997,12.34,-32.54,5.41,-26.35
2025-08-13T14:24:25.516769,33.0,64.0,-68.0,91.0,-34.0,-60.0,-30.0,-13.0,-14.0,42.0,5.0,15.0,57.620000000000005,14.740000000000002,-43.71,74.48,-67.38,-51.74,-13.219999999999999,-23.869999999999997,-12.66,47.46,-20.59,39.65
2025-08-13T14:24:25.521429,1.0,27.0,-14.0,39.0,29.0,-36.0,19.0,2.0,-30.0,-56.0,66.0,1.0,25.62,-22.259999999999998,10.29,22.48,-4.380000000000003,-27.740000000000002,35.78,-8.87,-28.66,-50.54,40.41,25.65
2025-08-13T14:24:25.529380,-1.0,141.0,-41.0,23.0,57.0,-17.0,-8.0,-1.0,-18.0,-57.0,49.0,34.0,23.62,91.74000000000001,-16.71,6.48,23.619999999999997,-8.74,8.780000000000001,-11.87,-16.66,-51.54,23.41,58.65
2025-08-13T14:24:25.533868,-33.0,-32.0,-19.0,-1.0,51.0,3.0,-39.0,-23.0,-51.0,-9.0,81.0,-28.0,-8.379999999999999,-81.25999999999999,5.289999999999999,-17.52,17.619999999999997,11.26,-22.22,-33.87,-49.66,-3.54,55.41,-3.3500000000000014
2025-08-13T14:24:25.541584,-36.0,22.0,-6.0,-9.0,66.0,26.0,-19.0,64.0,-20.0,-52.0,42.0,-73.0,-11.379999999999999,-27.259999999999998,18.29,-25.52,32.62,34.26,-2.219999999999999,53.13,-18.66,-46.54,16.41,-48.35
2025-08-13T14:24:25.546114,44.0,44.0,-95.0,19.0,71.0,-55.0,-71.0,1.0,-36.0,-115.0,-15.0,-84.0,68.62,-5.259999999999998,-70.71000000000001,2.4800000000000004,37.62,-46.74,-54.22,-9.87,-34.66,-109.54,-40.59,-59.35
2025-08-13T14:24:25.553871,-30.0,44.0,-24.0,41.0,13.0,6.0,40.0,-45.0,3.0,-15.0,36.0,-5.0,-5.379999999999999,-5.259999999999998,0.28999999999999915,24.48,-20.380000000000003,14.26,56.78,-55.87,4.34,-9.54,10.41,19.65
2025-08-13T14:24:25.558289,72.0,-7.0,9.0,68.0,33.0,44.0,-49.0,50.0,-46.0,70.0,89.0,-74.0,96.62,-56.26,33.29,51.480000000000004,-0.38000000000000256,52.26,-32.22,39.13,-44.66,75.46,63.41,-49.35
2025-08-13T14:24:25.565829,-9.0,37.0,39.0,49.0,89.0,-47.0,31.0,21.0,57.0,-58.0,43.0,-29.0,15.620000000000001,-12.259999999999998,63.29,32.480000000000004,55.62,-38.74,47.78,10.13,58.34,-52.54,17.41,-4.350000000000001
2025-08-13T14:24:25.570532,-4.0,50.0,-9.0,-9.0,36.0,-2.0,-48.0,14.0,-4.0,23.0,-8.0,-8.0,20.62,0.740000000000002,15.29,-25.52,2.6199999999999974,6.26,-31.22,3.130000000000001,-2.66,28.46,-33.59,16.65
2025-08-13T14:24:25.575690,-37.0,9.0,-4.0,-5.0,37.0,-35.0,-69.0,56.0,-19.0,-16.0,12.0,-46.0,-12.379999999999999,-40.26,20.29,-21.52,3.6199999999999974,-26.740000000000002,-52.22,45.13,-17.66,-10.54,-13.59,-21.35
2025-08-13T14:24:25.582392,-76.0,46.0,-41.0,4.0,15.0,5.0,14.0,45.0,-1.0,51.0,0.0,-27.0,-51.379999999999995,-3.259999999999998,-16.71,-12.52,-18.380000000000003,13.26,30.78,34.13,0.3400000000000001,56.46,-25.59,-2.3500000000000014
2025-08-13T14:24:25.587630,22.0,89.0,-70.0,2.0,53.0,25.0,-72.0,44.0,-29.0,8.0,38.0,16.0,46.620000000000005,39.74,-45.71,-14.52,19.619999999999997,33.26,-55.22,33.13,-27.66,13.46,12.41,40.65
2025-08-13T14:24:25.594922,-57.0,-25.0,6.0,20.0,93.0,-12.0,-24.0,-26.0,8.0,51.0,33.0,-36.0,-32.379999999999995,-74.25999999999999,30.29,3.4800000000000004,59.62,-3.74,-7.219999999999999,-36.87,9.34,56.46,7.41,-11.350000000000001
2025-08-13T14:24:25.600277,7.0,21.0,19.0,-31.0,27.0,-35.0,10.0,24.0,49.0,-34.0,-20.0,11.0,31.62,-28.259999999999998,43.29,-47.519999999999996,-6.380000000000003,-26.740000000000002,26.78,13.13,50.34,-28.54,-45.59,35.65
2025-08-13T14:24:25.607243,-62.0,55.0,-50.0,34.0,28.0,-1.0,34.0,44.0,-37.0,-16.0,-1.0,-60.0,-37.379999999999995,5.740000000000002,-25.71,17.48,-5.380000000000003,7.26,50.78,33.13,-35.66,-10.54,-26.59,-35.35
2025-08-13T14:24:25.613425,-4.0,85.0,12.0,-28.0,38.0,40.0,-29.0,-36.0,-15.0,9.0,51.0,50.0,20.62,35.74,36.29,-44.519999999999996,4.619999999999997,48.26,-12.219999999999999,-46.87,-13.66,14.46,25.41,74.65
2025-08-13T14:24:25.619459,-13.0,121.0,-75.0,25.0,-16.0,-29.0,68.0,25.0,-66.0,53.0,60.0,-27.0,11.620000000000001,71.74000000000001,-50.71,8.48,-49.38,-20.740000000000002,84.78,14.13,-64.66,58.46,34.41,-2.3500000000000014
2025-08-13T14:24:25.624487,27.0,11.0,-50.0,-25.0,27.0,-45.0,-52.0,27.0,-53.0,25.0,54.0,-33.0,51.620000000000005,-38.26,-25.71,-41.519999999999996,-6.380000000000003,-36.74,-35.22,16.130000000000003,-51.66,30.46,28.41,-8.350000000000001
2025-08-13T14:24:25.631614,66.0,103.0,-60.0,12.0,90.0,-8.0,-77.0,-1.0,-30.0,8.0,51.0,-87.0,90.62,53.74,-35.71,-4.52,56.62,0.2599999999999998,-60.22,-11.87,-28.66,13.46,25.41,-62.35
2025-08-13T14:24:25.635703,-2.0,119.0,35.0,-26.0,75.0,-40.0,-28.0,3.0,-36.0,35.0,8.0,-37.0,22.62,69.74000000000001,59.29,-42.519999999999996,41.62,-31.740000000000002,-11.219999999999999,-7.869999999999999,-34.66,40.46,-17.59,-12.350000000000001
2025-08-13T14:24:25.643782,-44.0,73.0,-64.0,51.0,51.0,29.0,-15.0,2.0,-38.0,-19.0,-79.0,-30.0,-19.38,23.740000000000002,-39.71,34.480000000000004,17.619999999999997,37.26,1.7800000000000011,-8.87,-36.66,-13.54,-104.59,-5.350000000000001
2025-08-13T14:24:25.648001,35.0,79.0,-59.0,19.0,25.0,-13.0,-54.0,19.0,-1.0,22.0,2.0,-44.0,59.620000000000005,29.740000000000002,-34.71,2.4800000000000004,-8.380000000000003,-4.74,-37.22,8.13,0.3400000000000001,27.46,-23.59,-19.35
2025-08-13T14:24:25.656228,51.0,68.0,-84.0,70.0,50.0,54.0,-4.0,43.0,5.0,29.0,14.0,-32.0,75.62,18.740000000000002,-59.71,53.480000000000004,16.619999999999997,62.26,12.780000000000001,32.13,6.34,34.46,-11.59,-7.350000000000001
2025-08-13T14:24:25.660579,22.0,115.0,-36.0,30.0,85.0,7.0,-17.0,1.0,23.0,-66.0,4.0,-11.0,46.620000000000005,65.74000000000001,-11.71,13.48,51.62,15.26,-0.21999999999999886,-9.87,24.34,-60.54,-21.59,13.649999999999999
2025-08-13T14:24:25.668544,55.0,87.0,-22.0,-6.0,38.0,-50.0,-9.0,-1.0,-14.0,-69.0,104.0,7.0,79.62,37.74,2.289999999999999,-22.52,4.619999999999997,-41.74,7.780000000000001,-11.87,-12.66,-63.54,78.41,31.65
2025-08-13T14:24:25.672789,12.0,59.0,-54.0,-1.0,56.0,-26.0,5.0,-23.0,-54.0,-11.0,62.0,21.0,36.620000000000005,9.740000000000002,-29.71,-17.52,22.619999999999997,-17.740000000000002,21.78,-33.87,-52.66,-5.54,36.41,45.65
2025-08-13T14:24:25.680546,40.0,65.0,-121.0,30.0,12.0,-24.0,-85.0,27.0,32.0,5.0,7.0,-12.0,64.62,15.740000000000002,-96.71000000000001,13.48,-21.380000000000003,-15.74,-68.22,16.130000000000003,33.34,10.46,-18.59,12.649999999999999
2025-08-13T14:24:25.684794,-26.0,40.0,-42.0,28.0,-16.0,-48.0,3.0,-11.0,24.0,46.0,32.0,1.0,-1.379999999999999,-9.259999999999998,-17.71,11.48,-49.38,-39.74,19.78,-21.869999999999997,25.34,51.46,6.41,25.65
2025-08-13T14:24:25.693002,-45.0,66.0,-74.0,23.0,21.0,4.0,-12.0,67.0,-32.0,7.0,37.0,-36.0,-20.38,16.740000000000002,-49.71,6.48,-12.380000000000003,12.26,4.780000000000001,56.13,-30.66,12.46,11.41,-11.350000000000001
2025-08-13T14:24:25.697308,71.0,53.0,-54.0,-15.0,35.0,-39.0,41.0,59.0,-30.0,5.0,-6.0,-61.0,95.62,3.740000000000002,-29.71,-31.52,1.6199999999999974,-30.740000000000002,57.78,48.13,-28.66,10.46,-31.59,-36.35
2025-08-13T14:24:25.705488,18.0,42.0,-77.0,11.0,57.0,-76.0,23.0,15.0,9.0,-22.0,126.0,-54.0,42.620000000000005,-7.259999999999998,-52.71,-5.52,23.619999999999997,-67.74,39.78,4.130000000000001,10.34,-16.54,100.41,-29.35
2025-08-13T14:24:25.709666,-26.0,46.0,-78.0,-17.0,32.0,-12.0,-16.0,21.0,33.0,49.0,84.0,-9.0,-1.379999999999999,-3.259999999999998,-53.71,-33.519999999999996,-1.3800000000000026,-3.74,0.7800000000000011,10.13,34.34,54.46,58.41,15.649999999999999
2025-08-13T14:24:25.717538,40.0,12.0,-123.0,12.0,10.0,-41.0,-3.0,-15.0,-9.0,15.0,84.0,-62.0,64.62,-37.26,-98.71000000000001,-4.52,-23.380000000000003,-32.74,13.780000000000001,-25.869999999999997,-7.66,20.46,58.41,-37.35
2025-08-13T14:24:25.721706,29.0,114.0,21.0,-8.0,61.0,-79.0,-41.0,-9.0,-63.0,-20.0,79.0,-83.0,53.620000000000005,64.74000000000001,45.29,-24.52,27.619999999999997,-70.74,-24.22,-19.869999999999997,-61.66,-14.54,53.41,-58.35
2025-08-13T14:24:25.729881,60.0,86.0,-6.0,0.0,33.0,-54.0,-39.0,54.0,-51.0,27.0,56.0,-12.0,84.62,36.74,18.29,-16.52,-0.38000000000000256,-45.74,-22.22,43.13,-49.66,32.46,30.41,12.649999999999999
2025-08-13T14:24:25.734094,-10.0,12.0,-62.0,73.0,8.0,20.0,59.0,-66.0,-107.0,6.0,31.0,-27.0,14.620000000000001,-37.26,-37.71,56.480000000000004,-25.380000000000003,28.259999999999998,75.78,-76.87,-105.66,11.46,5.41,-2.3500000000000014
2025-08-13T14:24:25.742185,-11.0,8.0,-157.0,33.0,27.0,10.0,-55.0,-7.0,-35.0,-55.0,29.0,-89.0,13.620000000000001,-41.26,-132.71,16.48,-6.380000000000003,18.259999999999998,-38.22,-17.869999999999997,-33.66,-49.54,3.41,-64.35
2025-08-13T14:24:25.746551,22.0,67.0,-46.0,12.0,31.0,-65.0,5.0,-17.0,-40.0,16.0,-6.0,-26.0,46.620000000000005,17.740000000000002,-21.71,-4.52,-2.3800000000000026,-56.74,21.78,-27.869999999999997,-38.66,21.46,-31.59,-1.3500000000000014
2025-08-13T14:24:25.754469,-30.0,30.0,-51.0,72.0,36.0,1.0,24.0,18.0,-71.0,-31.0,-32.0,-113.0,-5.379999999999999,-19.259999999999998,-26.71,55.480000000000004,2.6199999999999974,9.26,40.78,7.130000000000001,-69.66,-25.54,-57.59,-88.35
2025-08-13T14:24:25.758779,36.0,-64.0,-10.0,54.0,26.0,-24.0,-13.0,-30.0,-29.0,-4.0,23.0,-66.0,60.620000000000005,-113.25999999999999,14.29,37.480000000000004,-7.380000000000003,-15.74,3.780000000000001,-40.87,-27.66,1.46,-2.59,-41.35
2025-08-13T14:24:25.766814,-24.0,69.0,-30.0,29.0,72.0,-10.0,-36.0,-4.0,20.0,-70.0,11.0,12.0,0.620000000000001,19.740000000000002,-5.710000000000001,12.48,38.62,-1.7400000000000002,-19.22,-14.87,21.34,-64.54,-14.59,36.65
2025-08-13T14:24:25.771371,-68.0,38.0,-39.0,-11.0,80.0,-51.0,-11.0,-50.0,-8.0,-31.0,50.0,-53.0,-43.379999999999995,-11.259999999999998,-14.71,-27.52,46.62,-42.74,5.780000000000001,-60.87,-6.66,-25.54,24.41,-28.35
2025-08-13T14:24:25.779265,-70.0,95.0,-16.0,46.0,50.0,38.0,-20.0,10.0,-72.0,-45.0,46.0,-67.0,-45.379999999999995,45.74,8.29,29.48,16.619999999999997,46.26,-3.219999999999999,-0.8699999999999992,-70.66,-39.54,20.41,-42.35
2025-08-13T14:24:25.784014,-17.0,108.0,-71.0,10.0,91.0,-45.0,15.0,21.0,-78.0,-29.0,98.0,-53.0,7.620000000000001,58.74,-46.71,-6.52,57.62,-36.74,31.78,10.13,-76.66,-23.54,72.41,-28.35
2025-08-13T14:24:25.791754,-23.0,84.0,-37.0,-10.0,-19.0,-67.0,-38.0,35.0,-29.0,13.0,29.0,-113.0,1.620000000000001,34.74,-12.71,-26.52,-52.38,-58.74,-21.22,24.130000000000003,-27.66,18.46,3.41,-88.35
2025-08-13T14:24:25.796329,56.0,45.0,-89.0,28.0,6.0,-30.0,-27.0,-11.0,0.0,64.0,-50.0,-24.0,80.62,-4.259999999999998,-64.71000000000001,11.48,-27.380000000000003,-21.740000000000002,-10.219999999999999,-21.869999999999997,1.34,69.46,-75.59,0.6499999999999986
2025-08-13T14:24:25.803669,-70.0,18.0,-53.0,-21.0,60.0,-34.0,20.0,42.0,3.0,-35.0,14.0,-43.0,-45.379999999999995,-31.259999999999998,-28.71,-37.519999999999996,26.619999999999997,-25.740000000000002,36.78,31.130000000000003,4.34,-29.54,-11.59,-18.35
2025-08-13T14:24:25.808299,18.0,21.0,-39.0,26.0,60.0,-11.0,48.0,30.0,-13.0,-38.0,6.0,-54.0,42.620000000000005,-28.259999999999998,-14.71,9.48,26.619999999999997,-2.74,64.78,19.130000000000003,-11.66,-32.54,-19.59,-29.35
2025-08-13T14:24:25.812874,-84.0,26.0,-83.0,8.0,61.0,-57.0,-10.0,48.0,-23.0,1.0,7.0,-7.0,-59.379999999999995,-23.259999999999998,-58.71,-8.52,27.619999999999997,-48.74,6.780000000000001,37.13,-21.66,6.46,-18.59,17.65
2025-08-13T14:24:25.820534,-101.0,38.0,-9.0,-20.0,84.0,-52.0,-46.0,31.0,-65.0,24.0,86.0,32.0,-76.38,-11.259999999999998,15.29,-36.519999999999996,50.62,-43.74,-29.22,20.130000000000003,-63.66,29.46,60.41,56.65
2025-08-13T14:24:25.828781,11.0,24.0,-53.0,17.0,54.0,-48.0,-63.0,57.0,-81.0,14.0,86.0,-12.0,35.620000000000005,-25.259999999999998,-28.71,0.4800000000000004,20.619999999999997,-39.74,-46.22,46.13,-79.66,19.46,60.41,12.649999999999999
2025-08-13T14:24:25.835043,-94.0,75.0,-118.0,20.0,84.0,-44.0,21.0,11.0,-23.0,2.0,30.0,-61.0,-69.38,25.740000000000002,-93.71000000000001,3.4800000000000004,50.62,-35.74,37.78,0.13000000000000078,-21.66,7.46,4.41,-36.35
2025-08-13T14:24:25.840358,-18.0,102.0,-129.0,41.0,28.0,57.0,-16.0,-14.0,-40.0,-9.0,48.0,-63.0,6.620000000000001,52.74,-104.71000000000001,24.48,-5.380000000000003,65.26,0.7800000000000011,-24.869999999999997,-38.66,-3.54,22.41,-38.35
2025-08-13T14:24:25.844629,-1.0,101.0,-67.0,2.0,-2.0,3.0,16.0,-9.0,-16.0,-66.0,11.0,-3.0,23.62,51.74,-42.71,-14.52,-35.38,11.26,32.78,-19.869999999999997,-14.66,-60.54,-14.59,21.65
2025-08-13T14:24:25.848835,32.0,146.0,-79.0,28.0,8.0,5.0,-55.0,30.0,2.0,-1.0,-34.0,-16.0,56.620000000000005,96.74000000000001,-54.71,11.48,-25.380000000000003,13.26,-38.22,19.130000000000003,3.34,4.46,-59.59,8.649999999999999
2025-08-13T14:24:25.856994,7.0,18.0,-97.0,12.0,49.0,-34.0,25.0,43.0,20.0,7.0,14.0,-85.0,31.62,-31.259999999999998,-72.71000000000001,-4.52,15.619999999999997,-25.740000000000002,41.78,32.13,21.34,12.46,-11.59,-60.35
2025-08-13T14:24:25.861124,-6.0,68.0,-134.0,18.0,-31.0,-31.0,3.0,75.0,41.0,-57.0,83.0,-34.0,18.62,18.740000000000002,-109.71000000000001,1.4800000000000004,-64.38,-22.740000000000002,19.78,64.13,42.34,-51.54,57.41,-9.350000000000001
2025-08-13T14:24:25.869079,40.0,50.0,-149.0,13.0,22.0,-23.0,3.0,34.0,-3.0,1.0,28.0,-56.0,64.62,0.740000000000002,-124.71000000000001,-3.5199999999999996,-11.380000000000003,-14.74,19.78,23.130000000000003,-1.66,6.46,2.41,-31.35
2025-08-13T14:24:25.873425,38.0,34.0,-53.0,41.0,12.0,33.0,0.0,-31.0,-54.0,-19.0,4.0,-5.0,62.620000000000005,-15.259999999999998,-28.71,24.48,-21.380000000000003,41.26,16.78,-41.87,-52.66,-13.54,-21.59,19.65
2025-08-13T14:24:25.881504,28.0,57.0,-97.0,75.0,10.0,-19.0,-11.0,-35.0,-46.0,-12.0,79.0,-57.0,52.620000000000005,7.740000000000002,-72.71000000000001,58.480000000000004,-23.380000000000003,-10.74,5.780000000000001,-45.87,-44.66,-6.54,53.41,-32.35
2025-08-13T14:24:25.885809,-70.0,-44.0,-109.0,-10.0,51.0,-40.0,-48.0,-13.0,-48.0,-50.0,72.0,24.0,-45.379999999999995,-93.25999999999999,-84.71000000000001,-26.52,17.619999999999997,-31.740000000000002,-31.22,-23.869999999999997,-46.66,-44.54,46.41,48.65
2025-08-13T14:24:25.893863,-28.0,113.0,-130.0,-26.0,82.0,-33.0,17.0,78.0,-53.0,-62.0,62.0,-83.0,-3.379999999999999,63.74,-105.71000000000001,-42.519999999999996,48.62,-24.740000000000002,33.78,67.13,-51.66,-56.54,36.41,-58.35
2025-08-13T14:24:25.897962,-7.0,29.0,25.0,12.0,54.0,6.0,-44.0,22.0,1.0,-26.0,59.0,-9.0,17.62,-20.259999999999998,49.29,-4.52,20.619999999999997,14.26,-27.22,11.13,2.34,-20.54,33.41,15.649999999999999
2025-08-13T14:24:25.905993,-7.0,73.0,-94.0,-28.0,51.0,-13.0,-18.0,63.0,-34.0,41.0,44.0,-83.0,17.62,23.740000000000002,-69.71000000000001,-44.519999999999996,17.619999999999997,-4.74,-1.2199999999999989,52.13,-32.66,46.46,18.41,-58.35
2025-08-13T14:24:25.910233,1.0,28.0,-32.0,-47.0,55.0,-43.0,-4.0,57.0,-40.0,-40.0,90.0,-108.0,25.62,-21.259999999999998,-7.710000000000001,-63.519999999999996,21.619999999999997,-34.74,12.780000000000001,46.13,-38.66,-34.54,64.41,-83.35
2025-08-13T14:24:25.918431,12.0,61.0,3.0,86.0,10.0,-40.0,-29.0,-66.0,-31.0,53.0,46.0,-122.0,36.620000000000005,11.740000000000002,27.29,69.48,-23.380000000000003,-31.740000000000002,-12.219999999999999,-76.87,-29.66,58.46,20.41,-97.35
2025-08-13T14:24:25.922711,-40.0,-22.0,-62.0,-27.0,-65.0,6.0,-2.0,11.0,34.0,62.0,-21.0,-30.0,-15.379999999999999,-71.25999999999999,-37.71,-43.519999999999996,-98.38,14.26,14.780000000000001,0.13000000000000078,35.34,67.46,-46.59,-5.350000000000001
2025-08-13T14:24:25.930744,-5.0,69.0,-40.0,57.0,29.0,-26.0,3.0,22.0,-1.0,-36.0,47.0,-16.0,19.62,19.740000000000002,-15.71,40.480000000000004,-4.380000000000003,-17.740000000000002,19.78,11.13,0.3400000000000001,-30.54,21.41,8.649999999999999
2025-08-13T14:24:25.934897,-51.0,79.0,-51.0,90.0,30.0,11.0,-2.0,-52.0,-14.0,-28.0,44.0,-26.0,-26.38,29.740000000000002,-26.71,73.48,-3.3800000000000026,19.259999999999998,14.780000000000001,-62.87,-12.66,-22.54,18.41,-1.3500000000000014
2025-08-13T14:24:25.942954,-41.0,70.0,-63.0,8.0,26.0,4.0,-115.0,-27.0,-1.0,-33.0,-11.0,43.0,-16.38,20.740000000000002,-38.71,-8.52,-7.380000000000003,12.26,-98.22,-37.87,0.3400000000000001,-27.54,-36.59,67.65
2025-08-13T14:24:25.947269,4.0,147.0,-63.0,46.0,25.0,-54.0,-26.0,-29.0,17.0,-55.0,-10.0,-28.0,28.62,97.74000000000001,-38.71,29.48,-8.380000000000003,-45.74,-9.219999999999999,-39.87,18.34,-49.54,-35.59,-3.3500000000000014
2025-08-13T14:24:25.955188,-18.0,17.0,-23.0,22.0,43.0,39.0,-37.0,-35.0,6.0,21.0,23.0,-16.0,6.620000000000001,-32.26,1.2899999999999991,5.48,9.619999999999997,47.26,-20.22,-45.87,7.34,26.46,-2.59,8.649999999999999
2025-08-13T14:24:25.959737,-65.0,74.0,-12.0,61.0,-25.0,-120.0,7.0,83.0,-41.0,-67.0,41.0,-46.0,-40.379999999999995,24.740000000000002,12.29,44.480000000000004,-58.38,-111.74,23.78,72.13,-39.66,-61.54,15.41,-21.35
2025-08-13T14:24:25.967520,24.0,66.0,-61.0,14.0,14.0,-53.0,65.0,-9.0,-98.0,-30.0,58.0,-18.0,48.620000000000005,16.740000000000002,-36.71,-2.5199999999999996,-19.380000000000003,-44.74,81.78,-19.869999999999997,-96.66,-24.54,32.41,6.649999999999999
2025-08-13T14:24:25.971823,10.0,71.0,-94.0,40.0,87.0,-9.0,-6.0,-77.0,-29.0,-17.0,38.0,-14.0,34.620000000000005,21.740000000000002,-69.71000000000001,23.48,53.62,-0.7400000000000002,10.780000000000001,-87.87,-27.66,-11.54,12.41,10.649999999999999
2025-08-13T14:24:25.979802,-12.0,28.0,-81.0,95.0,67.0,-36.0,-17.0,56.0,-72.0,-2.0,31.0,-123.0,12.620000000000001,-21.259999999999998,-56.71,78.48,33.62,-27.740000000000002,-0.21999999999999886,45.13,-70.66,3.46,5.41,-98.35
2025-08-13T14:24:25.984151,17.0,-12.0,-97.0,7.0,13.0,-28.0,7.0,-8.0,-63.0,7.0,38.0,-63.0,41.620000000000005,-61.26,-72.71000000000001,-9.52,-20.380000000000003,-19.740000000000002,23.78,-18.869999999999997,-61.66,12.46,12.41,-38.35
2025-08-13T14:24:25.992113,-34.0,65.0,-31.0,-28.0,101.0,-8.0,-20.0,-55.0,-37.0,-9.0,43.0,-58.0,-9.379999999999999,15.740000000000002,-6.710000000000001,-44.519999999999996,67.62,0.2599999999999998,-3.219999999999999,-65.87,-35.66,-3.54,17.41,-33.35
2025-08-13T14:24:25.996373,-39.0,73.0,-26.0,59.0,-28.0,-59.0,-27.0,-65.0,-24.0,-11.0,-5.0,-30.0,-14.379999999999999,23.740000000000002,-1.7100000000000009,42.480000000000004,-61.38,-50.74,-10.219999999999999,-75.87,-22.66,-5.54,-30.59,-5.350000000000001
2025-08-13T14:24:26.004326,-29.0,54.0,-87.0,4.0,-39.0,-25.0,-5.0,-37.0,-12.0,15.0,14.0,5.0,-4.379999999999999,4.740000000000002,-62.71,-12.52,-72.38,-16.740000000000002,11.780000000000001,-47.87,-10.66,20.46,-11.59,29.65
2025-08-13T14:24:26.010540,30.0,111.0,-47.0,39.0,-24.0,-62.0,-6.0,25.0,-39.0,-23.0,21.0,-108.0,54.620000000000005,61.74,-22.71,22.48,-57.38,-53.74,10.780000000000001,14.13,-37.66,-17.54,-4.59,-83.35
2025-08-13T14:24:26.016734,-53.0,60.0,-118.0,89.0,0.0,-26.0,22.0,64.0,-16.0,-30.0,-6.0,-43.0,-28.38,10.740000000000002,-93.71000000000001,72.48,-33.38,-17.740000000000002,38.78,53.13,-14.66,-24.54,-31.59,-18.35
2025-08-13T14:24:26.020970,-32.0,63.0,-136.0,5.0,49.0,-28.0,1.0,89.0,-47.0,52.0,-24.0,8.0,-7.379999999999999,13.740000000000002,-111.71000000000001,-11.52,15.619999999999997,-19.740000000000002,17.78,78.13,-45.66,57.46,-49.59,32.65
2025-08-13T14:24:26.028935,-2.0,82.0,-123.0,-21.0,8.0,-52.0,-34.0,63.0,9.0,-11.0,46.0,11.0,22.62,32.74,-98.71000000000001,-37.519999999999996,-25.380000000000003,-43.74,-17.22,52.13,10.34,-5.54,20.41,35.65
2025-08-13T14:24:26.033356,-67.0,103.0,-94.0,-43.0,53.0,-57.0,-36.0,-13.0,-55.0,-14.0,103.0,-89.0,-42.379999999999995,53.74,-69.71000000000001,-59.519999999999996,19.619999999999997,-48.74,-19.22,-23.869999999999997,-53.66,-8.54,77.41,-64.35
2025-08-13T14:24:26.041627,-12.0,87.0,-41.0,-69.0,41.0,-16.0,-42.0,-40.0,-27.0,-15.0,113.0,-58.0,12.620000000000001,37.74,-16.71,-85.52,7.619999999999997,-7.74,-25.22,-50.87,-25.66,-9.54,87.41,-33.35
2025-08-13T14:24:26.045604,28.0,77.0,-59.0,36.0,19.0,-52.0,-39.0,5.0,-90.0,3.0,62.0,-61.0,52.620000000000005,27.740000000000002,-34.71,19.48,-14.380000000000003,-43.74,-22.22,-5.869999999999999,-88.66,8.46,36.41,-36.35
2025-08-13T14:24:26.053566,-21.0,80.0,-79.0,22.0,78.0,-61.0,21.0,28.0,-65.0,-44.0,81.0,-49.0,3.620000000000001,30.740000000000002,-54.71,5.48,44.62,-52.74,37.78,17.130000000000003,-63.66,-38.54,55.41,-24.35
2025-08-13T14:24:26.057927,63.0,34.0,-46.0,10.0,40.0,-102.0,13.0,-11.0,-84.0,-55.0,110.0,-101.0,87.62,-15.259999999999998,-21.71,-6.52,6.619999999999997,-93.74,29.78,-21.869999999999997,-82.66,-49.54,84.41,-76.35
2025-08-13T14:24:26.065791,-69.0,48.0,-57.0,55.0,-2.0,1.0,-20.0,-23.0,-62.0,-63.0,5.0,-99.0,-44.379999999999995,-1.259999999999998,-32.71,38.480000000000004,-35.38,9.26,-3.219999999999999,-33.87,-60.66,-57.54,-20.59,-74.35
2025-08-13T14:24:26.070213,-46.0,60.0,-31.0,2.0,-6.0,-36.0,-32.0,35.0,-32.0,-1.0,-11.0,-61.0,-21.38,10.740000000000002,-6.710000000000001,-14.52,-39.38,-27.740000000000002,-15.219999999999999,24.130000000000003,-30.66,4.46,-36.59,-36.35
2025-08-13T14:24:26.077981,-17.0,4.0,-46.0,20.0,69.0,-25.0,-65.0,28.0,-28.0,-4.0,71.0,-86.0,7.620000000000001,-45.26,-21.71,3.4800000000000004,35.62,-16.740000000000002,-48.22,17.130000000000003,-26.66,1.46,45.41,-61.35
2025-08-13T14:24:26.082520,-2.0,88.0,-37.0,44.0,70.0,-3.0,-51.0,82.0,-52.0,-15.0,82.0,-46.0,22.62,38.74,-12.71,27.48,36.62,5.26,-34.22,71.13,-50.66,-9.54,56.41,-21.35
2025-08-13T14:24:26.090340,-5.0,53.0,-53.0,41.0,-38.0,-39.0,-46.0,22.0,-52.0,-41.0,38.0,-20.0,19.62,3.740000000000002,-28.71,24.48,-71.38,-30.740000000000002,-29.22,11.13,-50.66,-35.54,12.41,4.649999999999999
2025-08-13T14:24:26.094751,-74.0,78.0,-94.0,13.0,85.0,-111.0,-67.0,64.0,-17.0,-14.0,-49.0,-92.0,-49.379999999999995,28.740000000000002,-69.71000000000001,-3.5199999999999996,51.62,-102.74,-50.22,53.13,-15.66,-8.54,-74.59,-67.35
2025-08-13T14:24:26.102587,53.0,67.0,-96.0,-21.0,59.0,-23.0,-27.0,33.0,-45.0,-49.0,3.0,-85.0,77.62,17.740000000000002,-71.71000000000001,-37.519999999999996,25.619999999999997,-14.74,-10.219999999999999,22.130000000000003,-43.66,-43.54,-22.59,-60.35
2025-08-13T14:24:26.106987,-4.0,85.0,-106.0,52.0,34.0,-33.0,14.0,-8.0,-107.0,-49.0,89.0,-78.0,20.62,35.74,-81.71000000000001,35.480000000000004,0.6199999999999974,-24.740000000000002,30.78,-18.869999999999997,-105.66,-43.54,63.41,-53.35
2025-08-13T14:24:26.114948,-31.0,-26.0,-166.0,40.0,-21.0,-49.0,48.0,-67.0,-86.0,72.0,57.0,-42.0,-6.379999999999999,-75.25999999999999,-141.71,23.48,-54.38,-40.74,64.78,-77.87,-84.66,77.46,31.41,-17.35
2025-08-13T14:24:26.119325,29.0,38.0,-37.0,55.0,40.0,-4.0,-36.0,-8.0,-44.0,-31.0,68.0,-108.0,53.620000000000005,-11.259999999999998,-12.71,38.480000000000004,6.619999999999997,4.26,-19.22,-18.869999999999997,-42.66,-25.54,42.41,-83.35
2025-08-13T14:24:26.127268,-3.0,65.0,-47.0,-17.0,85.0,-110.0,-84.0,-2.0,-83.0,-13.0,87.0,-32.0,21.62,15.740000000000002,-22.71,-33.519999999999996,51.62,-101.74,-67.22,-12.87,-81.66,-7.54,61.41,-7.350000000000001
2025-08-13T14:24:26.131608,33.0,36.0,-36.0,-41.0,24.0,-58.0,-33.0,-26.0,-28.0,1.0,80.0,-44.0,57.620000000000005,-13.259999999999998,-11.71,-57.519999999999996,-9.380000000000003,-49.74,-16.22,-36.87,-26.66,6.46,54.41,-19.35
2025-08-13T14:24:26.139575,-75.0,149.0,-43.0,21.0,-42.0,-69.0,-30.0,7.0,-32.0,-81.0,20.0,-73.0,-50.379999999999995,99.74000000000001,-18.71,4.48,-75.38,-60.74,-13.219999999999999,-3.869999999999999,-30.66,-75.54,-5.59,-48.35
2025-08-13T14:24:26.144065,13.0,89.0,-100.0,-19.0,-19.0,-43.0,-21.0,15.0,-63.0,-21.0,72.0,-71.0,37.620000000000005,39.74,-75.71000000000001,-35.519999999999996,-52.38,-34.74,-4.219999999999999,4.130000000000001,-61.66,-15.54,46.41,-46.35
2025-08-13T14:24:26.151900,15.0,111.0,-117.0,-4.0,55.0,-63.0,-26.0,3.0,-72.0,-22.0,77.0,-91.0,39.620000000000005,61.74,-92.71000000000001,-20.52,21.619999999999997,-54.74,-9.219999999999999,-7.869999999999999,-70.66,-16.54,51.41,-66.35
2025-08-13T14:24:26.156475,13.0,102.0,-103.0,-27.0,54.0,-4.0,-32.0,-4.0,-58.0,-19.0,1.0,-42.0,37.620000000000005,52.74,-78.71000000000001,-43.519999999999996,20.619999999999997,4.26,-15.219999999999999,-14.87,-56.66,-13.54,-24.59,-17.35
2025-08-13T14:24:26.164044,23.0,7.0,-75.0,64.0,61.0,-57.0,-24.0,-36.0,-26.0,46.0,97.0,-20.0,47.620000000000005,-42.26,-50.71,47.480000000000004,27.619999999999997,-48.74,-7.219999999999999,-46.87,-24.66,51.46,71.41,4.649999999999999
2025-08-13T14:24:26.168580,3.0,66.0,-111.0,3.0,27.0,-76.0,-23.0,-35.0,-63.0,11.0,57.0,-68.0,27.62,16.740000000000002,-86.71000000000001,-13.52,-6.380000000000003,-67.74,-6.219999999999999,-45.87,-61.66,16.46,31.41,-43.35
2025-08-13T14:24:26.176503,-43.0,5.0,-124.0,38.0,31.0,-40.0,-82.0,-48.0,-50.0,57.0,85.0,-75.0,-18.38,-44.26,-99.71000000000001,21.48,-2.3800000000000026,-31.740000000000002,-65.22,-58.87,-48.66,62.46,59.41,-50.35
2025-08-13T14:24:26.182314,23.0,21.0,-99.0,42.0,11.0,-116.0,-116.0,94.0,-36.0,-37.0,-3.0,-88.0,47.620000000000005,-28.259999999999998,-74.71000000000001,25.48,-22.380000000000003,-107.74,-99.22,83.13,-34.66,-31.54,-28.59,-63.35
2025-08-13T14:24:26.188651,23.0,138.0,-79.0,-48.0,52.0,-115.0,-11.0,9.0,-103.0,-57.0,32.0,-1.0,47.620000000000005,88.74000000000001,-54.71,-64.52,18.619999999999997,-106.74,5.780000000000001,-1.8699999999999992,-101.66,-51.54,6.41,23.65
2025-08-13T14:24:26.193968,-52.0,36.0,-50.0,37.0,28.0,-44.0,17.0,33.0,-102.0,-46.0,19.0,-87.0,-27.38,-13.259999999999998,-25.71,20.48,-5.380000000000003,-35.74,33.78,22.130000000000003,-100.66,-40.54,-6.59,-62.35
2025-08-13T14:24:26.200938,9.0,120.0,-90.0,43.0,16.0,-53.0,-3.0,-58.0,-67.0,-50.0,36.0,-1.0,33.620000000000005,70.74000000000001,-65.71000000000001,26.48,-17.380000000000003,-44.74,13.780000000000001,-68.87,-65.66,-44.54,10.41,23.65
2025-08-13T14:24:26.206301,33.0,73.0,-107.0,60.0,56.0,-70.0,-28.0,0.0,-77.0,-90.0,84.0,-83.0,57.620000000000005,23.740000000000002,-82.71000000000001,43.480000000000004,22.619999999999997,-61.74,-11.219999999999999,-10.87,-75.66,-84.54,58.41,-58.35
2025-08-13T14:24:26.209683,8.0,54.0,-136.0,6.0,50.0,-72.0,6.0,35.0,-54.0,-51.0,45.0,-112.0,32.620000000000005,4.740000000000002,-111.71000000000001,-10.52,16.619999999999997,-63.74,22.78,24.130000000000003,-52.66,-45.54,19.41,-87.35
2025-08-13T14:24:26.217732,-1.0,40.0,-146.0,39.0,13.0,-94.0,-21.0,36.0,-2.0,-47.0,17.0,-133.0,23.62,-9.259999999999998,-121.71000000000001,22.48,-20.380000000000003,-85.74,-4.219999999999999,25.130000000000003,-0.6599999999999999,-41.54,-8.59,-108.35
2025-08-13T14:24:26.225315,8.0,42.0,-93.0,8.0,28.0,-51.0,-31.0,-14.0,-16.0,-13.0,53.0,-125.0,32.620000000000005,-7.259999999999998,-68.71000000000001,-8.52,-5.380000000000003,-42.74,-14.219999999999999,-24.869999999999997,-14.66,-7.54,27.41,-100.35
2025-08-13T14:24:26.229995,-4.0,17.0,-74.0,-19.0,34.0,-41.0,-52.0,63.0,-54.0,-18.0,73.0,-44.0,20.62,-32.26,-49.71,-35.519999999999996,0.6199999999999974,-32.74,-35.22,52.13,-52.66,-12.54,47.41,-19.35
2025-08-13T14:24:26.234642,4.0,64.0,-98.0,-6.0,16.0,-69.0,-21.0,3.0,-47.0,9.0,80.0,-97.0,28.62,14.740000000000002,-73.71000000000001,-22.52,-17.380000000000003,-60.74,-4.219999999999999,-7.869999999999999,-45.66,14.46,54.41,-72.35
2025-08-13T14:24:26.242248,-14.0,105.0,-76.0,4.0,56.0,-83.0,-14.0,-48.0,-49.0,-51.0,-1.0,-129.0,10.620000000000001,55.74,-51.71,-12.52,22.619999999999997,-74.74,2.780000000000001,-58.87,-47.66,-45.54,-26.59,-104.35
2025-08-13T14:24:26.247037,24.0,32.0,-178.0,97.0,25.0,-91.0,-54.0,63.0,-112.0,-20.0,33.0,-32.0,48.620000000000005,-17.259999999999998,-153.71,80.48,-8.380000000000003,-82.74,-37.22,52.13,-110.66,-14.54,7.41,-7.350000000000001
2025-08-13T14:24:26.254435,-9.0,92.0,-92.0,22.0,28.0,-112.0,-69.0,-44.0,-114.0,-45.0,26.0,-19.0,15.620000000000001,42.74,-67.71000000000001,5.48,-5.380000000000003,-103.74,-52.22,-54.87,-112.66,-39.54,0.41000000000000014,5.649999999999999
2025-08-13T14:24:26.259180,-31.0,108.0,-56.0,38.0,44.0,-75.0,-30.0,0.0,-117.0,-58.0,63.0,-94.0,-6.379999999999999,58.74,-31.71,21.48,10.619999999999997,-66.74,-13.219999999999999,-10.87,-115.66,-52.54,37.41,-69.35
2025-08-13T14:24:26.266788,-19.0,70.0,-103.0,40.0,-9.0,-86.0,-50.0,-39.0,-39.0,-86.0,8.0,-180.0,5.620000000000001,20.740000000000002,-78.71000000000001,23.48,-42.38,-77.74,-33.22,-49.87,-37.66,-80.54,-17.59,-155.35
2025-08-13T14:24:26.274869,26.0,102.0,-87.0,62.0,-34.0,-106.0,-80.0,-3.0,-78.0,-37.0,72.0,-60.0,50.620000000000005,52.74,-62.71,45.480000000000004,-67.38,-97.74,-63.22,-13.87,-76.66,-31.54,46.41,-35.35
2025-08-13T14:24:26.279362,50.0,128.0,-120.0,19.0,16.0,-76.0,-65.0,-6.0,-36.0,36.0,-19.0,-140.0,74.62,78.74000000000001,-95.71000000000001,2.4800000000000004,-17.380000000000003,-67.74,-48.22,-16.869999999999997,-34.66,41.46,-44.59,-115.35
2025-08-13T14:24:26.287144,79.0,29.0,-128.0,46.0,14.0,-101.0,-43.0,76.0,-124.0,-14.0,67.0,-83.0,103.62,-20.259999999999998,-103.71000000000001,29.48,-19.380000000000003,-92.74,-26.22,65.13,-122.66,-8.54,41.41,-58.35
2025-08-13T14:24:26.291791,-31.0,96.0,-43.0,3.0,16.0,-44.0,-75.0,-43.0,-127.0,-87.0,26.0,-69.0,-6.379999999999999,46.74,-18.71,-13.52,-17.380000000000003,-35.74,-58.22,-53.87,-125.66,-81.54,0.41000000000000014,-44.35
2025-08-13T14:24:26.299212,59.0,80.0,-127.0,62.0,13.0,-81.0,-56.0,23.0,-147.0,-30.0,51.0,-103.0,83.62,30.740000000000002,-102.71000000000001,45.480000000000004,-20.380000000000003,-72.74,-39.22,12.13,-145.66,-24.54,25.41,-78.35
2025-08-13T14:24:26.303925,75.0,92.0,-61.0,-40.0,21.0,-49.0,-41.0,3.0,-57.0,-65.0,33.0,-127.0,99.62,42.74,-36.71,-56.519999999999996,-12.380000000000003,-40.74,-24.22,-7.869999999999999,-55.66,-59.54,7.41,-102.35
2025-08-13T14:24:26.311760,43.0,99.0,-109.0,20.0,-18.0,-99.0,-74.0,-43.0,-67.0,-59.0,55.0,-139.0,67.62,49.74,-84.71000000000001,3.4800000000000004,-51.38,-90.74,-57.22,-53.87,-65.66,-53.54,29.41,-114.35
2025-08-13T14:24:26.316229,74.0,118.0,-139.0,62.0,9.0,-95.0,-87.0,5.0,-34.0,-12.0,27.0,-72.0,98.62,68.74000000000001,-114.71000000000001,45.480000000000004,-24.380000000000003,-86.74,-70.22,-5.869999999999999,-32.66,-6.54,1.4100000000000001,-47.35
2025-08-13T14:24:26.325062,64.0,108.0,-151.0,111.0,55.0,-93.0,-128.0,-9.0,-108.0,15.0,77.0,-60.0,88.62,58.74,-126.71000000000001,94.48,21.619999999999997,-84.74,-111.22,-19.869999999999997,-106.66,20.46,51.41,-35.35
2025-08-13T14:24:26.328333,23.0,56.0,-53.0,27.0,42.0,-134.0,-17.0,-23.0,-190.0,7.0,62.0,-148.0,47.620000000000005,6.740000000000002,-28.71,10.48,8.619999999999997,-125.74,-0.21999999999999886,-33.87,-188.66,12.46,36.41,-123.35
2025-08-13T14:24:26.336374,16.0,72.0,-55.0,81.0,15.0,-98.0,-20.0,7.0,-177.0,-82.0,-6.0,-118.0,40.620000000000005,22.740000000000002,-30.71,64.48,-18.380000000000003,-89.74,-3.219999999999999,-3.869999999999999,-175.66,-76.54,-31.59,-93.35
2025-08-13T14:24:26.340922,53.0,32.0,-114.0,79.0,70.0,-144.0,27.0,-5.0,-95.0,9.0,13.0,-102.0,77.62,-17.259999999999998,-89.71000000000001,62.480000000000004,36.62,-135.74,43.78,-15.87,-93.66,14.46,-12.59,-77.35
2025-08-13T14:24:26.348476,17.0,22.0,-186.0,39.0,7.0,-53.0,-45.0,6.0,-136.0,-51.0,70.0,-152.0,41.620000000000005,-27.259999999999998,-161.71,22.48,-26.380000000000003,-44.74,-28.22,-4.869999999999999,-134.66,-45.54,44.41,-127.35
2025-08-13T14:24:26.353121,-36.0,65.0,-123.0,12.0,44.0,11.0,-66.0,24.0,-82.0,23.0,43.0,-137.0,-11.379999999999999,15.740000000000002,-98.71000000000001,-4.52,10.619999999999997,19.259999999999998,-49.22,13.13,-80.66,28.46,17.41,-112.35
2025-08-13T14:24:26.360876,47.0,111.0,-199.0,53.0,13.0,-101.0,-61.0,21.0,-92.0,-46.0,31.0,-106.0,71.62,61.74,-174.71,36.480000000000004,-20.380000000000003,-92.74,-44.22,10.13,-90.66,-40.54,5.41,-81.35
2025-08-13T14:24:26.365314,3.0,106.0,-119.0,44.0,18.0,-113.0,-49.0,31.0,-96.0,5.0,32.0,-135.0,27.62,56.74,-94.71000000000001,27.48,-15.380000000000003,-104.74,-32.22,20.130000000000003,-94.66,10.46,6.41,-110.35
2025-08-13T14:24:26.373244,-6.0,103.0,-94.0,34.0,49.0,-85.0,38.0,-37.0,-125.0,-60.0,32.0,-123.0,18.62,53.74,-69.71000000000001,17.48,15.619999999999997,-76.74,54.78,-47.87,-123.66,-54.54,6.41,-98.35
2025-08-13T14:24:26.377942,3.0,60.0,-126.0,45.0,74.0,-133.0,8.0,-17.0,-73.0,-21.0,15.0,-191.0,27.62,10.740000000000002,-101.71000000000001,28.48,40.62,-124.74,24.78,-27.869999999999997,-71.66,-15.54,-10.59,-166.35
2025-08-13T14:24:26.385653,24.0,68.0,-113.0,38.0,13.0,-98.0,-94.0,-81.0,-33.0,13.0,56.0,-82.0,48.620000000000005,18.740000000000002,-88.71000000000001,21.48,-20.380000000000003,-89.74,-77.22,-91.87,-31.66,18.46,30.41,-57.35
2025-08-13T14:24:26.390125,88.0,130.0,-109.0,81.0,7.0,-110.0,-71.0,-21.0,-109.0,-82.0,47.0,-162.0,112.62,80.74000000000001,-84.71000000000001,64.48,-26.380000000000003,-101.74,-54.22,-31.869999999999997,-107.66,-76.54,21.41,-137.35
2025-08-13T14:24:26.397828,42.0,59.0,-121.0,82.0,6.0,-97.0,-61.0,44.0,-81.0,-13.0,-14.0,-73.0,66.62,9.740000000000002,-96.71000000000001,65.48,-27.380000000000003,-88.74,-44.22,33.13,-79.66,-7.54,-39.59,-48.35
2025-08-13T14:24:26.402542,65.0,63.0,-137.0,28.0,11.0,-87.0,-80.0,-56.0,-82.0,-110.0,34.0,-54.0,89.62,13.740000000000002,-112.71000000000001,11.48,-22.380000000000003,-78.74,-63.22,-66.87,-80.66,-104.54,8.41,-29.35
2025-08-13T14:24:26.409939,-71.0,54.0,-139.0,17.0,-21.0,-79.0,-7.0,7.0,-124.0,-60.0,24.0,-146.0,-46.379999999999995,4.740000000000002,-114.71000000000001,0.4800000000000004,-54.38,-70.74,9.780000000000001,-3.869999999999999,-122.66,-54.54,-1.5899999999999999,-121.35
2025-08-13T14:24:26.414957,-9.0,47.0,-55.0,88.0,29.0,-119.0,-38.0,-36.0,-113.0,-39.0,25.0,-122.0,15.620000000000001,-2.259999999999998,-30.71,71.48,-4.380000000000003,-110.74,-21.22,-46.87,-111.66,-33.54,-0.5899999999999999,-97.35
2025-08-13T14:24:26.422313,-61.0,73.0,-177.0,40.0,33.0,-79.0,-84.0,-65.0,-50.0,-79.0,99.0,-159.0,-36.379999999999995,23.740000000000002,-152.71,23.48,-0.38000000000000256,-70.74,-67.22,-75.87,-48.66,-73.54,73.41,-134.35
2025-08-13T14:24:26.428293,-2.0,87.0,-218.0,51.0,62.0,-79.0,-8.0,-3.0,-74.0,6.0,66.0,-150.0,22.62,37.74,-193.71,34.480000000000004,28.619999999999997,-70.74,8.780000000000001,-13.87,-72.66,11.46,40.41,-125.35
2025-08-13T14:24:26.434522,-5.0,88.0,-199.0,-2.0,-41.0,-138.0,-20.0,-3.0,-74.0,2.0,49.0,-121.0,19.62,38.74,-174.71,-18.52,-74.38,-129.74,-3.219999999999999,-13.87,-72.66,7.46,23.41,-96.35
2025-08-13T14:24:26.442429,44.0,51.0,-199.0,76.0,-44.0,-104.0,-84.0,-40.0,-70.0,-40.0,25.0,-141.0,68.62,1.740000000000002,-174.71,59.480000000000004,-77.38,-95.74,-67.22,-50.87,-68.66,-34.54,-0.5899999999999999,-116.35
2025-08-13T14:24:26.446956,48.0,25.0,-181.0,30.0,-2.0,-104.0,-31.0,56.0,-147.0,-104.0,-19.0,-172.0,72.62,-24.259999999999998,-156.71,13.48,-35.38,-95.74,-14.219999999999999,45.13,-145.66,-98.54,-44.59,-147.35
2025-08-13T14:24:26.454827,73.0,14.0,-87.0,7.0,-15.0,-120.0,-16.0,-56.0,-166.0,-59.0,74.0,-152.0,97.62,-35.26,-62.71,-9.52,-48.38,-111.74,0.7800000000000011,-66.87,-164.66,-53.54,48.41,-127.35
2025-08-13T14:24:26.459260,42.0,6.0,-133.0,67.0,45.0,-112.0,22.0,-22.0,-103.0,-57.0,89.0,-158.0,66.62,-43.26,-108.71000000000001,50.480000000000004,11.619999999999997,-103.74,38.78,-32.87,-101.66,-51.54,63.41,-133.35
2025-08-13T14:24:26.467212,18.0,70.0,-160.0,107.0,15.0,-105.0,-78.0,-7.0,-91.0,-50.0,93.0,-131.0,42.620000000000005,20.740000000000002,-135.71,90.48,-18.380000000000003,-96.74,-61.22,-17.869999999999997,-89.66,-44.54,67.41,-106.35
2025-08-13T14:24:26.471966,39.0,77.0,-157.0,39.0,-10.0,-198.0,-88.0,-29.0,-116.0,-18.0,78.0,-148.0,63.620000000000005,27.740000000000002,-132.71,22.48,-43.38,-189.74,-71.22,-39.87,-114.66,-12.54,52.41,-123.35
2025-08-13T14:24:26.479719,74.0,96.0,-131.0,61.0,29.0,-193.0,-7.0,-4.0,-170.0,-11.0,10.0,-119.0,98.62,46.74,-106.71000000000001,44.480000000000004,-4.380000000000003,-184.74,9.780000000000001,-14.87,-168.66,-5.54,-15.59,-94.35
2025-08-13T14:24:26.484228,3.0,-9.0,-178.0,51.0,-39.0,-136.0,-126.0,-17.0,-138.0,-68.0,9.0,-129.0,27.62,-58.26,-153.71,34.480000000000004,-72.38,-127.74,-109.22,-27.869999999999997,-136.66,-62.54,-16.59,-104.35
2025-08-13T14:24:26.492094,35.0,72.0,-91.0,6.0,-46.0,-141.0,-30.0,-28.0,-82.0,-61.0,53.0,-136.0,59.620000000000005,22.740000000000002,-66.71000000000001,-10.52,-79.38,-132.74,-13.219999999999999,-38.87,-80.66,-55.54,27.41,-111.35
2025-08-13T14:24:26.496513,44.0,99.0,-63.0,63.0,-4.0,-87.0,16.0,-29.0,-111.0,-42.0,21.0,-163.0,68.62,49.74,-38.71,46.480000000000004,-37.38,-78.74,32.78,-39.87,-109.66,-36.54,-4.59,-138.35
2025-08-13T14:24:26.504351,-11.0,89.0,-175.0,17.0,16.0,-143.0,-45.0,-2.0,-131.0,-121.0,82.0,-158.0,13.620000000000001,39.74,-150.71,0.4800000000000004,-17.380000000000003,-134.74,-28.22,-12.87,-129.66,-115.54,56.41,-133.35
2025-08-13T14:24:26.508810,-17.0,100.0,-175.0,39.0,7.0,-129.0,-24.0,-2.0,-57.0,-14.0,3.0,-135.0,7.620000000000001,50.74,-150.71,22.48,-26.380000000000003,-120.74,-7.219999999999999,-12.87,-55.66,-8.54,-22.59,-110.35
2025-08-13T14:24:26.516604,64.0,80.0,-145.0,43.0,28.0,-179.0,-84.0,-34.0,-158.0,-119.0,2.0,-170.0,88.62,30.740000000000002,-120.71000000000001,26.48,-5.380000000000003,-170.74,-67.22,-44.87,-156.66,-113.54,-23.59,-145.35
2025-08-13T14:24:26.521349,53.0,-23.0,-128.0,40.0,6.0,-157.0,-22.0,30.0,-105.0,-20.0,9.0,-91.0,77.62,-72.25999999999999,-103.71000000000001,23.48,-27.380000000000003,-148.74,-5.219999999999999,19.130000000000003,-103.66,-14.54,-16.59,-66.35
2025-08-13T14:24:26.529037,44.0,75.0,-125.0,73.0,83.0,-90.0,-43.0,-34.0,-148.0,-120.0,95.0,-65.0,68.62,25.740000000000002,-100.71000000000001,56.480000000000004,49.62,-81.74,-26.22,-44.87,-146.66,-114.54,69.41,-40.35
2025-08-13T14:24:26.533605,3.0,27.0,-98.0,61.0,-45.0,-110.0,34.0,-33.0,-111.0,-48.0,80.0,-178.0,27.62,-22.259999999999998,-73.71000000000001,44.480000000000004,-78.38,-101.74,50.78,-43.87,-109.66,-42.54,54.41,-153.35
2025-08-13T14:24:26.541168,-57.0,125.0,-144.0,39.0,4.0,-112.0,4.0,-74.0,-114.0,-71.0,119.0,-115.0,-32.379999999999995,75.74000000000001,-119.71000000000001,22.48,-29.380000000000003,-103.74,20.78,-84.87,-112.66,-65.54,93.41,-90.35
2025-08-13T14:24:26.548997,47.0,35.0,-189.0,77.0,-18.0,-133.0,-56.0,-33.0,-103.0,-49.0,32.0,-126.0,71.62,-14.259999999999998,-164.71,60.480000000000004,-51.38,-124.74,-39.22,-43.87,-101.66,-43.54,6.41,-101.35
2025-08-13T14:24:26.553809,-13.0,91.0,-172.0,-19.0,-9.0,-89.0,-25.0,23.0,-126.0,26.0,56.0,-116.0,11.620000000000001,41.74,-147.71,-35.519999999999996,-42.38,-80.74,-8.219999999999999,12.13,-124.66,31.46,30.41,-91.35
2025-08-13T14:24:26.561538,62.0,118.0,-206.0,38.0,12.0,-147.0,13.0,-6.0,-175.0,-127.0,94.0,-138.0,86.62,68.74000000000001,-181.71,21.48,-21.380000000000003,-138.74,29.78,-16.869999999999997,-173.66,-121.54,68.41,-113.35
2025-08-13T14:24:26.565978,95.0,96.0,-125.0,110.0,3.0,-98.0,-71.0,43.0,-107.0,-76.0,73.0,-126.0,119.62,46.74,-100.71000000000001,93.48,-30.380000000000003,-89.74,-54.22,32.13,-105.66,-70.54,47.41,-101.35
2025-08-13T14:24:26.573609,-4.0,89.0,-84.0,-11.0,-21.0,-150.0,-75.0,69.0,-102.0,28.0,53.0,-217.0,20.62,39.74,-59.71,-27.52,-54.38,-141.74,-58.22,58.13,-100.66,33.46,27.41,-192.35
2025-08-13T14:24:26.578369,-10.0,121.0,-106.0,36.0,-41.0,-50.0,-48.0,-84.0,-112.0,-6.0,54.0,-192.0,14.620000000000001,71.74000000000001,-81.71000000000001,19.48,-74.38,-41.74,-31.22,-94.87,-110.66,-0.54,28.41,-167.35
2025-08-13T14:24:26.588485,-19.0,71.0,-179.0,22.0,28.0,-136.0,3.0,22.0,-151.0,21.0,17.0,-174.0,5.620000000000001,21.740000000000002,-154.71,5.48,-5.380000000000003,-127.74,19.78,11.13,-149.66,26.46,-8.59,-149.35
2025-08-13T14:24:26.595291,43.0,129.0,-186.0,87.0,33.0,-146.0,-54.0,24.0,-155.0,-37.0,16.0,-132.0,67.62,79.74000000000001,-161.71,70.48,-0.38000000000000256,-137.74,-37.22,13.13,-153.66,-31.54,-9.59,-107.35
2025-08-13T14:24:26.598477,-16.0,34.0,-206.0,16.0,33.0,-129.0,-25.0,7.0,-154.0,-70.0,79.0,-119.0,8.620000000000001,-15.259999999999998,-181.71,-0.5199999999999996,-0.38000000000000256,-120.74,-8.219999999999999,-3.869999999999999,-152.66,-64.54,53.41,-94.35
2025-08-13T14:24:26.602728,28.0,85.0,-197.0,21.0,4.0,-113.0,-59.0,-25.0,-83.0,-59.0,39.0,-57.0,52.620000000000005,35.74,-172.71,4.48,-29.380000000000003,-104.74,-42.22,-35.87,-81.66,-53.54,13.41,-32.35
2025-08-13T14:24:26.610731,-51.0,50.0,-156.0,18.0,70.0,-140.0,-102.0,-29.0,-118.0,-101.0,93.0,-161.0,-26.38,0.740000000000002,-131.71,1.4800000000000004,36.62,-131.74,-85.22,-39.87,-116.66,-95.54,67.41,-136.35
2025-08-13T14:24:26.614901,-15.0,81.0,-122.0,63.0,31.0,-123.0,-79.0,39.0,-69.0,-7.0,16.0,-140.0,9.620000000000001,31.740000000000002,-97.71000000000001,46.480000000000004,-2.3800000000000026,-114.74,-62.22,28.130000000000003,-67.66,-1.54,-9.59,-115.35
2025-08-13T14:24:26.622758,46.0,100.0,-174.0,51.0,24.0,-161.0,10.0,10.0,-158.0,-54.0,14.0,-137.0,70.62,50.74,-149.71,34.480000000000004,-9.380000000000003,-152.74,26.78,-0.8699999999999992,-156.66,-48.54,-11.59,-112.35
2025-08-13T14:24:26.630765,39.0,11.0,-201.0,79.0,67.0,-122.0,17.0,-41.0,-174.0,-75.0,32.0,-212.0,63.620000000000005,-38.26,-176.71,62.480000000000004,33.62,-113.74,33.78,-51.87,-172.66,-69.54,6.41,-187.35
2025-08-13T14:24:26.635373,52.0,77.0,-89.0,23.0,61.0,-92.0,-63.0,-20.0,-93.0,-57.0,-6.0,-172.0,76.62,27.740000000000002,-64.71000000000001,6.48,27.619999999999997,-83.74,-46.22,-30.869999999999997,-91.66,-51.54,-31.59,-147.35
2025-08-13T14:24:26.643283,-67.0,31.0,-162.0,-28.0,68.0,-147.0,-53.0,0.0,-175.0,-78.0,41.0,-126.0,-42.379999999999995,-18.259999999999998,-137.71,-44.519999999999996,34.62,-138.74,-36.22,-10.87,-173.66,-72.54,15.41,-101.35
2025-08-13T14:24:26.647650,34.0,74.0,-112.0,73.0,31.0,-118.0,-70.0,-6.0,-133.0,-75.0,26.0,-141.0,58.620000000000005,24.740000000000002,-87.71000000000001,56.480000000000004,-2.3800000000000026,-109.74,-53.22,-16.869999999999997,-131.66,-69.54,0.41000000000000014,-116.35
2025-08-13T14:24:26.655690,-22.0,137.0,-170.0,19.0,25.0,-68.0,-57.0,20.0,-131.0,-14.0,-11.0,-91.0,2.620000000000001,87.74000000000001,-145.71,2.4800000000000004,-8.380000000000003,-59.74,-40.22,9.13,-129.66,-8.54,-36.59,-66.35
2025-08-13T14:24:26.659948,55.0,98.0,-206.0,81.0,32.0,-107.0,-8.0,-61.0,-109.0,-48.0,63.0,-110.0,79.62,48.74,-181.71,64.48,-1.3800000000000026,-98.74,8.780000000000001,-71.87,-107.66,-42.54,37.41,-85.35
2025-08-13T14:24:26.667893,21.0,81.0,-241.0,35.0,9.0,-121.0,-38.0,-8.0,-73.0,-101.0,46.0,-109.0,45.620000000000005,31.740000000000002,-216.71,18.48,-24.380000000000003,-112.74,-21.22,-18.869999999999997,-71.66,-95.54,20.41,-84.35
2025-08-13T14:24:26.672368,35.0,91.0,-129.0,-3.0,71.0,-89.0,-63.0,-36.0,-127.0,-47.0,101.0,-131.0,59.620000000000005,41.74,-104.71000000000001,-19.52,37.62,-80.74,-46.22,-46.87,-125.66,-41.54,75.41,-106.35
2025-08-13T14:24:26.680374,-88.0,2.0,-107.0,33.0,38.0,-152.0,-90.0,-11.0,-103.0,-24.0,64.0,-142.0,-63.379999999999995,-47.26,-82.71000000000001,16.48,4.619999999999997,-143.74,-73.22,-21.869999999999997,-101.66,-18.54,38.41,-117.35
2025-08-13T14:24:26.684738,38.0,144.0,-151.0,33.0,-18.0,-115.0,-51.0,16.0,-93.0,5.0,37.0,-159.0,62.620000000000005,94.74000000000001,-126.71000000000001,16.48,-51.38,-106.74,-34.22,5.130000000000001,-91.66,10.46,11.41,-134.35
2025-08-13T14:24:26.692645,65.0,117.0,-168.0,52.0,78.0,-145.0,-83.0,-34.0,-166.0,-63.0,45.0,-150.0,89.62,67.74000000000001,-143.71,35.480000000000004,44.62,-136.74,-66.22,-44.87,-164.66,-57.54,19.41,-125.35
2025-08-13T14:24:26.697057,-3.0,12.0,-151.0,58.0,115.0,-146.0,-54.0,-20.0,-72.0,-28.0,121.0,-163.0,21.62,-37.26,-126.71000000000001,41.480000000000004,81.62,-137.74,-37.22,-30.869999999999997,-70.66,-22.54,95.41,-138.35
2025-08-13T14:24:26.704995,-16.0,112.0,-109.0,52.0,-8.0,-75.0,-67.0,-28.0,-132.0,22.0,62.0,-143.0,8.620000000000001,62.74,-84.71000000000001,35.480000000000004,-41.38,-66.74,-50.22,-38.87,-130.66,27.46,36.41,-118.35
2025-08-13T14:24:26.709320,-25.0,42.0,-168.0,68.0,56.0,-138.0,-11.0,9.0,-85.0,-86.0,58.0,-179.0,-0.379999999999999,-7.259999999999998,-143.71,51.480000000000004,22.619999999999997,-129.74,5.780000000000001,-1.8699999999999992,-83.66,-80.54,32.41,-154.35
2025-08-13T14:24:26.717135,32.0,80.0,-159.0,22.0,1.0,-132.0,-79.0,10.0,-121.0,-23.0,18.0,-121.0,56.620000000000005,30.740000000000002,-134.71,5.48,-32.38,-123.74,-62.22,-0.8699999999999992,-119.66,-17.54,-7.59,-96.35
2025-08-13T14:24:26.721411,36.0,108.0,-134.0,75.0,1.0,-87.0,-9.0,-15.0,-85.0,-37.0,75.0,-169.0,60.620000000000005,58.74,-109.71000000000001,58.480000000000004,-32.38,-78.74,7.780000000000001,-25.869999999999997,-83.66,-31.54,49.41,-144.35
2025-08-13T14:24:26.729383,64.0,66.0,-223.0,116.0,25.0,-113.0,-5.0,-41.0,-123.0,-62.0,38.0,-143.0,88.62,16.740000000000002,-198.71,99.48,-8.380000000000003,-104.74,11.780000000000001,-51.87,-121.66,-56.54,12.41,-118.35
2025-08-13T14:24:26.737556,39.0,62.0,-222.0,39.0,-13.0,-112.0,-83.0,0.0,-114.0,-52.0,69.0,-205.0,63.620000000000005,12.740000000000002,-197.71,22.48,-46.38,-103.74,-66.22,-10.87,-112.66,-46.54,43.41,-180.35
2025-08-13T14:24:26.741924,19.0,105.0,-96.0,21.0,23.0,-186.0,-165.0,5.0,-119.0,-33.0,110.0,-178.0,43.620000000000005,55.74,-71.71000000000001,4.48,-10.380000000000003,-177.74,-148.22,-5.869999999999999,-117.66,-27.54,84.41,-153.35
2025-08-13T14:24:26.749712,8.0,99.0,-96.0,112.0,1.0,-146.0,-34.0,81.0,-98.0,-69.0,61.0,-164.0,32.620000000000005,49.74,-71.71000000000001,95.48,-32.38,-137.74,-17.22,70.13,-96.66,-63.54,35.41,-139.35
2025-08-13T14:24:26.754219,45.0,120.0,-135.0,37.0,-14.0,-88.0,23.0,1.0,-50.0,-49.0,-27.0,-67.0,69.62,70.74000000000001,-110.71000000000001,20.48,-47.38,-79.74,39.78,-9.87,-48.66,-43.54,-52.59,-42.35
2025-08-13T14:24:26.762486,54.0,90.0,-126.0,32.0,76.0,-71.0,-57.0,-62.0,-137.0,-84.0,69.0,-143.0,78.62,40.74,-101.71000000000001,15.48,42.62,-62.74,-40.22,-72.87,-135.66,-78.54,43.41,-118.35
2025-08-13T14:24:26.766889,22.0,92.0,-146.0,-23.0,-25.0,-87.0,-60.0,-39.0,-76.0,-96.0,31.0,-161.0,46.620000000000005,42.74,-121.71000000000001,-39.519999999999996,-58.38,-78.74,-43.22,-49.87,-74.66,-90.54,5.41,-136.35
2025-08-13T14:24:26.774771,22.0,57.0,-157.0,63.0,-11.0,-140.0,-89.0,-24.0,-146.0,-37.0,38.0,-151.0,46.620000000000005,7.740000000000002,-132.71,46.480000000000004,-44.38,-131.74,-72.22,-34.87,-144.66,-31.54,12.41,-126.35
2025-08-13T14:24:26.779247,46.0,92.0,-162.0,73.0,25.0,-165.0,-9.0,17.0,-102.0,-19.0,95.0,-171.0,70.62,42.74,-137.71,56.480000000000004,-8.380000000000003,-156.74,7.780000000000001,6.130000000000001,-100.66,-13.54,69.41,-146.35
2025-08-13T14:24:26.786813,22.0,81.0,-120.0,60.0,-2.0,-116.0,-64.0,36.0,-181.0,-59.0,11.0,-122.0,46.620000000000005,31.740000000000002,-95.71000000000001,43.480000000000004,-35.38,-107.74,-47.22,25.130000000000003,-179.66,-53.54,-14.59,-97.35
2025-08-13T14:24:26.791711,39.0,114.0,-121.0,-1.0,60.0,-127.0,-16.0,20.0,-140.0,-53.0,6.0,-101.0,63.620000000000005,64.74000000000001,-96.71000000000001,-17.52,26.619999999999997,-118.74,0.7800000000000011,9.13,-138.66,-47.54,-19.59,-76.35
2025-08-13T14:24:26.799295,23.0,-16.0,-169.0,56.0,-7.0,-80.0,-24.0,-16.0,-89.0,28.0,50.0,-154.0,47.620000000000005,-65.25999999999999,-144.71,39.480000000000004,-40.38,-71.74,-7.219999999999999,-26.869999999999997,-87.66,33.46,24.41,-129.35
2025-08-13T14:24:26.804269,47.0,22.0,-202.0,-42.0,-27.0,-157.0,-38.0,-55.0,-78.0,-47.0,133.0,-119.0,71.62,-27.259999999999998,-177.71,-58.519999999999996,-60.38,-148.74,-21.22,-65.87,-76.66,-41.54,107.41,-94.35
2025-08-13T14:24:26.813032,29.0,78.0,-190.0,68.0,61.0,-146.0,-85.0,38.0,-76.0,-3.0,68.0,-144.0,53.620000000000005,28.740000000000002,-165.71,51.480000000000004,27.619999999999997,-137.74,-68.22,27.130000000000003,-74.66,2.46,42.41,-119.35
2025-08-13T14:24:26.819754,-7.0,51.0,-112.0,82.0,46.0,-155.0,-78.0,36.0,-158.0,-67.0,59.0,-115.0,17.62,1.740000000000002,-87.71000000000001,65.48,12.619999999999997,-146.74,-61.22,25.130000000000003,-156.66,-61.54,33.41,-90.35
2025-08-13T14:24:26.825213,-60.0,95.0,-103.0,88.0,-14.0,-162.0,-9.0,-22.0,-92.0,-14.0,37.0,-152.0,-35.379999999999995,45.74,-78.71000000000001,71.48,-47.38,-153.74,7.780000000000001,-32.87,-90.66,-8.54,11.41,-127.35
2025-08-13T14:24:26.831807,7.0,125.0,-141.0,98.0,-25.0,-126.0,-65.0,-46.0,-140.0,-44.0,4.0,-128.0,31.62,75.74000000000001,-116.71000000000001,81.48,-58.38,-117.74,-48.22,-56.87,-138.66,-38.54,-21.59,-103.35
2025-08-13T14:24:26.835896,-15.0,178.0,-136.0,12.0,-59.0,-79.0,-3.0,-25.0,-114.0,-62.0,42.0,-62.0,9.620000000000001,128.74,-111.71000000000001,-4.52,-92.38,-70.74,13.780000000000001,-35.87,-112.66,-56.54,16.41,-37.35
2025-08-13T14:24:26.843962,38.0,102.0,-116.0,85.0,61.0,-21.0,-77.0,-8.0,-132.0,-67.0,118.0,-203.0,62.620000000000005,52.74,-91.71000000000001,68.48,27.619999999999997,-12.74,-60.22,-18.869999999999997,-130.66,-61.54,92.41,-178.35
2025-08-13T14:24:26.848128,48.0,46.0,-182.0,-10.0,-33.0,-115.0,-28.0,6.0,-67.0,-49.0,62.0,-132.0,72.62,-3.259999999999998,-157.71,-26.52,-66.38,-106.74,-11.219999999999999,-4.869999999999999,-65.66,-43.54,36.41,-107.35
2025-08-13T14:24:26.856281,36.0,38.0,-131.0,97.0,36.0,-161.0,-52.0,26.0,-139.0,24.0,51.0,-170.0,60.620000000000005,-11.259999999999998,-106.71000000000001,80.48,2.6199999999999974,-152.74,-35.22,15.13,-137.66,29.46,25.41,-145.35
2025-08-13T14:24:26.860643,-15.0,69.0,-197.0,111.0,-36.0,-160.0,-34.0,22.0,-96.0,-25.0,40.0,-144.0,9.620000000000001,19.740000000000002,-172.71,94.48,-69.38,-151.74,-17.22,11.13,-94.66,-19.54,14.41,-119.35
2025-08-13T14:24:26.868751,27.0,146.0,-136.0,100.0,-3.0,-108.0,-34.0,-4.0,-104.0,-63.0,93.0,-47.0,51.620000000000005,96.74000000000001,-111.71000000000001,83.48,-36.38,-99.74,-17.22,-14.87,-102.66,-57.54,67.41,-22.35
2025-08-13T14:24:26.872887,75.0,74.0,-169.0,56.0,19.0,-150.0,-104.0,-39.0,-102.0,-61.0,46.0,-149.0,99.62,24.740000000000002,-144.71,39.480000000000004,-14.380000000000003,-141.74,-87.22,-49.87,-100.66,-55.54,20.41,-124.35
2025-08-13T14:24:26.880925,86.0,94.0,-152.0,129.0,32.0,-151.0,-34.0,60.0,-161.0,-40.0,77.0,-79.0,110.62,44.74,-127.71000000000001,112.48,-1.3800000000000026,-142.74,-17.22,49.13,-159.66,-34.54,51.41,-54.35
2025-08-13T14:24:26.885057,19.0,83.0,-140.0,61.0,-9.0,-122.0,-83.0,21.0,-141.0,16.0,107.0,-143.0,43.620000000000005,33.74,-115.71000000000001,44.480000000000004,-42.38,-113.74,-66.22,10.13,-139.66,21.46,81.41,-118.35
2025-08-13T14:24:26.893271,14.0,56.0,-141.0,113.0,48.0,-132.0,-57.0,8.0,-143.0,-30.0,30.0,-131.0,38.620000000000005,6.740000000000002,-116.71000000000001,96.48,14.619999999999997,-123.74,-40.22,-2.869999999999999,-141.66,-24.54,4.41,-106.35
2025-08-13T14:24:26.901195,18.0,69.0,-168.0,87.0,36.0,-79.0,-76.0,-28.0,-144.0,-81.0,33.0,-100.0,42.620000000000005,19.740000000000002,-143.71,70.48,2.6199999999999974,-70.74,-59.22,-38.87,-142.66,-75.54,7.41,-75.35
2025-08-13T14:24:26.905530,-38.0,117.0,-182.0,45.0,3.0,-123.0,-74.0,-31.0,-86.0,-116.0,76.0,-163.0,-13.379999999999999,67.74000000000001,-157.71,28.48,-30.380000000000003,-114.74,-57.22,-41.87,-84.66,-110.54,50.41,-138.35
2025-08-13T14:24:26.913607,0.0,47.0,-206.0,60.0,-12.0,-125.0,-156.0,8.0,-138.0,-84.0,68.0,-120.0,24.62,-2.259999999999998,-181.71,43.480000000000004,-45.38,-116.74,-139.22,-2.869999999999999,-136.66,-78.54,42.41,-95.35
2025-08-13T14:24:26.917869,40.0,35.0,-185.0,2.0,-34.0,-90.0,9.0,7.0,-106.0,-99.0,60.0,-124.0,64.62,-14.259999999999998,-160.71,-14.52,-67.38,-81.74,25.78,-3.869999999999999,-104.66,-93.54,34.41,-99.35
2025-08-13T14:24:26.925833,55.0,44.0,-123.0,9.0,33.0,-144.0,-64.0,-18.0,-66.0,-134.0,87.0,-195.0,79.62,-5.259999999999998,-98.71000000000001,-7.52,-0.38000000000000256,-135.74,-47.22,-28.869999999999997,-64.66,-128.54,61.41,-170.35
2025-08-13T14:24:26.930282,26.0,98.0,-186.0,28.0,1.0,-141.0,-17.0,-48.0,-107.0,-16.0,0.0,-109.0,50.620000000000005,48.74,-161.71,11.48,-32.38,-132.74,-0.21999999999999886,-58.87,-105.66,-10.54,-25.59,-84.35
2025-08-13T14:24:26.938369,17.0,103.0,-149.0,33.0,48.0,-97.0,-22.0,-25.0,-134.0,-68.0,15.0,-149.0,41.620000000000005,53.74,-124.71000000000001,16.48,14.619999999999997,-88.74,-5.219999999999999,-35.87,-132.66,-62.54,-10.59,-124.35
2025-08-13T14:24:26.942770,-57.0,88.0,-228.0,48.0,32.0,-120.0,21.0,-48.0,-122.0,-61.0,32.0,-112.0,-32.379999999999995,38.74,-203.71,31.48,-1.3800000000000026,-111.74,37.78,-58.87,-120.66,-55.54,6.41,-87.35
2025-08-13T14:24:26.950817,19.0,25.0,-139.0,-5.0,21.0,-102.0,-46.0,-54.0,-74.0,-123.0,112.0,-89.0,43.620000000000005,-24.259999999999998,-114.71000000000001,-21.52,-12.380000000000003,-93.74,-29.22,-64.87,-72.66,-117.54,86.41,-64.35
2025-08-13T14:24:26.955404,19.0,23.0,-224.0,53.0,34.0,-171.0,-59.0,-31.0,-139.0,-14.0,56.0,-133.0,43.620000000000005,-26.259999999999998,-199.71,36.480000000000004,0.6199999999999974,-162.74,-42.22,-41.87,-137.66,-8.54,30.41,-108.35
2025-08-13T14:24:26.963345,-27.0,56.0,-23.0,46.0,15.0,-152.0,-105.0,-2.0,-141.0,-31.0,96.0,-89.0,-2.379999999999999,6.740000000000002,1.2899999999999991,29.48,-18.380000000000003,-143.74,-88.22,-12.87,-139.66,-25.54,70.41,-64.35
2025-08-13T14:24:26.968048,-44.0,87.0,-125.0,30.0,10.0,-161.0,-101.0,-78.0,-117.0,-31.0,80.0,-166.0,-19.38,37.74,-100.71000000000001,13.48,-23.380000000000003,-152.74,-84.22,-88.87,-115.66,-25.54,54.41,-141.35
2025-08-13T14:24:26.975852,46.0,65.0,-188.0,23.0,13.0,-121.0,-46.0,-51.0,-113.0,-34.0,12.0,-126.0,70.62,15.740000000000002,-163.71,6.48,-20.380000000000003,-112.74,-29.22,-61.87,-111.66,-28.54,-13.59,-101.35
2025-08-13T14:24:26.980782,33.0,67.0,-139.0,19.0,-18.0,-88.0,-32.0,-4.0,-66.0,-120.0,16.0,-95.0,57.620000000000005,17.740000000000002,-114.71000000000001,2.4800000000000004,-51.38,-79.74,-15.219999999999999,-14.87,-64.66,-114.54,-9.59,-70.35
2025-08-13T14:24:26.988182,15.0,88.0,-205.0,32.0,-11.0,-160.0,-135.0,-40.0,-114.0,-39.0,125.0,-138.0,39.620000000000005,38.74,-180.71,15.48,-44.38,-151.74,-118.22,-50.87,-112.66,-33.54,99.41,-113.35
2025-08-13T14:24:26.995656,-52.0,2.0,-120.0,54.0,-28.0,-97.0,-2.0,-79.0,-120.0,-1.0,117.0,-196.0,-27.38,-47.26,-95.71000000000001,37.480000000000004,-61.38,-88.74,14.780000000000001,-89.87,-118.66,4.46,91.41,-171.35
2025-08-13T14:24:27.000392,6.0,100.0,-114.0,76.0,8.0,-127.0,-32.0,-65.0,-161.0,-26.0,45.0,-138.0,30.62,50.74,-89.71000000000001,59.480000000000004,-25.380000000000003,-118.74,-15.219999999999999,-75.87,-159.66,-20.54,19.41,-113.35
2025-08-13T14:24:27.007849,-6.0,187.0,-160.0,45.0,33.0,-106.0,-17.0,-27.0,-137.0,10.0,-4.0,-156.0,18.62,137.74,-135.71,28.48,-0.38000000000000256,-97.74,-0.21999999999999886,-37.87,-135.66,15.46,-29.59,-131.35
2025-08-13T14:24:27.012840,13.0,128.0,-169.0,37.0,-30.0,-107.0,-79.0,-10.0,-30.0,-19.0,68.0,-158.0,37.620000000000005,78.74000000000001,-144.71,20.48,-63.38,-98.74,-62.22,-20.869999999999997,-28.66,-13.54,42.41,-133.35
2025-08-13T14:24:27.020606,46.0,127.0,-140.0,50.0,-14.0,-180.0,10.0,26.0,-165.0,-58.0,70.0,-128.0,70.62,77.74000000000001,-115.71000000000001,33.480000000000004,-47.38,-171.74,26.78,15.13,-163.66,-52.54,44.41,-103.35
2025-08-13T14:24:27.028593,53.0,145.0,-235.0,28.0,-45.0,-118.0,-48.0,-64.0,-102.0,-75.0,99.0,-131.0,77.62,95.74000000000001,-210.71,11.48,-78.38,-109.74,-31.22,-74.87,-100.66,-69.54,73.41,-106.35
2025-08-13T14:24:27.036602,-42.0,40.0,-173.0,52.0,-25.0,-140.0,-64.0,11.0,-129.0,-73.0,48.0,-177.0,-17.38,-9.259999999999998,-148.71,35.480000000000004,-58.38,-131.74,-47.22,0.13000000000000078,-127.66,-67.54,22.41,-152.35
2025-08-13T14:24:27.040871,-29.0,30.0,-119.0,36.0,-13.0,-124.0,-65.0,37.0,-140.0,-78.0,33.0,-105.0,-4.379999999999999,-19.259999999999998,-94.71000000000001,19.48,-46.38,-115.74,-48.22,26.130000000000003,-138.66,-72.54,7.41,-80.35
2025-08-13T14:24:27.045001,-50.0,10.0,-71.0,47.0,17.0,-122.0,-55.0,-17.0,-116.0,-59.0,15.0,-152.0,-25.38,-39.26,-46.71,30.48,-16.380000000000003,-113.74,-38.22,-27.869999999999997,-114.66,-53.54,-10.59,-127.35
2025-08-13T14:24:27.051311,4.0,103.0,-227.0,55.0,-17.0,-99.0,-76.0,23.0,-149.0,-44.0,97.0,-214.0,28.62,53.74,-202.71,38.480000000000004,-50.38,-90.74,-59.22,12.13,-147.66,-38.54,71.41,-189.35
2025-08-13T14:24:27.056949,14.0,80.0,-126.0,50.0,23.0,-131.0,-1.0,-9.0,-189.0,-49.0,79.0,-119.0,38.620000000000005,30.740000000000002,-101.71000000000001,33.480000000000004,-10.380000000000003,-122.74,15.780000000000001,-19.869999999999997,-187.66,-43.54,53.41,-94.35
2025-08-13T14:24:27.061294,76.0,23.0,-124.0,73.0,9.0,-131.0,-24.0,-39.0,-76.0,0.0,37.0,-116.0,100.62,-26.259999999999998,-99.71000000000001,56.480000000000004,-24.380000000000003,-122.74,-7.219999999999999,-49.87,-74.66,5.46,11.41,-91.35
2025-08-13T14:24:27.069263,42.0,89.0,-123.0,43.0,-31.0,-121.0,-97.0,-17.0,-35.0,-62.0,25.0,-81.0,66.62,39.74,-98.71000000000001,26.48,-64.38,-112.74,-80.22,-27.869999999999997,-33.66,-56.54,-0.5899999999999999,-56.35
2025-08-13T14:24:27.077198,-8.0,19.0,-105.0,91.0,22.0,-172.0,-110.0,-46.0,-118.0,17.0,60.0,-67.0,16.62,-30.259999999999998,-80.71000000000001,74.48,-11.380000000000003,-163.74,-93.22,-56.87,-116.66,22.46,34.41,-42.35
2025-08-13T14:24:27.081570,12.0,85.0,-120.0,82.0,45.0,-114.0,7.0,-51.0,-101.0,-73.0,63.0,-152.0,36.620000000000005,35.74,-95.71000000000001,65.48,11.619999999999997,-105.74,23.78,-61.87,-99.66,-67.54,37.41,-127.35
2025-08-13T14:24:27.089586,12.0,174.0,-146.0,8.0,-24.0,-140.0,-10.0,-1.0,-110.0,-71.0,85.0,-208.0,36.620000000000005,124.74000000000001,-121.71000000000001,-8.52,-57.38,-131.74,6.780000000000001,-11.87,-108.66,-65.54,59.41,-183.35
2025-08-13T14:24:27.093814,2.0,88.0,-168.0,45.0,55.0,-134.0,-21.0,43.0,-136.0,23.0,81.0,-211.0,26.62,38.74,-143.71,28.48,21.619999999999997,-125.74,-4.219999999999999,32.13,-134.66,28.46,55.41,-186.35
2025-08-13T14:24:27.101901,-5.0,69.0,-152.0,103.0,7.0,-126.0,-41.0,-95.0,-116.0,-53.0,62.0,-205.0,19.62,19.740000000000002,-127.71000000000001,86.48,-26.380000000000003,-117.74,-24.22,-105.87,-114.66,-47.54,36.41,-180.35
2025-08-13T14:24:27.106208,88.0,-11.0,-165.0,36.0,-13.0,-127.0,-30.0,-51.0,-119.0,-61.0,-24.0,-69.0,112.62,-60.26,-140.71,19.48,-46.38,-118.74,-13.219999999999999,-61.87,-117.66,-55.54,-49.59,-44.35
2025-08-13T14:24:27.114300,17.0,37.0,-171.0,91.0,-55.0,-124.0,-110.0,-48.0,-144.0,-110.0,59.0,-170.0,41.620000000000005,-12.259999999999998,-146.71,74.48,-88.38,-115.74,-93.22,-58.87,-142.66,-104.54,33.41,-145.35
2025-08-13T14:24:27.118678,33.0,174.0,-243.0,49.0,-3.0,-136.0,-44.0,12.0,-145.0,-160.0,88.0,-184.0,57.620000000000005,124.74000000000001,-218.71,32.480000000000004,-36.38,-127.74,-27.22,1.1300000000000008,-143.66,-154.54,62.41,-159.35
2025-08-13T14:24:27.126664,58.0,135.0,-219.0,74.0,34.0,-164.0,-70.0,-96.0,-75.0,-97.0,34.0,-223.0,82.62,85.74000000000001,-194.71,57.480000000000004,0.6199999999999974,-155.74,-53.22,-106.87,-73.66,-91.54,8.41,-198.35
2025-08-13T14:24:27.134703,14.0,127.0,-218.0,53.0,2.0,-194.0,-122.0,-49.0,-172.0,-31.0,93.0,-197.0,38.620000000000005,77.74000000000001,-193.71,36.480000000000004,-31.380000000000003,-185.74,-105.22,-59.87,-170.66,-25.54,67.41,-172.35
2025-08-13T14:24:27.138976,13.0,183.0,-220.0,93.0,34.0,-146.0,-146.0,-12.0,-195.0,-82.0,123.0,-138.0,37.620000000000005,133.74,-195.71,76.48,0.6199999999999974,-137.74,-129.22,-22.869999999999997,-193.66,-76.54,97.41,-113.35
2025-08-13T14:24:27.147189,96.0,109.0,-251.0,66.0,-99.0,-185.0,-28.0,-58.0,-144.0,-107.0,84.0,-228.0,120.62,59.74,-226.71,49.480000000000004,-132.38,-176.74,-11.219999999999999,-68.87,-142.66,-101.54,58.41,-203.35
2025-08-13T14:24:27.151311,110.0,120.0,-212.0,119.0,-34.0,-187.0,-122.0,-69.0,-213.0,-71.0,54.0,-225.0,134.62,70.74000000000001,-187.71,102.48,-67.38,-178.74,-105.22,-79.87,-211.66,-65.54,28.41,-200.35
2025-08-13T14:24:27.159560,29.0,107.0,-231.0,130.0,-36.0,-189.0,-117.0,-69.0,-153.0,-100.0,132.0,-249.0,53.620000000000005,57.74,-206.71,113.48,-69.38,-180.74,-100.22,-79.87,-151.66,-94.54,106.41,-224.35
2025-08-13T14:24:27.163755,31.0,26.0,-208.0,55.0,-35.0,-173.0,-73.0,-54.0,-151.0,-63.0,119.0,-235.0,55.620000000000005,-23.259999999999998,-183.71,38.480000000000004,-68.38,-164.74,-56.22,-64.87,-149.66,-57.54,93.41,-210.35
2025-08-13T14:24:27.171870,113.0,82.0,-274.0,60.0,-47.0,-166.0,-13.0,-38.0,-158.0,-43.0,54.0,-172.0,137.62,32.74,-249.71,43.480000000000004,-80.38,-157.74,3.780000000000001,-48.87,-156.66,-37.54,28.41,-147.35
2025-08-13T14:24:27.179708,34.0,151.0,-270.0,142.0,-25.0,-172.0,-174.0,-18.0,-159.0,-166.0,164.0,-204.0,58.620000000000005,101.74000000000001,-245.71,125.48,-58.38,-163.74,-157.22,-28.869999999999997,-157.66,-160.54,138.41,-179.35
2025-08-13T14:24:27.184398,85.0,196.0,-259.0,58.0,-35.0,-182.0,-64.0,-38.0,-210.0,-85.0,107.0,-244.0,109.62,146.74,-234.71,41.480000000000004,-68.38,-173.74,-47.22,-48.87,-208.66,-79.54,81.41,-219.35
2025-08-13T14:24:27.192193,85.0,135.0,-234.0,151.0,-71.0,-177.0,-74.0,-97.0,-218.0,-76.0,70.0,-259.0,109.62,85.74000000000001,-209.71,134.48,-104.38,-168.74,-57.22,-107.87,-216.66,-70.54,44.41,-234.35
2025-08-13T14:24:27.196500,17.0,145.0,-248.0,159.0,-47.0,-190.0,-83.0,-48.0,-143.0,-87.0,157.0,-188.0,41.620000000000005,95.74000000000001,-223.71,142.48,-80.38,-181.74,-66.22,-58.87,-141.66,-81.54,131.41,-163.35
2025-08-13T14:24:27.204521,51.0,187.0,-291.0,110.0,-31.0,-177.0,-121.0,-33.0,-196.0,-69.0,135.0,-263.0,75.62,137.74,-266.71,93.48,-64.38,-168.74,-104.22,-43.87,-194.66,-63.54,109.41,-238.35
2025-08-13T14:24:27.212652,78.0,145.0,-321.0,150.0,-39.0,-213.0,-54.0,-120.0,-185.0,-108.0,94.0,-270.0,102.62,95.74000000000001,-296.71,133.48,-72.38,-204.74,-37.22,-130.87,-183.66,-102.54,68.41,-245.35
2025-08-13T14:24:27.217016,35.0,127.0,-285.0,117.0,-79.0,-186.0,-159.0,-117.0,-211.0,-195.0,139.0,-255.0,59.620000000000005,77.74000000000001,-260.71,100.48,-112.38,-177.74,-142.22,-127.87,-209.66,-189.54,113.41,-230.35
2025-08-13T14:24:27.224983,56.0,122.0,-298.0,148.0,-101.0,-197.0,1.0,-115.0,-311.0,-60.0,135.0,-357.0,80.62,72.74000000000001,-273.71,131.48,-134.38,-188.74,17.78,-125.87,-309.66,-54.54,109.41,-332.35
2025-08-13T14:24:27.229395,135.0,61.0,-224.0,113.0,-108.0,-251.0,-67.0,-123.0,-199.0,-68.0,90.0,-281.0,159.62,11.740000000000002,-199.71,96.48,-141.38,-242.74,-50.22,-133.87,-197.66,-62.54,64.41,-256.35
2025-08-13T14:24:27.237629,27.0,56.0,-242.0,176.0,-53.0,-257.0,-110.0,-29.0,-251.0,-98.0,131.0,-275.0,51.620000000000005,6.740000000000002,-217.71,159.48,-86.38,-248.74,-93.22,-39.87,-249.66,-92.54,105.41,-250.35
2025-08-13T14:24:27.245600,80.0,201.0,-303.0,149.0,-2.0,-248.0,-85.0,-118.0,-261.0,-78.0,120.0,-281.0,104.62,151.74,-278.71,132.48,-35.38,-239.74,-68.22,-128.87,-259.66,-72.54,94.41,-256.35
2025-08-13T14:24:27.250403,124.0,179.0,-328.0,154.0,-94.0,-246.0,-142.0,-66.0,-237.0,-89.0,74.0,-304.0,148.62,129.74,-303.71,137.48,-127.38,-237.74,-125.22,-76.87,-235.66,-83.54,48.41,-279.35
2025-08-13T14:24:27.257955,118.0,127.0,-263.0,162.0,-52.0,-306.0,-142.0,-65.0,-236.0,-142.0,123.0,-300.0,142.62,77.74000000000001,-238.71,145.48,-85.38,-297.74,-125.22,-75.87,-234.66,-136.54,97.41,-275.35
2025-08-13T14:24:27.262805,106.0,188.0,-250.0,114.0,-109.0,-274.0,-99.0,-47.0,-229.0,-105.0,142.0,-340.0,130.62,138.74,-225.71,97.48,-142.38,-265.74,-82.22,-57.87,-227.66,-99.54,116.41,-315.35
2025-08-13T14:24:27.270686,86.0,173.0,-226.0,176.0,-73.0,-244.0,-73.0,-152.0,-215.0,-103.0,82.0,-297.0,110.62,123.74000000000001,-201.71,159.48,-106.38,-235.74,-56.22,-162.87,-213.66,-97.54,56.41,-272.35
2025-08-13T14:24:27.278371,67.0,196.0,-279.0,141.0,-90.0,-255.0,-193.0,-37.0,-223.0,-84.0,80.0,-256.0,91.62,146.74,-254.71,124.48,-123.38,-246.74,-176.22,-47.87,-221.66,-78.54,54.41,-231.35
2025-08-13T14:24:27.283280,111.0,152.0,-319.0,77.0,-14.0,-185.0,-89.0,-43.0,-306.0,-189.0,102.0,-277.0,135.62,102.74000000000001,-294.71,60.480000000000004,-47.38,-176.74,-72.22,-53.87,-304.66,-183.54,76.41,-252.35
2025-08-13T14:24:27.290717,95.0,154.0,-336.0,96.0,-118.0,-177.0,-125.0,-45.0,-196.0,-145.0,59.0,-267.0,119.62,104.74000000000001,-311.71,79.48,-151.38,-168.74,-108.22,-55.87,-194.66,-139.54,33.41,-242.35
2025-08-13T14:24:27.295317,63.0,45.0,-296.0,65.0,-117.0,-285.0,-133.0,-42.0,-206.0,-143.0,76.0,-273.0,87.62,-4.259999999999998,-271.71,48.480000000000004,-150.38,-276.74,-116.22,-52.87,-204.66,-137.54,50.41,-248.35
2025-08-13T14:24:27.303131,107.0,135.0,-302.0,121.0,-90.0,-274.0,-115.0,-52.0,-270.0,-129.0,99.0,-318.0,131.62,85.74000000000001,-277.71,104.48,-123.38,-265.74,-98.22,-62.87,-268.66,-123.54,73.41,-293.35
2025-08-13T14:24:27.310895,98.0,118.0,-233.0,132.0,-88.0,-286.0,-78.0,-99.0,-247.0,-112.0,77.0,-207.0,122.62,68.74000000000001,-208.71,115.48,-121.38,-277.74,-61.22,-109.87,-245.66,-106.54,51.41,-182.35
2025-08-13T14:24:27.315485,79.0,135.0,-264.0,114.0,-86.0,-241.0,-94.0,-7.0,-176.0,-137.0,166.0,-289.0,103.62,85.74000000000001,-239.71,97.48,-119.38,-232.74,-77.22,-17.869999999999997,-174.66,-131.54,140.41,-264.35
2025-08-13T14:24:27.323364,77.0,115.0,-281.0,102.0,-40.0,-268.0,-104.0,-42.0,-213.0,-181.0,126.0,-293.0,101.62,65.74000000000001,-256.71,85.48,-73.38,-259.74,-87.22,-52.87,-211.66,-175.54,100.41,-268.35
2025-08-13T14:24:27.327657,161.0,142.0,-329.0,131.0,-151.0,-196.0,-94.0,-74.0,-142.0,-87.0,121.0,-221.0,185.62,92.74000000000001,-304.71,114.48,-184.38,-187.74,-77.22,-84.87,-140.66,-81.54,95.41,-196.35
2025-08-13T14:24:27.336349,138.0,129.0,-245.0,146.0,-45.0,-252.0,-91.0,-82.0,-218.0,-186.0,143.0,-307.0,162.62,79.74000000000001,-220.71,129.48,-78.38,-243.74,-74.22,-92.87,-216.66,-180.54,117.41,-282.35
2025-08-13T14:24:27.343736,146.0,146.0,-319.0,170.0,-78.0,-247.0,-146.0,-80.0,-191.0,-83.0,120.0,-247.0,170.62,96.74000000000001,-294.71,153.48,-111.38,-238.74,-129.22,-90.87,-189.66,-77.54,94.41,-222.35
2025-08-13T14:24:27.348143,97.0,153.0,-333.0,133.0,-89.0,-254.0,-133.0,-10.0,-223.0,-106.0,56.0,-248.0,121.62,103.74000000000001,-308.71,116.48,-122.38,-245.74,-116.22,-20.869999999999997,-221.66,-100.54,30.41,-223.35
2025-08-13T14:24:27.356111,81.0,194.0,-262.0,44.0,-181.0,-225.0,-112.0,-71.0,-185.0,-173.0,57.0,-253.0,105.62,144.74,-237.71,27.48,-214.38,-216.74,-95.22,-81.87,-183.66,-167.54,31.41,-228.35
2025-08-13T14:24:27.360710,108.0,155.0,-303.0,64.0,-80.0,-293.0,-60.0,-91.0,-200.0,-128.0,66.0,-310.0,132.62,105.74000000000001,-278.71,47.480000000000004,-113.38,-284.74,-43.22,-101.87,-198.66,-122.54,40.41,-285.35
2025-08-13T14:24:27.368643,119.0,108.0,-242.0,114.0,-76.0,-329.0,-94.0,-98.0,-207.0,-148.0,46.0,-313.0,143.62,58.74,-217.71,97.48,-109.38,-320.74,-77.22,-108.87,-205.66,-142.54,20.41,-288.35
2025-08-13T14:24:27.376237,82.0,132.0,-242.0,101.0,-124.0,-266.0,-137.0,-58.0,-212.0,-167.0,82.0,-265.0,106.62,82.74000000000001,-217.71,84.48,-157.38,-257.74,-120.22,-68.87,-210.66,-161.54,56.41,-240.35
2025-08-13T14:24:27.380927,85.0,187.0,-310.0,75.0,-136.0,-248.0,-136.0,-139.0,-211.0,-181.0,143.0,-316.0,109.62,137.74,-285.71,58.480000000000004,-169.38,-239.74,-119.22,-149.87,-209.66,-175.54,117.41,-291.35
2025-08-13T14:24:27.389104,120.0,151.0,-264.0,167.0,-121.0,-320.0,-81.0,-113.0,-210.0,-123.0,35.0,-290.0,144.62,101.74000000000001,-239.71,150.48,-154.38,-311.74,-64.22,-123.87,-208.66,-117.54,9.41,-265.35
2025-08-13T14:24:27.393251,73.0,130.0,-304.0,168.0,-123.0,-227.0,-155.0,-131.0,-238.0,-145.0,78.0,-259.0,97.62,80.74000000000001,-279.71,151.48,-156.38,-218.74,-138.22,-141.87,-236.66,-139.54,52.41,-234.35
2025-08-13T14:24:27.401227,96.0,153.0,-239.0,87.0,-21.0,-252.0,-106.0,-132.0,-256.0,-167.0,94.0,-285.0,120.62,103.74000000000001,-214.71,70.48,-54.38,-243.74,-89.22,-142.87,-254.66,-161.54,68.41,-260.35
2025-08-13T14:24:27.409292,70.0,224.0,-283.0,109.0,-76.0,-245.0,-149.0,-100.0,-273.0,-173.0,107.0,-278.0,94.62,174.74,-258.71,92.48,-109.38,-236.74,-132.22,-110.87,-271.66,-167.54,81.41,-253.35
2025-08-13T14:24:27.413587,79.0,203.0,-258.0,133.0,-49.0,-246.0,-70.0,-84.0,-253.0,-163.0,44.0,-308.0,103.62,153.74,-233.71,116.48,-82.38,-237.74,-53.22,-94.87,-251.66,-157.54,18.41,-283.35
2025-08-13T14:24:27.422062,119.0,130.0,-315.0,89.0,-106.0,-337.0,-175.0,-124.0,-203.0,-142.0,51.0,-268.0,143.62,80.74000000000001,-290.71,72.48,-139.38,-328.74,-158.22,-134.87,-201.66,-136.54,25.41,-243.35
2025-08-13T14:24:27.427862,14.0,121.0,-242.0,136.0,-111.0,-245.0,-127.0,-100.0,-217.0,-175.0,93.0,-289.0,38.620000000000005,71.74000000000001,-217.71,119.48,-144.38,-236.74,-110.22,-110.87,-215.66,-169.54,67.41,-264.35
2025-08-13T14:24:27.434860,59.0,156.0,-293.0,89.0,-117.0,-291.0,-143.0,-79.0,-190.0,-143.0,137.0,-212.0,83.62,106.74000000000001,-268.71,72.48,-150.38,-282.74,-126.22,-89.87,-188.66,-137.54,111.41,-187.35
2025-08-13T14:24:27.442066,89.0,112.0,-282.0,91.0,-44.0,-233.0,-135.0,-23.0,-168.0,-137.0,51.0,-198.0,113.62,62.74,-257.71,74.48,-77.38,-224.74,-118.22,-33.87,-166.66,-131.54,25.41,-173.35
2025-08-13T14:24:27.447894,17.0,209.0,-346.0,121.0,-119.0,-219.0,-130.0,-89.0,-292.0,-185.0,26.0,-307.0,41.620000000000005,159.74,-321.71,104.48,-152.38,-210.74,-113.22,-99.87,-290.66,-179.54,0.41000000000000014,-282.35
2025-08-13T14:24:27.454611,120.0,110.0,-341.0,88.0,-28.0,-262.0,-157.0,-18.0,-222.0,-111.0,73.0,-237.0,144.62,60.74,-316.71,71.48,-61.38,-253.74,-140.22,-28.869999999999997,-220.66,-105.54,47.41,-212.35
2025-08-13T14:24:27.461229,100.0,184.0,-248.0,93.0,-80.0,-241.0,-118.0,-35.0,-147.0,-53.0,41.0,-268.0,124.62,134.74,-223.71,76.48,-113.38,-232.74,-101.22,-45.87,-145.66,-47.54,15.41,-243.35
2025-08-13T14:24:27.466764,82.0,109.0,-252.0,84.0,-26.0,-289.0,-118.0,-71.0,-226.0,-114.0,80.0,-250.0,106.62,59.74,-227.71,67.48,-59.38,-280.74,-101.22,-81.87,-224.66,-108.54,54.41,-225.35
2025-08-13T14:24:27.474640,121.0,148.0,-330.0,106.0,-66.0,-221.0,-139.0,-122.0,-151.0,-88.0,41.0,-228.0,145.62,98.74000000000001,-305.71,89.48,-99.38,-212.74,-122.22,-132.87,-149.66,-82.54,15.41,-203.35
2025-08-13T14:24:27.479244,72.0,87.0,-273.0,125.0,-106.0,-302.0,-136.0,-24.0,-199.0,-139.0,113.0,-240.0,96.62,37.74,-248.71,108.48,-139.38,-293.74,-119.22,-34.87,-197.66,-133.54,87.41,-215.35
2025-08-13T14:24:27.487646,95.0,94.0,-277.0,79.0,-31.0,-211.0,-69.0,-101.0,-168.0,-121.0,77.0,-233.0,119.62,44.74,-252.71,62.480000000000004,-64.38,-202.74,-52.22,-111.87,-166.66,-115.54,51.41,-208.35
2025-08-13T14:24:27.491577,91.0,179.0,-337.0,117.0,-71.0,-227.0,-165.0,-75.0,-202.0,-92.0,61.0,-306.0,115.62,129.74,-312.71,100.48,-104.38,-218.74,-148.22,-85.87,-200.66,-86.54,35.41,-281.35
2025-08-13T14:24:27.499394,129.0,156.0,-289.0,88.0,-84.0,-220.0,-169.0,-6.0,-199.0,-172.0,123.0,-229.0,153.62,106.74000000000001,-264.71,71.48,-117.38,-211.74,-152.22,-16.869999999999997,-197.66,-166.54,97.41,-204.35
2025-08-13T14:24:27.504075,52.0,79.0,-262.0,96.0,-61.0,-304.0,-89.0,-41.0,-220.0,-79.0,87.0,-234.0,76.62,29.740000000000002,-237.71,79.48,-94.38,-295.74,-72.22,-51.87,-218.66,-73.54,61.41,-209.35
2025-08-13T14:24:27.511825,70.0,167.0,-279.0,69.0,-82.0,-274.0,-70.0,-79.0,-213.0,-115.0,61.0,-258.0,94.62,117.74000000000001,-254.71,52.480000000000004,-115.38,-265.74,-53.22,-89.87,-211.66,-109.54,35.41,-233.35
2025-08-13T14:24:27.520235,69.0,263.0,-272.0,102.0,-136.0,-237.0,-109.0,-55.0,-209.0,-101.0,97.0,-270.0,93.62,213.74,-247.71,85.48,-169.38,-228.74,-92.22,-65.87,-207.66,-95.54,71.41,-245.35
2025-08-13T14:24:27.525054,64.0,110.0,-219.0,89.0,-74.0,-248.0,-122.0,-13.0,-196.0,-148.0,71.0,-269.0,88.62,60.74,-194.71,72.48,-107.38,-239.74,-105.22,-23.869999999999997,-194.66,-142.54,45.41,-244.35
2025-08-13T14:24:27.532319,86.0,164.0,-258.0,152.0,-47.0,-227.0,-103.0,-42.0,-198.0,-114.0,75.0,-254.0,110.62,114.74000000000001,-233.71,135.48,-80.38,-218.74,-86.22,-52.87,-196.66,-108.54,49.41,-229.35
2025-08-13T14:24:27.536999,76.0,191.0,-336.0,120.0,-99.0,-243.0,-103.0,-97.0,-163.0,-169.0,13.0,-292.0,100.62,141.74,-311.71,103.48,-132.38,-234.74,-86.22,-107.87,-161.66,-163.54,-12.59,-267.35
2025-08-13T14:24:27.545533,65.0,114.0,-296.0,20.0,-171.0,-238.0,-125.0,-78.0,-175.0,-168.0,56.0,-203.0,89.62,64.74000000000001,-271.71,3.4800000000000004,-204.38,-229.74,-108.22,-88.87,-173.66,-162.54,30.41,-178.35
2025-08-13T14:24:27.552765,132.0,113.0,-317.0,91.0,-62.0,-316.0,-42.0,-67.0,-215.0,-151.0,53.0,-235.0,156.62,63.74,-292.71,74.48,-95.38,-307.74,-25.22,-77.87,-213.66,-145.54,27.41,-210.35
2025-08-13T14:24:27.558291,120.0,117.0,-337.0,119.0,-113.0,-299.0,-97.0,-59.0,-175.0,-169.0,-1.0,-265.0,144.62,67.74000000000001,-312.71,102.48,-146.38,-290.74,-80.22,-69.87,-173.66,-163.54,-26.59,-240.35
2025-08-13T14:24:27.565006,149.0,118.0,-272.0,69.0,-150.0,-294.0,-86.0,-74.0,-239.0,-161.0,80.0,-257.0,173.62,68.74000000000001,-247.71,52.480000000000004,-183.38,-285.74,-69.22,-84.87,-237.66,-155.54,54.41,-232.35
2025-08-13T14:24:27.571422,94.0,111.0,-288.0,98.0,-83.0,-283.0,-120.0,-121.0,-237.0,-90.0,71.0,-334.0,118.62,61.74,-263.71,81.48,-116.38,-274.74,-103.22,-131.87,-235.66,-84.54,45.41,-309.35
2025-08-13T14:24:27.577433,118.0,147.0,-302.0,68.0,-61.0,-221.0,-127.0,-69.0,-189.0,-142.0,48.0,-293.0,142.62,97.74000000000001,-277.71,51.480000000000004,-94.38,-212.74,-110.22,-79.87,-187.66,-136.54,22.41,-268.35
2025-08-13T14:24:27.585572,128.0,57.0,-394.0,99.0,-45.0,-182.0,-99.0,-90.0,-274.0,-150.0,118.0,-283.0,152.62,7.740000000000002,-369.71,82.48,-78.38,-173.74,-82.22,-100.87,-272.66,-144.54,92.41,-258.35
2025-08-13T14:24:27.589991,100.0,71.0,-273.0,147.0,-91.0,-256.0,-102.0,-74.0,-281.0,-143.0,83.0,-242.0,124.62,21.740000000000002,-248.71,130.48,-124.38,-247.74,-85.22,-84.87,-279.66,-137.54,57.41,-217.35
2025-08-13T14:24:27.597815,75.0,98.0,-274.0,47.0,-105.0,-289.0,-105.0,-59.0,-209.0,-187.0,63.0,-196.0,99.62,48.74,-249.71,30.48,-138.38,-280.74,-88.22,-69.87,-207.66,-181.54,37.41,-171.35
2025-08-13T14:24:27.602399,70.0,148.0,-341.0,31.0,-30.0,-263.0,-97.0,-53.0,-162.0,-146.0,91.0,-243.0,94.62,98.74000000000001,-316.71,14.48,-63.38,-254.74,-80.22,-63.87,-160.66,-140.54,65.41,-218.35
2025-08-13T14:24:27.610276,88.0,95.0,-272.0,120.0,-137.0,-297.0,-104.0,-102.0,-208.0,-115.0,106.0,-260.0,112.62,45.74,-247.71,103.48,-170.38,-288.74,-87.22,-112.87,-206.66,-109.54,80.41,-235.35
2025-08-13T14:24:27.617964,87.0,142.0,-267.0,181.0,-98.0,-249.0,-95.0,-62.0,-102.0,-189.0,46.0,-279.0,111.62,92.74000000000001,-242.71,164.48,-131.38,-240.74,-78.22,-72.87,-100.66,-183.54,20.41,-254.35
2025-08-13T14:24:27.622774,97.0,153.0,-306.0,107.0,-126.0,-239.0,-193.0,-5.0,-217.0,-145.0,52.0,-270.0,121.62,103.74000000000001,-281.71,90.48,-159.38,-230.74,-176.22,-15.87,-215.66,-139.54,26.41,-245.35
2025-08-13T14:24:27.630576,103.0,69.0,-241.0,75.0,-93.0,-239.0,-150.0,-68.0,-241.0,-122.0,50.0,-329.0,127.62,19.740000000000002,-216.71,58.480000000000004,-126.38,-230.74,-133.22,-78.87,-239.66,-116.54,24.41,-304.35
2025-08-13T14:24:27.635310,66.0,176.0,-230.0,164.0,-116.0,-201.0,-110.0,1.0,-208.0,-162.0,31.0,-220.0,90.62,126.74000000000001,-205.71,147.48,-149.38,-192.74,-93.22,-9.87,-206.66,-156.54,5.41,-195.35
2025-08-13T14:24:27.643057,-33.0,174.0,-256.0,71.0,-61.0,-205.0,-90.0,-65.0,-220.0,-173.0,96.0,-230.0,-8.379999999999999,124.74000000000001,-231.71,54.480000000000004,-94.38,-196.74,-73.22,-75.87,-218.66,-167.54,70.41,-205.35
2025-08-13T14:24:27.651044,112.0,103.0,-253.0,70.0,-24.0,-205.0,-112.0,-103.0,-246.0,-170.0,30.0,-271.0,136.62,53.74,-228.71,53.480000000000004,-57.38,-196.74,-95.22,-113.87,-244.66,-164.54,4.41,-246.35
2025-08-13T14:24:27.655459,21.0,200.0,-273.0,59.0,-102.0,-247.0,-102.0,-79.0,-146.0,-128.0,13.0,-222.0,45.620000000000005,150.74,-248.71,42.480000000000004,-135.38,-238.74,-85.22,-89.87,-144.66,-122.54,-12.59,-197.35
2025-08-13T14:24:27.663252,113.0,146.0,-293.0,112.0,-59.0,-240.0,-81.0,-56.0,-190.0,-146.0,40.0,-290.0,137.62,96.74000000000001,-268.71,95.48,-92.38,-231.74,-64.22,-66.87,-188.66,-140.54,14.41,-265.35
2025-08-13T14:24:27.667701,32.0,117.0,-255.0,38.0,-85.0,-303.0,-150.0,-91.0,-203.0,-113.0,18.0,-243.0,56.620000000000005,67.74000000000001,-230.71,21.48,-118.38,-294.74,-133.22,-101.87,-201.66,-107.54,-7.59,-218.35
2025-08-13T14:24:27.675835,44.0,166.0,-263.0,113.0,-53.0,-243.0,-155.0,-94.0,-183.0,-152.0,14.0,-301.0,68.62,116.74000000000001,-238.71,96.48,-86.38,-234.74,-138.22,-104.87,-181.66,-146.54,-11.59,-276.35
2025-08-13T14:24:27.680249,63.0,192.0,-338.0,81.0,-87.0,-299.0,-169.0,-62.0,-268.0,-162.0,87.0,-260.0,87.62,142.74,-313.71,64.48,-120.38,-290.74,-152.22,-72.87,-266.66,-156.54,61.41,-235.35
2025-08-13T14:24:27.687917,79.0,161.0,-277.0,94.0,-33.0,-272.0,-37.0,-86.0,-260.0,-141.0,56.0,-292.0,103.62,111.74000000000001,-252.71,77.48,-66.38,-263.74,-20.22,-96.87,-258.66,-135.54,30.41,-267.35
2025-08-13T14:24:27.696075,72.0,169.0,-275.0,115.0,-104.0,-233.0,-118.0,-87.0,-227.0,-66.0,49.0,-282.0,96.62,119.74000000000001,-250.71,98.48,-137.38,-224.74,-101.22,-97.87,-225.66,-60.54,23.41,-257.35
2025-08-13T14:24:27.700626,122.0,167.0,-341.0,124.0,-115.0,-215.0,-171.0,-77.0,-167.0,-108.0,-12.0,-214.0,146.62,117.74000000000001,-316.71,107.48,-148.38,-206.74,-154.22,-87.87,-165.66,-102.54,-37.59,-189.35
2025-08-13T14:24:27.708640,73.0,91.0,-265.0,97.0,-30.0,-281.0,-88.0,-128.0,-205.0,-183.0,90.0,-282.0,97.62,41.74,-240.71,80.48,-63.38,-272.74,-71.22,-138.87,-203.66,-177.54,64.41,-257.35
2025-08-13T14:24:27.716320,96.0,138.0,-245.0,105.0,-106.0,-226.0,-112.0,-110.0,-124.0,-167.0,-6.0,-374.0,120.62,88.74000000000001,-220.71,88.48,-139.38,-217.74,-95.22,-120.87,-122.66,-161.54,-31.59,-349.35
2025-08-13T14:24:27.720995,82.0,137.0,-298.0,44.0,-81.0,-258.0,-126.0,-54.0,-254.0,-184.0,59.0,-214.0,106.62,87.74000000000001,-273.71,27.48,-114.38,-249.74,-109.22,-64.87,-252.66,-178.54,33.41,-189.35
2025-08-13T14:24:27.728860,12.0,159.0,-255.0,95.0,-80.0,-323.0,-152.0,-44.0,-160.0,-105.0,60.0,-325.0,36.620000000000005,109.74000000000001,-230.71,78.48,-113.38,-314.74,-135.22,-54.87,-158.66,-99.54,34.41,-300.35
2025-08-13T14:24:27.733258,62.0,207.0,-283.0,76.0,-71.0,-272.0,-144.0,-9.0,-120.0,-161.0,17.0,-290.0,86.62,157.74,-258.71,59.480000000000004,-104.38,-263.74,-127.22,-19.869999999999997,-118.66,-155.54,-8.59,-265.35
2025-08-13T14:24:27.740951,20.0,177.0,-327.0,51.0,-76.0,-264.0,-152.0,-93.0,-198.0,-137.0,118.0,-255.0,44.620000000000005,127.74000000000001,-302.71,34.480000000000004,-109.38,-255.74,-135.22,-103.87,-196.66,-131.54,92.41,-230.35
2025-08-13T14:24:27.745560,125.0,118.0,-294.0,80.0,-50.0,-232.0,-53.0,-117.0,-251.0,-140.0,37.0,-223.0,149.62,68.74000000000001,-269.71,63.480000000000004,-83.38,-223.74,-36.22,-127.87,-249.66,-134.54,11.41,-198.35
2025-08-13T14:24:27.753321,78.0,87.0,-246.0,101.0,-94.0,-254.0,-90.0,-92.0,-191.0,-135.0,92.0,-273.0,102.62,37.74,-221.71,84.48,-127.38,-245.74,-73.22,-102.87,-189.66,-129.54,66.41,-248.35
2025-08-13T14:24:27.761283,60.0,149.0,-291.0,68.0,-49.0,-235.0,-168.0,-38.0,-173.0,-188.0,7.0,-227.0,84.62,99.74000000000001,-266.71,51.480000000000004,-82.38,-226.74,-151.22,-48.87,-171.66,-182.54,-18.59,-202.35
2025-08-13T14:24:27.765933,95.0,129.0,-273.0,180.0,-197.0,-292.0,-127.0,-81.0,-210.0,-70.0,41.0,-253.0,119.62,79.74000000000001,-248.71,163.48,-230.38,-283.74,-110.22,-91.87,-208.66,-64.54,15.41,-228.35
2025-08-13T14:24:27.774180,108.0,168.0,-237.0,115.0,-156.0,-270.0,-98.0,-60.0,-193.0,-51.0,88.0,-274.0,132.62,118.74000000000001,-212.71,98.48,-189.38,-261.74,-81.22,-70.87,-191.66,-45.54,62.41,-249.35
2025-08-13T14:24:27.778153,80.0,164.0,-306.0,51.0,-74.0,-175.0,-58.0,-26.0,-276.0,-98.0,36.0,-240.0,104.62,114.74000000000001,-281.71,34.480000000000004,-107.38,-166.74,-41.22,-36.87,-274.66,-92.54,10.41,-215.35
2025-08-13T14:24:27.786344,51.0,95.0,-339.0,73.0,-59.0,-286.0,-122.0,-68.0,-227.0,-207.0,50.0,-266.0,75.62,45.74,-314.71,56.480000000000004,-92.38,-277.74,-105.22,-78.87,-225.66,-201.54,24.41,-241.35
2025-08-13T14:24:27.794139,116.0,131.0,-255.0,120.0,-29.0,-248.0,-125.0,-157.0,-210.0,-96.0,83.0,-276.0,140.62,81.74000000000001,-230.71,103.48,-62.38,-239.74,-108.22,-167.87,-208.66,-90.54,57.41,-251.35
2025-08-13T14:24:27.798820,22.0,139.0,-308.0,125.0,-8.0,-195.0,-151.0,-64.0,-244.0,-146.0,4.0,-278.0,46.620000000000005,89.74000000000001,-283.71,108.48,-41.38,-186.74,-134.22,-74.87,-242.66,-140.54,-21.59,-253.35
2025-08-13T14:24:27.806702,83.0,235.0,-365.0,99.0,-99.0,-177.0,-83.0,-112.0,-119.0,-102.0,74.0,-227.0,107.62,185.74,-340.71,82.48,-132.38,-168.74,-66.22,-122.87,-117.66,-96.54,48.41,-202.35
2025-08-13T14:24:27.811281,134.0,110.0,-290.0,64.0,-60.0,-244.0,-172.0,-98.0,-215.0,-110.0,122.0,-249.0,158.62,60.74,-265.71,47.480000000000004,-93.38,-235.74,-155.22,-108.87,-213.66,-104.54,96.41,-224.35
2025-08-13T14:24:27.819076,45.0,148.0,-228.0,154.0,-67.0,-263.0,-107.0,-138.0,-238.0,-167.0,22.0,-200.0,69.62,98.74000000000001,-203.71,137.48,-100.38,-254.74,-90.22,-148.87,-236.66,-161.54,-3.59,-175.35
2025-08-13T14:24:27.825432,81.0,208.0,-256.0,71.0,-83.0,-288.0,-104.0,-51.0,-271.0,-189.0,73.0,-242.0,105.62,158.74,-231.71,54.480000000000004,-116.38,-279.74,-87.22,-61.87,-269.66,-183.54,47.41,-217.35
2025-08-13T14:24:27.831655,73.0,103.0,-336.0,102.0,-105.0,-268.0,-202.0,-98.0,-161.0,-125.0,80.0,-242.0,97.62,53.74,-311.71,85.48,-138.38,-259.74,-185.22,-108.87,-159.66,-119.54,54.41,-217.35
2025-08-13T14:24:27.839276,36.0,101.0,-299.0,84.0,-82.0,-248.0,-175.0,-53.0,-221.0,-109.0,56.0,-287.0,60.620000000000005,51.74,-274.71,67.48,-115.38,-239.74,-158.22,-63.87,-219.66,-103.54,30.41,-262.35
2025-08-13T14:24:27.843832,55.0,122.0,-265.0,41.0,-65.0,-306.0,-84.0,-64.0,-142.0,-162.0,80.0,-286.0,79.62,72.74000000000001,-240.71,24.48,-98.38,-297.74,-67.22,-74.87,-140.66,-156.54,54.41,-261.35
2025-08-13T14:24:27.851850,140.0,179.0,-330.0,113.0,-51.0,-306.0,-17.0,-56.0,-183.0,-184.0,47.0,-255.0,164.62,129.74,-305.71,96.48,-84.38,-297.74,-0.21999999999999886,-66.87,-181.66,-178.54,21.41,-230.35
2025-08-13T14:24:27.856704,70.0,139.0,-181.0,120.0,-172.0,-283.0,-79.0,-79.0,-147.0,-95.0,90.0,-329.0,94.62,89.74000000000001,-156.71,103.48,-205.38,-274.74,-62.22,-89.87,-145.66,-89.54,64.41,-304.35
2025-08-13T14:24:27.864095,72.0,177.0,-284.0,101.0,-73.0,-231.0,-120.0,-95.0,-193.0,-148.0,35.0,-243.0,96.62,127.74000000000001,-259.71,84.48,-106.38,-222.74,-103.22,-105.87,-191.66,-142.54,9.41,-218.35
2025-08-13T14:24:27.871993,64.0,79.0,-337.0,111.0,-86.0,-269.0,-155.0,-76.0,-182.0,-112.0,96.0,-307.0,88.62,29.740000000000002,-312.71,94.48,-119.38,-260.74,-138.22,-86.87,-180.66,-106.54,70.41,-282.35
2025-08-13T14:24:27.876432,47.0,182.0,-251.0,73.0,-129.0,-238.0,-168.0,-74.0,-177.0,-136.0,25.0,-342.0,71.62,132.74,-226.71,56.480000000000004,-162.38,-229.74,-151.22,-84.87,-175.66,-130.54,-0.5899999999999999,-317.35
2025-08-13T14:24:27.884392,13.0,203.0,-343.0,127.0,-89.0,-213.0,-92.0,-84.0,-200.0,-142.0,118.0,-239.0,37.620000000000005,153.74,-318.71,110.48,-122.38,-204.74,-75.22,-94.87,-198.66,-136.54,92.41,-214.35
2025-08-13T14:24:27.889114,147.0,116.0,-238.0,111.0,-116.0,-223.0,-90.0,-104.0,-207.0,-151.0,93.0,-261.0,171.62,66.74000000000001,-213.71,94.48,-149.38,-214.74,-73.22,-114.87,-205.66,-145.54,67.41,-236.35
2025-08-13T14:24:27.896833,80.0,71.0,-286.0,121.0,-81.0,-242.0,-94.0,-107.0,-238.0,-121.0,10.0,-251.0,104.62,21.740000000000002,-261.71,104.48,-114.38,-233.74,-77.22,-117.87,-236.66,-115.54,-15.59,-226.35
2025-08-13T14:24:27.904873,33.0,189.0,-344.0,89.0,-147.0,-257.0,-74.0,-73.0,-220.0,-139.0,56.0,-244.0,57.620000000000005,139.74,-319.71,72.48,-180.38,-248.74,-57.22,-83.87,-218.66,-133.54,30.41,-219.35
2025-08-13T14:24:27.909343,146.0,103.0,-243.0,1.0,-134.0,-226.0,-139.0,-112.0,-185.0,-197.0,42.0,-242.0,170.62,53.74,-218.71,-15.52,-167.38,-217.74,-122.22,-122.87,-183.66,-191.54,16.41,-217.35
2025-08-13T14:24:27.917356,45.0,121.0,-287.0,105.0,-45.0,-257.0,-166.0,-36.0,-269.0,-84.0,-4.0,-263.0,69.62,71.74000000000001,-262.71,88.48,-78.38,-248.74,-149.22,-46.87,-267.66,-78.54,-29.59,-238.35
2025-08-13T14:24:27.921423,45.0,159.0,-250.0,95.0,-94.0,-223.0,-137.0,-90.0,-216.0,-104.0,49.0,-225.0,69.62,109.74000000000001,-225.71,78.48,-127.38,-214.74,-120.22,-100.87,-214.66,-98.54,23.41,-200.35
2025-08-13T14:24:27.929921,108.0,109.0,-311.0,84.0,-73.0,-231.0,-218.0,-114.0,-224.0,-125.0,112.0,-284.0,132.62,59.74,-286.71,67.48,-106.38,-222.74,-201.22,-124.87,-222.66,-119.54,86.41,-259.35
2025-08-13T14:24:27.937576,26.0,130.0,-255.0,119.0,-94.0,-245.0,-149.0,-73.0,-177.0,-144.0,15.0,-271.0,50.620000000000005,80.74000000000001,-230.71,102.48,-127.38,-236.74,-132.22,-83.87,-175.66,-138.54,-10.59,-246.35
2025-08-13T14:24:27.942409,86.0,212.0,-278.0,124.0,-74.0,-222.0,-79.0,-110.0,-243.0,-154.0,22.0,-191.0,110.62,162.74,-253.71,107.48,-107.38,-213.74,-62.22,-120.87,-241.66,-148.54,-3.59,-166.35
2025-08-13T14:24:27.949900,82.0,120.0,-334.0,70.0,-87.0,-255.0,-135.0,-94.0,-179.0,-158.0,39.0,-229.0,106.62,70.74000000000001,-309.71,53.480000000000004,-120.38,-246.74,-118.22,-104.87,-177.66,-152.54,13.41,-204.35
2025-08-13T14:24:27.954321,33.0,84.0,-274.0,113.0,-182.0,-247.0,-142.0,-52.0,-166.0,-108.0,24.0,-180.0,57.620000000000005,34.74,-249.71,96.48,-215.38,-238.74,-125.22,-62.87,-164.66,-102.54,-1.5899999999999999,-155.35
2025-08-13T14:24:27.962339,74.0,169.0,-255.0,29.0,-45.0,-232.0,-76.0,-86.0,-178.0,-143.0,1.0,-204.0,98.62,119.74000000000001,-230.71,12.48,-78.38,-223.74,-59.22,-96.87,-176.66,-137.54,-24.59,-179.35
2025-08-13T14:24:27.966776,22.0,70.0,-287.0,4.0,-104.0,-224.0,-117.0,-68.0,-99.0,-95.0,40.0,-169.0,46.620000000000005,20.740000000000002,-262.71,-12.52,-137.38,-215.74,-100.22,-78.87,-97.66,-89.54,14.41,-144.35
2025-08-13T14:24:27.974738,28.0,98.0,-213.0,50.0,-64.0,-220.0,-93.0,-14.0,-119.0,-140.0,111.0,-209.0,52.620000000000005,48.74,-188.71,33.480000000000004,-97.38,-211.74,-76.22,-24.869999999999997,-117.66,-134.54,85.41,-184.35
2025-08-13T14:24:27.982507,80.0,65.0,-225.0,116.0,-68.0,-175.0,-130.0,-49.0,-178.0,-77.0,75.0,-203.0,104.62,15.740000000000002,-200.71,99.48,-101.38,-166.74,-113.22,-59.87,-176.66,-71.54,49.41,-178.35
2025-08-13T14:24:27.986988,3.0,173.0,-302.0,10.0,-92.0,-197.0,-101.0,-28.0,-182.0,-111.0,2.0,-192.0,27.62,123.74000000000001,-277.71,-6.52,-125.38,-188.74,-84.22,-38.87,-180.66,-105.54,-23.59,-167.35
2025-08-13T14:24:27.994920,69.0,30.0,-291.0,62.0,-43.0,-203.0,-67.0,-83.0,-137.0,-127.0,21.0,-207.0,93.62,-19.259999999999998,-266.71,45.480000000000004,-76.38,-194.74,-50.22,-93.87,-135.66,-121.54,-4.59,-182.35
2025-08-13T14:24:27.999563,46.0,97.0,-258.0,27.0,-51.0,-194.0,-132.0,-48.0,-118.0,-127.0,7.0,-171.0,70.62,47.74,-233.71,10.48,-84.38,-185.74,-115.22,-58.87,-116.66,-121.54,-18.59,-146.35
2025-08-13T14:24:28.007422,-13.0,142.0,-161.0,65.0,-47.0,-184.0,-93.0,-63.0,-130.0,-66.0,40.0,-140.0,11.620000000000001,92.74000000000001,-136.71,48.480000000000004,-80.38,-175.74,-76.22,-73.87,-128.66,-60.54,14.41,-115.35
2025-08-13T14:24:28.011811,42.0,96.0,-279.0,15.0,-54.0,-210.0,-87.0,18.0,-101.0,-174.0,5.0,-110.0,66.62,46.74,-254.71,-1.5199999999999996,-87.38,-201.74,-70.22,7.130000000000001,-99.66,-168.54,-20.59,-85.35
2025-08-13T14:24:28.019972,15.0,105.0,-268.0,27.0,-77.0,-235.0,-109.0,-85.0,-187.0,-154.0,32.0,-93.0,39.620000000000005,55.74,-243.71,10.48,-110.38,-226.74,-92.22,-95.87,-185.66,-148.54,6.41,-68.35
2025-08-13T14:24:28.031201,61.0,98.0,-167.0,10.0,-39.0,-126.0,-105.0,-47.0,-129.0,-125.0,9.0,-220.0,85.62,48.74,-142.71,-6.52,-72.38,-117.74,-88.22,-57.87,-127.66,-119.54,-16.59,-195.35
2025-08-13T14:24:28.042264,25.0,92.0,-193.0,9.0,-45.0,-129.0,-105.0,-33.0,-147.0,-47.0,118.0,-139.0,49.620000000000005,42.74,-168.71,-7.52,-78.38,-120.74,-88.22,-43.87,-145.66,-41.54,92.41,-114.35
2025-08-13T14:24:28.051254,6.0,78.0,-231.0,0.0,-79.0,-231.0,-74.0,-76.0,-76.0,-67.0,97.0,-146.0,30.62,28.740000000000002,-206.71,-16.52,-112.38,-222.74,-57.22,-86.87,-74.66,-61.54,71.41,-121.35
2025-08-13T14:24:28.056969,17.0,68.0,-208.0,67.0,-42.0,-168.0,-73.0,-64.0,-164.0,1.0,78.0,-198.0,41.620000000000005,18.740000000000002,-183.71,50.480000000000004,-75.38,-159.74,-56.22,-74.87,-162.66,6.46,52.41,-173.35
2025-08-13T14:24:28.061429,75.0,34.0,-195.0,93.0,-61.0,-192.0,-51.0,7.0,-58.0,-105.0,31.0,-129.0,99.62,-15.259999999999998,-170.71,76.48,-94.38,-183.74,-34.22,-3.869999999999999,-56.66,-99.54,5.41,-104.35
2025-08-13T14:24:28.065073,5.0,49.0,-172.0,-25.0,19.0,-89.0,-100.0,0.0,-98.0,-49.0,-25.0,-148.0,29.62,-0.259999999999998,-147.71,-41.519999999999996,-14.380000000000003,-80.74,-83.22,-10.87,-96.66,-43.54,-50.59,-123.35
2025-08-13T14:24:28.066130,-107.0,50.0,-169.0,-23.0,-19.0,-162.0,-134.0,-93.0,-105.0,-40.0,0.0,-128.0,-82.38,0.740000000000002,-144.71,-39.519999999999996,-52.38,-153.74,-117.22,-103.87,-103.66,-34.54,-25.59,-103.35
2025-08-13T14:24:28.068771,18.0,102.0,-199.0,106.0,-23.0,-146.0,-72.0,-69.0,-145.0,-93.0,67.0,-145.0,42.620000000000005,52.74,-174.71,89.48,-56.38,-137.74,-55.22,-79.87,-143.66,-87.54,41.41,-120.35
2025-08-13T14:24:28.076777,-22.0,28.0,-173.0,41.0,40.0,-124.0,-68.0,4.0,-116.0,-75.0,37.0,-156.0,2.620000000000001,-21.259999999999998,-148.71,24.48,6.619999999999997,-115.74,-51.22,-6.869999999999999,-114.66,-69.54,11.41,-131.35
2025-08-13T14:24:28.081054,27.0,89.0,-121.0,20.0,-58.0,-82.0,-59.0,-54.0,-86.0,-32.0,21.0,-107.0,51.620000000000005,39.74,-96.71000000000001,3.4800000000000004,-91.38,-73.74,-42.22,-64.87,-84.66,-26.54,-4.59,-82.35
2025-08-13T14:24:28.089188,-20.0,44.0,-130.0,70.0,8.0,-158.0,-54.0,55.0,-132.0,24.0,67.0,-103.0,4.620000000000001,-5.259999999999998,-105.71000000000001,53.480000000000004,-25.380000000000003,-149.74,-37.22,44.13,-130.66,29.46,41.41,-78.35
2025-08-13T14:24:28.093465,2.0,135.0,-148.0,141.0,22.0,-138.0,-59.0,22.0,-168.0,-9.0,50.0,-178.0,26.62,85.74000000000001,-123.71000000000001,124.48,-11.380000000000003,-129.74,-42.22,11.13,-166.66,-3.54,24.41,-153.35
2025-08-13T14:24:28.101411,22.0,83.0,-173.0,69.0,-25.0,-97.0,-23.0,7.0,-98.0,-40.0,30.0,-115.0,46.620000000000005,33.74,-148.71,52.480000000000004,-58.38,-88.74,-6.219999999999999,-3.869999999999999,-96.66,-34.54,4.41,-90.35
2025-08-13T14:24:28.105748,15.0,83.0,-142.0,18.0,54.0,-78.0,-105.0,-30.0,-171.0,1.0,58.0,-114.0,39.620000000000005,33.74,-117.71000000000001,1.4800000000000004,20.619999999999997,-69.74,-88.22,-40.87,-169.66,6.46,32.41,-89.35
2025-08-13T14:24:28.113807,83.0,78.0,-231.0,56.0,11.0,-199.0,-37.0,-39.0,-109.0,-90.0,67.0,-181.0,107.62,28.740000000000002,-206.71,39.480000000000004,-22.380000000000003,-190.74,-20.22,-49.87,-107.66,-84.54,41.41,-156.35
2025-08-13T14:24:28.117879,17.0,116.0,-195.0,4.0,6.0,-157.0,-35.0,-3.0,-103.0,-46.0,79.0,-149.0,41.620000000000005,66.74000000000001,-170.71,-12.52,-27.380000000000003,-148.74,-18.22,-13.87,-101.66,-40.54,53.41,-124.35
2025-08-13T14:24:28.125904,-3.0,90.0,-176.0,65.0,30.0,-89.0,-6.0,0.0,-73.0,-64.0,25.0,-162.0,21.62,40.74,-151.71,48.480000000000004,-3.3800000000000026,-80.74,10.780000000000001,-10.87,-71.66,-58.54,-0.5899999999999999,-137.35
2025-08-13T14:24:28.134226,-11.0,77.0,-169.0,45.0,-58.0,-156.0,-42.0,-51.0,-180.0,-12.0,56.0,-130.0,13.620000000000001,27.740000000000002,-144.71,28.48,-91.38,-147.74,-25.22,-61.87,-178.66,-6.54,30.41,-105.35
2025-08-13T14:24:28.138340,16.0,89.0,-106.0,52.0,30.0,-144.0,-47.0,-1.0,-132.0,-15.0,39.0,-105.0,40.620000000000005,39.74,-81.71000000000001,35.480000000000004,-3.3800000000000026,-135.74,-30.22,-11.87,-130.66,-9.54,13.41,-80.35
2025-08-13T14:24:28.146296,-13.0,88.0,-185.0,15.0,35.0,-161.0,-5.0,-57.0,-127.0,-19.0,35.0,-165.0,11.620000000000001,38.74,-160.71,-1.5199999999999996,1.6199999999999974,-152.74,11.780000000000001,-67.87,-125.66,-13.54,9.41,-140.35
2025-08-13T14:24:28.151016,16.0,154.0,-148.0,23.0,20.0,-83.0,-49.0,15.0,-129.0,-59.0,40.0,-161.0,40.620000000000005,104.74000000000001,-123.71000000000001,6.48,-13.380000000000003,-74.74,-32.22,4.130000000000001,-127.66,-53.54,14.41,-136.35
2025-08-13T14:24:28.158584,-62.0,83.0,-96.0,77.0,-45.0,-86.0,-46.0,35.0,-103.0,-75.0,34.0,-174.0,-37.379999999999995,33.74,-71.71000000000001,60.480000000000004,-78.38,-77.74,-29.22,24.130000000000003,-101.66,-69.54,8.41,-149.35
2025-08-13T14:24:28.162982,40.0,59.0,-122.0,73.0,5.0,-199.0,-52.0,70.0,-163.0,60.0,92.0,-145.0,64.62,9.740000000000002,-97.71000000000001,56.480000000000004,-28.380000000000003,-190.74,-35.22,59.13,-161.66,65.46,66.41,-120.35
2025-08-13T14:24:28.171148,-31.0,31.0,-117.0,56.0,32.0,-130.0,8.0,-65.0,-128.0,-16.0,-31.0,-107.0,-6.379999999999999,-18.259999999999998,-92.71000000000001,39.480000000000004,-1.3800000000000026,-121.74,24.78,-75.87,-126.66,-10.54,-56.59,-82.35
2025-08-13T14:24:28.175326,-46.0,54.0,-95.0,65.0,-46.0,-86.0,-49.0,-100.0,-140.0,-19.0,58.0,-112.0,-21.38,4.740000000000002,-70.71000000000001,48.480000000000004,-79.38,-77.74,-32.22,-110.87,-138.66,-13.54,32.41,-87.35
2025-08-13T14:24:28.183306,-51.0,92.0,-221.0,18.0,-12.0,-110.0,-120.0,-38.0,-113.0,-26.0,52.0,-128.0,-26.38,42.74,-196.71,1.4800000000000004,-45.38,-101.74,-103.22,-48.87,-111.66,-20.54,26.41,-103.35
2025-08-13T14:24:28.187690,-14.0,85.0,-196.0,10.0,-56.0,-99.0,-44.0,29.0,-122.0,-38.0,13.0,-121.0,10.620000000000001,35.74,-171.71,-6.52,-89.38,-90.74,-27.22,18.130000000000003,-120.66,-32.54,-12.59,-96.35
2025-08-13T14:24:28.195743,45.0,91.0,-163.0,98.0,7.0,-233.0,-26.0,-32.0,-154.0,-24.0,21.0,-144.0,69.62,41.74,-138.71,81.48,-26.380000000000003,-224.74,-9.219999999999999,-42.87,-152.66,-18.54,-4.59,-119.35
2025-08-13T14:24:28.200122,16.0,42.0,-111.0,24.0,60.0,-134.0,-12.0,-63.0,-133.0,19.0,-43.0,-134.0,40.620000000000005,-7.259999999999998,-86.71000000000001,7.48,26.619999999999997,-125.74,4.780000000000001,-73.87,-131.66,24.46,-68.59,-109.35
2025-08-13T14:24:28.207991,7.0,68.0,-157.0,76.0,19.0,-97.0,-65.0,-36.0,-158.0,-76.0,21.0,-122.0,31.62,18.740000000000002,-132.71,59.480000000000004,-14.380000000000003,-88.74,-48.22,-46.87,-156.66,-70.54,-4.59,-97.35
2025-08-13T14:24:28.215964,14.0,58.0,-201.0,-11.0,33.0,-125.0,-84.0,31.0,-147.0,-110.0,-3.0,-157.0,38.620000000000005,8.740000000000002,-176.71,-27.52,-0.38000000000000256,-116.74,-67.22,20.130000000000003,-145.66,-104.54,-28.59,-132.35
2025-08-13T14:24:28.220521,98.0,13.0,-139.0,16.0,-6.0,-116.0,-43.0,-34.0,-70.0,-64.0,37.0,-134.0,122.62,-36.26,-114.71000000000001,-0.5199999999999996,-39.38,-107.74,-26.22,-44.87,-68.66,-58.54,11.41,-109.35
2025-08-13T14:24:28.228415,74.0,81.0,-193.0,11.0,-34.0,-89.0,-109.0,-33.0,-78.0,9.0,161.0,-157.0,98.62,31.740000000000002,-168.71,-5.52,-67.38,-80.74,-92.22,-43.87,-76.66,14.46,135.41,-132.35
2025-08-13T14:24:28.232809,20.0,120.0,-141.0,-7.0,-8.0,-117.0,-143.0,61.0,-95.0,-10.0,44.0,-99.0,44.620000000000005,70.74000000000001,-116.71000000000001,-23.52,-41.38,-108.74,-126.22,50.13,-93.66,-4.54,18.41,-74.35
2025-08-13T14:24:28.240894,-13.0,73.0,-135.0,125.0,54.0,-146.0,-47.0,-60.0,-161.0,-18.0,-18.0,-151.0,11.620000000000001,23.740000000000002,-110.71000000000001,108.48,20.619999999999997,-137.74,-30.22,-70.87,-159.66,-12.54,-43.59,-126.35
2025-08-13T14:24:28.245434,68.0,168.0,-168.0,51.0,61.0,-91.0,-32.0,-18.0,-109.0,-59.0,10.0,-148.0,92.62,118.74000000000001,-143.71,34.480000000000004,27.619999999999997,-82.74,-15.219999999999999,-28.869999999999997,-107.66,-53.54,-15.59,-123.35
2025-08-13T14:24:28.253201,39.0,77.0,-147.0,50.0,54.0,-122.0,-52.0,4.0,-130.0,-19.0,5.0,-133.0,63.620000000000005,27.740000000000002,-122.71000000000001,33.480000000000004,20.619999999999997,-113.74,-35.22,-6.869999999999999,-128.66,-13.54,-20.59,-108.35
2025-08-13T14:24:28.258060,-28.0,59.0,-147.0,50.0,-30.0,-105.0,-55.0,28.0,-70.0,-19.0,177.0,-103.0,-3.379999999999999,9.740000000000002,-122.71000000000001,33.480000000000004,-63.38,-96.74,-38.22,17.130000000000003,-68.66,-13.54,151.41,-78.35
2025-08-13T14:24:28.265567,-15.0,19.0,-169.0,3.0,-26.0,-185.0,-138.0,14.0,-84.0,-32.0,73.0,-149.0,9.620000000000001,-30.259999999999998,-144.71,-13.52,-59.38,-176.74,-121.22,3.130000000000001,-82.66,-26.54,47.41,-124.35
2025-08-13T14:24:28.270139,-28.0,73.0,-65.0,92.0,-3.0,-143.0,33.0,16.0,-89.0,-71.0,45.0,-133.0,-3.379999999999999,23.740000000000002,-40.71,75.48,-36.38,-134.74,49.78,5.130000000000001,-87.66,-65.54,19.41,-108.35
2025-08-13T14:24:28.277988,-48.0,73.0,-123.0,51.0,-36.0,-153.0,-3.0,-38.0,-165.0,7.0,95.0,-185.0,-23.38,23.740000000000002,-98.71000000000001,34.480000000000004,-69.38,-144.74,13.780000000000001,-48.87,-163.66,12.46,69.41,-160.35
2025-08-13T14:24:28.282669,12.0,120.0,-137.0,42.0,62.0,-85.0,-18.0,-35.0,-131.0,-50.0,56.0,-136.0,36.620000000000005,70.74000000000001,-112.71000000000001,25.48,28.619999999999997,-76.74,-1.2199999999999989,-45.87,-129.66,-44.54,30.41,-111.35
2025-08-13T14:24:28.290103,61.0,98.0,-173.0,31.0,28.0,-129.0,-126.0,32.0,-61.0,-3.0,10.0,-98.0,85.62,48.74,-148.71,14.48,-5.380000000000003,-120.74,-109.22,21.130000000000003,-59.66,2.46,-15.59,-73.35
2025-08-13T14:24:28.294906,40.0,80.0,-142.0,22.0,29.0,-108.0,-67.0,-15.0,-114.0,-43.0,72.0,-111.0,64.62,30.740000000000002,-117.71000000000001,5.48,-4.380000000000003,-99.74,-50.22,-25.869999999999997,-112.66,-37.54,46.41,-86.35
2025-08-13T14:24:28.302872,18.0,17.0,-92.0,49.0,-10.0,-142.0,-133.0,-45.0,-144.0,-37.0,46.0,-186.0,42.620000000000005,-32.26,-67.71000000000001,32.480000000000004,-43.38,-133.74,-116.22,-55.87,-142.66,-31.54,20.41,-161.35
2025-08-13T14:24:28.310597,1.0,42.0,-178.0,56.0,-35.0,-57.0,-119.0,-51.0,-72.0,-35.0,54.0,-212.0,25.62,-7.259999999999998,-153.71,39.480000000000004,-68.38,-48.74,-102.22,-61.87,-70.66,-29.54,28.41,-187.35
2025-08-13T14:24:28.315056,-30.0,114.0,-72.0,25.0,-36.0,-71.0,16.0,3.0,-111.0,0.0,77.0,-146.0,-5.379999999999999,64.74000000000001,-47.71,8.48,-69.38,-62.74,32.78,-7.869999999999999,-109.66,5.46,51.41,-121.35
2025-08-13T14:24:28.322511,-22.0,99.0,-153.0,48.0,70.0,-79.0,-56.0,45.0,-82.0,-9.0,-45.0,-151.0,2.620000000000001,49.74,-128.71,31.48,36.62,-70.74,-39.22,34.13,-80.66,-3.54,-70.59,-126.35
2025-08-13T14:24:28.327180,63.0,129.0,-174.0,-21.0,15.0,-157.0,-90.0,6.0,-119.0,-30.0,54.0,-53.0,87.62,79.74000000000001,-149.71,-37.519999999999996,-18.380000000000003,-148.74,-73.22,-4.869999999999999,-117.66,-24.54,28.41,-28.35
2025-08-13T14:24:28.334895,8.0,126.0,-141.0,0.0,-35.0,-145.0,-87.0,-21.0,-185.0,-79.0,74.0,-202.0,32.620000000000005,76.74000000000001,-116.71000000000001,-16.52,-68.38,-136.74,-70.22,-31.869999999999997,-183.66,-73.54,48.41,-177.35
2025-08-13T14:24:28.339392,28.0,42.0,-82.0,57.0,7.0,-117.0,-29.0,8.0,-114.0,-124.0,71.0,-151.0,52.620000000000005,-7.259999999999998,-57.71,40.480000000000004,-26.380000000000003,-108.74,-12.219999999999999,-2.869999999999999,-112.66,-118.54,45.41,-126.35
2025-08-13T14:24:28.347085,3.0,97.0,-164.0,16.0,34.0,-91.0,-54.0,18.0,-92.0,-72.0,102.0,-110.0,27.62,47.74,-139.71,-0.5199999999999996,0.6199999999999974,-82.74,-37.22,7.130000000000001,-90.66,-66.54,76.41,-85.35
2025-08-13T14:24:28.351630,-86.0,103.0,-132.0,43.0,-43.0,-109.0,-67.0,1.0,-133.0,-97.0,14.0,-146.0,-61.379999999999995,53.74,-107.71000000000001,26.48,-76.38,-100.74,-50.22,-9.87,-131.66,-91.54,-11.59,-121.35
2025-08-13T14:24:28.359451,-43.0,106.0,-186.0,72.0,-48.0,-112.0,-126.0,-30.0,-61.0,-1.0,-12.0,-70.0,-18.38,56.74,-161.71,55.480000000000004,-81.38,-103.74,-109.22,-40.87,-59.66,4.46,-37.59,-45.35
2025-08-13T14:24:28.364048,49.0,102.0,-185.0,79.0,3.0,-132.0,-65.0,6.0,-94.0,-135.0,18.0,-168.0,73.62,52.74,-160.71,62.480000000000004,-30.380000000000003,-123.74,-48.22,-4.869999999999999,-92.66,-129.54,-7.59,-143.35
2025-08-13T14:24:28.371948,54.0,94.0,-137.0,70.0,-26.0,-150.0,-76.0,62.0,-117.0,-103.0,31.0,-57.0,78.62,44.74,-112.71000000000001,53.480000000000004,-59.38,-141.74,-59.22,51.13,-115.66,-97.54,5.41,-32.35
2025-08-13T14:24:28.376429,67.0,69.0,-108.0,1.0,-35.0,-107.0,-45.0,-10.0,-112.0,-72.0,70.0,-136.0,91.62,19.740000000000002,-83.71000000000001,-15.52,-68.38,-98.74,-28.22,-20.869999999999997,-110.66,-66.54,44.41,-111.35
2025-08-13T14:24:28.384346,-32.0,14.0,-122.0,81.0,112.0,-118.0,-72.0,2.0,-118.0,22.0,-3.0,-173.0,-7.379999999999999,-35.26,-97.71000000000001,64.48,78.62,-109.74,-55.22,-8.87,-116.66,27.46,-28.59,-148.35
2025-08-13T14:24:28.388764,10.0,73.0,-132.0,39.0,39.0,-117.0,-72.0,4.0,-91.0,-2.0,48.0,-125.0,34.620000000000005,23.740000000000002,-107.71000000000001,22.48,5.619999999999997,-108.74,-55.22,-6.869999999999999,-89.66,3.46,22.41,-100.35
2025-08-13T14:24:28.397465,29.0,34.0,-160.0,57.0,8.0,-158.0,-36.0,30.0,-74.0,-39.0,65.0,-96.0,53.620000000000005,-15.259999999999998,-135.71,40.480000000000004,-25.380000000000003,-149.74,-19.22,19.130000000000003,-72.66,-33.54,39.41,-71.35
2025-08-13T14:24:28.404029,46.0,105.0,-171.0,59.0,26.0,-142.0,4.0,-2.0,-121.0,-32.0,20.0,-131.0,70.62,55.74,-146.71,42.480000000000004,-7.380000000000003,-133.74,20.78,-12.87,-119.66,-26.54,-5.59,-106.35
2025-08-13T14:24:28.410381,-21.0,97.0,-217.0,5.0,-37.0,-120.0,-55.0,2.0,-128.0,-47.0,20.0,-113.0,3.620000000000001,47.74,-192.71,-11.52,-70.38,-111.74,-38.22,-8.87,-126.66,-41.54,-5.59,-88.35
2025-08-13T14:24:28.416821,13.0,39.0,-149.0,62.0,-40.0,-119.0,-21.0,-41.0,-116.0,-31.0,94.0,-166.0,37.620000000000005,-10.259999999999998,-124.71000000000001,45.480000000000004,-73.38,-110.74,-4.219999999999999,-51.87,-114.66,-25.54,68.41,-141.35
2025-08-13T14:24:28.420902,-48.0,80.0,-80.0,0.0,-13.0,-115.0,-8.0,-80.0,-110.0,-1.0,85.0,-166.0,-23.38,30.740000000000002,-55.71,-16.52,-46.38,-106.74,8.780000000000001,-90.87,-108.66,4.46,59.41,-141.35
2025-08-13T14:24:28.428865,6.0,106.0,-47.0,83.0,23.0,-127.0,-68.0,-52.0,-89.0,21.0,42.0,-110.0,30.62,56.74,-22.71,66.48,-10.380000000000003,-118.74,-51.22,-62.87,-87.66,26.46,16.41,-85.35
2025-08-13T14:24:28.433361,1.0,66.0,-230.0,80.0,0.0,-150.0,-73.0,21.0,-153.0,-90.0,-1.0,-151.0,25.62,16.740000000000002,-205.71,63.480000000000004,-33.38,-141.74,-56.22,10.13,-151.66,-84.54,-26.59,-126.35
2025-08-13T14:24:28.441269,-2.0,126.0,-131.0,46.0,0.0,-123.0,-64.0,9.0,-121.0,-40.0,-22.0,-167.0,22.62,76.74000000000001,-106.71000000000001,29.48,-33.38,-114.74,-47.22,-1.8699999999999992,-119.66,-34.54,-47.59,-142.35
2025-08-13T14:24:28.445650,5.0,-14.0,-203.0,32.0,-35.0,-187.0,-55.0,-36.0,-152.0,-126.0,27.0,-102.0,29.62,-63.26,-178.71,15.48,-68.38,-178.74,-38.22,-46.87,-150.66,-120.54,1.4100000000000001,-77.35
2025-08-13T14:24:28.453654,26.0,56.0,-176.0,43.0,52.0,-96.0,-50.0,-95.0,-107.0,-30.0,52.0,-138.0,50.620000000000005,6.740000000000002,-151.71,26.48,18.619999999999997,-87.74,-33.22,-105.87,-105.66,-24.54,26.41,-113.35
2025-08-13T14:24:28.457966,-23.0,103.0,-124.0,54.0,33.0,-136.0,-59.0,-14.0,-63.0,-34.0,9.0,-141.0,1.620000000000001,53.74,-99.71000000000001,37.480000000000004,-0.38000000000000256,-127.74,-42.22,-24.869999999999997,-61.66,-28.54,-16.59,-116.35
2025-08-13T14:24:28.465940,-65.0,91.0,-133.0,48.0,9.0,-101.0,-78.0,-24.0,-131.0,-33.0,-13.0,-154.0,-40.379999999999995,41.74,-108.71000000000001,31.48,-24.380000000000003,-92.74,-61.22,-34.87,-129.66,-27.54,-38.59,-129.35
2025-08-13T14:24:28.470653,-14.0,118.0,-130.0,3.0,8.0,-154.0,-66.0,28.0,-92.0,-65.0,-44.0,-105.0,10.620000000000001,68.74000000000001,-105.71000000000001,-13.52,-25.380000000000003,-145.74,-49.22,17.130000000000003,-90.66,-59.54,-69.59,-80.35
2025-08-13T14:24:28.478337,17.0,29.0,-170.0,32.0,-38.0,-129.0,10.0,21.0,-177.0,-103.0,38.0,-106.0,41.620000000000005,-20.259999999999998,-145.71,15.48,-71.38,-120.74,26.78,10.13,-175.66,-97.54,12.41,-81.35
2025-08-13T14:24:28.482673,52.0,49.0,-134.0,51.0,49.0,-139.0,-38.0,-63.0,-140.0,-84.0,81.0,-86.0,76.62,-0.259999999999998,-109.71000000000001,34.480000000000004,15.619999999999997,-130.74,-21.22,-73.87,-138.66,-78.54,55.41,-61.35
2025-08-13T14:24:28.490766,61.0,86.0,-87.0,25.0,3.0,-119.0,-51.0,-38.0,-64.0,-43.0,43.0,-143.0,85.62,36.74,-62.71,8.48,-30.380000000000003,-110.74,-34.22,-48.87,-62.66,-37.54,17.41,-118.35
2025-08-13T14:24:28.494714,26.0,22.0,-100.0,11.0,-62.0,-158.0,-83.0,-10.0,-116.0,-39.0,27.0,-119.0,50.620000000000005,-27.259999999999998,-75.71000000000001,-5.52,-95.38,-149.74,-66.22,-20.869999999999997,-114.66,-33.54,1.4100000000000001,-94.35
2025-08-13T14:24:28.502863,22.0,102.0,-96.0,17.0,49.0,-116.0,-32.0,35.0,-101.0,-1.0,54.0,-98.0,46.620000000000005,52.74,-71.71000000000001,0.4800000000000004,15.619999999999997,-107.74,-15.219999999999999,24.130000000000003,-99.66,4.46,28.41,-73.35
2025-08-13T14:24:28.510984,95.0,73.0,-102.0,114.0,-11.0,-97.0,-82.0,-21.0,-152.0,-37.0,129.0,-63.0,119.62,23.740000000000002,-77.71000000000001,97.48,-44.38,-88.74,-65.22,-31.869999999999997,-150.66,-31.54,103.41,-38.35
2025-08-13T14:24:28.516123,52.0,53.0,-220.0,76.0,63.0,-75.0,-47.0,-1.0,-123.0,-137.0,71.0,-152.0,76.62,3.740000000000002,-195.71,59.480000000000004,29.619999999999997,-66.74,-30.22,-11.87,-121.66,-131.54,45.41,-127.35
2025-08-13T14:24:28.523206,62.0,103.0,-99.0,103.0,40.0,-129.0,5.0,-7.0,-85.0,-89.0,94.0,-154.0,86.62,53.74,-74.71000000000001,86.48,6.619999999999997,-120.74,21.78,-17.869999999999997,-83.66,-83.54,68.41,-129.35
2025-08-13T14:24:28.528492,31.0,23.0,-87.0,27.0,72.0,-115.0,-223.0,-3.0,-78.0,-68.0,86.0,-111.0,55.620000000000005,-26.259999999999998,-62.71,10.48,38.62,-106.74,-206.22,-13.87,-76.66,-62.54,60.41,-86.35
2025-08-13T14:24:28.535672,18.0,47.0,-148.0,53.0,-40.0,-146.0,-11.0,-23.0,-93.0,-96.0,61.0,-154.0,42.620000000000005,-2.259999999999998,-123.71000000000001,36.480000000000004,-73.38,-137.74,5.780000000000001,-33.87,-91.66,-90.54,35.41,-129.35
2025-08-13T14:24:28.541164,-18.0,69.0,-110.0,50.0,-39.0,-142.0,-46.0,-78.0,-178.0,4.0,14.0,-124.0,6.620000000000001,19.740000000000002,-85.71000000000001,33.480000000000004,-72.38,-133.74,-29.22,-88.87,-176.66,9.46,-11.59,-99.35
2025-08-13T14:24:28.547813,-3.0,107.0,-132.0,42.0,6.0,-124.0,22.0,6.0,-111.0,-181.0,-75.0,-85.0,21.62,57.74,-107.71000000000001,25.48,-27.380000000000003,-115.74,38.78,-4.869999999999999,-109.66,-175.54,-100.59,-60.35
2025-08-13T14:24:28.552981,76.0,128.0,-200.0,56.0,-21.0,-123.0,-34.0,-40.0,-84.0,-44.0,41.0,-45.0,100.62,78.74000000000001,-175.71,39.480000000000004,-54.38,-114.74,-17.22,-50.87,-82.66,-38.54,15.41,-20.35
2025-08-13T14:24:28.560241,39.0,32.0,-168.0,72.0,42.0,-112.0,-6.0,-11.0,-60.0,27.0,58.0,-145.0,63.620000000000005,-17.259999999999998,-143.71,55.480000000000004,8.619999999999997,-103.74,10.780000000000001,-21.869999999999997,-58.66,32.46,32.41,-120.35
2025-08-13T14:24:28.565105,29.0,29.0,-184.0,-8.0,-25.0,-107.0,-51.0,-4.0,-125.0,-24.0,-3.0,-185.0,53.620000000000005,-20.259999999999998,-159.71,-24.52,-58.38,-98.74,-34.22,-14.87,-123.66,-18.54,-28.59,-160.35
2025-08-13T14:24:28.572568,45.0,10.0,-217.0,69.0,17.0,-131.0,-57.0,1.0,-159.0,-65.0,44.0,-126.0,69.62,-39.26,-192.71,52.480000000000004,-16.380000000000003,-122.74,-40.22,-9.87,-157.66,-59.54,18.41,-101.35
2025-08-13T14:24:28.577341,-58.0,81.0,-131.0,51.0,-4.0,-134.0,-63.0,-43.0,-137.0,-70.0,1.0,-133.0,-33.379999999999995,31.740000000000002,-106.71000000000001,34.480000000000004,-37.38,-125.74,-46.22,-53.87,-135.66,-64.54,-24.59,-108.35
2025-08-13T14:24:28.584916,-46.0,104.0,-244.0,63.0,-19.0,-168.0,29.0,28.0,-185.0,-119.0,-3.0,-82.0,-21.38,54.74,-219.71,46.480000000000004,-52.38,-159.74,45.78,17.130000000000003,-183.66,-113.54,-28.59,-57.35
2025-08-13T14:24:28.588993,-14.0,65.0,-241.0,48.0,24.0,-103.0,-23.0,3.0,-87.0,-14.0,71.0,-144.0,10.620000000000001,15.740000000000002,-216.71,31.48,-9.380000000000003,-94.74,-6.219999999999999,-7.869999999999999,-85.66,-8.54,45.41,-119.35
2025-08-13T14:24:28.597134,49.0,65.0,-211.0,62.0,18.0,-181.0,-41.0,42.0,-66.0,-1.0,81.0,-148.0,73.62,15.740000000000002,-186.71,45.480000000000004,-15.380000000000003,-172.74,-24.22,31.130000000000003,-64.66,4.46,55.41,-123.35
2025-08-13T14:24:28.601571,85.0,61.0,-181.0,61.0,-33.0,-129.0,-76.0,-25.0,-141.0,-45.0,17.0,-240.0,109.62,11.740000000000002,-156.71,44.480000000000004,-66.38,-120.74,-59.22,-35.87,-139.66,-39.54,-8.59,-215.35
2025-08-13T14:24:28.609224,-34.0,63.0,-156.0,3.0,26.0,-139.0,-36.0,8.0,-93.0,-80.0,9.0,-108.0,-9.379999999999999,13.740000000000002,-131.71,-13.52,-7.380000000000003,-130.74,-19.22,-2.869999999999999,-91.66,-74.54,-16.59,-83.35
2025-08-13T14:24:28.613675,-13.0,48.0,-187.0,72.0,34.0,-118.0,4.0,44.0,-130.0,-93.0,66.0,-113.0,11.620000000000001,-1.259999999999998,-162.71,55.480000000000004,0.6199999999999974,-109.74,20.78,33.13,-128.66,-87.54,40.41,-88.35
2025-08-13T14:24:28.621735,-16.0,95.0,-183.0,58.0,-43.0,-87.0,-26.0,-85.0,-136.0,-67.0,79.0,-131.0,8.620000000000001,45.74,-158.71,41.480000000000004,-76.38,-78.74,-9.219999999999999,-95.87,-134.66,-61.54,53.41,-106.35
2025-08-13T14:24:28.629776,4.0,67.0,-203.0,5.0,28.0,-95.0,-57.0,-54.0,-124.0,-75.0,124.0,-162.0,28.62,17.740000000000002,-178.71,-11.52,-5.380000000000003,-86.74,-40.22,-64.87,-122.66,-69.54,98.41,-137.35
2025-08-13T14:24:28.634057,63.0,77.0,-169.0,50.0,17.0,-102.0,-57.0,-8.0,-167.0,-22.0,41.0,-103.0,87.62,27.740000000000002,-144.71,33.480000000000004,-16.380000000000003,-93.74,-40.22,-18.869999999999997,-165.66,-16.54,15.41,-78.35
2025-08-13T14:24:28.642193,25.0,61.0,-135.0,49.0,15.0,-107.0,-108.0,-11.0,-167.0,-31.0,79.0,-125.0,49.620000000000005,11.740000000000002,-110.71000000000001,32.480000000000004,-18.380000000000003,-98.74,-91.22,-21.869999999999997,-165.66,-25.54,53.41,-100.35
2025-08-13T14:24:28.646682,22.0,105.0,-186.0,104.0,76.0,-127.0,-80.0,32.0,-101.0,-27.0,13.0,-119.0,46.620000000000005,55.74,-161.71,87.48,42.62,-118.74,-63.22,21.130000000000003,-99.66,-21.54,-12.59,-94.35
2025-08-13T14:24:28.654561,17.0,124.0,-165.0,40.0,13.0,-114.0,-7.0,-55.0,-135.0,-76.0,76.0,-188.0,41.620000000000005,74.74000000000001,-140.71,23.48,-20.380000000000003,-105.74,9.780000000000001,-65.87,-133.66,-70.54,50.41,-163.35
2025-08-13T14:24:28.659095,61.0,116.0,-138.0,49.0,-27.0,-93.0,-92.0,-122.0,-50.0,-54.0,86.0,-175.0,85.62,66.74000000000001,-113.71000000000001,32.480000000000004,-60.38,-84.74,-75.22,-132.87,-48.66,-48.54,60.41,-150.35
2025-08-13T14:24:28.667032,69.0,130.0,-196.0,30.0,15.0,-71.0,-74.0,14.0,-145.0,-36.0,108.0,-169.0,93.62,80.74000000000001,-171.71,13.48,-18.380000000000003,-62.74,-57.22,3.130000000000001,-143.66,-30.54,82.41,-144.35
2025-08-13T14:24:28.671700,-1.0,66.0,-177.0,16.0,44.0,-127.0,-108.0,-58.0,-202.0,-76.0,37.0,-137.0,23.62,16.740000000000002,-152.71,-0.5199999999999996,10.619999999999997,-118.74,-91.22,-68.87,-200.66,-70.54,11.41,-112.35
2025-08-13T14:24:28.679405,18.0,22.0,-108.0,63.0,21.0,-128.0,-84.0,-63.0,-168.0,-145.0,-41.0,-138.0,42.620000000000005,-27.259999999999998,-83.71000000000001,46.480000000000004,-12.380000000000003,-119.74,-67.22,-73.87,-166.66,-139.54,-66.59,-113.35
2025-08-13T14:24:28.686989,26.0,41.0,-96.0,120.0,-14.0,-85.0,-89.0,-18.0,-161.0,25.0,102.0,-182.0,50.620000000000005,-8.259999999999998,-71.71000000000001,103.48,-47.38,-76.74,-72.22,-28.869999999999997,-159.66,30.46,76.41,-157.35
2025-08-13T14:24:28.691665,38.0,16.0,-135.0,94.0,10.0,-144.0,-106.0,59.0,-145.0,-73.0,81.0,-93.0,62.620000000000005,-33.26,-110.71000000000001,77.48,-23.380000000000003,-135.74,-89.22,48.13,-143.66,-67.54,55.41,-68.35
2025-08-13T14:24:28.699727,-2.0,70.0,-249.0,-29.0,-13.0,-159.0,-115.0,-16.0,-152.0,-47.0,11.0,-177.0,22.62,20.740000000000002,-224.71,-45.519999999999996,-46.38,-150.74,-98.22,-26.869999999999997,-150.66,-41.54,-14.59,-152.35
2025-08-13T14:24:28.704115,1.0,141.0,-245.0,61.0,29.0,-117.0,-29.0,-30.0,-128.0,-109.0,95.0,-165.0,25.62,91.74000000000001,-220.71,44.480000000000004,-4.380000000000003,-108.74,-12.219999999999999,-40.87,-126.66,-103.54,69.41,-140.35
2025-08-13T14:24:28.711807,61.0,121.0,-110.0,75.0,25.0,-187.0,-26.0,-56.0,-88.0,-36.0,31.0,-167.0,85.62,71.74000000000001,-85.71000000000001,58.480000000000004,-8.380000000000003,-178.74,-9.219999999999999,-66.87,-86.66,-30.54,5.41,-142.35
2025-08-13T14:24:28.718981,-23.0,62.0,-124.0,38.0,-58.0,-136.0,-105.0,31.0,-146.0,-13.0,115.0,-191.0,1.620000000000001,12.740000000000002,-99.71000000000001,21.48,-91.38,-127.74,-88.22,20.130000000000003,-144.66,-7.54,89.41,-166.35
2025-08-13T14:24:28.729990,-71.0,126.0,-121.0,20.0,-10.0,-129.0,-137.0,-9.0,-122.0,-24.0,62.0,-188.0,-46.379999999999995,76.74000000000001,-96.71000000000001,3.4800000000000004,-43.38,-120.74,-120.22,-19.869999999999997,-120.66,-18.54,36.41,-163.35
2025-08-13T14:24:28.736558,15.0,62.0,-110.0,21.0,53.0,-114.0,16.0,-23.0,-152.0,-65.0,-1.0,-86.0,39.620000000000005,12.740000000000002,-85.71000000000001,4.48,19.619999999999997,-105.74,32.78,-33.87,-150.66,-59.54,-26.59,-61.35
2025-08-13T14:24:28.741202,-9.0,114.0,-97.0,-29.0,7.0,-135.0,-28.0,-67.0,-67.0,-102.0,45.0,-148.0,15.620000000000001,64.74000000000001,-72.71000000000001,-45.519999999999996,-26.380000000000003,-126.74,-11.219999999999999,-77.87,-65.66,-96.54,19.41,-123.35
2025-08-13T14:24:28.745247,14.0,70.0,-127.0,90.0,-11.0,-82.0,-60.0,-20.0,-133.0,-53.0,56.0,-188.0,38.620000000000005,20.740000000000002,-102.71000000000001,73.48,-44.38,-73.74,-43.22,-30.869999999999997,-131.66,-47.54,30.41,-163.35
2025-08-13T14:24:28.748583,101.0,19.0,-118.0,65.0,-27.0,-93.0,-17.0,27.0,-132.0,-75.0,1.0,-165.0,125.62,-30.259999999999998,-93.71000000000001,48.480000000000004,-60.38,-84.74,-0.21999999999999886,16.130000000000003,-130.66,-69.54,-24.59,-140.35
2025-08-13T14:24:28.756623,-1.0,123.0,-150.0,137.0,-6.0,-135.0,-86.0,-24.0,-105.0,-17.0,34.0,-156.0,23.62,73.74000000000001,-125.71000000000001,120.48,-39.38,-126.74,-69.22,-34.87,-103.66,-11.54,8.41,-131.35
2025-08-13T14:24:28.760874,57.0,153.0,-131.0,122.0,7.0,-145.0,-46.0,10.0,-131.0,-42.0,53.0,-125.0,81.62,103.74000000000001,-106.71000000000001,105.48,-26.380000000000003,-136.74,-29.22,-0.8699999999999992,-129.66,-36.54,27.41,-100.35
2025-08-13T14:24:28.768844,1.0,52.0,-150.0,47.0,-12.0,-86.0,-51.0,-50.0,-96.0,6.0,118.0,-148.0,25.62,2.740000000000002,-125.71000000000001,30.48,-45.38,-77.74,-34.22,-60.87,-94.66,11.46,92.41,-123.35
2025-08-13T14:24:28.773391,-20.0,73.0,-137.0,40.0,-65.0,-117.0,-120.0,6.0,-120.0,-116.0,20.0,-146.0,4.620000000000001,23.740000000000002,-112.71000000000001,23.48,-98.38,-108.74,-103.22,-4.869999999999999,-118.66,-110.54,-5.59,-121.35
2025-08-13T14:24:28.781484,-30.0,135.0,-96.0,-17.0,-9.0,-103.0,-70.0,-12.0,-104.0,-17.0,3.0,-116.0,-5.379999999999999,85.74000000000001,-71.71000000000001,-33.519999999999996,-42.38,-94.74,-53.22,-22.869999999999997,-102.66,-11.54,-22.59,-91.35
2025-08-13T14:24:28.785755,-48.0,109.0,-145.0,-34.0,-3.0,-101.0,-9.0,46.0,-152.0,-50.0,31.0,-75.0,-23.38,59.74,-120.71000000000001,-50.519999999999996,-36.38,-92.74,7.780000000000001,35.13,-150.66,-44.54,5.41,-50.35
2025-08-13T14:24:28.793692,-32.0,69.0,-222.0,56.0,41.0,-96.0,-45.0,-26.0,-43.0,-96.0,41.0,-153.0,-7.379999999999999,19.740000000000002,-197.71,39.480000000000004,7.619999999999997,-87.74,-28.22,-36.87,-41.66,-90.54,15.41,-128.35
2025-08-13T14:24:28.798001,37.0,71.0,-221.0,31.0,34.0,-99.0,-29.0,-84.0,-82.0,-77.0,74.0,-142.0,61.620000000000005,21.740000000000002,-196.71,14.48,0.6199999999999974,-90.74,-12.219999999999999,-94.87,-80.66,-71.54,48.41,-117.35
2025-08-13T14:24:28.805900,93.0,58.0,-82.0,34.0,9.0,-93.0,-57.0,-13.0,-112.0,-23.0,43.0,-87.0,117.62,8.740000000000002,-57.71,17.48,-24.380000000000003,-84.74,-40.22,-23.869999999999997,-110.66,-17.54,17.41,-62.35
2025-08-13T14:24:28.810321,-15.0,45.0,-169.0,88.0,-22.0,-64.0,-113.0,6.0,-94.0,-89.0,79.0,-144.0,9.620000000000001,-4.259999999999998,-144.71,71.48,-55.38,-55.74,-96.22,-4.869999999999999,-92.66,-83.54,53.41,-119.35
2025-08-13T14:24:28.818132,-33.0,33.0,-68.0,39.0,22.0,-97.0,-77.0,78.0,-97.0,9.0,18.0,-139.0,-8.379999999999999,-16.259999999999998,-43.71,22.48,-11.380000000000003,-88.74,-60.22,67.13,-95.66,14.46,-7.59,-114.35
2025-08-13T14:24:28.822640,-68.0,107.0,-122.0,74.0,-37.0,-51.0,-20.0,10.0,-87.0,-50.0,34.0,-115.0,-43.379999999999995,57.74,-97.71000000000001,57.480000000000004,-70.38,-42.74,-3.219999999999999,-0.8699999999999992,-85.66,-44.54,8.41,-90.35
2025-08-13T14:24:28.830679,11.0,99.0,-155.0,-25.0,21.0,-126.0,-113.0,-61.0,-95.0,-72.0,28.0,-80.0,35.620000000000005,49.74,-130.71,-41.519999999999996,-12.380000000000003,-117.74,-96.22,-71.87,-93.66,-66.54,2.41,-55.35
2025-08-13T14:24:28.834876,34.0,69.0,-171.0,80.0,-9.0,-63.0,-94.0,-20.0,-144.0,-48.0,27.0,-94.0,58.620000000000005,19.740000000000002,-146.71,63.480000000000004,-42.38,-54.74,-77.22,-30.869999999999997,-142.66,-42.54,1.4100000000000001,-69.35
2025-08-13T14:24:28.842882,-32.0,78.0,-81.0,-5.0,38.0,-82.0,-80.0,-14.0,-102.0,17.0,43.0,-131.0,-7.379999999999999,28.740000000000002,-56.71,-21.52,4.619999999999997,-73.74,-63.22,-24.869999999999997,-100.66,22.46,17.41,-106.35
2025-08-13T14:24:28.847063,-59.0,28.0,-91.0,77.0,31.0,-63.0,-8.0,-12.0,-80.0,-22.0,72.0,-94.0,-34.379999999999995,-21.259999999999998,-66.71000000000001,60.480000000000004,-2.3800000000000026,-54.74,8.780000000000001,-22.869999999999997,-78.66,-16.54,46.41,-69.35
2025-08-13T14:24:28.855041,23.0,2.0,-90.0,66.0,-12.0,-98.0,-32.0,-47.0,-33.0,-29.0,57.0,-150.0,47.620000000000005,-47.26,-65.71000000000001,49.480000000000004,-45.38,-89.74,-15.219999999999999,-57.87,-31.66,-23.54,31.41,-125.35
2025-08-13T14:24:28.859423,-43.0,75.0,-33.0,76.0,50.0,-124.0,-30.0,17.0,-115.0,-86.0,21.0,-105.0,-18.38,25.740000000000002,-8.71,59.480000000000004,16.619999999999997,-115.74,-13.219999999999999,6.130000000000001,-113.66,-80.54,-4.59,-80.35
2025-08-13T14:24:28.867412,-37.0,49.0,-171.0,23.0,21.0,-59.0,2.0,11.0,-81.0,-26.0,78.0,-102.0,-12.379999999999999,-0.259999999999998,-146.71,6.48,-12.380000000000003,-50.74,18.78,0.13000000000000078,-79.66,-20.54,52.41,-77.35
2025-08-13T14:24:28.871887,-10.0,22.0,-141.0,67.0,1.0,-67.0,-31.0,-41.0,-60.0,6.0,78.0,-133.0,14.620000000000001,-27.259999999999998,-116.71000000000001,50.480000000000004,-32.38,-58.74,-14.219999999999999,-51.87,-58.66,11.46,52.41,-108.35
2025-08-13T14:24:28.879714,-2.0,101.0,-94.0,83.0,66.0,-122.0,-30.0,46.0,-73.0,-48.0,30.0,-98.0,22.62,51.74,-69.71000000000001,66.48,32.62,-113.74,-13.219999999999999,35.13,-71.66,-42.54,4.41,-73.35
2025-08-13T14:24:28.884791,-1.0,45.0,-53.0,-60.0,-35.0,-45.0,-90.0,21.0,-28.0,-10.0,23.0,-109.0,23.62,-4.259999999999998,-28.71,-76.52,-68.38,-36.74,-73.22,10.13,-26.66,-4.54,-2.59,-84.35
2025-08-13T14:24:28.892049,-99.0,32.0,-73.0,27.0,25.0,-74.0,5.0,74.0,-27.0,12.0,41.0,-117.0,-74.38,-17.259999999999998,-48.71,10.48,-8.380000000000003,-65.74,21.78,63.13,-25.66,17.46,15.41,-92.35
2025-08-13T14:24:28.896764,0.0,91.0,-105.0,-5.0,11.0,-58.0,-23.0,-10.0,-74.0,0.0,-2.0,-89.0,24.62,41.74,-80.71000000000001,-21.52,-22.380000000000003,-49.74,-6.219999999999999,-20.869999999999997,-72.66,5.46,-27.59,-64.35
2025-08-13T14:24:28.904811,-14.0,121.0,-87.0,58.0,34.0,-41.0,-51.0,16.0,-55.0,-20.0,-41.0,-66.0,10.620000000000001,71.74000000000001,-62.71,41.480000000000004,0.6199999999999974,-32.74,-34.22,5.130000000000001,-53.66,-14.54,-66.59,-41.35
2025-08-13T14:24:28.910199,-84.0,92.0,-103.0,14.0,-4.0,-47.0,-33.0,-26.0,-84.0,-120.0,7.0,-79.0,-59.379999999999995,42.74,-78.71000000000001,-2.5199999999999996,-37.38,-38.74,-16.22,-36.87,-82.66,-114.54,-18.59,-54.35
2025-08-13T14:24:28.916809,-38.0,64.0,-101.0,10.0,44.0,-64.0,-73.0,-23.0,-69.0,-94.0,59.0,-58.0,-13.379999999999999,14.740000000000002,-76.71000000000001,-6.52,10.619999999999997,-55.74,-56.22,-33.87,-67.66,-88.54,33.41,-33.35
2025-08-13T14:24:28.921103,-42.0,66.0,-68.0,58.0,37.0,-20.0,-60.0,23.0,-70.0,-50.0,47.0,-57.0,-17.38,16.740000000000002,-43.71,41.480000000000004,3.6199999999999974,-11.74,-43.22,12.13,-68.66,-44.54,21.41,-32.35
2025-08-13T14:24:28.930358,50.0,93.0,-66.0,101.0,-19.0,-114.0,-60.0,69.0,-59.0,3.0,41.0,-45.0,74.62,43.74,-41.71,84.48,-52.38,-105.74,-43.22,58.13,-57.66,8.46,15.41,-20.35
2025-08-13T14:24:28.933203,-21.0,34.0,-45.0,62.0,51.0,-76.0,-29.0,106.0,-89.0,-55.0,8.0,-58.0,3.620000000000001,-15.259999999999998,-20.71,45.480000000000004,17.619999999999997,-67.74,-12.219999999999999,95.13,-87.66,-49.54,-17.59,-33.35
2025-08-13T14:24:28.942911,15.0,99.0,-116.0,-9.0,11.0,-43.0,-61.0,38.0,-86.0,-3.0,40.0,-29.0,39.620000000000005,49.74,-91.71000000000001,-25.52,-22.380000000000003,-34.74,-44.22,27.130000000000003,-84.66,2.46,14.41,-4.350000000000001
2025-08-13T14:24:28.947634,-8.0,60.0,-128.0,72.0,48.0,-43.0,-18.0,5.0,-132.0,-4.0,42.0,-6.0,16.62,10.740000000000002,-103.71000000000001,55.480000000000004,14.619999999999997,-34.74,-1.2199999999999989,-5.869999999999999,-130.66,1.46,16.41,18.65
2025-08-13T14:24:28.953592,7.0,-14.0,-128.0,105.0,33.0,-74.0,-29.0,-33.0,-90.0,-9.0,17.0,-58.0,31.62,-63.26,-103.71000000000001,88.48,-0.38000000000000256,-65.74,-12.219999999999999,-43.87,-88.66,-3.54,-8.59,-33.35
2025-08-13T14:24:28.957600,-77.0,17.0,-111.0,70.0,-13.0,-43.0,-65.0,10.0,6.0,-11.0,46.0,-70.0,-52.379999999999995,-32.26,-86.71000000000001,53.480000000000004,-46.38,-34.74,-48.22,-0.8699999999999992,7.34,-5.54,20.41,-45.35
2025-08-13T14:24:28.965756,-13.0,69.0,-88.0,88.0,12.0,-10.0,-37.0,-18.0,7.0,-61.0,9.0,-114.0,11.620000000000001,19.740000000000002,-63.71,71.48,-21.380000000000003,-1.7400000000000002,-20.22,-28.869999999999997,8.34,-55.54,-16.59,-89.35
2025-08-13T14:24:28.969861,36.0,57.0,-98.0,73.0,-40.0,-17.0,-36.0,13.0,47.0,-123.0,138.0,-86.0,60.620000000000005,7.740000000000002,-73.71000000000001,56.480000000000004,-73.38,-8.74,-19.22,2.130000000000001,48.34,-117.54,112.41,-61.35
2025-08-13T14:24:28.977897,-7.0,32.0,-79.0,-19.0,-36.0,-54.0,-80.0,19.0,-19.0,-14.0,94.0,-78.0,17.62,-17.259999999999998,-54.71,-35.519999999999996,-69.38,-45.74,-63.22,8.13,-17.66,-8.54,68.41,-53.35
2025-08-13T14:24:28.982134,-26.0,63.0,-100.0,55.0,6.0,-45.0,-20.0,-55.0,-64.0,43.0,42.0,-47.0,-1.379999999999999,13.740000000000002,-75.71000000000001,38.480000000000004,-27.380000000000003,-36.74,-3.219999999999999,-65.87,-62.66,48.46,16.41,-22.35
2025-08-13T14:24:28.990243,-15.0,4.0,-95.0,6.0,-44.0,-45.0,-40.0,52.0,-86.0,-22.0,-14.0,-87.0,9.620000000000001,-45.26,-70.71000000000001,-10.52,-77.38,-36.74,-23.22,41.13,-84.66,-16.54,-39.59,-62.35
2025-08-13T14:24:28.994676,-1.0,46.0,-88.0,-5.0,51.0,-47.0,29.0,66.0,-65.0,-36.0,16.0,-46.0,23.62,-3.259999999999998,-63.71,-21.52,17.619999999999997,-38.74,45.78,55.13,-63.66,-30.54,-9.59,-21.35
2025-08-13T14:24:29.002700,1.0,42.0,-50.0,25.0,81.0,-72.0,-1.0,34.0,-64.0,-77.0,7.0,-20.0,25.62,-7.259999999999998,-25.71,8.48,47.62,-63.74,15.780000000000001,23.130000000000003,-62.66,-71.54,-18.59,4.649999999999999
2025-08-13T14:24:29.007229,82.0,86.0,-32.0,10.0,62.0,-101.0,7.0,56.0,-124.0,82.0,-3.0,-34.0,106.62,36.74,-7.710000000000001,-6.52,28.619999999999997,-92.74,23.78,45.13,-122.66,87.46,-28.59,-9.350000000000001
2025-08-13T14:24:29.015095,-83.0,77.0,-109.0,67.0,18.0,-25.0,-49.0,-61.0,6.0,-1.0,13.0,-31.0,-58.379999999999995,27.740000000000002,-84.71000000000001,50.480000000000004,-15.380000000000003,-16.740000000000002,-32.22,-71.87,7.34,4.46,-12.59,-6.350000000000001
2025-08-13T14:24:29.019663,13.0,69.0,-47.0,57.0,22.0,13.0,-30.0,-26.0,-48.0,-18.0,42.0,-65.0,37.620000000000005,19.740000000000002,-22.71,40.480000000000004,-11.380000000000003,21.259999999999998,-13.219999999999999,-36.87,-46.66,-12.54,16.41,-40.35
2025-08-13T14:24:29.027485,5.0,57.0,-17.0,-57.0,-1.0,8.0,19.0,-28.0,-93.0,39.0,105.0,-40.0,29.62,7.740000000000002,7.289999999999999,-73.52,-34.38,16.259999999999998,35.78,-38.87,-91.66,44.46,79.41,-15.350000000000001
2025-08-13T14:24:29.031676,-15.0,117.0,-76.0,88.0,0.0,-45.0,26.0,18.0,-27.0,-57.0,34.0,-74.0,9.620000000000001,67.74000000000001,-51.71,71.48,-33.38,-36.74,42.78,7.130000000000001,-25.66,-51.54,8.41,-49.35
2025-08-13T14:24:29.039737,-31.0,10.0,-73.0,-18.0,5.0,-57.0,-27.0,-29.0,-91.0,-52.0,47.0,-133.0,-6.379999999999999,-39.26,-48.71,-34.519999999999996,-28.380000000000003,-48.74,-10.219999999999999,-39.87,-89.66,-46.54,21.41,-108.35
2025-08-13T14:24:29.044373,40.0,50.0,-148.0,26.0,57.0,-116.0,-116.0,-31.0,-51.0,17.0,65.0,-104.0,64.62,0.740000000000002,-123.71000000000001,9.48,23.619999999999997,-107.74,-99.22,-41.87,-49.66,22.46,39.41,-79.35
2025-08-13T14:24:29.051882,6.0,98.0,-7.0,51.0,19.0,-81.0,-75.0,37.0,-58.0,-37.0,39.0,-32.0,30.62,48.74,17.29,34.480000000000004,-14.380000000000003,-72.74,-58.22,26.130000000000003,-56.66,-31.54,13.41,-7.350000000000001
2025-08-13T14:24:29.056529,-56.0,23.0,-60.0,49.0,34.0,-61.0,-96.0,5.0,-22.0,21.0,50.0,-149.0,-31.38,-26.259999999999998,-35.71,32.480000000000004,0.6199999999999974,-52.74,-79.22,-5.869999999999999,-20.66,26.46,24.41,-124.35
2025-08-13T14:24:29.064216,-13.0,67.0,-16.0,-2.0,-13.0,25.0,34.0,51.0,-40.0,-39.0,-20.0,-28.0,11.620000000000001,17.740000000000002,8.29,-18.52,-46.38,33.26,50.78,40.13,-38.66,-33.54,-45.59,-3.3500000000000014
2025-08-13T14:24:29.068944,-48.0,35.0,-56.0,14.0,95.0,14.0,-3.0,64.0,-72.0,-5.0,-1.0,-24.0,-23.38,-14.259999999999998,-31.71,-2.5199999999999996,61.62,22.259999999999998,13.780000000000001,53.13,-70.66,0.45999999999999996,-26.59,0.6499999999999986
2025-08-13T14:24:29.076312,-45.0,32.0,-73.0,-62.0,-8.0,-55.0,-68.0,-19.0,-65.0,24.0,29.0,-30.0,-20.38,-17.259999999999998,-48.71,-78.52,-41.38,-46.74,-51.22,-29.869999999999997,-63.66,29.46,3.41,-5.350000000000001
2025-08-13T14:24:29.081022,-50.0,44.0,-35.0,47.0,36.0,-10.0,-30.0,15.0,-30.0,-69.0,70.0,-42.0,-25.38,-5.259999999999998,-10.71,30.48,2.6199999999999974,-1.7400000000000002,-13.219999999999999,4.130000000000001,-28.66,-63.54,44.41,-17.35
2025-08-13T14:24:29.088755,36.0,78.0,-17.0,27.0,8.0,6.0,-76.0,-32.0,-62.0,-20.0,48.0,-66.0,60.620000000000005,28.740000000000002,7.289999999999999,10.48,-25.380000000000003,14.26,-59.22,-42.87,-60.66,-14.54,22.41,-41.35
2025-08-13T14:24:29.093375,-86.0,85.0,-22.0,48.0,-5.0,-81.0,12.0,7.0,-5.0,-1.0,72.0,-103.0,-61.379999999999995,35.74,2.289999999999999,31.48,-38.38,-72.74,28.78,-3.869999999999999,-3.66,4.46,46.41,-78.35
2025-08-13T14:24:29.101395,17.0,16.0,-68.0,48.0,2.0,-75.0,3.0,-52.0,4.0,-37.0,19.0,-22.0,41.620000000000005,-33.26,-43.71,31.48,-31.380000000000003,-66.74,19.78,-62.87,5.34,-31.54,-6.59,2.6499999999999986
2025-08-13T14:24:29.107542,9.0,58.0,-93.0,39.0,79.0,-87.0,-19.0,9.0,-75.0,-44.0,75.0,-59.0,33.620000000000005,8.740000000000002,-68.71000000000001,22.48,45.62,-78.74,-2.219999999999999,-1.8699999999999992,-73.66,-38.54,49.41,-34.35
2025-08-13T14:24:29.112256,-21.0,29.0,-13.0,55.0,-41.0,-1.0,-24.0,6.0,-6.0,24.0,80.0,-6.0,3.620000000000001,-20.259999999999998,11.29,38.480000000000004,-74.38,7.26,-7.219999999999999,-4.869999999999999,-4.66,29.46,54.41,18.65
2025-08-13T14:24:29.117423,-45.0,105.0,-43.0,32.0,24.0,-4.0,-25.0,8.0,-33.0,-13.0,60.0,-14.0,-20.38,55.74,-18.71,15.48,-9.380000000000003,4.26,-8.219999999999999,-2.869999999999999,-31.66,-7.54,34.41,10.649999999999999
2025-08-13T14:24:29.121416,5.0,35.0,-86.0,8.0,32.0,-70.0,-52.0,14.0,-9.0,-5.0,54.0,-56.0,29.62,-14.259999999999998,-61.71,-8.52,-1.3800000000000026,-61.74,-35.22,3.130000000000001,-7.66,0.45999999999999996,28.41,-31.35
2025-08-13T14:24:29.129726,-26.0,98.0,-75.0,-6.0,84.0,-83.0,-66.0,87.0,6.0,16.0,20.0,-70.0,-1.379999999999999,48.74,-50.71,-22.52,50.62,-74.74,-49.22,76.13,7.34,21.46,-5.59,-45.35
2025-08-13T14:24:29.133767,-64.0,56.0,-85.0,-58.0,-26.0,-5.0,23.0,-7.0,-50.0,-67.0,51.0,-34.0,-39.379999999999995,6.740000000000002,-60.71,-74.52,-59.38,3.26,39.78,-17.869999999999997,-48.66,-61.54,25.41,-9.350000000000001
2025-08-13T14:24:29.141866,-4.0,56.0,-59.0,88.0,29.0,-26.0,-26.0,14.0,-16.0,16.0,37.0,-71.0,20.62,6.740000000000002,-34.71,71.48,-4.380000000000003,-17.740000000000002,-9.219999999999999,3.130000000000001,-14.66,21.46,11.41,-46.35
2025-08-13T14:24:29.147011,-18.0,82.0,-86.0,-8.0,32.0,-53.0,0.0,15.0,-89.0,-14.0,128.0,-93.0,6.620000000000001,32.74,-61.71,-24.52,-1.3800000000000026,-44.74,16.78,4.130000000000001,-87.66,-8.54,102.41,-68.35
2025-08-13T14:24:29.154109,57.0,74.0,-50.0,27.0,2.0,-54.0,-44.0,-4.0,-3.0,15.0,-17.0,-7.0,81.62,24.740000000000002,-25.71,10.48,-31.380000000000003,-45.74,-27.22,-14.87,-1.66,20.46,-42.59,17.65
2025-08-13T14:24:29.158613,21.0,36.0,-91.0,8.0,23.0,-10.0,-26.0,89.0,-80.0,29.0,71.0,-89.0,45.620000000000005,-13.259999999999998,-66.71000000000001,-8.52,-10.380000000000003,-1.7400000000000002,-9.219999999999999,78.13,-78.66,34.46,45.41,-64.35
2025-08-13T14:24:29.166528,7.0,134.0,-90.0,58.0,78.0,-32.0,-37.0,27.0,-63.0,-18.0,9.0,0.0,31.62,84.74000000000001,-65.71000000000001,41.480000000000004,44.62,-23.740000000000002,-20.22,16.130000000000003,-61.66,-12.54,-16.59,24.65
2025-08-13T14:24:29.170840,-11.0,40.0,-66.0,27.0,35.0,-72.0,-27.0,-10.0,-26.0,-96.0,27.0,-83.0,13.620000000000001,-9.259999999999998,-41.71,10.48,1.6199999999999974,-63.74,-10.219999999999999,-20.869999999999997,-24.66,-90.54,1.4100000000000001,-58.35
2025-08-13T14:24:29.179500,39.0,46.0,-46.0,66.0,98.0,-93.0,-13.0,37.0,-32.0,-29.0,67.0,-62.0,63.620000000000005,-3.259999999999998,-21.71,49.480000000000004,64.62,-84.74,3.780000000000001,26.130000000000003,-30.66,-23.54,41.41,-37.35
2025-08-13T14:24:29.183202,6.0,103.0,-61.0,30.0,52.0,-72.0,-85.0,-24.0,-67.0,55.0,2.0,-54.0,30.62,53.74,-36.71,13.48,18.619999999999997,-63.74,-68.22,-34.87,-65.66,60.46,-23.59,-29.35
2025-08-13T14:24:29.191622,-18.0,141.0,-37.0,41.0,-28.0,-56.0,2.0,-33.0,-17.0,9.0,98.0,-38.0,6.620000000000001,91.74000000000001,-12.71,24.48,-61.38,-47.74,18.78,-43.87,-15.66,14.46,72.41,-13.350000000000001
2025-08-13T14:24:29.195484,-42.0,56.0,-117.0,32.0,28.0,-41.0,-23.0,-4.0,-41.0,1.0,-20.0,-16.0,-17.38,6.740000000000002,-92.71000000000001,15.48,-5.380000000000003,-32.74,-6.219999999999999,-14.87,-39.66,6.46,-45.59,8.649999999999999
2025-08-13T14:24:29.203999,-8.0,45.0,-76.0,-1.0,-38.0,-60.0,-19.0,45.0,-66.0,-75.0,36.0,-68.0,16.62,-4.259999999999998,-51.71,-17.52,-71.38,-51.74,-2.219999999999999,34.13,-64.66,-69.54,10.41,-43.35
2025-08-13T14:24:29.207782,33.0,48.0,-58.0,39.0,90.0,-32.0,-6.0,10.0,-26.0,-126.0,81.0,-5.0,57.620000000000005,-1.259999999999998,-33.71,22.48,56.62,-23.740000000000002,10.780000000000001,-0.8699999999999992,-24.66,-120.54,55.41,19.65
2025-08-13T14:24:29.216633,27.0,18.0,-50.0,82.0,97.0,-33.0,-30.0,-52.0,-36.0,11.0,36.0,-30.0,51.620000000000005,-31.259999999999998,-25.71,65.48,63.62,-24.740000000000002,-13.219999999999999,-62.87,-34.66,16.46,10.41,-5.350000000000001
2025-08-13T14:24:29.221137,-24.0,15.0,-72.0,49.0,38.0,-47.0,-20.0,71.0,-6.0,1.0,88.0,-65.0,0.620000000000001,-34.26,-47.71,32.480000000000004,4.619999999999997,-38.74,-3.219999999999999,60.13,-4.66,6.46,62.41,-40.35
2025-08-13T14:24:29.227609,-46.0,64.0,-63.0,50.0,29.0,-90.0,15.0,4.0,-35.0,54.0,67.0,-35.0,-21.38,14.740000000000002,-38.71,33.480000000000004,-4.380000000000003,-81.74,31.78,-6.869999999999999,-33.66,59.46,41.41,-10.350000000000001
2025-08-13T14:24:29.231911,-11.0,-18.0,-18.0,47.0,43.0,-31.0,-63.0,-15.0,-28.0,-33.0,57.0,-101.0,13.620000000000001,-67.25999999999999,6.289999999999999,30.48,9.619999999999997,-22.740000000000002,-46.22,-25.869999999999997,-26.66,-27.54,31.41,-76.35
2025-08-13T14:24:29.240026,-16.0,84.0,-40.0,82.0,18.0,-35.0,-44.0,-10.0,-33.0,16.0,39.0,-129.0,8.620000000000001,34.74,-15.71,65.48,-15.380000000000003,-26.740000000000002,-27.22,-20.869999999999997,-31.66,21.46,13.41,-104.35
2025-08-13T14:24:29.244067,27.0,27.0,-73.0,-55.0,28.0,-8.0,5.0,21.0,-42.0,-44.0,64.0,-11.0,51.620000000000005,-22.259999999999998,-48.71,-71.52,-5.380000000000003,0.2599999999999998,21.78,10.13,-40.66,-38.54,38.41,13.649999999999999
2025-08-13T14:24:29.252234,-16.0,62.0,-32.0,44.0,0.0,-8.0,5.0,33.0,-102.0,-11.0,-48.0,-59.0,8.620000000000001,12.740000000000002,-7.710000000000001,27.48,-33.38,0.2599999999999998,21.78,22.130000000000003,-100.66,-5.54,-73.59,-34.35
2025-08-13T14:24:29.256602,0.0,95.0,-12.0,21.0,37.0,72.0,11.0,26.0,-76.0,-27.0,15.0,-53.0,24.62,45.74,12.29,4.48,3.6199999999999974,80.26,27.78,15.13,-74.66,-21.54,-10.59,-28.35
2025-08-13T14:24:29.264580,-44.0,122.0,-84.0,68.0,60.0,-73.0,48.0,-49.0,-8.0,-62.0,8.0,23.0,-19.38,72.74000000000001,-59.71,51.480000000000004,26.619999999999997,-64.74,64.78,-59.87,-6.66,-56.54,-17.59,47.65
2025-08-13T14:24:29.268776,-44.0,56.0,-78.0,1.0,59.0,-31.0,8.0,49.0,-87.0,-4.0,42.0,-39.0,-19.38,6.740000000000002,-53.71,-15.52,25.619999999999997,-22.740000000000002,24.78,38.13,-85.66,1.46,16.41,-14.350000000000001
2025-08-13T14:24:29.276882,-23.0,100.0,-133.0,1.0,4.0,-47.0,-41.0,-44.0,-33.0,-9.0,31.0,-21.0,1.620000000000001,50.74,-108.71000000000001,-15.52,-29.380000000000003,-38.74,-24.22,-54.87,-31.66,-3.54,5.41,3.6499999999999986
2025-08-13T14:24:29.281102,-46.0,70.0,-63.0,31.0,49.0,16.0,31.0,7.0,11.0,8.0,22.0,-13.0,-21.38,20.740000000000002,-38.71,14.48,15.619999999999997,24.259999999999998,47.78,-3.869999999999999,12.34,13.46,-3.59,11.649999999999999
2025-08-13T14:24:29.289204,-66.0,37.0,-41.0,-33.0,16.0,-37.0,-29.0,40.0,-44.0,59.0,53.0,-34.0,-41.379999999999995,-12.259999999999998,-16.71,-49.519999999999996,-17.380000000000003,-28.740000000000002,-12.219999999999999,29.130000000000003,-42.66,64.46,27.41,-9.350000000000001
2025-08-13T14:24:29.293541,29.0,77.0,-91.0,59.0,16.0,10.0,-13.0,-1.0,-22.0,22.0,14.0,41.0,53.620000000000005,27.740000000000002,-66.71000000000001,42.480000000000004,-17.380000000000003,18.259999999999998,3.780000000000001,-11.87,-20.66,27.46,-11.59,65.65
2025-08-13T14:24:29.301534,-57.0,91.0,-50.0,16.0,51.0,10.0,-28.0,19.0,-24.0,-59.0,63.0,-32.0,-32.379999999999995,41.74,-25.71,-0.5199999999999996,17.619999999999997,18.259999999999998,-11.219999999999999,8.13,-22.66,-53.54,37.41,-7.350000000000001
2025-08-13T14:24:29.305918,51.0,36.0,-35.0,-30.0,138.0,-34.0,-75.0,-12.0,3.0,1.0,54.0,6.0,75.62,-13.259999999999998,-10.71,-46.519999999999996,104.62,-25.740000000000002,-58.22,-22.869999999999997,4.34,6.46,28.41,30.65
2025-08-13T14:24:29.313799,-16.0,17.0,-71.0,67.0,25.0,-33.0,-55.0,72.0,-3.0,-53.0,33.0,0.0,8.620000000000001,-32.26,-46.71,50.480000000000004,-8.380000000000003,-24.740000000000002,-38.22,61.13,-1.66,-47.54,7.41,24.65
2025-08-13T14:24:29.318232,-19.0,34.0,-39.0,52.0,36.0,8.0,-69.0,-12.0,-18.0,2.0,77.0,-44.0,5.620000000000001,-15.259999999999998,-14.71,35.480000000000004,2.6199999999999974,16.259999999999998,-52.22,-22.869999999999997,-16.66,7.46,51.41,-19.35
2025-08-13T14:24:29.325999,39.0,52.0,-57.0,-6.0,50.0,-5.0,-40.0,-41.0,-51.0,-43.0,50.0,-54.0,63.620000000000005,2.740000000000002,-32.71,-22.52,16.619999999999997,3.26,-23.22,-51.87,-49.66,-37.54,24.41,-29.35
2025-08-13T14:24:29.330436,45.0,40.0,-38.0,76.0,39.0,-46.0,4.0,0.0,-84.0,-7.0,26.0,-27.0,69.62,-9.259999999999998,-13.71,59.480000000000004,5.619999999999997,-37.74,20.78,-10.87,-82.66,-1.54,0.41000000000000014,-2.3500000000000014
2025-08-13T14:24:29.338794,-27.0,42.0,-69.0,70.0,55.0,-4.0,-17.0,25.0,-45.0,-16.0,37.0,-22.0,-2.379999999999999,-7.259999999999998,-44.71,53.480000000000004,21.619999999999997,4.26,-0.21999999999999886,14.13,-43.66,-10.54,11.41,2.6499999999999986
2025-08-13T14:24:29.345962,-35.0,21.0,-16.0,42.0,0.0,-44.0,16.0,23.0,-37.0,-21.0,23.0,-43.0,-10.379999999999999,-28.259999999999998,8.29,25.48,-33.38,-35.74,32.78,12.13,-35.66,-15.54,-2.59,-18.35
2025-08-13T14:24:29.351949,-53.0,0.0,-63.0,55.0,25.0,-37.0,-15.0,37.0,-6.0,-49.0,2.0,24.0,-28.38,-49.26,-38.71,38.480000000000004,-8.380000000000003,-28.740000000000002,1.7800000000000011,26.130000000000003,-4.66,-43.54,-23.59,48.65
2025-08-13T14:24:29.356780,-87.0,-22.0,-121.0,80.0,36.0,-30.0,-34.0,-17.0,-12.0,-42.0,-34.0,2.0,-62.379999999999995,-71.25999999999999,-96.71000000000001,63.480000000000004,2.6199999999999974,-21.740000000000002,-17.22,-27.869999999999997,-10.66,-36.54,-59.59,26.65
2025-08-13T14:24:29.360101,1.0,95.0,-43.0,36.0,78.0,-43.0,-50.0,4.0,10.0,-81.0,69.0,-22.0,25.62,45.74,-18.71,19.48,44.62,-34.74,-33.22,-6.869999999999999,11.34,-75.54,43.41,2.6499999999999986
2025-08-13T14:24:29.367090,-44.0,97.0,-145.0,-59.0,34.0,-68.0,33.0,50.0,-38.0,-68.0,35.0,-52.0,-19.38,47.74,-120.71000000000001,-75.52,0.6199999999999974,-59.74,49.78,39.13,-36.66,-62.54,9.41,-27.35
2025-08-13T14:24:29.371305,-31.0,86.0,-29.0,29.0,-3.0,-43.0,-110.0,75.0,-47.0,4.0,91.0,19.0,-6.379999999999999,36.74,-4.710000000000001,12.48,-36.38,-34.74,-93.22,64.13,-45.66,9.46,65.41,43.65
2025-08-13T14:24:29.379683,38.0,0.0,-76.0,63.0,-2.0,-23.0,56.0,34.0,-79.0,24.0,-16.0,-17.0,62.620000000000005,-49.26,-51.71,46.480000000000004,-35.38,-14.74,72.78,23.130000000000003,-77.66,29.46,-41.59,7.649999999999999
2025-08-13T14:24:29.383485,2.0,122.0,-68.0,41.0,42.0,-18.0,-73.0,58.0,6.0,9.0,43.0,-29.0,26.62,72.74000000000001,-43.71,24.48,8.619999999999997,-9.74,-56.22,47.13,7.34,14.46,17.41,-4.350000000000001
2025-08-13T14:24:29.391654,64.0,76.0,-82.0,18.0,103.0,-60.0,-34.0,29.0,-27.0,2.0,16.0,-50.0,88.62,26.740000000000002,-57.71,1.4800000000000004,69.62,-51.74,-17.22,18.130000000000003,-25.66,7.46,-9.59,-25.35
2025-08-13T14:24:29.395623,19.0,72.0,-81.0,9.0,31.0,-62.0,-11.0,5.0,-75.0,-7.0,63.0,-52.0,43.620000000000005,22.740000000000002,-56.71,-7.52,-2.3800000000000026,-53.74,5.780000000000001,-5.869999999999999,-73.66,-1.54,37.41,-27.35
2025-08-13T14:24:29.403658,4.0,59.0,-14.0,34.0,60.0,53.0,47.0,-3.0,-39.0,-26.0,21.0,-59.0,28.62,9.740000000000002,10.29,17.48,26.619999999999997,61.26,63.78,-13.87,-37.66,-20.54,-4.59,-34.35
2025-08-13T14:24:29.408259,-27.0,82.0,-53.0,-27.0,26.0,35.0,20.0,7.0,-38.0,-9.0,-24.0,-31.0,-2.379999999999999,32.74,-28.71,-43.519999999999996,-7.380000000000003,43.26,36.78,-3.869999999999999,-36.66,-3.54,-49.59,-6.350000000000001
2025-08-13T14:24:29.416407,35.0,59.0,-27.0,-37.0,21.0,-61.0,-15.0,1.0,-92.0,27.0,66.0,-1.0,59.620000000000005,9.740000000000002,-2.710000000000001,-53.519999999999996,-12.380000000000003,-52.74,1.7800000000000011,-9.87,-90.66,32.46,40.41,23.65
2025-08-13T14:24:29.420385,8.0,157.0,-56.0,102.0,35.0,-33.0,-20.0,-97.0,-26.0,-25.0,16.0,-2.0,32.620000000000005,107.74000000000001,-31.71,85.48,1.6199999999999974,-24.740000000000002,-3.219999999999999,-107.87,-24.66,-19.54,-9.59,22.65
2025-08-13T14:24:29.428549,-6.0,12.0,-91.0,75.0,26.0,-18.0,18.0,57.0,49.0,54.0,48.0,-15.0,18.62,-37.26,-66.71000000000001,58.480000000000004,-7.380000000000003,-9.74,34.78,46.13,50.34,59.46,22.41,9.649999999999999
2025-08-13T14:24:29.432685,7.0,32.0,-90.0,103.0,100.0,-32.0,6.0,-26.0,-6.0,-63.0,24.0,-30.0,31.62,-17.259999999999998,-65.71000000000001,86.48,66.62,-23.740000000000002,22.78,-36.87,-4.66,-57.54,-1.5899999999999999,-5.350000000000001
2025-08-13T14:24:29.440737,-56.0,30.0,33.0,83.0,48.0,-30.0,31.0,6.0,4.0,-78.0,-2.0,-62.0,-31.38,-19.259999999999998,57.29,66.48,14.619999999999997,-21.740000000000002,47.78,-4.869999999999999,5.34,-72.54,-27.59,-37.35
2025-08-13T14:24:29.444880,11.0,37.0,-124.0,-4.0,118.0,58.0,-9.0,13.0,-5.0,-17.0,-15.0,-7.0,35.620000000000005,-12.259999999999998,-99.71000000000001,-20.52,84.62,66.26,7.780000000000001,2.130000000000001,-3.66,-11.54,-40.59,17.65
2025-08-13T14:24:29.453001,-15.0,12.0,-39.0,-17.0,-16.0,-12.0,23.0,65.0,-26.0,36.0,61.0,-74.0,9.620000000000001,-37.26,-14.71,-33.519999999999996,-49.38,-3.74,39.78,54.13,-24.66,41.46,35.41,-49.35
2025-08-13T14:24:29.457340,-25.0,30.0,-17.0,34.0,28.0,-29.0,-73.0,-59.0,59.0,-89.0,14.0,-26.0,-0.379999999999999,-19.259999999999998,7.289999999999999,17.48,-5.380000000000003,-20.740000000000002,-56.22,-69.87,60.34,-83.54,-11.59,-1.3500000000000014
2025-08-13T14:24:29.465219,-12.0,23.0,-31.0,16.0,38.0,-54.0,0.0,1.0,61.0,-12.0,16.0,-46.0,12.620000000000001,-26.259999999999998,-6.710000000000001,-0.5199999999999996,4.619999999999997,-45.74,16.78,-9.87,62.34,-6.54,-9.59,-21.35
2025-08-13T14:24:29.469613,-8.0,-2.0,-19.0,-4.0,30.0,17.0,-24.0,60.0,-25.0,17.0,26.0,-36.0,16.62,-51.26,5.289999999999999,-20.52,-3.3800000000000026,25.259999999999998,-7.219999999999999,49.13,-23.66,22.46,0.41000000000000014,-11.350000000000001
2025-08-13T14:24:29.477682,-94.0,81.0,16.0,46.0,68.0,24.0,-14.0,11.0,-35.0,-44.0,47.0,-35.0,-69.38,31.740000000000002,40.29,29.48,34.62,32.26,2.780000000000001,0.13000000000000078,-33.66,-38.54,21.41,-10.350000000000001
2025-08-13T14:24:29.482035,-67.0,98.0,-65.0,-46.0,59.0,-9.0,-35.0,-30.0,-67.0,-15.0,40.0,-18.0,-42.379999999999995,48.74,-40.71,-62.519999999999996,25.619999999999997,-0.7400000000000002,-18.22,-40.87,-65.66,-9.54,14.41,6.649999999999999
2025-08-13T14:24:29.489907,-55.0,39.0,-38.0,29.0,63.0,-74.0,-20.0,6.0,-44.0,-92.0,29.0,12.0,-30.38,-10.259999999999998,-13.71,12.48,29.619999999999997,-65.74,-3.219999999999999,-4.869999999999999,-42.66,-86.54,3.41,36.65
2025-08-13T14:24:29.494399,-58.0,119.0,-33.0,76.0,48.0,-64.0,57.0,40.0,-29.0,-38.0,-30.0,7.0,-33.379999999999995,69.74000000000001,-8.71,59.480000000000004,14.619999999999997,-55.74,73.78,29.130000000000003,-27.66,-32.54,-55.59,31.65
2025-08-13T14:24:29.502330,-40.0,59.0,-38.0,-4.0,-15.0,29.0,-38.0,34.0,-32.0,-42.0,86.0,-4.0,-15.379999999999999,9.740000000000002,-13.71,-20.52,-48.38,37.26,-21.22,23.130000000000003,-30.66,-36.54,60.41,20.65
2025-08-13T14:24:29.506816,-35.0,57.0,-54.0,29.0,32.0,5.0,-27.0,54.0,-2.0,-32.0,62.0,-17.0,-10.379999999999999,7.740000000000002,-29.71,12.48,-1.3800000000000026,13.26,-10.219999999999999,43.13,-0.6599999999999999,-26.54,36.41,7.649999999999999
2025-08-13T14:24:29.514660,52.0,33.0,42.0,23.0,37.0,-29.0,-64.0,75.0,-15.0,48.0,14.0,-38.0,76.62,-16.259999999999998,66.28999999999999,6.48,3.6199999999999974,-20.740000000000002,-47.22,64.13,-13.66,53.46,-11.59,-13.350000000000001
2025-08-13T14:24:29.519013,-38.0,15.0,-30.0,-17.0,99.0,-32.0,-4.0,59.0,10.0,-24.0,25.0,-33.0,-13.379999999999999,-34.26,-5.710000000000001,-33.519999999999996,65.62,-23.740000000000002,12.780000000000001,48.13,11.34,-18.54,-0.5899999999999999,-8.350000000000001
2025-08-13T14:24:29.527001,-96.0,62.0,-42.0,23.0,24.0,-41.0,65.0,86.0,-45.0,-57.0,-21.0,-28.0,-71.38,12.740000000000002,-17.71,6.48,-9.380000000000003,-32.74,81.78,75.13,-43.66,-51.54,-46.59,-3.3500000000000014
2025-08-13T14:24:29.531392,-30.0,29.0,-12.0,-15.0,47.0,1.0,-69.0,-40.0,-73.0,-45.0,-1.0,-49.0,-5.379999999999999,-20.259999999999998,12.29,-31.52,13.619999999999997,9.26,-52.22,-50.87,-71.66,-39.54,-26.59,-24.35
2025-08-13T14:24:29.539145,18.0,-26.0,15.0,14.0,100.0,-9.0,60.0,-25.0,-8.0,9.0,-9.0,-5.0,42.620000000000005,-75.25999999999999,39.29,-2.5199999999999996,66.62,-0.7400000000000002,76.78,-35.87,-6.66,14.46,-34.59,19.65
2025-08-13T14:24:29.543554,-9.0,-1.0,-44.0,5.0,60.0,32.0,26.0,26.0,4.0,12.0,20.0,-50.0,15.620000000000001,-50.26,-19.71,-11.52,26.619999999999997,40.26,42.78,15.13,5.34,17.46,-5.59,-25.35
2025-08-13T14:24:29.551354,-97.0,70.0,37.0,22.0,24.0,-16.0,-6.0,-12.0,-38.0,-21.0,39.0,-13.0,-72.38,20.740000000000002,61.29,5.48,-9.380000000000003,-7.74,10.780000000000001,-22.869999999999997,-36.66,-15.54,13.41,11.649999999999999
2025-08-13T14:24:29.555876,-26.0,77.0,27.0,-18.0,-5.0,2.0,-26.0,5.0,36.0,27.0,35.0,4.0,-1.379999999999999,27.740000000000002,51.29,-34.519999999999996,-38.38,10.26,-9.219999999999999,-5.869999999999999,37.34,32.46,9.41,28.65
2025-08-13T14:24:29.563080,-77.0,60.0,11.0,69.0,9.0,18.0,-49.0,61.0,43.0,11.0,23.0,18.0,-52.379999999999995,10.740000000000002,35.29,52.480000000000004,-24.380000000000003,26.259999999999998,-32.22,50.13,44.34,16.46,-2.59,42.65
2025-08-13T14:24:29.570045,-30.0,46.0,-7.0,-2.0,-18.0,2.0,-21.0,32.0,57.0,-31.0,59.0,-3.0,-5.379999999999999,-3.259999999999998,17.29,-18.52,-51.38,10.26,-4.219999999999999,21.130000000000003,58.34,-25.54,33.41,21.65
2025-08-13T14:24:29.575701,-57.0,74.0,-67.0,-9.0,51.0,-28.0,-42.0,42.0,-11.0,-60.0,51.0,-8.0,-32.379999999999995,24.740000000000002,-42.71,-25.52,17.619999999999997,-19.740000000000002,-25.22,31.130000000000003,-9.66,-54.54,25.41,16.65
2025-08-13T14:24:29.580431,-48.0,57.0,30.0,-21.0,-16.0,-3.0,-34.0,-16.0,33.0,-38.0,24.0,-20.0,-23.38,7.740000000000002,54.29,-37.519999999999996,-49.38,5.26,-17.22,-26.869999999999997,34.34,-32.54,-1.5899999999999999,4.649999999999999
2025-08-13T14:24:29.588157,-34.0,70.0,-102.0,9.0,95.0,-20.0,-83.0,38.0,-25.0,-25.0,-12.0,-17.0,-9.379999999999999,20.740000000000002,-77.71000000000001,-7.52,61.62,-11.74,-66.22,27.130000000000003,-23.66,-19.54,-37.59,7.649999999999999
2025-08-13T14:24:29.592693,-15.0,104.0,24.0,27.0,-57.0,-14.0,45.0,11.0,17.0,-77.0,30.0,-49.0,9.620000000000001,54.74,48.29,10.48,-90.38,-5.74,61.78,0.13000000000000078,18.34,-71.54,4.41,-24.35
2025-08-13T14:24:29.600381,14.0,-4.0,-14.0,5.0,27.0,-10.0,-1.0,-7.0,-39.0,13.0,9.0,-11.0,38.620000000000005,-53.26,10.29,-11.52,-6.380000000000003,-1.7400000000000002,15.780000000000001,-17.869999999999997,-37.66,18.46,-16.59,13.649999999999999
2025-08-13T14:24:29.607461,-59.0,61.0,-32.0,38.0,18.0,35.0,-38.0,-16.0,-27.0,-43.0,62.0,-74.0,-34.379999999999995,11.740000000000002,-7.710000000000001,21.48,-15.380000000000003,43.26,-21.22,-26.869999999999997,-25.66,-37.54,36.41,-49.35
2025-08-13T14:24:29.609966,-13.0,64.0,-64.0,15.0,20.0,12.0,7.0,0.0,-48.0,53.0,-2.0,4.0,11.620000000000001,14.740000000000002,-39.71,-1.5199999999999996,-13.380000000000003,20.259999999999998,23.78,-10.87,-46.66,58.46,-27.59,28.65
2025-08-13T14:24:29.617625,-56.0,71.0,15.0,87.0,11.0,15.0,-1.0,-1.0,-32.0,-40.0,58.0,10.0,-31.38,21.740000000000002,39.29,70.48,-22.380000000000003,23.259999999999998,15.780000000000001,-11.87,-30.66,-34.54,32.41,34.65
2025-08-13T14:24:29.621425,-45.0,13.0,-34.0,-2.0,53.0,-10.0,-40.0,-70.0,30.0,-12.0,30.0,-25.0,-20.38,-36.26,-9.71,-18.52,19.619999999999997,-1.7400000000000002,-23.22,-80.87,31.34,-6.54,4.41,-0.3500000000000014
2025-08-13T14:24:29.630019,18.0,2.0,-94.0,26.0,62.0,7.0,-41.0,-11.0,-15.0,-29.0,107.0,-30.0,42.620000000000005,-47.26,-69.71000000000001,9.48,28.619999999999997,15.26,-24.22,-21.869999999999997,-13.66,-23.54,81.41,-5.350000000000001
2025-08-13T14:24:29.633861,-22.0,13.0,-20.0,-3.0,56.0,-28.0,-23.0,-15.0,-26.0,-51.0,-7.0,-60.0,2.620000000000001,-36.26,4.289999999999999,-19.52,22.619999999999997,-19.740000000000002,-6.219999999999999,-25.869999999999997,-24.66,-45.54,-32.59,-35.35
2025-08-13T14:24:29.641845,-77.0,90.0,-28.0,13.0,54.0,-16.0,4.0,5.0,13.0,-9.0,78.0,-84.0,-52.379999999999995,40.74,-3.710000000000001,-3.5199999999999996,20.619999999999997,-7.74,20.78,-5.869999999999999,14.34,-3.54,52.41,-59.35
2025-08-13T14:24:29.646548,2.0,110.0,9.0,-18.0,46.0,27.0,-37.0,0.0,7.0,-26.0,58.0,-33.0,26.62,60.74,33.29,-34.519999999999996,12.619999999999997,35.26,-20.22,-10.87,8.34,-20.54,32.41,-8.350000000000001
2025-08-13T14:24:29.654188,-106.0,67.0,-61.0,-20.0,25.0,-6.0,-44.0,100.0,-22.0,-48.0,52.0,15.0,-81.38,17.740000000000002,-36.71,-36.519999999999996,-8.380000000000003,2.26,-27.22,89.13,-20.66,-42.54,26.41,39.65
2025-08-13T14:24:29.658040,-13.0,102.0,-40.0,-14.0,-10.0,18.0,46.0,-28.0,-30.0,8.0,24.0,-52.0,11.620000000000001,52.74,-15.71,-30.52,-43.38,26.259999999999998,62.78,-38.87,-28.66,13.46,-1.5899999999999999,-27.35
2025-08-13T14:24:29.666091,15.0,54.0,-47.0,16.0,82.0,-30.0,38.0,20.0,18.0,1.0,49.0,13.0,39.620000000000005,4.740000000000002,-22.71,-0.5199999999999996,48.62,-21.740000000000002,54.78,9.13,19.34,6.46,23.41,37.65
2025-08-13T14:24:29.670281,-29.0,94.0,-67.0,-12.0,0.0,33.0,-66.0,7.0,-46.0,30.0,-27.0,6.0,-4.379999999999999,44.74,-42.71,-28.52,-33.38,41.26,-49.22,-3.869999999999999,-44.66,35.46,-52.59,30.65
2025-08-13T14:24:29.678384,-38.0,81.0,-63.0,7.0,55.0,3.0,3.0,-87.0,-67.0,19.0,42.0,-4.0,-13.379999999999999,31.740000000000002,-38.71,-9.52,21.619999999999997,11.26,19.78,-97.87,-65.66,24.46,16.41,20.65
2025-08-13T14:24:29.682686,-100.0,144.0,-55.0,23.0,35.0,13.0,6.0,23.0,-49.0,26.0,40.0,-7.0,-75.38,94.74000000000001,-30.71,6.48,1.6199999999999974,21.259999999999998,22.78,12.13,-47.66,31.46,14.41,17.65
2025-08-13T14:24:29.690655,2.0,-11.0,-49.0,-36.0,29.0,71.0,26.0,-3.0,14.0,-66.0,67.0,-33.0,26.62,-60.26,-24.71,-52.519999999999996,-4.380000000000003,79.26,42.78,-13.87,15.34,-60.54,41.41,-8.350000000000001
2025-08-13T14:24:29.695013,20.0,-12.0,-46.0,44.0,50.0,31.0,9.0,60.0,-47.0,27.0,54.0,43.0,44.620000000000005,-61.26,-21.71,27.48,16.619999999999997,39.26,25.78,49.13,-45.66,32.46,28.41,67.65
2025-08-13T14:24:29.702886,-12.0,29.0,-6.0,-3.0,-21.0,14.0,16.0,38.0,42.0,-72.0,13.0,-34.0,12.620000000000001,-20.259999999999998,18.29,-19.52,-54.38,22.259999999999998,32.78,27.130000000000003,43.34,-66.54,-12.59,-9.350000000000001
2025-08-13T14:24:29.707319,40.0,45.0,17.0,-19.0,-30.0,70.0,-62.0,-10.0,48.0,-31.0,49.0,-20.0,64.62,-4.259999999999998,41.29,-35.519999999999996,-63.38,78.26,-45.22,-20.869999999999997,49.34,-25.54,23.41,4.649999999999999
2025-08-13T14:24:29.715165,-50.0,55.0,15.0,26.0,-66.0,-17.0,-4.0,0.0,35.0,12.0,106.0,-56.0,-25.38,5.740000000000002,39.29,9.48,-99.38,-8.74,12.780000000000001,-10.87,36.34,17.46,80.41,-31.35
2025-08-13T14:24:29.719695,-11.0,38.0,-16.0,27.0,67.0,-43.0,31.0,21.0,36.0,-43.0,-23.0,-28.0,13.620000000000001,-11.259999999999998,8.29,10.48,33.62,-34.74,47.78,10.13,37.34,-37.54,-48.59,-3.3500000000000014
2025-08-13T14:24:29.727613,-33.0,24.0,-98.0,2.0,32.0,-63.0,10.0,-31.0,-9.0,-20.0,-29.0,37.0,-8.379999999999999,-25.259999999999998,-73.71000000000001,-14.52,-1.3800000000000026,-54.74,26.78,-41.87,-7.66,-14.54,-54.59,61.65
2025-08-13T14:24:29.731911,3.0,40.0,-70.0,32.0,51.0,-41.0,-21.0,14.0,-70.0,-58.0,29.0,-7.0,27.62,-9.259999999999998,-45.71,15.48,17.619999999999997,-32.74,-4.219999999999999,3.130000000000001,-68.66,-52.54,3.41,17.65
2025-08-13T14:24:29.739798,-28.0,50.0,-101.0,-8.0,44.0,54.0,-4.0,68.0,-22.0,2.0,-43.0,-40.0,-3.379999999999999,0.740000000000002,-76.71000000000001,-24.52,10.619999999999997,62.26,12.780000000000001,57.13,-20.66,7.46,-68.59,-15.350000000000001
2025-08-13T14:24:29.744182,-21.0,103.0,-28.0,23.0,10.0,-16.0,-28.0,34.0,-21.0,-22.0,33.0,18.0,3.620000000000001,53.74,-3.710000000000001,6.48,-23.380000000000003,-7.74,-11.219999999999999,23.130000000000003,-19.66,-16.54,7.41,42.65
2025-08-13T14:24:29.752009,42.0,122.0,5.0,8.0,42.0,-43.0,-40.0,-42.0,42.0,-37.0,16.0,-28.0,66.62,72.74000000000001,29.29,-8.52,8.619999999999997,-34.74,-23.22,-52.87,43.34,-31.54,-9.59,-3.3500000000000014
2025-08-13T14:24:29.756473,-2.0,27.0,-109.0,37.0,33.0,-11.0,-41.0,13.0,-19.0,-73.0,42.0,-7.0,22.62,-22.259999999999998,-84.71000000000001,20.48,-0.38000000000000256,-2.74,-24.22,2.130000000000001,-17.66,-67.54,16.41,17.65
2025-08-13T14:24:29.764338,-17.0,69.0,-35.0,21.0,25.0,37.0,-46.0,21.0,-33.0,-52.0,84.0,-118.0,7.620000000000001,19.740000000000002,-10.71,4.48,-8.380000000000003,45.26,-29.22,10.13,-31.66,-46.54,58.41,-93.35
2025-08-13T14:24:29.768731,-46.0,67.0,47.0,36.0,-21.0,2.0,1.0,63.0,12.0,-5.0,43.0,-60.0,-21.38,17.740000000000002,71.28999999999999,19.48,-54.38,10.26,17.78,52.13,13.34,0.45999999999999996,17.41,-35.35
2025-08-13T14:24:29.776789,11.0,7.0,-31.0,5.0,-8.0,-17.0,32.0,-32.0,-14.0,-45.0,26.0,-63.0,35.620000000000005,-42.26,-6.710000000000001,-11.52,-41.38,-8.74,48.78,-42.87,-12.66,-39.54,0.41000000000000014,-38.35
2025-08-13T14:24:29.783153,-31.0,62.0,-12.0,22.0,36.0,6.0,-15.0,42.0,-16.0,21.0,37.0,-107.0,-6.379999999999999,12.740000000000002,12.29,5.48,2.6199999999999974,14.26,1.7800000000000011,31.130000000000003,-14.66,26.46,11.41,-82.35
2025-08-13T14:24:29.788831,-62.0,43.0,-17.0,-17.0,52.0,-33.0,9.0,43.0,-82.0,-10.0,59.0,-63.0,-37.379999999999995,-6.259999999999998,7.289999999999999,-33.519999999999996,18.619999999999997,-24.740000000000002,25.78,32.13,-80.66,-4.54,33.41,-38.35
2025-08-13T14:24:29.793266,-18.0,27.0,18.0,-8.0,72.0,-9.0,36.0,15.0,46.0,48.0,12.0,10.0,6.620000000000001,-22.259999999999998,42.29,-24.52,38.62,-0.7400000000000002,52.78,4.130000000000001,47.34,53.46,-13.59,34.65
2025-08-13T14:24:29.801118,-33.0,81.0,59.0,6.0,99.0,29.0,13.0,-58.0,21.0,-32.0,33.0,52.0,-8.379999999999999,31.740000000000002,83.28999999999999,-10.52,65.62,37.26,29.78,-68.87,22.34,-26.54,7.41,76.65
2025-08-13T14:24:29.807631,-28.0,100.0,-22.0,66.0,-22.0,4.0,-72.0,-55.0,35.0,-52.0,-26.0,-97.0,-3.379999999999999,50.74,2.289999999999999,49.480000000000004,-55.38,12.26,-55.22,-65.87,36.34,-46.54,-51.59,-72.35
2025-08-13T14:24:29.813343,33.0,27.0,-121.0,52.0,38.0,17.0,-24.0,21.0,-23.0,-26.0,68.0,-6.0,57.620000000000005,-22.259999999999998,-96.71000000000001,35.480000000000004,4.619999999999997,25.259999999999998,-7.219999999999999,10.13,-21.66,-20.54,42.41,18.65
2025-08-13T14:24:29.817952,-13.0,12.0,-68.0,19.0,112.0,22.0,47.0,64.0,-58.0,-11.0,43.0,-57.0,11.620000000000001,-37.26,-43.71,2.4800000000000004,78.62,30.259999999999998,63.78,53.13,-56.66,-5.54,17.41,-32.35
2025-08-13T14:24:29.825677,27.0,28.0,-34.0,6.0,-8.0,-30.0,-51.0,17.0,-50.0,-73.0,59.0,-67.0,51.620000000000005,-21.259999999999998,-9.71,-10.52,-41.38,-21.740000000000002,-34.22,6.130000000000001,-48.66,-67.54,33.41,-42.35
2025-08-13T14:24:29.830096,71.0,77.0,-49.0,48.0,22.0,43.0,-21.0,10.0,-20.0,-34.0,45.0,-26.0,95.62,27.740000000000002,-24.71,31.48,-11.380000000000003,51.26,-4.219999999999999,-0.8699999999999992,-18.66,-28.54,19.41,-1.3500000000000014
2025-08-13T14:24:29.838005,19.0,0.0,-5.0,51.0,119.0,14.0,-64.0,35.0,55.0,-17.0,21.0,-31.0,43.620000000000005,-49.26,19.29,34.480000000000004,85.62,22.259999999999998,-47.22,24.130000000000003,56.34,-11.54,-4.59,-6.350000000000001
2025-08-13T14:24:29.842520,37.0,57.0,-22.0,41.0,2.0,17.0,4.0,-36.0,-25.0,-10.0,51.0,11.0,61.620000000000005,7.740000000000002,2.289999999999999,24.48,-31.380000000000003,25.259999999999998,20.78,-46.87,-23.66,-4.54,25.41,35.65
2025-08-13T14:24:29.850391,-30.0,27.0,-28.0,110.0,14.0,25.0,-77.0,27.0,-1.0,45.0,33.0,-61.0,-5.379999999999999,-22.259999999999998,-3.710000000000001,93.48,-19.380000000000003,33.26,-60.22,16.130000000000003,0.3400000000000001,50.46,7.41,-36.35
2025-08-13T14:24:29.854833,-51.0,60.0,-11.0,54.0,18.0,27.0,-30.0,6.0,-55.0,-23.0,49.0,-2.0,-26.38,10.740000000000002,13.29,37.480000000000004,-15.380000000000003,35.26,-13.219999999999999,-4.869999999999999,-53.66,-17.54,23.41,22.65
2025-08-13T14:24:29.862543,-33.0,67.0,-27.0,16.0,31.0,-26.0,-13.0,31.0,-37.0,-42.0,76.0,-48.0,-8.379999999999999,17.740000000000002,-2.710000000000001,-0.5199999999999996,-2.3800000000000026,-17.740000000000002,3.780000000000001,20.130000000000003,-35.66,-36.54,50.41,-23.35
2025-08-13T14:24:29.867069,13.0,20.0,3.0,-32.0,65.0,17.0,-27.0,17.0,-23.0,-82.0,-7.0,-4.0,37.620000000000005,-29.259999999999998,27.29,-48.519999999999996,31.619999999999997,25.259999999999998,-10.219999999999999,6.130000000000001,-21.66,-76.54,-32.59,20.65
2025-08-13T14:24:29.874870,-49.0,95.0,-40.0,72.0,34.0,44.0,-64.0,-7.0,-24.0,14.0,6.0,-90.0,-24.38,45.74,-15.71,55.480000000000004,0.6199999999999974,52.26,-47.22,-17.869999999999997,-22.66,19.46,-19.59,-65.35
2025-08-13T14:24:29.879284,-29.0,71.0,-14.0,19.0,70.0,-32.0,0.0,3.0,38.0,-42.0,-7.0,-49.0,-4.379999999999999,21.740000000000002,10.29,2.4800000000000004,36.62,-23.740000000000002,16.78,-7.869999999999999,39.34,-36.54,-32.59,-24.35
2025-08-13T14:24:29.887128,6.0,43.0,-24.0,80.0,79.0,-4.0,-67.0,-9.0,-18.0,18.0,20.0,-11.0,30.62,-6.259999999999998,0.28999999999999915,63.480000000000004,45.62,4.26,-50.22,-19.869999999999997,-16.66,23.46,-5.59,13.649999999999999
2025-08-13T14:24:29.891418,6.0,46.0,-69.0,-50.0,73.0,4.0,-7.0,-26.0,-32.0,25.0,-36.0,-70.0,30.62,-3.259999999999998,-44.71,-66.52,39.62,12.26,9.780000000000001,-36.87,-30.66,30.46,-61.59,-45.35
2025-08-13T14:24:29.899565,49.0,104.0,-85.0,68.0,39.0,-16.0,-10.0,-14.0,-95.0,-41.0,46.0,-53.0,73.62,54.74,-60.71,51.480000000000004,5.619999999999997,-7.74,6.780000000000001,-24.869999999999997,-93.66,-35.54,20.41,-28.35
2025-08-13T14:24:29.903730,-30.0,66.0,-82.0,30.0,53.0,-8.0,-8.0,-3.0,15.0,30.0,54.0,-64.0,-5.379999999999999,16.740000000000002,-57.71,13.48,19.619999999999997,0.2599999999999998,8.780000000000001,-13.87,16.34,35.46,28.41,-39.35
2025-08-13T14:24:29.909769,3.0,30.0,-56.0,-21.0,84.0,-12.0,11.0,20.0,-79.0,-16.0,13.0,-38.0,27.62,-19.259999999999998,-31.71,-37.519999999999996,50.62,-3.74,27.78,9.13,-77.66,-10.54,-12.59,-13.350000000000001
2025-08-13T14:24:29.915953,-16.0,43.0,-34.0,-10.0,48.0,51.0,-47.0,-60.0,-83.0,-61.0,-13.0,-70.0,8.620000000000001,-6.259999999999998,-9.71,-26.52,14.619999999999997,59.26,-30.22,-70.87,-81.66,-55.54,-38.59,-45.35
2025-08-13T14:24:29.920334,-18.0,-7.0,-14.0,18.0,72.0,-19.0,6.0,6.0,-8.0,3.0,-19.0,-36.0,6.620000000000001,-56.26,10.29,1.4800000000000004,38.62,-10.74,22.78,-4.869999999999999,-6.66,8.46,-44.59,-11.350000000000001
2025-08-13T14:24:29.928183,-31.0,61.0,61.0,59.0,69.0,-35.0,45.0,6.0,-14.0,51.0,-46.0,-13.0,-6.379999999999999,11.740000000000002,85.28999999999999,42.480000000000004,35.62,-26.740000000000002,61.78,-4.869999999999999,-12.66,56.46,-71.59,11.649999999999999
2025-08-13T14:24:29.932435,5.0,22.0,51.0,14.0,62.0,4.0,-118.0,-10.0,18.0,-34.0,-15.0,-49.0,29.62,-27.259999999999998,75.28999999999999,-2.5199999999999996,28.619999999999997,12.26,-101.22,-20.869999999999997,19.34,-28.54,-40.59,-24.35
2025-08-13T14:24:29.940574,-42.0,24.0,18.0,72.0,-14.0,-14.0,-67.0,7.0,-54.0,-46.0,17.0,-60.0,-17.38,-25.259999999999998,42.29,55.480000000000004,-47.38,-5.74,-50.22,-3.869999999999999,-52.66,-40.54,-8.59,-35.35
2025-08-13T14:24:29.944662,-9.0,85.0,2.0,21.0,60.0,-42.0,20.0,20.0,-21.0,6.0,103.0,60.0,15.620000000000001,35.74,26.29,4.48,26.619999999999997,-33.74,36.78,9.13,-19.66,11.46,77.41,84.65
2025-08-13T14:24:29.952894,-10.0,34.0,-25.0,17.0,39.0,-14.0,-19.0,84.0,-24.0,-46.0,81.0,-59.0,14.620000000000001,-15.259999999999998,-0.7100000000000009,0.4800000000000004,5.619999999999997,-5.74,-2.219999999999999,73.13,-22.66,-40.54,55.41,-34.35
2025-08-13T14:24:29.957075,-35.0,69.0,-38.0,17.0,-13.0,20.0,-46.0,82.0,-38.0,-47.0,40.0,13.0,-10.379999999999999,19.740000000000002,-13.71,0.4800000000000004,-46.38,28.259999999999998,-29.22,71.13,-36.66,-41.54,14.41,37.65
2025-08-13T14:24:29.965291,-1.0,68.0,-86.0,44.0,10.0,-11.0,25.0,-36.0,-49.0,-34.0,91.0,-14.0,23.62,18.740000000000002,-61.71,27.48,-23.380000000000003,-2.74,41.78,-46.87,-47.66,-28.54,65.41,10.649999999999999
2025-08-13T14:24:29.969349,-23.0,45.0,-30.0,19.0,-2.0,-9.0,-16.0,36.0,-41.0,27.0,71.0,38.0,1.620000000000001,-4.259999999999998,-5.710000000000001,2.4800000000000004,-35.38,-0.7400000000000002,0.7800000000000011,25.130000000000003,-39.66,32.46,45.41,62.65
2025-08-13T14:24:29.977508,-16.0,97.0,-19.0,-75.0,8.0,2.0,-24.0,-28.0,22.0,61.0,-13.0,-57.0,8.620000000000001,47.74,5.289999999999999,-91.52,-25.380000000000003,10.26,-7.219999999999999,-38.87,23.34,66.46,-38.59,-32.35
2025-08-13T14:24:29.981541,-17.0,89.0,0.0,10.0,70.0,12.0,-2.0,38.0,38.0,59.0,17.0,-22.0,7.620000000000001,39.74,24.29,-6.52,36.62,20.259999999999998,14.780000000000001,27.130000000000003,39.34,64.46,-8.59,2.6499999999999986
2025-08-13T14:24:29.989857,40.0,106.0,-53.0,1.0,-15.0,-28.0,17.0,33.0,-14.0,21.0,16.0,-84.0,64.62,56.74,-28.71,-15.52,-48.38,-19.740000000000002,33.78,22.130000000000003,-12.66,26.46,-9.59,-59.35
2025-08-13T14:24:29.993828,9.0,83.0,-65.0,31.0,47.0,20.0,45.0,32.0,-31.0,1.0,-17.0,3.0,33.620000000000005,33.74,-40.71,14.48,13.619999999999997,28.259999999999998,61.78,21.130000000000003,-29.66,6.46,-42.59,27.65
2025-08-13T14:24:30.001957,10.0,71.0,-67.0,-20.0,41.0,-66.0,-31.0,23.0,-20.0,-77.0,59.0,46.0,34.620000000000005,21.740000000000002,-42.71,-36.519999999999996,7.619999999999997,-57.74,-14.219999999999999,12.13,-18.66,-71.54,33.41,70.65
2025-08-13T14:24:30.006374,-31.0,9.0,11.0,60.0,20.0,-34.0,-6.0,-24.0,-28.0,-1.0,19.0,-19.0,-6.379999999999999,-40.26,35.29,43.480000000000004,-13.380000000000003,-25.740000000000002,10.780000000000001,-34.87,-26.66,4.46,-6.59,5.649999999999999
2025-08-13T14:24:30.014330,16.0,-25.0,-41.0,17.0,-44.0,34.0,-39.0,59.0,-35.0,1.0,27.0,33.0,40.620000000000005,-74.25999999999999,-16.71,0.4800000000000004,-77.38,42.26,-22.22,48.13,-33.66,6.46,1.4100000000000001,57.65
2025-08-13T14:24:30.018675,-64.0,46.0,-15.0,7.0,5.0,-18.0,-16.0,-7.0,-16.0,-45.0,15.0,52.0,-39.379999999999995,-3.259999999999998,9.29,-9.52,-28.380000000000003,-9.74,0.7800000000000011,-17.869999999999997,-14.66,-39.54,-10.59,76.65
2025-08-13T14:24:30.026809,-99.0,-19.0,19.0,25.0,48.0,-44.0,16.0,-36.0,-11.0,-30.0,77.0,12.0,-74.38,-68.25999999999999,43.29,8.48,14.619999999999997,-35.74,32.78,-46.87,-9.66,-24.54,51.41,36.65
2025-08-13T14:24:30.031209,3.0,66.0,-15.0,27.0,87.0,10.0,1.0,9.0,32.0,-21.0,43.0,22.0,27.62,16.740000000000002,9.29,10.48,53.62,18.259999999999998,17.78,-1.8699999999999992,33.34,-15.54,17.41,46.65
2025-08-13T14:24:30.038747,40.0,7.0,11.0,12.0,35.0,36.0,-25.0,24.0,18.0,-11.0,53.0,-2.0,64.62,-42.26,35.29,-4.52,1.6199999999999974,44.26,-8.219999999999999,13.13,19.34,-5.54,27.41,22.65
2025-08-13T14:24:30.043334,-34.0,32.0,-52.0,-21.0,88.0,23.0,-66.0,5.0,-6.0,33.0,49.0,-27.0,-9.379999999999999,-17.259999999999998,-27.71,-37.519999999999996,54.62,31.259999999999998,-49.22,-5.869999999999999,-4.66,38.46,23.41,-2.3500000000000014
2025-08-13T14:24:30.051070,-110.0,128.0,25.0,58.0,30.0,33.0,-7.0,55.0,-32.0,-56.0,-1.0,-42.0,-85.38,78.74000000000001,49.29,41.480000000000004,-3.3800000000000026,41.26,9.780000000000001,44.13,-30.66,-50.54,-26.59,-17.35
2025-08-13T14:24:30.055636,-68.0,90.0,-4.0,-17.0,90.0,3.0,-33.0,88.0,17.0,-8.0,-27.0,-4.0,-43.379999999999995,40.74,20.29,-33.519999999999996,56.62,11.26,-16.22,77.13,18.34,-2.54,-52.59,20.65
2025-08-13T14:24:30.063162,-36.0,91.0,-57.0,30.0,71.0,-7.0,10.0,68.0,-110.0,-30.0,-1.0,-45.0,-11.379999999999999,41.74,-32.71,13.48,37.62,1.2599999999999998,26.78,57.13,-108.66,-24.54,-26.59,-20.35
2025-08-13T14:24:30.067632,16.0,134.0,-68.0,-67.0,-4.0,-48.0,-25.0,59.0,-53.0,8.0,29.0,3.0,40.620000000000005,84.74000000000001,-43.71,-83.52,-37.38,-39.74,-8.219999999999999,48.13,-51.66,13.46,3.41,27.65
2025-08-13T14:24:30.075487,-25.0,99.0,-28.0,35.0,81.0,18.0,36.0,30.0,-15.0,-41.0,-17.0,25.0,-0.379999999999999,49.74,-3.710000000000001,18.48,47.62,26.259999999999998,52.78,19.130000000000003,-13.66,-35.54,-42.59,49.65
2025-08-13T14:24:30.080891,-44.0,56.0,-57.0,20.0,-38.0,-11.0,-10.0,-6.0,-28.0,-48.0,29.0,-22.0,-19.38,6.740000000000002,-32.71,3.4800000000000004,-71.38,-2.74,6.780000000000001,-16.869999999999997,-26.66,-42.54,3.41,2.6499999999999986
2025-08-13T14:24:30.087730,59.0,20.0,-24.0,51.0,31.0,-72.0,-51.0,17.0,6.0,81.0,29.0,-69.0,83.62,-29.259999999999998,0.28999999999999915,34.480000000000004,-2.3800000000000026,-63.74,-34.22,6.130000000000001,7.34,86.46,3.41,-44.35
2025-08-13T14:24:30.093006,4.0,23.0,-17.0,-2.0,-10.0,-40.0,35.0,1.0,14.0,-36.0,103.0,8.0,28.62,-26.259999999999998,7.289999999999999,-18.52,-43.38,-31.740000000000002,51.78,-9.87,15.34,-30.54,77.41,32.65
2025-08-13T14:24:30.099972,15.0,8.0,-21.0,33.0,53.0,9.0,17.0,3.0,-33.0,17.0,12.0,12.0,39.620000000000005,-41.26,3.289999999999999,16.48,19.619999999999997,17.259999999999998,33.78,-7.869999999999999,-31.66,22.46,-13.59,36.65
2025-08-13T14:24:30.105346,-16.0,24.0,-75.0,17.0,94.0,-33.0,14.0,32.0,-43.0,-26.0,-30.0,-10.0,8.620000000000001,-25.259999999999998,-50.71,0.4800000000000004,60.62,-24.740000000000002,30.78,21.130000000000003,-41.66,-20.54,-55.59,14.649999999999999
2025-08-13T14:24:30.112409,2.0,-20.0,92.0,45.0,31.0,-2.0,29.0,-4.0,53.0,14.0,1.0,-49.0,26.62,-69.25999999999999,116.28999999999999,28.48,-2.3800000000000026,6.26,45.78,-14.87,54.34,19.46,-24.59,-24.35
2025-08-13T14:24:30.116996,-80.0,47.0,-37.0,-12.0,-31.0,-50.0,-29.0,13.0,25.0,-35.0,47.0,2.0,-55.379999999999995,-2.259999999999998,-12.71,-28.52,-64.38,-41.74,-12.219999999999999,2.130000000000001,26.34,-29.54,21.41,26.65
2025-08-13T14:24:30.124585,-40.0,33.0,-48.0,-41.0,6.0,6.0,-99.0,-19.0,-64.0,26.0,53.0,-39.0,-15.379999999999999,-16.259999999999998,-23.71,-57.519999999999996,-27.380000000000003,14.26,-82.22,-29.869999999999997,-62.66,31.46,27.41,-14.350000000000001
2025-08-13T14:24:30.128864,-37.0,13.0,-65.0,0.0,108.0,65.0,24.0,-56.0,37.0,39.0,17.0,-64.0,-12.379999999999999,-36.26,-40.71,-16.52,74.62,73.26,40.78,-66.87,38.34,44.46,-8.59,-39.35
2025-08-13T14:24:30.137010,-66.0,104.0,29.0,38.0,51.0,-4.0,-18.0,-8.0,-48.0,-13.0,-29.0,-8.0,-41.379999999999995,54.74,53.29,21.48,17.619999999999997,4.26,-1.2199999999999989,-18.869999999999997,-46.66,-7.54,-54.59,16.65
2025-08-13T14:24:30.141145,-31.0,21.0,-7.0,105.0,0.0,-41.0,-6.0,41.0,-50.0,-29.0,37.0,2.0,-6.379999999999999,-28.259999999999998,17.29,88.48,-33.38,-32.74,10.780000000000001,30.130000000000003,-48.66,-23.54,11.41,26.65
2025-08-13T14:24:30.149325,-59.0,88.0,-37.0,-28.0,43.0,34.0,30.0,47.0,-88.0,37.0,-3.0,-21.0,-34.379999999999995,38.74,-12.71,-44.519999999999996,9.619999999999997,42.26,46.78,36.13,-86.66,42.46,-28.59,3.6499999999999986
2025-08-13T14:24:30.153689,-87.0,62.0,-97.0,26.0,-37.0,-30.0,34.0,35.0,-16.0,13.0,36.0,-22.0,-62.379999999999995,12.740000000000002,-72.71000000000001,9.48,-70.38,-21.740000000000002,50.78,24.130000000000003,-14.66,18.46,10.41,2.6499999999999986
2025-08-13T14:24:30.161496,18.0,110.0,-88.0,0.0,124.0,15.0,-26.0,-27.0,-46.0,3.0,38.0,-28.0,42.620000000000005,60.74,-63.71,-16.52,90.62,23.259999999999998,-9.219999999999999,-37.87,-44.66,8.46,12.41,-3.3500000000000014
2025-08-13T14:24:30.165991,4.0,82.0,-68.0,-37.0,26.0,14.0,71.0,3.0,-28.0,-69.0,52.0,-60.0,28.62,32.74,-43.71,-53.519999999999996,-7.380000000000003,22.259999999999998,87.78,-7.869999999999999,-26.66,-63.54,26.41,-35.35
2025-08-13T14:24:30.172683,-19.0,25.0,-40.0,19.0,10.0,2.0,35.0,-11.0,36.0,38.0,23.0,9.0,5.620000000000001,-24.259999999999998,-15.71,2.4800000000000004,-23.380000000000003,10.26,51.78,-21.869999999999997,37.34,43.46,-2.59,33.65
2025-08-13T14:24:30.178410,0.0,83.0,-52.0,-22.0,23.0,8.0,-15.0,-10.0,2.0,6.0,-55.0,-48.0,24.62,33.74,-27.71,-38.519999999999996,-10.380000000000003,16.259999999999998,1.7800000000000011,-20.869999999999997,3.34,11.46,-80.59,-23.35
2025-08-13T14:24:30.185739,68.0,106.0,-75.0,-29.0,33.0,33.0,-59.0,11.0,2.0,-76.0,9.0,-41.0,92.62,56.74,-50.71,-45.519999999999996,-0.38000000000000256,41.26,-42.22,0.13000000000000078,3.34,-70.54,-16.59,-16.35
2025-08-13T14:24:30.190490,12.0,68.0,-18.0,16.0,51.0,-7.0,1.0,-13.0,-2.0,-47.0,40.0,-44.0,36.620000000000005,18.740000000000002,6.289999999999999,-0.5199999999999996,17.619999999999997,1.2599999999999998,17.78,-23.869999999999997,-0.6599999999999999,-41.54,14.41,-19.35
2025-08-13T14:24:30.198882,-34.0,115.0,-14.0,15.0,88.0,8.0,-2.0,23.0,49.0,18.0,72.0,-65.0,-9.379999999999999,65.74000000000001,10.29,-1.5199999999999996,54.62,16.259999999999998,14.780000000000001,12.13,50.34,23.46,46.41,-40.35
2025-08-13T14:24:30.203716,-55.0,45.0,-37.0,19.0,94.0,19.0,0.0,-5.0,2.0,3.0,20.0,20.0,-30.38,-4.259999999999998,-12.71,2.4800000000000004,60.62,27.259999999999998,16.78,-15.87,3.34,8.46,-5.59,44.65
2025-08-13T14:24:30.207927,36.0,152.0,-68.0,3.0,6.0,62.0,9.0,35.0,-11.0,-38.0,36.0,2.0,60.620000000000005,102.74000000000001,-43.71,-13.52,-27.380000000000003,70.26,25.78,24.130000000000003,-9.66,-32.54,10.41,26.65
2025-08-13T14:24:30.214805,21.0,98.0,-80.0,89.0,35.0,-37.0,-20.0,48.0,-20.0,-20.0,-14.0,10.0,45.620000000000005,48.74,-55.71,72.48,1.6199999999999974,-28.740000000000002,-3.219999999999999,37.13,-18.66,-14.54,-39.59,34.65
2025-08-13T14:24:30.219228,9.0,30.0,-30.0,26.0,8.0,17.0,9.0,-5.0,-15.0,-77.0,25.0,-9.0,33.620000000000005,-19.259999999999998,-5.710000000000001,9.48,-25.380000000000003,25.259999999999998,25.78,-15.87,-13.66,-71.54,-0.5899999999999999,15.649999999999999
2025-08-13T14:24:30.227087,-44.0,62.0,-60.0,30.0,29.0,40.0,-6.0,65.0,32.0,0.0,19.0,-32.0,-19.38,12.740000000000002,-35.71,13.48,-4.380000000000003,48.26,10.780000000000001,54.13,33.34,5.46,-6.59,-7.350000000000001
2025-08-13T14:24:30.231686,-38.0,0.0,-103.0,6.0,14.0,20.0,-54.0,67.0,3.0,61.0,1.0,-21.0,-13.379999999999999,-49.26,-78.71000000000001,-10.52,-19.380000000000003,28.259999999999998,-37.22,56.13,4.34,66.46,-24.59,3.6499999999999986
2025-08-13T14:24:30.239515,-28.0,27.0,-58.0,39.0,29.0,89.0,-54.0,9.0,-25.0,-57.0,41.0,-81.0,-3.379999999999999,-22.259999999999998,-33.71,22.48,-4.380000000000003,97.26,-37.22,-1.8699999999999992,-23.66,-51.54,15.41,-56.35
2025-08-13T14:24:30.243830,-13.0,-4.0,-19.0,47.0,34.0,15.0,-61.0,68.0,-28.0,-38.0,-29.0,-26.0,11.620000000000001,-53.26,5.289999999999999,30.48,0.6199999999999974,23.259999999999998,-44.22,57.13,-26.66,-32.54,-54.59,-1.3500000000000014
2025-08-13T14:24:30.251575,-9.0,-66.0,19.0,68.0,77.0,22.0,-4.0,36.0,-63.0,40.0,20.0,-12.0,15.620000000000001,-115.25999999999999,43.29,51.480000000000004,43.62,30.259999999999998,12.780000000000001,25.130000000000003,-61.66,45.46,-5.59,12.649999999999999
2025-08-13T14:24:30.255967,-24.0,-17.0,-35.0,31.0,51.0,54.0,20.0,91.0,-52.0,34.0,28.0,-34.0,0.620000000000001,-66.25999999999999,-10.71,14.48,17.619999999999997,62.26,36.78,80.13,-50.66,39.46,2.41,-9.350000000000001
2025-08-13T14:24:30.264035,-9.0,44.0,2.0,5.0,17.0,48.0,-50.0,9.0,-16.0,-12.0,-16.0,-30.0,15.620000000000001,-5.259999999999998,26.29,-11.52,-16.380000000000003,56.26,-33.22,-1.8699999999999992,-14.66,-6.54,-41.59,-5.350000000000001
2025-08-13T14:24:30.268364,-60.0,24.0,-21.0,-38.0,-18.0,11.0,94.0,31.0,21.0,-13.0,-7.0,14.0,-35.379999999999995,-25.259999999999998,3.289999999999999,-54.519999999999996,-51.38,19.259999999999998,110.78,20.130000000000003,22.34,-7.54,-32.59,38.65
2025-08-13T14:24:30.276180,7.0,134.0,-7.0,16.0,17.0,-40.0,-4.0,-47.0,8.0,-62.0,70.0,-3.0,31.62,84.74000000000001,17.29,-0.5199999999999996,-16.380000000000003,-31.740000000000002,12.780000000000001,-57.87,9.34,-56.54,44.41,21.65
2025-08-13T14:24:30.280883,-97.0,13.0,-18.0,80.0,-21.0,-36.0,-3.0,-15.0,-27.0,-11.0,50.0,-16.0,-72.38,-36.26,6.289999999999999,63.480000000000004,-54.38,-27.740000000000002,13.780000000000001,-25.869999999999997,-25.66,-5.54,24.41,8.649999999999999
2025-08-13T14:24:30.288637,64.0,152.0,-29.0,18.0,-13.0,33.0,41.0,14.0,-13.0,-55.0,110.0,-84.0,88.62,102.74000000000001,-4.710000000000001,1.4800000000000004,-46.38,41.26,57.78,3.130000000000001,-11.66,-49.54,84.41,-59.35
2025-08-13T14:24:30.296408,-5.0,46.0,-58.0,47.0,8.0,-35.0,-46.0,-20.0,-19.0,16.0,52.0,-104.0,19.62,-3.259999999999998,-33.71,30.48,-25.380000000000003,-26.740000000000002,-29.22,-30.869999999999997,-17.66,21.46,26.41,-79.35
2025-08-13T14:24:30.302777,-45.0,48.0,-5.0,-11.0,71.0,-8.0,-35.0,51.0,-54.0,3.0,-34.0,3.0,-20.38,-1.259999999999998,19.29,-27.52,37.62,0.2599999999999998,-18.22,40.13,-52.66,8.46,-59.59,27.65
